date,sp500,nasdaq_composite,dow_jones,russell_2000,vix,sse_index,csi_300,szse_component,usd_cny,us_10y_yield
2010-01-04,0.017948959110753494,0.009503265667189193,0.02215907912725414,0.024296721035581947,0.14819850797106385,0.40224254809865495,0.9021916195504,0.5887658977409249,0.5957687751923185,0.7444865536419707
2010-01-05,0.01852282349731964,0.009515989296214951,0.02186426578771607,0.023567055382779315,0.13881712776202648,0.41418748165437375,0.9021916195504,0.5873101100876178,0.5958447046776901,0.725328619241843
2010-01-06,0.018623613912264296,0.00918171557102726,0.02190525561982654,0.023322330535165966,0.13623384389203774,0.4054931634528027,0.9021916195504,0.5862109890896867,0.5968303417116096,0.7371352519974627
2010-01-07,0.019363279424418664,0.009136090436641962,0.02272449769371915,0.02514422639120281,0.13487421943769212,0.3863909402380622,0.9021916195504,0.5619139309869378,0.5964514174227074,0.7402539731528937
2010-01-08,0.019898129446782962,0.009887116563050488,0.023004241242040136,0.026318059205543535,0.12222975609783296,0.3873924491812395,0.9021916195504,0.5647932180196193,0.5962239905355704,0.7371352519974627
2010-01-11,0.02022326237815788,0.009678301247296925,0.024135054263304215,0.026059724702111743,0.11434396538184373,0.39260114583735795,0.9021916195504,0.5552121346195796,0.5954657803887878,0.7393629175530185
2010-01-12,0.018474045619797697,0.008357860591609336,0.02322816628369304,0.022211954124173837,0.12386131062958361,0.41163399060931655,0.9021916195504,0.5750461966458817,0.5955413483051822,0.7173090126194946
2010-01-13,0.020011937879487744,0.009480453099996542,0.02454934090761133,0.025864846602028545,0.11842283874488062,0.38013602577356015,0.9021916195504,0.5421915142457052,0.5956932072759249,0.7315660615527049
2010-01-14,0.02046385757224903,0.009868256032146142,0.025284626160675318,0.027165564561164392,0.11543165975878433,0.39347171625340316,0.9021916195504,0.5590950854915633,0.5958447046776901,0.7206504843969601
2010-01-15,0.01844316751669593,0.008607031660030458,0.02279338472333069,0.02332686708710545,0.11923860304441618,0.3961462020881697,0.9021916195504,0.5645166122069647,0.5958447046776901,0.7077300454194307
2010-01-18,0.01844316751669593,0.008607031660030458,0.02279338472333069,0.02332686708710545,0.11923860304441618,0.400171214459014,0.9021916195504,0.5732687579585206,0.5956932072759249,0.7077300454194307
2010-01-19,0.02075160339164211,0.010028811522655535,0.025652015614714866,0.028398317226914233,0.11475186049795127,0.403210734135507,0.9021916195504,0.5722913118457363,0.5956932072759249,0.714635792708133
2010-01-20,0.01876992770029086,0.008750043965064942,0.022632897474785224,0.024074651285763936,0.12970767763039415,0.3736665998437391,0.9021916195504,0.5331456947655737,0.5960721315648272,0.703942966174423
2010-01-21,0.015264985174690437,0.007629197207124873,0.017367174860212616,0.018976009496220334,0.17851801141937762,0.3758470109694605,0.9021916195504,0.5332357852083722,0.5963754879373357,0.6932501927524494
2010-01-22,0.011246346905585923,0.004979094477743653,0.01201185329497971,0.013881904258616212,0.2470428090319944,0.36643408694970997,0.9021916195504,0.5042981015330728,0.5958447046776901,0.6903542222190532
2010-01-25,0.012062433738463241,0.005220811298856754,0.0126014558623899,0.014330580310191719,0.22121004813014553,0.35580802696437963,0.9021916195504,0.49296940430905933,0.5957687751923185,0.6974827732415265
2010-01-26,0.011313004712988775,0.004910656776165704,0.012537993957616513,0.011633959786897132,0.20951731412852445,0.3324843456349004,0.9021916195504,0.4652550679063311,0.5955413483051822,0.6974827732415265
2010-01-27,0.012179476831068785,0.005686251930339459,0.013571781635108514,0.014452956564949427,0.19034668452702175,0.3222904207423023,0.9021916195504,0.4548245477629131,0.5958447046776901,0.7006014943969575
2010-01-28,0.010070994533791892,0.0038257853295871887,0.01071510378866607,0.0097168793258374,0.19836844028171344,0.3246334992672376,0.9021916195504,0.4614642309929511,0.5957687751923185,0.7037202155523884
2010-01-29,0.008338030453092605,0.002437346087464796,0.009403308602801294,0.007047450452277631,0.21046906939944207,0.323125239247461,0.9021916195504,0.4629705185624363,0.5957687751923185,0.6928046383966436
2010-02-01,0.010828539975827169,0.003483607531822889,0.012321712314068915,0.010315123281905432,0.18286878892714004,0.30822261310640764,0.9021916195504,0.4496292149229364,0.5958447046776901,0.7028291599525134
2010-02-02,0.013125604929772508,0.0043109754323859715,0.015070225227071615,0.012490538246396954,0.16777700675599463,0.30615590975671164,0.9021916195504,0.4427660651648631,0.5943282843841251,0.6985965794634363
2010-02-03,0.01214371697130697,0.004348257379051517,0.014420873951443928,0.010954140881624653,0.16940856128774529,0.32764683123830424,0.9021916195504,0.47426507995460815,0.5957687751923185,0.7137447371082579
2010-02-04,0.006588813694732425,0.001475737474604686,0.007794722920790766,0.0014457493116888907,0.23031949826177783,0.3249957245724402,0.9021916195504,0.4658785747111288,0.5957687751923185,0.6930273890186784
2010-02-05,0.007089511265015656,0.0021640451064215897,0.008042880186720742,0.0029413453709079334,0.23072739337788536,0.3076138438382341,0.9021916195504,0.4431453424098868,0.596982200682353,0.6787703400854682
2010-02-08,0.005553266102084894,0.0015029411932287846,0.0054790144115427365,0.0,0.23616586526258845,0.30629929693222036,0.9021916195504,0.44586609137819067,0.5958447046776901,0.6890176122633724
2010-02-09,0.007793436761947476,0.002591764676095604,0.009188738887535956,0.003933882079081837,0.22923180388483727,0.31054884041219905,0.9021916195504,0.4479472333942045,0.5955413483051822,0.6981510251076306
2010-02-10,0.007404900527609742,0.002460158654657446,0.008688518265792538,0.004228481336127406,0.22107408309144308,0.3210135234069886,0.9021916195504,0.4673109599642559,0.5973611249712553,0.7117398221747367
2010-02-11,0.009085832226347052,0.0037560302825798055,0.011301017271186318,0.008597457472868377,0.20149555837383273,0.3219459575329542,0.9021916195504,0.47084428249670707,0.6010010398723806,0.7204277337749254
2010-02-12,0.008604641838164746,0.004024511707173861,0.010188697897703845,0.010981332531359468,0.18477224760361619,0.33209228911742955,0.9021916195504,0.4780676180680782,0.6007736129852437,0.711517071552702
2010-02-15,0.008604641838164746,0.004024511707173861,0.010188697897703845,0.010981332531359468,0.18477224760361619,0.33209228911742955,0.9021916195504,0.4780676180680782,0.600697683499872,0.711517071552702
2010-02-16,0.011751926232529202,0.005369521390626678,0.014377906962725775,0.015567869527881039,0.1782460813419726,0.33209228911742955,0.9021916195504,0.4780676180680782,0.600697683499872,0.7050568255080691
2010-02-17,0.012506237014663716,0.00590033662781076,0.015376154044611404,0.017376183390001507,0.17104008988681638,0.33209228911742955,0.9021916195504,0.4780676180680782,0.600697683499872,0.7224326487084467
2010-02-18,0.013683216638677763,0.006576788150762751,0.017441752242987725,0.019411103553879466,0.15622023779307606,0.33209228911742955,0.9021916195504,0.4780676180680782,0.600697683499872,0.7360213926638166
2010-02-19,0.014076634629675545,0.006671551340678508,0.017675056722694142,0.02045348700958352,0.14792657789365882,0.33209228911742955,0.9021916195504,0.4780676180680782,0.5974370544566269,0.7313433109306702
2010-02-22,0.0138880519730071,0.006590829125217946,0.017206687611667153,0.02073901316275013,0.14683888351671823,0.327510958795657,0.9021916195504,0.469847920910093,0.5965273469080791,0.7351303370639414
2010-02-23,0.011708030111667307,0.005336619885267139,0.014713710134374315,0.017484949988940773,0.16628144319562602,0.32103682666949845,0.9021916195504,0.45684524824161976,0.596754773795216,0.7110715171968964
2010-02-24,0.013437739687926562,0.006321908585480746,0.01697904937345836,0.019914162904924603,0.15132562606318314,0.3333496026034678,0.9021916195504,0.4760236031681395,0.5958447046776901,0.7119625727967714
2010-02-25,0.013063828879029703,0.006248212212310501,0.015667254187593585,0.01992777256074305,0.1490142722705994,0.34530136773451525,0.9021916195504,0.4951387012310146,0.5957687751923185,0.7001559400411519
2010-02-26,0.01331581483866097,0.0064254433681339585,0.01577168181281149,0.019066657549303746,0.14085655147720516,0.3426042617947717,0.9021916195504,0.48994864712792063,0.5956172777905532,0.6896859172412128
2010-03-01,0.015139805820984812,0.007974448810891186,0.01771062142996646,0.02545243530406682,0.13759346834638342,0.35376568956668913,0.9021916195504,0.5036061471066957,0.5953898509034162,0.6921363334188034
2010-03-02,0.015562494507403615,0.008291179350603967,0.017764703896686333,0.028017606468724733,0.13487421943769212,0.3491846628704868,0.9021916195504,0.5000612113531026,0.5962239905355704,0.6939184977302899
2010-03-03,0.01564052323580731,0.008286349084029374,0.017537041546811592,0.028448163974444385,0.13174710134557277,0.3566145323851208,0.9021916195504,0.5058071164499474,0.595010565045536,0.6963689139078805
2010-03-04,0.016320039949438894,0.00879654732973653,0.01870686724357846,0.02990295872811017,0.13025151185252465,0.33372146802052294,0.9021916195504,0.47879819525264716,0.5955413483051822,0.6921363334188034
2010-03-05,0.01887720727957631,0.010289838699941569,0.0217205843703359,0.036044011635259894,0.11257647174407008,0.33611297482389907,0.9021916195504,0.4813973573147523,0.5954657803887878,0.7090666022633753
2010-03-08,0.018844701924254526,0.010546903130813858,0.02138280404207968,0.03653799788242607,0.11760707444534504,0.3430049716409922,0.9021916195504,0.490030643507499,0.5958447046776901,0.7148585433301677
2010-03-09,0.019161698594529358,0.010918469512792538,0.021675640225010066,0.0376801024950925,0.11937456808311869,0.3479513358044912,0.9021916195504,0.4963450685666131,0.5961480610501988,0.7132991827524524
2010-03-10,0.020000547113947633,0.011719951040160957,0.021748481567836965,0.040082123761341515,0.128212088137346,0.3416665142213283,0.9021916195504,0.4858937853914564,0.5951624240162793,0.7175317632415293
2010-03-11,0.020753230643862128,0.012137142556524936,0.022847443078384613,0.041119970665106094,0.12127802675959487,0.3423987072837725,0.9021916195504,0.4837352219011626,0.595237991932673,0.7175317632415293
2010-03-12,0.020712589027440265,0.012102045475449671,0.0231647284905856,0.040834472173841556,0.11475186049795127,0.3306244872048769,0.9021916195504,0.46584523068981964,0.5946316407566337,0.7153040976859735
2010-03-15,0.020797126764724026,0.01186296334519544,0.023595820966058008,0.039846444355705064,0.1204622624600593,0.31928452759770465,0.9021916195504,0.44190123210557686,0.5951624240162793,0.7139674877302927
2010-03-16,0.02225208869481106,0.012556090533461494,0.02467800075710631,0.04218957343244704,0.11624744999099941,0.32422869047582,0.9021916195504,0.44599401276864864,0.5950864945309077,0.7026064093304786
2010-03-17,0.023349412338201394,0.013042158866546567,0.025855469851978483,0.04418369229077174,0.10564241036631894,0.3421490511587073,0.9021916195504,0.4716704048188533,0.5958447046776901,0.7001559400411519
2010-03-18,0.02328763628745859,0.013138228691766316,0.02697888059179673,0.04310958063339338,0.10169952797466408,0.34078417831443936,0.9021916195504,0.471937156989327,0.5962239905355704,0.7068389367078194
2010-03-19,0.02232362825887396,0.012398159023685528,0.026060660129190307,0.039610792611970674,0.10645817466585451,0.3475188211797964,0.9021916195504,0.482404540311976,0.5954657803887878,0.7101804615970213
2010-03-22,0.023284401627557825,0.01331896205860949,0.027144792965180343,0.04369875148558245,0.1050985761441884,0.34964108800883187,0.9021916195504,0.48236222243796617,0.5956932072759249,0.7048340748860344
2010-03-23,0.024643454899360255,0.014189320402699003,0.029686427784354905,0.0470479992644147,0.09802854972773474,0.3429717246410595,0.9021916195504,0.4780856537524275,0.5955413483051822,0.7086211010193059
2010-03-24,0.023594889288952595,0.013466365515075423,0.02838574807649185,0.04404773404209765,0.11434396538184373,0.3441168484789232,0.9021916195504,0.47673966382628097,0.5959206341630618,0.7418133337306092
2010-03-25,0.023271383609797698,0.013407138521378075,0.028510670617764994,0.04197201257266643,0.12590073434476234,0.3324165612263619,0.9021916195504,0.4584389868854621,0.5961480610501988,0.757852546975306
2010-03-26,0.0234111883889442,0.01330711665987002,0.028736596927691524,0.04191309272125732,0.11733514436794001,0.34502066589490105,0.9021916195504,0.47226417473921173,0.5958447046776901,0.7476052747974016
2010-03-29,0.02448900485023361,0.013712034372476829,0.02986000766750977,0.04339964333849947,0.11488782553665379,0.36494487943446097,0.9021916195504,0.5003801350397672,0.5956172777905532,0.7496101897309227
2010-03-30,0.02449714111133369,0.013989715794826042,0.03014541745732838,0.04416557374491588,0.10863356341973571,0.36639681691097264,0.9021916195504,0.5040368040573779,0.5951624240162793,0.7505012453307979
2010-03-31,0.02387289143956485,0.013431268434000158,0.028891393823073416,0.041763552478666865,0.11488782553665379,0.36037660501220536,0.9021916195504,0.49514591550475434,0.595010565045536,0.7427043893304842
2010-04-01,0.02528232999656997,0.013633946847875134,0.03063059239952066,0.04418369229077174,0.11325627100490313,0.37228798794242135,0.9021916195504,0.512416974816598,0.5953898509034162,0.7484963303972766
2010-04-02,0.02528232999656997,0.013633946847875134,0.03063059239952066,0.04418369229077174,0.11325627100490313,0.3755653223467433,0.9021916195504,0.5197863554417245,0.5953898509034162,0.7484963303972766
2010-04-05,0.026800695229619826,0.014816205465102834,0.03177818714028408,0.050379128497391096,0.10713799985936708,0.3755653223467433,0.9021916195504,0.5197863554417245,0.5953898509034162,0.778569841953149
2010-04-06,0.02712582816099474,0.015135570695674484,0.031690300117906044,0.05211491285228401,0.09639699519598409,0.37579038480062543,0.9021916195504,0.513928629101914,0.5950864945309077,0.7727779008863566
2010-04-07,0.025989490153402555,0.014887706262557355,0.029900973387954295,0.051199442203277136,0.10169952797466408,0.372538554944197,0.9021916195504,0.5075439968422596,0.5946316407566337,0.7493873859971518
2010-04-08,0.026638128763932366,0.015135570695674484,0.03063059239952066,0.05128101715248159,0.0997960433655084,0.36336261068195747,0.9021916195504,0.4890783593738556,0.5947072086730274,0.7567386876416597
2010-04-09,0.02792728956843118,0.015891866203800748,0.032365812551086594,0.05278114976364011,0.09517333578034097,0.37164468126564193,0.9021916195504,0.5006206694837233,0.5931148588940907,0.7549565764419096
2010-04-12,0.028270302429687002,0.016059447536600463,0.03257864622640372,0.053737421718200236,0.0875594751417568,0.36664396812508404,0.9021916195504,0.4865739506387953,0.595010565045536,0.7456003598638804
2010-04-13,0.028403618044492707,0.016415655598694512,0.03291073620149637,0.054630264931313836,0.09598912601255606,0.37658945139489763,0.9021916195504,0.4967261053905977,0.5951624240162793,0.7378035569753031
2010-04-14,0.030573876392512404,0.018120836090655127,0.03547088878011848,0.06159614043438702,0.0876954401804593,0.3781229123369977,0.9021916195504,0.5008530218855112,0.595010565045536,0.7476052747974016
2010-04-15,0.030739697362639894,0.018595926545161578,0.036000742639311176,0.06241645414027306,0.09177430057715642,0.377744518970184,0.9021916195504,0.4968522672020948,0.5949349971291423,0.7460459142196862
2010-04-16,0.02756314227285442,0.017085531104624775,0.03289197732538934,0.05807013310132743,0.1253569001226317,0.36696702573173573,0.9021916195504,0.4881649619352483,0.5951624240162793,0.7286700910193086
2010-04-19,0.028439377904254524,0.017035086413790323,0.03470399313299754,0.056610801795722164,0.11148877736712948,0.32032862002709706,0.9021916195504,0.4185905939683129,0.5950864945309077,0.7369124482636917
2010-04-20,0.03000814826704634,0.017921231482782168,0.03532149289790879,0.06121089312425804,0.08959889885693546,0.32009103301844577,0.9021916195504,0.40907725435826814,0.595010565045536,0.7364669470196223
2010-04-21,0.02980817484483778,0.018109868922201948,0.035515567697118895,0.06331380624342407,0.0976206546116272,0.3368010662722773,0.9021916195504,0.4296031828319992,0.5959206341630618,0.7215415399968353
2010-04-22,0.030251997965577523,0.0187442082319138,0.03574691913188358,0.0669938903710136,0.09966007832680589,0.3262940275104502,0.9021916195504,0.4239401539042132,0.5953898509034162,0.7291156453751143
2010-04-23,0.031651692853801816,0.01923026585487343,0.0374750022303291,0.07044283164490615,0.10169952797466408,0.3213359737625,0.9021916195504,0.4238419693981945,0.5966029148244727,0.7391401138192476
2010-04-26,0.0308014734133827,0.01891441354544694,0.03749351998977665,0.06905600218462637,0.11325627100490313,0.3169725706937108,0.9021916195504,0.41481137027607484,0.5962995584519641,0.7386946125751782
2010-04-27,0.026194325487731894,0.01665605507437818,0.032233487728367614,0.061084007979462916,0.1858599419805568,0.29782814352471787,0.9021916195504,0.392535804462565,0.5955413483051822,0.7108487665748617
2010-04-28,0.02743796291914879,0.016667461357974506,0.03354897199912234,0.06159160388244754,0.1623385348712916,0.29546616430803996,0.9021916195504,0.39059710036343664,0.5943282843841251,0.729338395997149
2010-04-29,0.029944744964083517,0.01843054078807759,0.0365624480092203,0.06854840628164176,0.12644459449957235,0.2855483109651111,0.9021916195504,0.378209840436541,0.5949349971291423,0.7193138744412795
2010-04-30,0.02667877038035423,0.01620508382236837,0.032643844171125314,0.05896748520447844,0.17552683243328135,0.2862258514249262,0.9021916195504,0.37516392127626136,0.5950864945309077,0.7048340748860344
2010-05-03,0.02920994136404993,0.01785235466606107,0.036179988763963666,0.06631860801768061,0.15023793168624253,0.2862258514249262,0.9021916195504,0.37516392127626136,0.5943282843841251,0.7141902383523274
2010-05-04,0.024550780900976413,0.014584577582156623,0.03062316600640888,0.05584033483736627,0.1998640297747616,0.27524007104534715,0.9021916195504,0.35698650284165406,0.5953139214180446,0.6936956939965189
2010-05-05,0.023294145296338654,0.013621223218849374,0.029143240173893335,0.05080061289923179,0.21441195179109693,0.28204090428499934,0.9021916195504,0.3608568727240671,0.5959206341630618,0.6796613956853433
2010-05-06,0.017162142973297198,0.00999547090215285,0.02058779419246414,0.03885844419947064,0.32168590372282674,0.24552454011922314,0.9021916195504,0.3084994570159274,0.5956932072759249,0.6458008579961996
2010-05-07,0.014354616935748531,0.007626562516266003,0.017133846268840253,0.030143174685686107,0.43249489479546294,0.22956886459445758,0.9021916195504,0.28362217775081905,0.5948590676437707,0.6527066052849019
2010-05-10,0.022295984815672954,0.012409565307281854,0.02712627520573279,0.046735281461513276,0.2678449931652478,0.23279427902628191,0.9021916195504,0.2942195059797311,0.5955413483051822,0.6772109795077528
2010-05-11,0.021655482466243225,0.01243764725619224,0.02621569814123167,0.049395637231194084,0.2607749667487942,0.2168805038301986,0.9021916195504,0.2786474961125402,0.5963754879373357,0.6763199239078777
2010-05-12,0.024237038735141613,0.014618357317802451,0.029885927708403155,0.05874541545466043,0.22270563762319368,0.21941167839584896,0.9021916195504,0.2836410932246488,0.5962995584519641,0.6834484218186146
2010-05-13,0.021923701258996113,0.013273347634349635,0.027072216850678864,0.05590830013075228,0.23847721905517213,0.23644750188646363,0.9021916195504,0.3080715274126346,0.5962995584519641,0.6827801168407742
2010-05-14,0.018386273222613173,0.011189146513102318,0.023052874472255912,0.0487158183259216,0.30047585040614533,0.2321326030025077,0.9021916195504,0.3001733933097553,0.5955413483051822,0.6556025758182982
2010-05-17,0.018591088712403243,0.011512892184979974,0.02319286680474614,0.04949989494009594,0.2950373785214423,0.18963147522328055,0.9021916195504,0.24626218140018583,0.5963754879373357,0.6622855724849658
2010-05-18,0.01596728341940224,0.009891068599338792,0.020356442757699458,0.043626249640256964,0.3318830482313997,0.20046741638398494,0.9021916195504,0.27077461196774993,0.5958447046776901,0.6408999725292822
2010-05-19,0.015032526241699365,0.009062394063471717,0.018712557596742032,0.03984193546566765,0.3559483154954749,0.19829846712353713,0.9021916195504,0.26965666347493705,0.5962239905355704,0.6371129463960108
2010-05-20,0.007967374148635778,0.004922941290048319,0.009420090322300638,0.02426952938584713,0.49830046943206796,0.18839063342442353,0.9021916195504,0.2655259638852577,0.5965273469080791,0.615950097062362
2010-05-21,0.010584690277295982,0.006020975480795739,0.01251576300161307,0.02846174596836076,0.42093809989986475,0.19696623402806154,0.9021916195504,0.2892663791837234,0.5953139214180446,0.6016930481291517
2010-05-24,0.008302270593330788,0.005341450151841732,0.009384549726694266,0.024799808048529156,0.39673689352976665,0.2249176244851554,0.9021916195504,0.32629847799499145,0.5953139214180446,0.607707739817979
2010-05-25,0.008364046644073593,0.005227387315878485,0.008821108316836935,0.02426048394387024,0.346295031141712,0.20912537542352921,0.9021916195504,0.3033347408498705,0.5991053337209353,0.5923368315511225
2010-05-26,0.0073756298321887214,0.00456628340268568,0.00711007216621618,0.025438825648248377,0.35186946806511754,0.21010881864528191,0.9021916195504,0.30301669695268635,0.5966029148244727,0.6057028248844577
2010-05-27,0.013083355905669895,0.008154743062591216,0.01413546416162532,0.038078931799137856,0.27926579708946386,0.21947506023362015,0.9021916195504,0.3193796375628054,0.5984986209759181,0.6324348646628645
2010-05-28,0.010864319680128253,0.007249298347551882,0.011114344753422049,0.03404532856309365,0.31176068929165884,0.2194281500830302,0.9021916195504,0.31508424138238506,0.5983471235741528,0.6241925074184813
2010-05-31,0.010864319680128253,0.007249298347551882,0.011114344753422049,0.03404532856309365,0.31176068929165884,0.19964755143815668,0.9021916195504,0.2888249008224316,0.5966788443098444,0.6241925074184813
2010-06-01,0.007824314865049245,0.005726618393132462,0.008333956218036972,0.02468650489765041,0.3589394944815712,0.19222823291208574,0.9021916195504,0.2793006518228292,0.5972096275694899,0.6230786480848353
2010-06-02,0.012322536114655318,0.008303463864486582,0.013902135570252955,0.03355134231592747,0.28592792838980996,0.19320454093293965,0.9021916195504,0.2873807263902664,0.5991053337209353,0.6315438090629893
2010-06-03,0.013045948949148794,0.00926681822779383,0.014043863942691392,0.0366558375852443,0.27627461810336756,0.18736961653836334,0.9021916195504,0.28106550952061987,0.5981196966870158,0.6415682775071225
2010-06-04,0.006876559514125507,0.005587986529403986,0.006061214697507095,0.021518525563082914,0.3581237042493561,0.1876609452729332,0.9021916195504,0.28729609064224676,0.5971336980841183,0.6005791887955056
2010-06-07,0.004533971187098256,0.0036020508090921425,0.0032099860875687484,0.014502803312479579,0.37294355634309645,0.17464489661207758,0.9021916195504,0.26977103610739606,0.5985745504612897,0.5981287726179151
2010-06-08,0.00640836729916406,0.003455975408181088,0.006259002693273086,0.014140238762048004,0.3339224978792579,0.1753345061883066,0.9021916195504,0.2739250501183075,0.5977404108291355,0.5945644971066785
2010-06-09,0.0053825633752973565,0.0029418358363110697,0.005253353329941626,0.014412155259396167,0.33433036706268593,0.19707447654382407,0.9021916195504,0.3016265415946211,0.5975129839419986,0.5987970775957554
2010-06-10,0.010446512750369497,0.005567808653070205,0.012000737816977988,0.024156226234968384,0.291366400274513,0.19045513548873583,0.9021916195504,0.29045101571915466,0.5974370544566269,0.6282022841737874
2010-06-11,0.011220330714604935,0.006659705941939039,0.012952304713589576,0.02833032427162616,0.2671651939044148,0.19274371322382722,0.9021916195504,0.29199249486785805,0.5998635438677178,0.6052573236403883
2010-06-14,0.010900079539890068,0.00667549266684137,0.012454037136787893,0.029812338336928826,0.26430997995702094,0.19274371322382722,0.9021916195504,0.29199249486785805,0.6006217540145004,0.6184005663516889
2010-06-15,0.015061777092581117,0.009391837522084815,0.01773480543091164,0.03729034629492611,0.22746431024706362,0.19274371322382722,0.9021916195504,0.29199249486785805,0.6006217540145004,0.6261973692402663
2010-06-16,0.014960986677636463,0.009394033097800538,0.01785061376245669,0.03609385838279005,0.22814410950789668,0.19274371322382722,0.9021916195504,0.29199249486785805,0.6006217540145004,0.6199599269294043
2010-06-17,0.015193465455166805,0.009447990709780148,0.018460711245922114,0.03596694557609286,0.21631541046757308,0.18972916675048,0.9021916195504,0.28505913790924453,0.5975889134273702,0.5994653825735958
2010-06-18,0.015432433397037943,0.009563810006315974,0.018867354492123924,0.03645188638128214,0.20135961926780974,0.17510906420246178,0.9021916195504,0.2674169833945454,0.5970581301677246,0.6068166842181039
2010-06-21,0.014731762404546154,0.008655291485274627,0.01866416548318573,0.03332927256610946,0.21400405667498937,0.19780165978436057,0.9021916195504,0.298323899863945,0.5731725219146958,0.6112720153292156
2010-06-22,0.011823465796592103,0.007458113663305444,0.014988004446191201,0.02692988515552794,0.24350779582376758,0.19857552545630938,0.9021916195504,0.3015617011099116,0.5844708293379961,0.5941189427508728
2010-06-23,0.011291870278667836,0.007126024803708034,0.015109503130899824,0.026177564404929972,0.2416043371472914,0.19272230762113085,0.9021916195504,0.2935185777006535,0.5832574038479617,0.5827578643510587
2010-06-24,0.008308759757671584,0.005511216350231727,0.011513585718178026,0.021155961012651336,0.2800815613889994,0.19175009854547412,0.9021916195504,0.2930348694442999,0.5761297945854322,0.5845399755508088
2010-06-25,0.008807849920274067,0.005777063083966912,0.011291613721466857,0.026567320605096364,0.26363018069618793,0.18741963885104745,0.9021916195504,0.2798754182904098,0.5694570390971767,0.582312309995253
2010-06-28,0.008451819041258116,0.005652911309836774,0.011161000827030141,0.02494934829111961,0.270020381919129,0.18196659951734162,0.9021916195504,0.2715177701418894,0.5708978914743481,0.5642682349287713
2010-06-29,0.0030334858839293098,0.0019034570442787002,0.004538562992932871,0.013356189809775739,0.3397688648800684,0.148317751142562,0.9021916195504,0.22618934450888853,0.5746133742918672,0.5497883822617902
2010-06-30,0.0013216562375509625,0.0007655062160068651,0.0021613697355191363,0.010423889880844698,0.34534330180347395,0.13940019224052974,0.9021916195504,0.21520112581381076,0.5617227170896301,0.5462241067505536
2010-07-01,0.0007786897986258509,0.0004198262072228486,0.001136985607746596,0.008280203118027471,0.32250169395504186,0.13175854389070815,0.9021916195504,0.19871202339219463,0.5609645069428475,0.5408777200395667
2010-07-02,0.0,0.0,0.0,0.005656084440058373,0.2852481291289769,0.13459061139638842,0.9021916195504,0.20087234646144933,0.5538368976803181,0.5524616021731517
2010-07-05,0.0,0.0,0.0,0.005656084440058373,0.2852481291289769,0.12869792223708892,0.9021916195504,0.19574994816940222,0.5574764510124655,0.5524616021731517
2010-07-06,0.0008908709791106159,9.167867378830031e-05,0.0014107976862445357,0.0016043903200603782,0.27885790197335636,0.14283700597557894,0.9021916195504,0.2130460814814388,0.5605855826539452,0.5419915262614764
2010-07-07,0.006127130488651042,0.0029690288448097255,0.008192251957264484,0.011407353485139639,0.24065260780905331,0.14647246673990622,0.9021916195504,0.22407397868208503,0.5586898765024999,0.5526843527951864
2010-07-08,0.0077495406410855805,0.0036678538198112215,0.011172622650016758,0.015309535024449249,0.2252888955605029,0.14461723859982764,0.9021916195504,0.22230560182637257,0.5568700998364262,0.5615950150174098
2010-07-09,0.009002921741283308,0.004591291545594053,0.012630341638194808,0.019460950301409617,0.215363681129335,0.1619578262564918,0.9021916195504,0.2539323620486795,0.5555051769446264,0.5696146216397582
2010-07-12,0.009131355599428966,0.004675087567056631,0.01308067522309319,0.01591682442249417,0.20788578552945333,0.16811231656366296,0.9021916195504,0.26675749319999714,0.5539128271656897,0.5673869560842023
2010-07-13,0.011828327708712883,0.006590829125217946,0.01670398348833116,0.025529473701331788,0.20965327916722698,0.15554115526948628,0.9021916195504,0.25257203155400165,0.5543676809399637,0.582535113729024
2010-07-14,0.011800704110051147,0.00693344603812539,0.016795342590605614,0.024323912685316765,0.21414002171369192,0.16180760750565445,0.9021916195504,0.25274860530272875,0.5549743936849808,0.5682780116840774
2010-07-15,0.012013655860941296,0.006900105417622706,0.01661238326939723,0.021813124820128482,0.21753906988321625,0.14746334878812786,0.9021916195504,0.24509197341223402,0.5567941703510546,0.5522387984393807
2010-07-16,0.006876559514125507,0.003827980905302913,0.010158100193616678,0.010831792288769014,0.2326308520543616,0.14745310142513493,0.9021916195504,0.2530115743784364,0.5561115281206657,0.543550886839192
2010-07-19,0.007912107106773038,0.004669379070195747,0.011553828088644129,0.01205093529870041,0.22882390876872968,0.16335624972626256,0.9021916195504,0.27917897693768245,0.5594480866492825,0.5491200772839498
2010-07-20,0.009900291807004354,0.005733633525297338,0.013418696668008883,0.017108775782690752,0.2010876891904047,0.17993041053744685,0.9021916195504,0.3010103370425111,0.5590688007914022,0.5419915262614764
2010-07-21,0.007642241217260864,0.004191214809687283,0.010716839828614278,0.011851520646677733,0.22433716622226488,0.18200265505379828,0.9021916195504,0.2996319708634839,0.5590688007914022,0.5330808640392529
2010-07-22,0.011556854411519962,0.006760156208464795,0.01569859935332512,0.022202881020294874,0.21060500850546507,0.19040101423085457,0.9021916195504,0.31293280418688296,0.5587654444188935,0.5419915262614764
2010-07-23,0.013018325350487059,0.00779458296420886,0.018224923264623123,0.029078136132186714,0.19483342707348655,0.19339263697365464,0.9021916195504,0.31799414508898655,0.5598270109381848,0.5558030739506173
2010-07-26,0.0150260172328193,0.008977280696579704,0.0207139464287006,0.03568141942292625,0.18477224760361619,0.19857089516636442,0.9021916195504,0.32368585515383536,0.5599029404235564,0.5558030739506173
2010-07-27,0.014835807323930838,0.008618437943626784,0.021016668394669393,0.034299126514585956,0.19102650972053428,0.19443103642360654,0.9021916195504,0.32144080835761296,0.5583865201299912,0.567609706706237
2010-07-28,0.01358242622373311,0.007579191631433567,0.020033732220660322,0.029127982879716866,0.2054384666981671,0.21255573711521247,0.9021916195504,0.3447703619687067,0.5589173033896375,0.5573624345283328
2010-07-29,0.012834624450478662,0.007014596658603656,0.019275251544954995,0.02897841497522434,0.20380691216641644,0.21704931964720833,0.9021916195504,0.3460082257677054,0.5579316663557173,0.5569169332842634
2010-07-30,0.012845995371479506,0.007146641795184959,0.019245136074186774,0.02918690273112598,0.19524132218959417,0.213749592857087,0.9021916195504,0.3411831083411037,0.5565667434639175,0.5364223889284548
2010-08-02,0.016789859416620357,0.008930348926890413,0.024391578277317916,0.03415863171397239,0.17498299821115085,0.22463563223686803,0.9021916195504,0.360947842956346,0.5558841012335287,0.5488973266619152
2010-08-03,0.015911996533000232,0.008410939973302656,0.023453345131975202,0.03134870803979906,0.18341262314927056,0.2104847071011417,0.9021916195504,0.34526858675148775,0.5554292474592548,0.5379817495061704
2010-08-04,0.017014201933050616,0.009290509025272769,0.024540950047861658,0.03465718217498012,0.17770222118716253,0.2140664261395504,0.9021916195504,0.3488433473684683,0.5554292474592548,0.5464468573725882
2010-08-05,0.016781743000059544,0.00882944883509607,0.024406406951875525,0.031081328094390376,0.1762066576267939,0.20854309748635222,0.9021916195504,0.33962728862386893,0.5548984641996092,0.5382045001282052
2010-08-06,0.01610383369410871,0.008628087766650529,0.023877517559320726,0.02909171812610309,0.17131201996422146,0.220244295615624,0.9021916195504,0.3553793913977088,0.5537609681949465,0.5179327063944313
2010-08-09,0.017103621426994425,0.009383505044490504,0.02499328490103367,0.03309812971241248,0.1767504918489245,0.22464056615238315,0.9021916195504,0.362089281828287,0.5513344787838556,0.517487205150362
2010-08-10,0.016009552288044123,0.008132369610541711,0.023647661047844777,0.027133836359490095,0.17987763587372327,0.20061976051381342,0.9021916195504,0.3348803844820796,0.5492113457452732,0.5083537391943674
2010-08-11,0.01087406334890908,0.005125608993797852,0.01709435136001852,0.015363918323918882,0.22093811805274055,0.20442039358830846,0.9021916195504,0.3431001696190129,0.5548984641996092,0.4869681392386839
2010-08-12,0.009921426241325295,0.004320186140266572,0.01564058668505583,0.013818447855267616,0.22556082563790794,0.19446435932993175,0.9021916195504,0.3316938749628234,0.5554292474592548,0.4981064670164632
2010-08-13,0.009212638832272694,0.003583629393330942,0.015225793695763821,0.010423889880844698,0.23249488701565907,0.20417255921666425,0.9021916195504,0.3503019503481129,0.5638458501282123,0.4876364442165243
2010-08-16,0.009233773266593635,0.003951693564289906,0.015197631269937334,0.012966405947707276,0.2305914283391829,0.22127525623910696,0.9021916195504,0.37536662477255794,0.5723383822825415,0.46246381812756937
2010-08-17,0.011373153511511564,0.005161145190016261,0.01776147293344939,0.01804239263945554,0.20652616107510766,0.22444191912310507,0.9021916195504,0.38592330672747305,0.5784803545111515,0.47805747701646045
2010-08-18,0.011636510392143674,0.005435763516488903,0.0180007329946448,0.018830978143667288,0.2100611742833345,0.22270328320196847,0.9021916195504,0.3859557709593018,0.5695329685825483,0.47716642141658533
2010-08-19,0.00862414902026567,0.003823589753871464,0.014437173437624325,0.011090126792200804,0.23521413592435034,0.2294432395148033,0.9021916195504,0.3894547817020152,0.5677891214018463,0.46335487372744444
2010-08-20,0.00798362682629667,0.003859125950089873,0.01301526027337807,0.011008551842996355,0.22229774250708614,0.21524320294310337,0.9021916195504,0.36867019512103066,0.5677891214018463,0.4707061753719524
2010-08-23,0.007279721173904117,0.0029760439769746013,0.012047152773926609,0.007332976605444239,0.22460909629966985,0.21432883453856238,0.9021916195504,0.36762526915509547,0.5683954725778856,0.46959236915004265
2010-08-24,0.004761568207968549,0.0014024802165775862,0.008739634997600889,0.004124251289127622,0.2490822327471731,0.2177305036138654,0.9021916195504,0.37982152678578457,0.5753715844386497,0.44553354928299754
2010-08-25,0.005324041828994585,0.0021824665221827906,0.009223797249823381,0.008330049865557623,0.23874914913257717,0.2010261633394744,0.9021916195504,0.35727665741230774,0.5730210245129305,0.4542214608831863
2010-08-26,0.00400563017361402,0.001180063041511975,0.0073905390645155845,0.006014140100452538,0.2478585992642095,0.2031717334310198,0.9021916195504,0.3613757725596388,0.574992660149748,0.44553354928299754
2010-08-27,0.0068294088888235785,0.0027128319340982846,0.011460515941427942,0.013718754360207313,0.20815771560685833,0.2054292654515622,0.9021916195504,0.36364967645082014,0.575523443409393,0.4796168375941759
2010-08-30,0.004282005072006258,0.001236216229207309,0.007981154321895563,0.006902419099724587,0.2456831845776488,0.21846337983384242,0.9021916195504,0.3878475822791219,0.5738551641450846,0.45578082146090176
2010-08-31,0.004348643034869842,0.0009756388771898619,0.008104340823220499,0.007056523556156593,0.22991160314567033,0.21415227626951355,0.9021916195504,0.39103497158785855,0.5778740033351123,0.4406326638160802
2010-09-01,0.009381714306840216,0.003731032849796874,0.014394206448906174,0.017448685235326993,0.20054382903559467,0.2092037867270234,0.9021916195504,0.3892358900792783,0.5820443399269052,0.46402317870528487
2010-09-02,0.01097648101607375,0.004747466594797441,0.015644275769945773,0.02074354971468961,0.19102650972053428,0.21943088271316166,0.9021916195504,0.4024259579070882,0.5836366897058419,0.4742704508831891
2010-09-03,0.013319069343101,0.006227595220833576,0.018800444619120067,0.025774198548945134,0.16546565296341093,0.21931216511522855,0.9021916195504,0.40260068409790634,0.5799212068883229,0.4916462740835666
2010-09-06,0.013319069343101,0.006227595220833576,0.018800444619120067,0.025774198548945134,0.16546565296341093,0.2320147962812851,0.9021916195504,0.4196266340604955,0.5778740033351123,0.4916462740835666
2010-09-07,0.011259345078806783,0.005137015277394177,0.016152670246445337,0.019397493898061023,0.19932016961995153,0.23267176610872178,0.9021916195504,0.4220248522052649,0.5655141293925214,0.47003787039411193
2010-09-08,0.01240219209527903,0.006013521233487718,0.017296310673993398,0.021645438369780102,0.19184227402006984,0.23171663597138664,0.9021916195504,0.42563568419094405,0.5686228994650225,0.48006239194998157
2010-09-09,0.013265429553458276,0.00633507132964965,0.017993330713198967,0.021813124820128482,0.1858599419805568,0.21961002179955688,0.9021916195504,0.40244390561248944,0.5728691655421878,0.5038984080832557
2010-09-10,0.01413841068041835,0.006610567886408581,0.019166845494855776,0.02264704818183297,0.17471106813374576,0.221741928740445,0.9021916195504,0.4083574106053607,0.5623294298346473,0.5114725134615347
2010-09-13,0.01614610256275059,0.008507009798522406,0.02117566071992612,0.02981687488886831,0.1641060285090653,0.22954928074518216,0.9021916195504,0.4227139913053045,0.5530786875335362,0.499443076972144
2010-09-14,0.01601604145238492,0.008685119184632153,0.020740131697919405,0.028434554318625942,0.16886470113293522,0.22961205533181303,0.9021916195504,0.4204671849301212,0.5448135822663432,0.48273555874960694
2010-09-15,0.016661425558474698,0.00919180450919415,0.021881819080525732,0.029921104935868092,0.1762066576267939,0.2184132816147658,0.9021916195504,0.3976465895334701,0.5344253439605687,0.49543330021683796
2010-09-16,0.016594787595611116,0.009276468050817575,0.02242746608091393,0.027791000166967242,0.17104008988681638,0.20285588693165943,0.9021916195504,0.3752972093825501,0.5294964356530153,0.5034529068391863
2010-09-17,0.01674596329575846,0.009818689571597981,0.0227489228113238,0.02943616413067881,0.17498299821115085,0.20168184275823792,0.9021916195504,0.3792819518974222,0.5181225603133219,0.5005569363057901
2010-09-20,0.019529100394546153,0.011583086347130503,0.026348047075616596,0.03783871584156192,0.16804893683339966,0.19858015574625434,0.9021916195504,0.37406392048884973,0.519942336979395,0.4916462740835666
2010-09-21,0.019052791763023894,0.011298818197634116,0.026531006396824975,0.03542762147143394,0.17960570579631824,0.19946226393396568,0.9021916195504,0.3795062982149379,0.5100093140168722,0.4666963986166463
2010-09-22,0.01815867620174288,0.01064955968318078,0.025994714722824344,0.03182460340301145,0.18178109455019947,0.19946226393396568,0.9021916195504,0.3795062982149379,0.5046255519350449,0.4564491264387422
2010-09-23,0.01662241119427285,0.010321861975014819,0.0240962827044609,0.02825782242630067,0.20027192489086912,0.19946226393396568,0.9021916195504,0.3795062982149379,0.5025779868128563,0.45800848701645763
2010-09-24,0.0204980100243301,0.012696907262780253,0.02898101688539966,0.03830553810089535,0.1709041248481139,0.19946226393396568,0.9021916195504,0.3795062982149379,0.5025779868128563,0.4707061753719524
2010-09-27,0.019439700745141612,0.012194613089649704,0.02779045515591809,0.03707278543514551,0.18218898966630698,0.2107847650708537,0.9021916195504,0.39744027890030365,0.5025779868128563,0.44954332603830355
2010-09-28,0.02034030547076342,0.012625406465325733,0.028928670458627997,0.04030873006309901,0.18300475396584254,0.20561956277766083,0.9021916195504,0.38524947596439335,0.49370653036962475,0.4359545820829337
2010-09-29,0.0198574878303611,0.01249248309845814,0.028364264582132773,0.041310339875151876,0.19184227402006984,0.20540937797671663,0.9021916195504,0.38068820740297976,0.49264496385033424,0.447092909860713
2010-09-30,0.019283623443794952,0.012144168398815254,0.02719812797025585,0.040630520969879395,0.1979605710982854,0.21939421992556468,0.9021916195504,0.40273133283575374,0.4907492576988883,0.44954332603830355
2010-10-01,0.0201029647811123,0.012237603533176135,0.028225984177924806,0.04205812407381036,0.18164512951149692,0.21939421992556468,0.9021916195504,0.40273133283575374,0.494313243114642,0.45154824097182483
2010-10-04,0.018605733982383386,0.01108692907587854,0.02629001029568136,0.03759852754588805,0.1956492173057017,0.21939421992556468,0.9021916195504,0.40273133283575374,0.49196232161994474,0.4410782181718858
2010-10-05,0.022461805785800443,0.013513307994890157,0.03106636253818685,0.04661744175869505,0.17158395004162655,0.21939421992556468,0.9021916195504,0.40273133283575374,0.49196232161994474,0.4399643588382397
2010-10-06,0.022334999179874804,0.012672338235015025,0.03163252856629623,0.04479554590265821,0.16791297179469714,0.21939421992556468,0.9021916195504,0.40273133283575374,0.49196232161994474,0.42325684061570257
2010-10-07,0.022024511518480033,0.012804383371596327,0.03116167595367667,0.04429699544165048,0.16886470113293522,0.21939421992556468,0.9021916195504,0.40273133283575374,0.4933272445117445,0.4225885356378622
2010-10-08,0.02317710220373311,0.013604547553535311,0.03259125662769418,0.04864331648059612,0.15730793217001668,0.24522668343489482,0.9021916195504,0.4426255627848346,0.49196232161994474,0.41924706386039656
2010-10-11,0.023204725802394844,0.013622979679421955,0.03268654593151805,0.04848921202416411,0.13351459498334647,0.2664302992207222,0.9021916195504,0.47202003315838575,0.47831381583990373,0.41924706386039656
2010-10-12,0.02392815848142759,0.014306885449681967,0.0329349443141075,0.04964943518268639,0.13310672579991845,0.27714592874925015,0.9021916195504,0.4842388133997744,0.47603882383057744,0.4283804767046547
2010-10-13,0.02528232999656997,0.015329466806686563,0.03480350197836219,0.05437643931791946,0.13501018447639462,0.2833499100243576,0.9021916195504,0.5049341013484929,0.48020952199134903,0.43038539163817585
2010-10-14,0.024584933353057482,0.015072830780831978,0.03476622534280761,0.05356973526785186,0.14602309328450314,0.28903180713157256,0.9021916195504,0.49634955549296345,0.47376419339022985,0.44464244057138613
2010-10-15,0.024971822490635932,0.016537611797108925,0.033981318281224006,0.05287630670676093,0.1344663502542641,0.3174877473798821,0.9021916195504,0.5195737103242988,0.46421009471660946,0.4626865687496042
2010-10-18,0.02635689195341935,0.017059205616286963,0.03597901802829263,0.056035212937449466,0.13528211455379965,0.31253402029630667,0.9021916195504,0.5091025439068838,0.4548074934447544,0.44375138497151106
2010-10-19,0.023299027052998703,0.01514170759755307,0.03190337490988265,0.04879288438508864,0.15622023779307606,0.3270306231436617,0.9021916195504,0.5380149776240942,0.4572339828558453,0.4401871094602744
2010-10-20,0.025293720762110082,0.016038380719854948,0.035097061511271,0.05240043900545061,0.14479945980153955,0.32768288677476093,0.9021916195504,0.552412116619087,0.4575373392283546,0.4390733032383645
2010-10-21,0.025633479118925873,0.016138402581363002,0.03605012333117132,0.05059212514333015,0.1377294333850859,0.3213343797282566,0.9021916195504,0.5507463232167954,0.46201103219265555,0.45266204719373454
2010-10-22,0.026091907820567223,0.017003491543734775,0.0357041932598249,0.05299868296151864,0.13106730208473977,0.3186950385532363,0.9021916195504,0.5609680693165017,0.4607220387862274,0.4597905982162078
2010-10-25,0.02650483299366593,0.017506235542133913,0.03648169803996267,0.05502002113148023,0.1456152241010751,0.34244098714441745,0.9021916195504,0.6068433720905527,0.46845636079377406,0.45778568328268665
2010-10-26,0.026508087498105962,0.01778874723105772,0.036615276669310914,0.05458492707382109,0.1506458008696705,0.3393707253789456,0.9021916195504,0.6064613674981396,0.46784964804875684,0.4760525620829393
2010-10-27,0.025989490153402555,0.0180506419285046,0.035549155247783536,0.05336124751195022,0.15730793217001668,0.3255367094320752,0.9021916195504,0.5814354038108346,0.4703520669452194,0.4929828309275112
2010-10-28,0.026205716253272004,0.01823094689033007,0.03524472135353248,0.051910989310223914,0.1596192859626004,0.32414724291662417,0.9021916195504,0.5807921897216747,0.4839250048088674,0.48162175252769707
2010-10-29,0.026121178515988244,0.018232692640777207,0.03535681648852164,0.052962418207904864,0.1639700894030423,0.31987401664217296,0.9021916195504,0.5737840506572225,0.4893084053217168,0.4707061753719524
2010-11-01,0.026303252163776627,0.018119957860368838,0.03550816541567307,0.05079153979535282,0.17253567937986453,0.3432503011016826,0.9021916195504,0.6077054778024495,0.47732781723700557,0.4742704508831891
2010-11-02,0.027797228458065506,0.019378108426482507,0.03709080694512426,0.057286084149055165,0.16900066617163775,0.3405805214632536,0.9021916195504,0.598938815524466,0.4941613841438993,0.4666963986166463
2010-11-03,0.028510897623778154,0.019674221974718364,0.037742882839004,0.058305812506963886,0.14167231577674075,0.3360890643102489,0.9021916195504,0.576077749811714,0.4833182920638502,0.4722655359496679
2010-11-04,0.03226619885678983,0.021300436711790997,0.04316759777883333,0.06660867072278669,0.12753228887651294,0.35348491182068237,0.9021916195504,0.5943686610892999,0.4807403052509939,0.4421920243937955
2010-11-05,0.033044878733146044,0.02137237662438866,0.04339574236202702,0.06802722838474076,0.12399727566828617,0.3667167623555302,0.9021916195504,0.6067677101952337,0.47095841812125866,0.4537759065273806
2010-11-08,0.03262220989126651,0.021419319104203395,0.042476268092791335,0.06810880333394521,0.12440517078439367,0.37604877016083277,0.9021916195504,0.6134287723096467,0.46602987138268315,0.4597905982162078
2010-11-09,0.031020934173152912,0.02067047784338515,0.0409926290637199,0.06321862163840118,0.1351461495150971,0.3684276924433896,0.9021916195504,0.6050496572978031,0.4852895661316892,0.4811761981718914
2010-11-10,0.03188415178679289,0.021363605031651207,0.04124669368780697,0.06724768832250591,0.12685246368300032,0.3623201122868084,0.9021916195504,0.6042739469128869,0.45670319959619976,0.4787257819943008
2010-11-11,0.031043695859693868,0.020343219250362334,0.03942107890060448,0.06575662881522636,0.12916381747558414,0.372389930227603,0.9021916195504,0.6024055379932468,0.44987858513720097,0.4787257819943008
2010-11-12,0.028714105705887477,0.01870647645997967,0.037186120360614076,0.060177582772432944,0.1559483336483505,0.32192607005810864,0.9021916195504,0.5160637901920276,0.4426750463892999,0.502784601861346
2010-11-15,0.028476765016236357,0.018513897694397024,0.03741795402869771,0.06048122747145541,0.15037389672494506,0.3309357034142923,0.9021916195504,0.5234105602275065,0.4526843604061721,0.53731344452833
2010-11-16,0.025321344360771818,0.01658455427692366,0.03301147474182434,0.053864334524897424,0.18273282388843745,0.2936650574258427,0.9021916195504,0.4701839125126783,0.45639984322369115,0.5230563424833834
2010-11-17,0.025361985977193684,0.016855220567107997,0.03262580864499671,0.0549656378320106,0.17158395004162655,0.27635308647916623,0.9021916195504,0.4431769268522351,0.4536699974400916,0.526843421728391
2010-11-18,0.028304435037228803,0.0185393342423231,0.03690589457897415,0.06088912987937972,0.13065940696863224,0.2846217975377636,0.9021916195504,0.46377684562127236,0.4565513406254565,0.5353085295948088
2010-11-19,0.028798643443171238,0.018702535133816804,0.03745696670420049,0.062484419433659066,0.12100612261486936,0.2918082352515208,0.9021916195504,0.47726305058820306,0.4490448070740247,0.5292938379059816
2010-11-22,0.02849139044167723,0.01931230541576343,0.036840455517593074,0.06383047525028765,0.12549286516133426,0.2905040116148926,0.9021916195504,0.477956764593541,0.45253250143542884,0.5154822902168408
2010-11-23,0.025709880595109553,0.017686090678690796,0.03332924238734427,0.06047669091951593,0.15622023779307606,0.2730652010862812,0.9021916195504,0.45623265082637965,0.4557931304786739,0.5041212118170267
2010-11-24,0.028574300926740976,0.01979925197913479,0.03705526634951789,0.06800003673500594,0.14167231577674075,0.2829068444110996,0.9021916195504,0.4873361122657126,0.457309912341217,0.5379817495061704
2010-11-25,0.028574300926740976,0.01979925197913479,0.03705526634951789,0.06800003673500594,0.14167231577674075,0.2948225540056904,0.9021916195504,0.5050314060650312,0.4646649484908834,0.5379817495061704
2010-11-26,0.027119338996653943,0.019423733560867806,0.03469955658646323,0.06627780671212734,0.177838186225865,0.2865637866845158,0.9021916195504,0.49916928077781836,0.461252822045873,0.526843421728391
2010-11-29,0.026852727611581802,0.019013996291811847,0.033727253657136934,0.06592431526557473,0.1684568319495072,0.2849028789093405,0.9021916195504,0.498947661807692,0.47528061368379493,0.517487205150362
2010-11-30,0.0256806297442278,0.017829981214011567,0.03257987592136703,0.06368544389773462,0.1957851823444042,0.2705464751690075,0.9021916195504,0.4809063468057109,0.4695934952294589,0.511918014705604
2010-12-01,0.02982930927915872,0.020076055171197715,0.03874655504572778,0.07099576540538352,0.16614547815692343,0.27156255813955255,0.9021916195504,0.4785720893561705,0.474598333022384,0.5491200772839498
2010-12-02,0.03234260033297351,0.02138861317455958,0.04137928373885137,0.07464865788323823,0.13936096198415707,0.27782992125243117,0.9021916195504,0.4874585789613918,0.47164106035164755,0.5571396839062981
2010-12-03,0.032859550580917635,0.021919856816761365,0.04186518203102207,0.07701441439587346,0.12059822749876181,0.2774639765339942,0.9021916195504,0.49051980645863136,0.47020020797447615,0.5609267100395694
2010-12-06,0.03260107545694557,0.0220716407145333,0.041373858614013215,0.07902667946195609,0.12073419253746433,0.2820490262690012,0.9021916195504,0.4886990821288319,0.4717166282680412,0.5439964411949976
2010-12-07,0.032703493124110236,0.022228254878879833,0.04129904011457863,0.08064011522399336,0.12032629742135678,0.28785814249011377,0.9021916195504,0.5097989852596111,0.4601153260412102,0.5938961921288382
2010-12-08,0.03343992397636385,0.022696330201221408,0.04162792323810029,0.0804678922217055,0.11692724925183247,0.27936550757352235,0.9021916195504,0.5060521378202538,0.4583714788605081,0.6097126547514999
2010-12-09,0.03420723293171922,0.02302578436995995,0.04156815041821685,0.08209493763956122,0.11026511795148636,0.2676761508414869,0.9021916195504,0.4824360367753762,0.47020020797447615,0.6068166842181039
2010-12-10,0.035410228746714255,0.023941328733291616,0.04256220207022764,0.0862644991242795,0.11515975561405882,0.27703184144126203,0.9021916195504,0.492092782070735,0.4654231586376659,0.6230786480848353
2010-12-13,0.035419972415495084,0.02338726181377174,0.04301253565512602,0.0841207846995602,0.11434396538184373,0.3024999542663985,0.9021916195504,0.5321429107157523,0.467167005818368,0.620182677551439
2010-12-14,0.03560367331550348,0.023510535357615586,0.0441971900264505,0.08392137004753754,0.11515975561405882,0.3037817855172273,0.9021916195504,0.5340889170675684,0.47406754976273846,0.6584985463516945
2010-12-15,0.03456975297507597,0.023049914282582032,0.04372633741383093,0.08242577398831849,0.11964649816052372,0.2989120109038015,0.9021916195504,0.5253267417159353,0.4654231586376659,0.6729783990186757
2010-12-16,0.03581176315427285,0.023931239795124726,0.04475790681805578,0.08614212286952179,0.11216857662796254,0.2947842971838501,0.9021916195504,0.5222925237557456,0.4654231586376659,0.6633994318186119
2010-12-17,0.03598083862884037,0.024179532633259556,0.04457668353679561,0.08747910558227143,0.09476546659691294,0.2934169194286283,0.9021916195504,0.5190421415202084,0.47376419339022985,0.630652700351378
2010-12-20,0.036496161624564476,0.024468631049330537,0.04423644381861276,0.08874355878779348,0.09884431402727031,0.2934169194286283,0.9021916195504,0.5008394731275122,0.4661813687844485,0.634885280840455
2010-12-21,0.03771866462166044,0.025260462753675213,0.04559516030641105,0.09246898077287576,0.09993200840421092,0.29664263748602276,0.9021916195504,0.5292087248194903,0.48043694887848537,0.629761644751503
2010-12-22,0.03840794484861211,0.025430228952065207,0.0462452590436831,0.09250070897455005,0.08579196853764337,0.2884920367742182,0.9021916195504,0.5197043590621462,0.46807707493589384,0.6342169758626145
2010-12-23,0.038071440996236355,0.025172286290906627,0.046590923886704105,0.09176197021786846,0.09966007832680589,0.2814405606263978,0.9021916195504,0.5086800689983698,0.4585989057476451,0.6446869986625535
2010-12-24,0.038071440996236355,0.025172286290906627,0.046590923886704105,0.09176197021786846,0.09966007832680589,0.2752027251002173,0.9021916195504,0.5007763922217636,0.4597360401833299,0.6446869986625535
2010-12-27,0.03819662034994198,0.025245543548933727,0.04613514106530162,0.09329833992073869,0.11597551991359438,0.2584896555906842,0.9021916195504,0.4779243883406603,0.4597360401833299,0.6353308351962607
2010-12-28,0.03835430505896939,0.025052954073225643,0.04664153427352756,0.09198857651962596,0.1139360961984157,0.24343772157550397,0.9021916195504,0.45635784486944825,0.44828623535826423,0.664290487418487
2010-12-29,0.03856076764551874,0.025230624344192244,0.04688448341961291,0.09235114107005753,0.1106730130675939,0.24920114214830727,0.9021916195504,0.46093081463095187,0.4434336181050604,0.6331031696407048
2010-12-30,0.03825188739180472,0.02505734522465709,0.04649758762782197,0.09211546166442107,0.1139360961984157,0.2517033204720072,0.9021916195504,0.46312368991098335,0.44070377232146085,0.6393406119515667
2010-12-31,0.03821287302760287,0.024613838930080744,0.046690167503743336,0.08935541239967996,0.11706321429053498,0.26678318803964224,0.9021916195504,0.4919206952483582,0.44070377232146085,0.6250835630183564
2011-01-03,0.0405261906592091,0.026309358888892173,0.04899230114506302,0.0961128001468515,0.11515975561405882,0.26678318803964224,0.9021916195504,0.4919206952483582,0.4249317719338589,0.6333259202627395
2011-01-04,0.040254697517476914,0.02585882675202551,0.04949671719668127,0.09034341255591438,0.11203261158926002,0.28064088678098525,0.9021916195504,0.5149799775310565,0.41613588340702107,0.6342169758626145
2011-01-05,0.041288637702443697,0.02677787332637689,0.05027964710165719,0.0945401656903675,0.10713799985936708,0.2764662629104439,0.9021916195504,0.5089548272531156,0.4290265406092582,0.6647360417742926
2011-01-06,0.04084806908614398,0.0271152208575666,0.04964806612383269,0.092876855518898,0.11230454166666505,0.2717951353262962,0.9021916195504,0.5046332133461777,0.41424017725557577,0.650478939729346
2011-01-07,0.040466041860686315,0.02682042465476018,0.04909130364544277,0.09124983776294436,0.10876952845843822,0.2763357039152745,0.9021916195504,0.502316111791506,0.4438125423939627,0.6302071991073086
2011-01-10,0.04018155054573326,0.0270235421837783,0.04817011744792483,0.09294938502612556,0.11420802627582073,0.2617253173855015,0.9021916195504,0.48044419339162847,0.4445707525407452,0.6248607592845854
2011-01-11,0.04095048675330865,0.027419677593522207,0.04902019834256408,0.09439059778587497,0.10537048028891391,0.26553027712437133,0.9021916195504,0.48530995709222713,0.45101608114186376,0.6331031696407048
2011-01-12,0.042816746604274376,0.028318985406682956,0.05108333715101378,0.09738178990431305,0.0965329602346866,0.27089594820026325,0.9021916195504,0.4875451502462685,0.43888399565538716,0.6362218907961358
2011-01-13,0.04245910831757768,0.028229491598484938,0.05050212544335326,0.09706002665943474,0.09857238394986528,0.2728879596596995,0.9021916195504,0.48874861427658145,0.4269034075706759,0.6241925074184813
2011-01-14,0.04400023523716849,0.02910730418988247,0.05187193329748732,0.10019625013042587,0.08592793357634589,0.26158071570771213,0.9021916195504,0.477111726797565,0.4280405420063607,0.6313210053292183
2011-01-17,0.04400023523716849,0.02910730418988247,0.05187193329748732,0.10019625013042587,0.08592793357634589,0.23525136895281287,0.9021916195504,0.42670234095704646,0.4155291706620039,0.6313210053292183
2011-01-18,0.044289608308781585,0.029570120840631747,0.05312002546191924,0.10019171357848639,0.09150237049975139,0.2359724037755536,0.9021916195504,0.43003287201425294,0.41863830230348364,0.638226805729657
2011-01-19,0.04215999157718375,0.027793878666359757,0.05280794816956288,0.0908238168091642,0.11108088225102193,0.251243783171568,0.9021916195504,0.4566055935871441,0.4120414763005998,0.6322120609290935
2011-01-20,0.04189012568767158,0.026869562710290635,0.052746463421397174,0.08683101487867324,0.12032629742135678,0.22623247501673927,0.9021916195504,0.4115780559564585,0.4106006239234284,0.6593896550633058
2011-01-21,0.042392450510174824,0.026222499771553023,0.05395727895027451,0.08461026205668898,0.12685246368300032,0.23793579852500216,0.9021916195504,0.4181743655651101,0.41355789659416486,0.6498106347515058
2011-01-24,0.04361007175061074,0.027451261753452312,0.056640618030221565,0.08737487553527164,0.11570358983618936,0.23184969987750986,0.9021916195504,0.404567277523565,0.4112829045848393,0.6480285235517553
2011-01-25,0.04366535863701275,0.027525836356908848,0.0565584213610071,0.08768305678623357,0.11488782553665379,0.22616400745066786,0.9021916195504,0.40073403475722713,0.4103731970362914,0.6282022841737874
2011-01-26,0.04455133793719368,0.028414177001616414,0.056762116714930186,0.09391923897460205,0.1019714321193896,0.23592109105419634,0.9021916195504,0.41454470608454924,0.4105246944380567,0.6524838546628672
2011-01-27,0.045024411908815176,0.02910642595959618,0.05687049865336346,0.09469424248489743,0.09530930081904349,0.24846204160414193,0.9021916195504,0.4321715522622885,0.41006984066378277,0.6429048874628034
2011-01-28,0.041252857998142614,0.026106241359874053,0.052768694377400616,0.08561640842068133,0.14819850797106385,0.24958135726854186,0.9021916195504,0.44108144426768986,0.40999391117841116,0.6304299497293433
2011-01-31,0.04284276279525537,0.02668487730715916,0.05445330414214309,0.08826769108648316,0.14126444659331272,0.2613786528907697,0.9021916195504,0.4501309588636393,0.41044912652166304,0.6413455268850878
2011-02-01,0.046333060050875646,0.028926999228057,0.05811316569295722,0.09626236805134403,0.11543165975878433,0.26394861562300814,0.9021916195504,0.44984537919828393,0.4273582613449498,0.6558253795520692
2011-02-02,0.045754333752188715,0.028855498430602478,0.05815784460995763,0.09502507883365471,0.11094491721231942,0.26394861562300814,0.9021916195504,0.44984537919828393,0.41977543673916845,0.6660726517299734
2011-02-03,0.046253404070251934,0.029045003390183108,0.05865881269334542,0.0961445283485258,0.10265125731290217,0.26394861562300814,0.9021916195504,0.44984537919828393,0.39225063672297017,0.6776564807518222
2011-02-04,0.04686628282101993,0.029721465623260543,0.05939682256466146,0.09681527414991932,0.09231814776562669,0.26394861562300814,0.9021916195504,0.44984537919828393,0.39225063672297017,0.7023836055967078
2011-02-07,0.048196085241940606,0.030365893871139284,0.061112295261816524,0.10053615958306211,0.09707682038949665,0.26394861562300814,0.9021916195504,0.44984537919828393,0.39225063672297017,0.7006014943969575
2011-02-08,0.04909343546312238,0.030938821321563507,0.06287816134080151,0.10296990905098542,0.09068660620021582,0.26394861562300814,0.9021916195504,0.44984537919828393,0.395359406795472,0.7186455694634389
2011-02-09,0.048493574730114515,0.03058875016134804,0.06304455594750408,0.10096671708878176,0.09150237049975139,0.25620844077566923,0.9021916195504,0.43330665664997015,0.3892174345668621,0.7001559400411519
2011-02-10,0.04865451394358195,0.03064928379034938,0.0627828479253117,0.10252123299940992,0.09449353651950791,0.2699191088346615,0.9021916195504,0.4659713045223687,0.4162877423777644,0.7148585433301677
2011-02-11,0.04983800257647607,0.03148234947764791,0.06386847568459048,0.10678595142724903,0.08905505166846517,0.2727685589042335,0.9021916195504,0.4769604030069269,0.4119655468152281,0.7010469956410269
2011-02-14,0.050353325572200174,0.031821892584553334,0.06374331202665785,0.10850364489818816,0.09259006487669198,0.2950939952654147,0.9021916195504,0.5170781874629911,0.4159843860052558,0.6939184977302899
2011-02-15,0.04965267442424765,0.03125906478242144,0.06271740886393064,0.10584328912850735,0.09830047980513977,0.2951260277630667,0.9021916195504,0.5147160406869202,0.4201547225970487,0.6943639989743593
2011-02-16,0.05100359143495,0.032189517640369154,0.06423661260027438,0.10962306675115718,0.1030591264963302,0.3027928011288191,0.9021916195504,0.5303276410807316,0.41719744992631225,0.6954778583080053
2011-02-17,0.05167175707212001,0.03245360791353176,0.06497657551653216,0.11218372902577768,0.10129163285855654,0.30374671676387366,0.9021916195504,0.5216312739822364,0.41507431688772994,0.6850077823963301
2011-02-18,0.05209117140955951,0.03255757110120267,0.06678169538767942,0.11254629357620925,0.09911624410467534,0.2952985629933109,0.9021916195504,0.5058449473976069,0.4113588340702109,0.6883493072855321
2011-02-21,0.05209117140955951,0.03255757110120267,0.06678169538767942,0.11254629357620925,0.09911624410467534,0.305388951566484,0.9021916195504,0.5292104843984512,0.40514093235622933,0.6883493072855321
2011-02-22,0.04760920283761433,0.029156431535287484,0.06237545721746553,0.10263907270222815,0.15853159158565977,0.2815326350805492,0.9021916195504,0.49325225662702527,0.4008946662790647,0.6598351563073752
2011-02-23,0.04630218194777388,0.027689904768563398,0.05973334908628842,0.09660681405591975,0.17661452681022194,0.28374598958063313,0.9021916195504,0.4949981988509861,0.4077948486544572,0.6656270973741677
2011-02-24,0.04609083760456448,0.028343982839465886,0.05881288623874889,0.09865985276565356,0.16560161800211343,0.2887106471847344,0.9021916195504,0.5027205510156708,0.40552021821410955,0.654711520218423
2011-02-25,0.04833100826442706,0.030236922540559995,0.06034245799145,0.10671344958192354,0.13704960819157327,0.28869880578749807,0.9021916195504,0.5077160836646364,0.40438272220944677,0.6518155496850269
2011-02-28,0.049524240566101996,0.03029044103739646,0.06271000658248481,0.10739326848719602,0.12522093508392923,0.2969342698461628,0.9021916195504,0.5319105583139644,0.40324558777376196,0.6493651335074363
2011-03-01,0.046128224716546304,0.02832248761770267,0.05855411983980209,0.09997418038060786,0.1613868055330536,0.3012456770360618,0.9021916195504,0.5360798806618358,0.4005916714755341,0.6493651335074363
2011-03-02,0.04647123757780213,0.028790134535026546,0.058770907828334586,0.10170545584546335,0.15717199306399368,0.2996563489890521,0.9021916195504,0.5299131722564898,0.4017288059112189,0.6605034612852156
2011-03-03,0.050133864812429964,0.031012956809876896,0.06349664968401662,0.10985874615679364,0.12861998325345356,0.2962891414159624,0.9021916195504,0.5135070339828804,0.40301779931764703,0.6845622811522607
2011-03-04,0.048537470850976414,0.03039572157049681,0.06131599061573961,0.10809120593832436,0.13487421943769212,0.3085166744711089,0.9021916195504,0.5311357277185286,0.4027903724305101,0.6667409567078137
2011-03-07,0.04674598522397435,0.028683086831228173,0.0593444761378898,0.10231728179544776,0.15662813290918362,0.32527642641205434,0.9021916195504,0.5533914102897802,0.4002123856176538,0.6678547629297236
2011-03-08,0.048646377682481874,0.02956660791948659,0.06241471100962779,0.10794163803383183,0.14520732898496758,0.32643642790285593,0.9021916195504,0.5536886911552256,0.3907342164294051,0.6783247857296625
2011-03-09,0.04835376995096801,0.028950250910392793,0.062382859498911356,0.10636900357734783,0.1506458008696705,0.32712421572566397,0.9021916195504,0.5549535644912743,0.3989233922112257,0.6616173206188616
2011-03-10,0.044304233734222466,0.026726111290113007,0.05674162179887495,0.09655243075645012,0.17321547864069764,0.31312973366496333,0.9021916195504,0.5411375264481214,0.39376705701653525,0.6446869986625535
2011-03-11,0.04579497536861058,0.027366159096685744,0.05821785854650055,0.09804802681566917,0.14874234219319435,0.30587080534633015,0.9021916195504,0.5270077554762386,0.4034730146608989,0.6446869986625535
2011-03-14,0.044512323572991834,0.026723915714397282,0.05695271943424387,0.09593604059262416,0.1630183341321247,0.30706192845807323,0.9021916195504,0.5369420743526806,0.40514093235622933,0.6344397264846493
2011-03-15,0.042151855316083675,0.0252481782397926,0.05355186539903602,0.0928360818752468,0.20639019603640518,0.2941992107101491,0.9021916195504,0.5141520956299492,0.401273952136945,0.6290933397736624
2011-03-16,0.03808932092611726,0.023032371097107124,0.047573835949047225,0.08856229034352874,0.27545885380383206,0.3049405725057482,0.9021916195504,0.5286051012569508,0.4027903724305101,0.6043662149287771
2011-03-17,0.04082693465182304,0.02387596483771568,0.051556142808575074,0.09020291775530083,0.23426240658611225,0.2945231791935113,0.9021916195504,0.5092287057183809,0.4021840212544708,0.6123858215511253
2011-03-18,0.041719422960884045,0.02421023856290337,0.053628395826752856,0.09434525992838223,0.20802175056815583,0.29750387141578555,0.9021916195504,0.5156538962730842,0.4064302873316354,0.6188460675957582
2011-03-21,0.04483582925214673,0.026334367031800546,0.058023542630630975,0.10266626435196297,0.1559483336483505,0.29820403198057766,0.9021916195504,0.5086035273135703,0.40051574199016243,0.6290933397736624
2011-03-22,0.04408640022667226,0.025973767818275047,0.05758157579381632,0.10069023637759204,0.15050983583096805,0.30131475185327355,0.9021916195504,0.5107232920877761,0.3971791834615457,0.6310982547071836
2011-03-23,0.04469927897744026,0.026606789782557465,0.05924544952584409,0.1018595326399933,0.13636980893074024,0.31043536035535124,0.9021916195504,0.5267834971376709,0.38770101427329695,0.6346625302184203
2011-03-24,0.04666958374779067,0.028279058059033097,0.061332772335238955,0.10451535185773461,0.1204622624600593,0.3098847353838636,0.9021916195504,0.5201106458442198,0.39187135086508995,0.6471374679518804
2011-03-25,0.047342611297081456,0.028570352050819803,0.06256803709338689,0.10757453693146078,0.11923860304441618,0.3195565761085692,0.9021916195504,0.5354808320045946,0.39376705701653525,0.6560481301741039
2011-03-28,0.04675572889275518,0.028027252299753107,0.06200732030178161,0.1066318746327191,0.1400407871776696,0.3214814104106073,0.9021916195504,0.529485242653197,0.39338813272763296,0.6569391857739789
2011-03-29,0.048259468700364155,0.02917704852676441,0.06401044517368838,0.1101306626541418,0.12263765121394049,0.3134200756164301,0.9021916195504,0.5116557809581093,0.3968002591726434,0.6665181529740428
2011-03-30,0.04969331604066952,0.030050041561712794,0.06577828840928106,0.11506161799333703,0.11651935413572492,0.3127031397388866,0.9021916195504,0.5101791422941153,0.39558683368260894,0.6584985463516945
2011-03-31,0.04929827079745172,0.030237800770846285,0.06501585342036037,0.11650283075308643,0.11692724925183247,0.3041033249960282,0.9021916195504,0.5013215097838529,0.39232656620834183,0.6582757957296598
2011-04-01,0.05036797084218032,0.030612001843683834,0.06642293791004902,0.11796218972059376,0.11230454166666505,0.3163218251904624,0.9021916195504,0.513620526825859,0.3823931816768412,0.6576074907518195
2011-04-04,0.05044274506614398,0.030594008832940337,0.0669984833762119,0.11913599487303242,0.11366416612101067,0.3163218251904624,0.9021916195504,0.513620526825859,0.38519859537683443,0.6531521596407076
2011-04-05,0.05040373070194214,0.030681746180565773,0.06684713444906049,0.12092619018929704,0.11026511795148636,0.3163218251904624,0.9021916195504,0.513620526825859,0.3782228450850483,0.6656270973741677
2011-04-06,0.05087680467356363,0.031060338404834773,0.06765820266819696,0.12131594638946343,0.10550644532761642,0.32687736813712276,0.9021916195504,0.5173547932756458,0.37860176937395057,0.6785475894634335
2011-04-07,0.05054678998552867,0.030898893973913648,0.06723205308424375,0.1191722596266462,0.1083616592750102,0.32891348121062497,0.9021916195504,0.5308492682636928,0.38262060856397817,0.6807752550189894
2011-04-08,0.04967869061522864,0.03020927970679275,0.06650515869092943,0.11529729739897347,0.11869476882228565,0.33578839908939656,0.9021916195504,0.5439635862172356,0.38155904204468705,0.684116726796455
2011-04-11,0.04907555553324147,0.02981841367876658,0.06653134396014825,0.11211119951855013,0.10129163285855654,0.3335265404044794,0.9021916195504,0.5339474469191114,0.37549299930144875,0.684116726796455
2011-04-12,0.04740113284338423,0.02864624399970577,0.06362948085172049,0.10685848093447659,0.10808972919760516,0.33309835244415925,0.9021916195504,0.5318906750717062,0.3763271389336029,0.668523067907564
2011-04-13,0.04744177445980609,0.02938016605578253,0.06381244017292886,0.10760626513313508,0.10577837540502145,0.34212354661081373,0.9021916195504,0.5498959187049886,0.37951183849147635,0.6609490156410213
2011-04-14,0.047459654389687,0.029323134637800907,0.06416205932916523,0.10921516434323286,0.09694085535079415,0.33971025467277854,0.9021916195504,0.5399725971970523,0.37344579574823805,0.665181543018362
2011-04-15,0.04829850290910527,0.02951746986395613,0.06556150042074857,0.11261879542153475,0.08402446193352997,0.342163625186075,0.9021916195504,0.5376140575578513,0.37344579574823805,0.6484740779075612
2011-04-18,0.04593478014775708,0.0282334329246478,0.062098920520715535,0.10651403492990087,0.106322209627152,0.3442788327206043,0.9021916195504,0.5408194825509373,0.37094337685177553,0.6397861663073724
2011-04-19,0.047150774135972975,0.028654137362156936,0.06370774731938554,0.10719385383517335,0.09095852331128111,0.32615633331438204,0.9021916195504,0.5226132950003192,0.36980588084711274,0.6364446414181705
2011-04-20,0.050034701649705325,0.031178342566960882,0.0683196580001302,0.11464467014343581,0.08062541376400567,0.32864241948286343,0.9021916195504,0.5185241214741172,0.37238386765996895,0.6462464123520054
2011-04-21,0.051175921413957555,0.031952620375705204,0.06961467146649564,0.11745005726566966,0.07545885899036792,0.3347455970686773,0.9021916195504,0.5225691295684004,0.36700046714711954,0.6462464123520054
2011-04-22,0.051175921413957555,0.031952620375705204,0.06961467146649564,0.11745005726566966,0.07545885899036792,0.3297243892021335,0.9021916195504,0.5144313408110454,0.36700046714711954,0.6462464123520054
2011-04-25,0.0508296540482617,0.032203547904698905,0.06896999785406173,0.11681101200404838,0.09014275901174552,0.3155572960047961,0.9021916195504,0.4963765650300134,0.3433426473502056,0.6380040019958859
2011-04-26,0.05277882438429117,0.03315375023396269,0.0718214916923255,0.12080381393453933,0.08810332233022708,0.30748290531110195,0.9021916195504,0.4910135443150621,0.3433426473502056,0.6284250347958221
2011-04-27,0.054147641169413695,0.03413376955245856,0.07418163800191446,0.12319225320687197,0.08443235704963752,0.3032628894178215,0.9021916195504,0.48294147583189706,0.3690476707003302,0.639117861329532
2011-04-28,0.05493120280242996,0.03425002796413753,0.07596797488528875,0.1246606576163562,0.07450712965212983,0.2913347311748541,0.9021916195504,0.4640560908023684,0.3568396557284819,0.6266429235960719
2011-04-29,0.05544003663381327,0.034294335753093395,0.07713411149716567,0.12635566832759793,0.07627463625624324,0.29894184211606983,0.9021916195504,0.47880725708429583,0.35623294298346475,0.6230786480848353
2011-05-02,0.05505150039947554,0.03387933981244514,0.07705560391284115,0.12158789054871366,0.09313391206516229,0.29894184211606983,0.9021916195504,0.47880725708429583,0.34137101171338863,0.6208509825292794
2011-05-03,0.054303698626221086,0.03289405111223153,0.0770592929977311,0.1166025519100488,0.10278722235160469,0.3053708858450594,0.9021916195504,0.48875943568719105,0.3494086900934439,0.6139452352405771
2011-05-04,0.05279182255751203,0.03230664357220897,0.0749870399795533,0.11167613312279306,0.10795376415890265,0.2847975208364945,0.9021916195504,0.45695337436876754,0.35699115313024726,0.6068166842181039
2011-05-05,0.05080526510950073,0.031713977360594114,0.0715449549955755,0.11001735950326305,0.12318151136875055,0.28678330797174245,0.9021916195504,0.4583569905058838,0.3497876143823462,0.5945644971066785
2011-05-06,0.05163435011559891,0.032277254987994594,0.0728923148887126,0.11187554777481575,0.12590073434476234,0.28413493393600986,0.9021916195504,0.4567011387247214,0.34341821526659927,0.5921140809290878
2011-05-09,0.05262439417970379,0.03296555190968605,0.07402657587820716,0.1161629213004502,0.10904145853584325,0.28680069053563423,0.9021916195504,0.4618722773539856,0.3422051513455428,0.5887725560398859
2011-05-10,0.05439149086794488,0.03422194601522714,0.0758951576541278,0.12210453189367518,0.09204621768822169,0.29245123830273,0.9021916195504,0.47015426360718704,0.35016690024022645,0.6005791887955056
2011-05-11,0.051939975864872895,0.03304495677971718,0.07267726294012833,0.11519303969007162,0.106186270521129,0.29020828030955537,0.9021916195504,0.46886414031304935,0.3490294042355636,0.5921140809290878
2011-05-12,0.05300804865738148,0.03383371467805984,0.07430410115326098,0.11830663572516949,0.09367777221997235,0.27797793871788484,0.9021916195504,0.4571155195700152,0.35016690024022645,0.6083760447958193
2011-05-13,0.05123932471692037,0.03231717162551901,0.07183087113037902,0.11293151322443618,0.10781779912020013,0.2863564104200956,0.9021916195504,0.4647191001548385,0.3543372368320194,0.5987970775957554
2011-05-16,0.049890015113898775,0.030292197497969037,0.07066104543361214,0.1071485159776806,0.1237253455908811,0.2795274918152035,0.9021916195504,0.4552263476186364,0.34523799193267296,0.5903319166176014
2011-05-17,0.04981035913327506,0.03033167502035031,0.0689625955726159,0.1059928293710978,0.11434396538184373,0.2806797508539659,0.9021916195504,0.4621867141142999,0.36131334869278353,0.5840944743067394
2011-05-18,0.05171239868854187,0.03172626187447673,0.07095262780991327,0.11192539452234589,0.09639699519598409,0.2868973952797306,0.9021916195504,0.4713930071956662,0.35244153068057404,0.5952328020845188
2011-05-19,0.052187080067844116,0.03209081312429053,0.07206716545666289,0.1127003703707392,0.08674371084222121,0.2827942752309623,0.9021916195504,0.4648542358190363,0.35926614513957283,0.5952328020845188
2011-05-20,0.05050777562132682,0.03121387876317929,0.06976404323703937,0.1099357845540586,0.1127124367827726,0.28244761073623054,0.9021916195504,0.465117292873692,0.3585079349927903,0.5910002215954417
2011-05-23,0.0479229648479884,0.029265224989532993,0.06653503304503817,0.10312852239745483,0.12413324070698864,0.256365187476265,0.9021916195504,0.42738435376229433,0.3434941447519716,0.5869904448401357
2011-05-24,0.04774577295686006,0.028706338513563967,0.06591654470182308,0.10144712134203156,0.11801494362877307,0.25402924415222844,0.9021916195504,0.42808070713607366,0.3585079349927903,0.5845399755508088
2011-05-25,0.048426916922711664,0.029374018443778502,0.06686589332516751,0.10622397222479478,0.10781779912020013,0.2461585103097201,0.9021916195504,0.4159636305586254,0.35357902668523683,0.5858765855064897
2011-05-26,0.04927550911091076,0.03031895139132455,0.06706587548253472,0.11075609825994465,0.09449353651950791,0.2445374533906285,0.9021916195504,0.40833128085779125,0.35016690024022645,0.5707284809734043
2011-05-27,0.0501549992467509,0.030930488843969196,0.0680243624272732,0.11319892083174693,0.09299794702645978,0.23627337262197606,0.9021916195504,0.40490872382092924,0.3478919082309008,0.5713967328395084
2011-05-30,0.0501549992467509,0.030930488843969196,0.0680243624272732,0.11319892083174693,0.09299794702645978,0.2351584595283435,0.9021916195504,0.40360250037929923,0.3412195143116233,0.5713967328395084
2011-05-31,0.05244718244403619,0.03261679809490002,0.071189910714501,0.11865559061978262,0.08579196853764337,0.24669668663283115,0.9021916195504,0.42044281476151263,0.33560832534265894,0.5682780116840774
2011-06-01,0.04746453614634705,0.029716635356685946,0.06428524583049017,0.10646418818237072,0.12454110989041667,0.2467278082537727,0.9021916195504,0.4235680909329292,0.33955123504731494,0.5495656316397555
2011-06-02,0.04720278667339568,0.029897379433654565,0.06325837820112505,0.10614239727559033,0.12168592187570242,0.23479152802680345,0.9021916195504,0.40615283412523917,0.33879302490053237,0.5638226805729657
2011-06-03,0.04512520232375983,0.028119380798809993,0.06085625348112177,0.10045004808191818,0.11978246319922624,0.24189249514256017,0.9021916195504,0.41839422495627554,0.34243257823267975,0.5564713789284577
2011-06-06,0.042850899056355446,0.026793670761404667,0.05934274009794159,0.09464439573736728,0.1271243937604054,0.24189249514256017,0.9021916195504,0.41839422495627554,0.3325751231865508,0.5575852382621038
2011-06-07,0.04265092563414689,0.026749802087591947,0.058869910328714345,0.09565505099139704,0.12141399179829739,0.24695416111632798,0.9021916195504,0.4273005098248071,0.33219583732867053,0.5595901000838887
2011-06-08,0.04177633709950607,0.025601312495884633,0.058329953681489716,0.09134499470606518,0.1312032671234423,0.24881591720616503,0.9021916195504,0.4290878021543493,0.34106765534088,0.5486745229281441
2011-06-09,0.04331095501021681,0.026017636492087767,0.06019209764260242,0.09342978927937537,0.11733514436794001,0.23422071195490007,0.9021916195504,0.4067546981088177,0.3365180328912068,0.5566941295504924
2011-06-10,0.04038150412340255,0.024212873253762243,0.055934242664628424,0.08749268757618779,0.13215499646168033,0.2347797625359597,0.9021916195504,0.4139780336801889,0.3372762430379893,0.5506794378616651
2011-06-13,0.040519681650329036,0.024035642097938785,0.05596040382218129,0.08643218557462788,0.14235214097025325,0.23329852519192742,0.9021916195504,0.4075457168306939,0.3344708293379961,0.5551347689727769
2011-06-14,0.043127254110208416,0.025747837722064276,0.05900078845147648,0.09404161522935976,0.12399727566828617,0.24252054463443898,0.9021916195504,0.4264699005763105,0.3425840756344451,0.5791935888398221
2011-06-15,0.03947764489334071,0.02367460376927014,0.054585146731543126,0.08745645048447609,0.16560161800211343,0.23486925617276477,0.9021916195504,0.41601316270637495,0.33249919370117914,0.5511249922174709
2011-06-16,0.03983853768447744,0.02333418243207842,0.056171501457550205,0.08839911278321777,0.18477224760361619,0.22207553733565982,0.9021916195504,0.3997989065184526,0.3343948998526245,0.5368678901725243
2011-06-17,0.040466041860686315,0.023017451892365638,0.05722925613099386,0.08849429738824066,0.1728076094572696,0.21540215092908285,0.9021916195504,0.39738177289985344,0.33575982274442423,0.544664746172838
2011-06-20,0.04158124543395756,0.023595638014382157,0.059106204654998225,0.09154440935808786,0.14751868277755129,0.20869726336960165,0.9021916195504,0.39013046002300383,0.3266605778450778,0.5488973266619152
2011-06-21,0.04437089154162532,0.02612247791004497,0.061813004385912036,0.09965238947382747,0.13215499646168033,0.216541581787506,0.9021916195504,0.40646463151711204,0.33879302490053237,0.5537981590170962
2011-06-22,0.04300858376538286,0.025329767975414006,0.05982938585175666,0.09670650755098005,0.12753228887651294,0.21742399360078749,0.9021916195504,0.4094978817088732,0.32969378000118593,0.5555803233285826
2011-06-23,0.042416839448935796,0.026100104457995467,0.05835611483904257,0.09798003386038108,0.13800136346249092,0.22952719198495292,0.9021916195504,0.43036895159578636,0.3273432200754667,0.5368678901725243
2011-06-24,0.03997020620252386,0.024614706450241594,0.05550635704072702,0.09576381759033631,0.16261046494869666,0.24754828045074126,0.9021916195504,0.45025712067513635,0.3304519901479685,0.5284027823061066
2011-06-27,0.04186410949669059,0.02616722481414398,0.058197098402119896,0.0990949468233127,0.15526850845483797,0.25128515215550246,0.9021916195504,0.45297866145397264,0.32810143022224925,0.5408777200395667
2011-06-28,0.044557846946073745,0.02796715778589491,0.06178042952521719,0.1046105364627575,0.13636980893074024,0.25158733550420553,0.9021916195504,0.4548524370894435,0.34144694119876023,0.5671642054621676
2011-06-29,0.04630380919999389,0.02845760656028599,0.06357614584664498,0.10579341471907512,0.11053704802889139,0.24203641366281667,0.9021916195504,0.4427904353334717,0.3319684104415336,0.5811985037733433
2011-06-30,0.04845456036591267,0.029906590141535166,0.06735179161733822,0.109197045797377,0.10033990352031845,0.2524809055571905,0.9021916195504,0.4606037968810671,0.32741878799186036,0.5923368315511225
2011-07-01,0.0515482049706344,0.031771447893718885,0.07151037886660704,0.1149120500888445,0.09150237049975139,0.25163713009771205,0.9021916195504,0.46665331732761656,0.32779807384974063,0.6010247431513113
2011-07-04,0.0515482049706344,0.031771447893718885,0.07151037886660704,0.1149120500888445,0.09150237049975139,0.2682572901827758,0.9021916195504,0.4903549339099943,0.321580172135759,0.6010247431513113
2011-07-05,0.05125720464680129,0.03219872834824975,0.07119188787110868,0.11562813374773076,0.09408564140340038,0.2693566424659376,0.9021916195504,0.4902828791515451,0.31824397517612024,0.5874359460842051
2011-07-06,0.051475038154351484,0.032560644907204686,0.07257823632808262,0.11726422460756336,0.09789258468903222,0.2675300310358467,0.9021916195504,0.4889594118360982,0.32969378000118593,0.5783025332399468
2011-07-07,0.05375096867397588,0.03425572575087297,0.07488606032256587,0.12310160515378855,0.09259006487669198,0.2624895429455977,0.9021916195504,0.4860090378133959,0.3304519901479685,0.5903319166176014
2011-07-08,0.052219605267705166,0.03369201971845479,0.07334809771011508,0.12059081728860027,0.09259006487669198,0.263579558742477,0.9021916195504,0.4870369838423583,0.3289355698544034,0.5607039594175347
2011-07-11,0.04826760496146423,0.031183172833535475,0.06960898111333207,0.11196616816599708,0.12576476930605981,0.26510892073937986,0.9021916195504,0.4901197661818689,0.3222628143661479,0.5386500544840108
2011-07-12,0.047316595106100465,0.030274643602368687,0.06815521643836937,0.11025757546083899,0.14588715417848014,0.2501509588381646,0.9021916195504,0.47477139880060937,0.3304519901479685,0.5366451395504895
2011-07-13,0.04797985914207115,0.03093311282470262,0.06925962718542113,0.11352522062856472,0.14643098840061067,0.26286543140145746,0.9021916195504,0.4937766111573758,0.32673650733044945,0.5328581134172182
2011-07-14,0.046541149889645014,0.029430610746616983,0.06791424444889171,0.1073343486357869,0.15853159158565977,0.26751917642171347,0.9021916195504,0.4903243172360745,0.3514558936466545,0.544664746172838
2011-07-15,0.04772301127031911,0.03062077343642129,0.06896630876917179,0.10980889940926349,0.14126444659331272,0.270542755755773,0.9021916195504,0.49628022808190364,0.30527775005748947,0.5366451395504895
2011-07-18,0.04598353818073976,0.029537658450415352,0.06663133503883184,0.10400321940281052,0.16057104123351798,0.2694604824109328,0.9021916195504,0.49480358941790975,0.31854733154862885,0.5368678901725243
2011-07-19,0.049444584585478284,0.03223162985360929,0.07162519861984824,0.11245564552312584,0.1369136431528708,0.26333392565621644,0.9021916195504,0.4849757250686027,0.33181691303976824,0.5328581134172182
2011-07-20,0.049299898049671734,0.0316924821388309,0.07124225714127266,0.11142233517130075,0.13528211455379965,0.2624702627218924,0.9021916195504,0.48610458295097314,0.327722144364369,0.5422143299952474
2011-07-21,0.052219605267705166,0.032578627207822744,0.07500753489560855,0.11546498384932186,0.11447993042054624,0.2536680056301289,0.9021916195504,0.47776400271837355,0.3150592756182468,0.559367349461854
2011-07-22,0.052417931593154436,0.03364902927492836,0.07393967743413296,0.11571878180081417,0.1139360961984157,0.25519023242613303,0.9021916195504,0.48236670936431647,0.3186988289503942,0.5491200772839498
2011-07-25,0.05118405767505763,0.032945813148495415,0.07175802978755211,0.11099631421752058,0.13881712776202648,0.22968173740016506,0.9021916195504,0.44756883593866126,0.3074008830960718,0.5580307395061732
2011-07-26,0.05029154952145737,0.032821222259222134,0.06949886313495059,0.10801870409299887,0.15078176590837308,0.23412150229984982,0.9021916195504,0.4513787642837671,0.3130117104960582,0.5462241067505536
2011-07-27,0.04589413853133522,0.02952361747596016,0.06459165688134891,0.0970056433599651,0.1881712957731405,0.2404846592801144,0.9021916195504,0.4611380930325468,0.3080831637574827,0.5526843527951864
2011-07-28,0.04520811280882357,0.029587664026106658,0.06305000518400818,0.09646631925530619,0.19850440532041597,0.23590962918892275,0.9021916195504,0.4583506560216245,0.31217793243288194,0.5462241067505536
2011-07-29,0.04384417778036109,0.029154675074714906,0.060658248480362255,0.09541939924766266,0.21903465937626435,0.2337182875426755,0.9021916195504,0.4497480744817457,0.3122535003492756,0.5137001790170905
2011-08-01,0.0429760585655218,0.028638350637254607,0.060392827261613984,0.09352494622249619,0.19741671094347535,0.23435688802311744,0.9021916195504,0.45082828000584707,0.30141040826922716,0.4992203263501093
2011-08-02,0.037629264972255896,0.02533196355112973,0.053828402095786,0.08181394803833408,0.21278042319202578,0.2267320908924398,0.9021916195504,0.44448772519916346,0.2990598483435079,0.473379395283314
2011-08-03,0.0386517945471433,0.026377357475326976,0.05456467592715383,0.08442899361242422,0.1936097676578435,0.22649146762808692,0.9021916195504,0.4436165576556179,0.3017896941271074,0.4678102048385562
2011-08-04,0.028853910485033978,0.02038137942731417,0.04190443582318433,0.06359025929271173,0.3061862523682533,0.2282182621519872,0.9021916195504,0.44470125010606965,0.30012141486279903,0.4364000833270031
2011-08-05,0.02874174914908848,0.019329409486095194,0.04340883499663642,0.05807466965326691,0.3108089599534208,0.21030473304442854,0.9021916195504,0.4237419373342669,0.30072812760781625,0.458676791994298
2011-08-08,0.015749430067312775,0.011664676082751914,0.027736372689198215,0.029218630932800277,0.5283480428029768,0.17933560804550072,0.9021916195504,0.38868540580135824,0.30292682856279224,0.40989084728236747
2011-08-09,0.024376843514288114,0.017140806062033817,0.038351244282521214,0.04970381848215603,0.3524133282199276,0.17910371401628997,0.9021916195504,0.38890614498200415,0.2988324214563709,0.37491645025957765
2011-08-10,0.01596077441052218,0.012689453015472233,0.025516483940424897,0.0334108475153139,0.4602311403064675,0.1862876468190933,0.9021916195504,0.40102322155945236,0.2955717924131258,0.3648919818154444
2011-08-11,0.02439472344416902,0.017586507932325888,0.03596961447857317,0.049581469889300386,0.4059823087001015,0.19634008219599622,0.9021916195504,0.41705096237751843,0.2854869104798599,0.409222542304527
2011-08-12,0.025397765681494766,0.018257700783685583,0.0390734369009758,0.05031113554210302,0.3700883683283822,0.1999668896315739,0.9021916195504,0.4191950973203328,0.26615092467650425,0.38716863737100304
2011-08-15,0.029572461407406676,0.02032917827590714,0.04435422930676549,0.05988752006732686,0.3090414663156471,0.21041259602822837,0.9021916195504,0.429686059001058,0.26546864401509335,0.397861463904713
2011-08-16,0.027665559940019086,0.0189363478823533,0.04245379602012842,0.053601463469526156,0.3223657029836598,0.20462837710386902,0.9021916195504,0.4204671849301212,0.2647104338683108,0.38204500128205104
2011-08-17,0.027849260840027482,0.0184112411420301,0.04255947745197559,0.053270627120768875,0.3050985579913127,0.20248151660365044,0.9021916195504,0.41441951204148064,0.259630028158992,0.3711294241263064
2011-08-18,0.01919422379439041,0.012662249296848135,0.032198670482739666,0.03445323097101796,0.4558803109333461,0.1894887712053047,0.9021916195504,0.39783222511384586,0.2628147277168655,0.35286254532605366
2011-08-19,0.016411086695602716,0.010969364028895576,0.027928976676785528,0.029554003833497038,0.46104687867332356,0.18168050832385704,0.9021916195504,0.3876854370778743,0.27016976386653185,0.3501893785264284
2011-08-22,0.01645821747636538,0.011124650137687231,0.028842519476198168,0.029390853935088137,0.45275319284122667,0.17593021955696322,0.9021916195504,0.3706683729890377,0.2659994272747389,0.3539764046596999
2011-08-23,0.022721908161992523,0.015541355928442139,0.03679551137226724,0.04377128099281001,0.3688647089127391,0.1877934019279161,0.9021916195504,0.382450337753381,0.27964829462375856,0.3648919818154444
2011-08-24,0.025201046763726243,0.016490230202151047,0.040349691491234206,0.048076800726202386,0.3638341321441436,0.18377393072372722,0.9021916195504,0.38204765810817726,0.27585688232086786,0.39229227345995515
2011-08-25,0.02222121059170929,0.014381899168281646,0.036130366955444054,0.039850980907644544,0.41631539231469744,0.20683429277748397,0.9021916195504,0.41447801804193085,0.2705490497244121,0.3838271124818011
2011-08-26,0.025071005497899836,0.017023680130193997,0.0394566436078768,0.0477232816177477,0.35961929374240426,0.20587885901457867,0.9021916195504,0.411706857136397,0.2720654700179772,0.3762530602152584
2011-08-29,0.030481202394128565,0.020632317666433315,0.04574552065525864,0.06261586879229573,0.3146158773063731,0.19475599169007177,0.9021916195504,0.3940682217796197,0.26160166379580896,0.3947426896375457
2011-08-30,0.030942905444749216,0.021246479099811387,0.0462566156383443,0.0641703847029239,0.32290956313846986,0.1917034161140618,0.9021916195504,0.3915521118444694,0.2538673417882623,0.37357989341563314
2011-08-31,0.03191342248221391,0.02139343273100873,0.0475795263022108,0.0635947958446512,0.3056424181461228,0.19193508242409493,0.9021916195504,0.3963295446812305,0.2647104338683108,0.382936056881926
2011-09-01,0.02956109048640583,0.01992734507942779,0.044617673368906076,0.05548681572891159,0.30836164112213454,0.18842236229650539,0.9021916195504,0.3923096985660883,0.26296622511863077,0.36689684363722924
2011-09-02,0.024610929699499202,0.01704473623681407,0.03836334833882678,0.04390270268954461,0.33691362499999516,0.17979081868156516,0.9021916195504,0.3810881597007942,0.26524121712795634,0.33348186030389126
2011-09-05,0.024610929699499202,0.01704473623681407,0.03836334833882678,0.04390270268954461,0.33691362499999516,0.1643878935072784,0.9021916195504,0.35645774936390123,0.25803767838005526,0.33348186030389126
2011-09-06,0.023191727629173986,0.016759589857031392,0.03587061197819341,0.04277420773269662,0.378789923343907,0.16183371930468834,0.9021916195504,0.340559689515254,0.2627387982314938,0.3296948076147518
2011-09-07,0.02861819704760287,0.0200545599494345,0.0426742972052168,0.055736077128464415,0.3295717203714955,0.17600081250202576,0.9021916195504,0.3615279761397574,0.2720654700179772,0.34239252252611474
2011-09-08,0.026550356366747845,0.019185958065917566,0.03973489223290905,0.049141839279701775,0.34235212281737765,0.17066960292834718,0.9021916195504,0.3545127107805136,0.27358225188052027,0.3312541681924673
2011-09-09,0.021401869254391942,0.01650339294631995,0.032236935696598086,0.03964252081364497,0.3994561424384579,0.170299559264713,0.9021916195504,0.35082621689951543,0.26448300698117383,0.3154377321256734
2011-09-12,0.02270890998877166,0.017692238290694825,0.03394032844911354,0.04227114838165148,0.40040787177669596,0.170299559264713,0.9021916195504,0.35082621689951543,0.26266323031510014,0.3187792304590072
2011-09-13,0.024432110556150854,0.01931800320249887,0.035044715084499335,0.04770062651995236,0.37756626392826387,0.1620765438544249,0.9021916195504,0.34027771698676856,0.2811647149173243,0.3330363059480856
2011-09-14,0.027002295904048398,0.021090304050607998,0.03852311223739382,0.053311400764420064,0.34615904017033,0.16628069531166445,0.9021916195504,0.34452085367204993,0.2785107986190958,0.33682333208135695
2011-09-15,0.030323517685101154,0.022604651527433108,0.043126607946722864,0.05756707375028229,0.31040106483731317,0.1644861163792256,0.9021916195504,0.34682889339507283,0.2766150924676504,0.3533080996818594
2011-09-16,0.03144523026725246,0.023273209687933935,0.04500085596414113,0.05792963830071386,0.2969408371979185,0.16550842367395896,0.9021916195504,0.3495506101318052,0.2705490497244121,0.3513031847483383
2011-09-19,0.029507430852223838,0.02285733551699939,0.04233232144708574,0.05245482230492025,0.3207341743845887,0.1516578601335148,0.9021916195504,0.32967686959993464,0.2659994272747389,0.3210069225704312
2011-09-20,0.029182297920848924,0.021866338319924898,0.04252121223811717,0.04688938591794528,0.32250169395504186,0.1547545373235907,0.9021916195504,0.3316290344781139,0.2648619312700761,0.32256628314814667
2011-09-21,0.023438831832145204,0.019582971705947767,0.03551359054051122,0.03539138437972223,0.3831407008516694,0.17502852751997647,0.9021916195504,0.3597865208421468,0.267515847568304,0.3065270699034499
2011-09-22,0.01739136724638751,0.015962927886112123,0.025859424165193847,0.02580139019867995,0.4379333407474863,0.15329356698636667,0.9021916195504,0.32993271238085065,0.265317146613328,0.2708843944586879
2011-09-23,0.018508198071878767,0.01717195110682078,0.02678902533412741,0.029884840182254315,0.4365737422258203,0.15021647364556617,0.9021916195504,0.3189356078120203,0.2648619312700761,0.2916016894365312
2011-09-26,0.02281944407249714,0.018639795218974298,0.03351417886516033,0.03586271552909307,0.4062542387775065,0.13778748502461757,0.9021916195504,0.30002294930859763,0.2645585748975675,0.31298731594808277
2011-09-27,0.024840153972589513,0.01996200304535991,0.037139464287005985,0.042484145027590535,0.3884432076976699,0.1445874073875593,0.9021916195504,0.3108508703603367,0.2804065047705411,0.337937191415003
2011-09-28,0.020886546258667833,0.01753825881720716,0.03270038602777182,0.029676352426352675,0.4342624143659161,0.1374389228700723,0.9021916195504,0.3037580955478649,0.277373302614433,0.33481847025957207
2011-09-29,0.022404911491717687,0.017063596767718413,0.0362330826523797,0.03458465266775256,0.4038069199462203,0.12913165136406443,0.9021916195504,0.2963681278488958,0.2743404620273028,0.32479394870370254
2011-09-30,0.017693738491221467,0.014196335534863878,0.030292570954604966,0.026136763099376712,0.45982321925768044,0.12722761541358243,0.9021916195504,0.2967672003572297,0.27016976386653185,0.3174426470591945
2011-10-03,0.012460713641581803,0.010705712870876115,0.023920484548038877,0.010423889880844698,0.49367776184690054,0.12722761541358243,0.9021916195504,0.2967672003572297,0.2663787131326192,0.286478053347579
2011-10-04,0.016479351910686318,0.013732212248810608,0.027708234375037673,0.02816717437321726,0.43072737522500976,0.12722761541358243,0.9021916195504,0.2967672003572297,0.27585688232086786,0.28558699774770385
2011-10-05,0.019743699242195586,0.016175256123010847,0.030948601161700066,0.03245908445079119,0.389802858084695,0.12722761541358243,0.9021916195504,0.2967672003572297,0.2531087700725018,0.3132100665701175
2011-10-06,0.023147831508312088,0.018206816977707988,0.03547631390495663,0.03956999130641742,0.3688647089127391,0.12722761541358243,0.9021916195504,0.2967672003572297,0.2531087700725018,0.3312541681924673
2011-10-07,0.021601822832061232,0.01700174579328764,0.03497732297817653,0.03159799710125396,0.367912979574501,0.12722761541358243,0.9021916195504,0.2967672003572297,0.25614197222860996,0.349521073548588
2011-10-10,0.02801182730571494,0.020805157670825324,0.043126607946722864,0.04460066780257501,0.32467708270892304,0.12274056083134503,0.9021916195504,0.2858140852624221,0.2531087700725018,0.3513031847483383
2011-10-11,0.028117499477319643,0.021550046895355262,0.04270983780082317,0.04644521875640719,0.32250169395504186,0.12389995507100625,0.9021916195504,0.2763294267894401,0.23301493569134157,0.3700156179043965
2011-10-12,0.030021146440267196,0.022501994975066185,0.0452418279536188,0.05161639005317835,0.3007477804835504,0.14612519499403415,0.9021916195504,0.30880307236563204,0.25348805593038204,0.3847182211934125
2011-10-13,0.029437538384920223,0.02318239853430648,0.04423644381861276,0.05090937949817105,0.2931339198449661,0.15196725458950924,0.9021916195504,0.31384004309912705,0.24855950919180655,0.3720204797261814
2011-10-14,0.03283841614659669,0.025270990806985246,0.04834393844773917,0.05709120604897197,0.2596872723718536,0.1496618256352739,0.9021916195504,0.30991389456365326,0.2659994272747389,0.3860548311490933
2011-10-17,0.028982344343179634,0.02294901419078769,0.04223331894670598,0.046277532306058806,0.3297076594775185,0.15246846449945314,0.9021916195504,0.31669144080527833,0.2575068951204097,0.3689017585707504
2011-10-18,0.032968477256962364,0.02481387194297141,0.046678810909082144,0.055677184938957375,0.3048266279139077,0.13477225539373747,0.9021916195504,0.2908753381855776,0.25690018237539247,0.36801070297087546
2011-10-19,0.03044869703880678,0.022471728160565516,0.044890496869100176,0.048892577880148946,0.34398365141644877,0.13291512959384538,0.9021916195504,0.2799574146699881,0.2667576374215215,0.36979281417062554
2011-10-20,0.03134443985230781,0.02223396337574072,0.045807993981728176,0.049821658184974256,0.34860635900161624,0.11856775871422465,0.9021916195504,0.2520738947501686,0.26524121712795634,0.37447094901550826
2011-10-21,0.03506070687657837,0.023937815812146455,0.0524005574617167,0.057073059841214045,0.3015635447830859,0.11418666945597357,0.9021916195504,0.24315318133415764,0.2589477474975811,0.37959458510446037
2011-10-24,0.03765200681425758,0.026656795358248768,0.05498884835449936,0.06777343043324846,0.2735553951273559,0.13068310212119655,0.9021916195504,0.2666133836830988,0.25955409867362034,0.38650033239316256
2011-10-25,0.03356510333006947,0.023979928025386597,0.049877946746974586,0.057630530153630885,0.313800138939517,0.14291412687039992,0.9021916195504,0.2887555734113718,0.26296622511863077,0.36288706688192324
2011-10-26,0.03567033112290633,0.024517319279592407,0.0538881508040035,0.06374890030108321,0.28171311592075005,0.1484508150486852,0.9021916195504,0.29887702351030637,0.2538673417882623,0.37959458510446037
2011-10-27,0.042594031340064134,0.028376006114539137,0.0622707643639222,0.08109786437944783,0.22188984739097858,0.15098009195452206,0.9021916195504,0.2995563089681649,0.24476809688891588,0.4223657850158275
2011-10-28,0.04267531457290786,0.02831108133410635,0.06282779207063753,0.07909013586530468,0.20924540998379895,0.16273100877090776,0.9021916195504,0.3210606513231088,0.25007592948537166,0.40253954563785943
2011-10-31,0.037507340122990306,0.025997447905628544,0.05601077309234527,0.07005307544473977,0.2830727144424162,0.16112672716456755,0.9021916195504,0.31375628714058784,0.24082518718425988,0.37335708968186215
2011-11-01,0.03181425931948927,0.022599821260858514,0.048676510656150765,0.05773929675257015,0.34847041989559324,0.1616767448849149,0.9021916195504,0.3102238443976172,0.23809534140066038,0.3345956665258011
2011-11-02,0.03500381258249561,0.024048365726964543,0.05307336938831115,0.06651802266970328,0.3208701653559707,0.17227540266253816,0.9021916195504,0.32284081735785936,0.23892948103281456,0.33570952585944713
2011-11-03,0.03878348290972899,0.026592309692959126,0.058219570474782815,0.07479822578773075,0.2904146709362749,0.17351351183126373,0.9021916195504,0.32665795997670494,0.2395358322088538,0.34907551919278235
2011-11-04,0.03749594935745019,0.02607377896965766,0.05670779313155084,0.07251401656239789,0.28579196335110746,0.17979514534593996,0.9021916195504,0.3334479992289525,0.2340005727252611,0.3455112436815457
2011-11-07,0.038778601153068935,0.02647298818540358,0.05881016162049685,0.0719611104638226,0.2815771508820476,0.17404485657904614,0.9021916195504,0.32373362772262404,0.22679703397736,0.3330363059480856
2011-11-08,0.04118459278305901,0.027887313800720636,0.06132339289718545,0.07649323649897247,0.24935416282457812,0.17219084294124823,0.9021916195504,0.31917878162441776,0.24173489473280776,0.34885276857074765
2011-11-09,0.03357321974663028,0.023244249508737255,0.051712940972230594,0.05999175011432664,0.36736911941969097,0.17874581537546225,0.9021916195504,0.32681649804108276,0.23946026429246012,0.3243484209037649
2011-11-10,0.03529642031400947,0.023397789867081773,0.05450097290572097,0.06299201533664368,0.3218218946942088,0.16463565197253008,0.9021916195504,0.31345355158036364,0.236427062136352,0.3468478536372265
2011-11-11,0.039222404429269414,0.02574915506749371,0.06091600218933927,0.071675584310656,0.28416043475203634,0.1651169744076284,0.9021916195504,0.30817243926604265,0.23946026429246012,0.3468478536372265
2011-11-14,0.037260235920019084,0.02480466123509081,0.0590716526376957,0.0663503362193549,0.29898026091309715,0.17992578024750192,0.9021916195504,0.32860027121270313,0.22869274012880533,0.34395188310383024
2011-11-15,0.03824051647080388,0.026075974545373384,0.05949582506504122,0.0709685737556487,0.3002039203287402,0.1802512668587149,0.9021916195504,0.32295343041135743,0.23832276828779733,0.3470706042592612
2011-11-16,0.03484287336902817,0.024032139886919067,0.05479057812541442,0.06497708875299149,0.33133918807658963,0.16072533416081422,0.9021916195504,0.2986590116770499,0.23172594228491347,0.3397193026147532
2011-11-17,0.03146473744935339,0.02176763380384628,0.05146085350475121,0.05994190336679649,0.3449353807546869,0.15950870650117757,0.9021916195504,0.2977427989121051,0.230739943682016,0.32501669932573723
2011-11-18,0.03138670872094969,0.021088108474892276,0.052088721286019816,0.06024554806581895,0.3108089599534208,0.145056281174281,0.9021916195504,0.2726988875193988,0.23483471235741527,0.33704613581512793
2011-11-21,0.027701319799780903,0.01892274602304125,0.04594451423432199,0.05230528206232979,0.3231814932158749,0.14461101427563933,0.9021916195504,0.27347547769379554,0.23991511806673407,0.3259077814814804
2011-11-22,0.026898250984663714,0.01884115628741984,0.04462136245379602,0.04974915633964877,0.31040106483731317,0.1438322146881754,0.9021916195504,0.27297188619518364,0.24256903436496194,0.32078414539252825
2011-11-23,0.022630881260367965,0.0161563955921065,0.03879024538442435,0.039814743815932835,0.33772941523221023,0.1383722678727484,0.9021916195504,0.26658637414604885,0.24302388813923587,0.307418125503325
2011-11-24,0.022630881260367965,0.0161563955921065,0.03879024538442435,0.039814743815932835,0.33772941523221023,0.13914643717026737,0.9021916195504,0.2674350190788947,0.2398391885813624,0.307418125503325
2011-11-25,0.022123674681204672,0.015341751320569178,0.03815077989183507,0.03610744037670642,0.34439157246523583,0.13375837370857607,0.9021916195504,0.2601836182230971,0.2436306008842531,0.32702161425925835
2011-11-28,0.027631427332477285,0.019107003021155027,0.045344543650554445,0.050492431648269845,0.3125764795238739,0.1346319803803229,0.9021916195504,0.26004399563254904,0.2585684616397009,0.32501669932573723
2011-11-29,0.028060585338697618,0.018588033182710413,0.04614994562819329,0.04967662683242121,0.2923181296127511,0.14376010361526206,0.9021916195504,0.2715971271530263,0.2617531611975743,0.33348186030389126
2011-11-30,0.03647665444246355,0.02318678968573793,0.058249444828891564,0.06840337492908871,0.25370494033234053,0.11920453744124561,0.9021916195504,0.24280900768940405,0.2531846995578734,0.349521073548588
2011-12-01,0.03608974546034583,0.023443854116610218,0.057616151922784804,0.06538045460897633,0.24840243348634003,0.13582158536421518,0.9021916195504,0.2630314087923785,0.26296622511863077,0.3604366507043327
2011-12-02,0.036040987427363155,0.023475877391683466,0.05760108213156771,0.06731568127779398,0.24989802297938818,0.12767690535102874,0.9021916195504,0.2531548920848024,0.25690018237539247,0.34372913248179554
2011-12-05,0.03812182628143904,0.02474061468494431,0.059537056013811165,0.07275876907191331,0.2542488004871506,0.11914700039570003,0.9021916195504,0.23314152896238377,0.2436306008842531,0.3464022992814208
2011-12-06,0.038347796050089325,0.024468631049330537,0.0608283562836207,0.07264546592103456,0.25819168287880545,0.11686988452588222,0.9021916195504,0.23321903841561176,0.2341524316960044,0.3550902108816095
2011-12-07,0.03876072122318803,0.024453272729445908,0.06197004366622703,0.07235540321592848,0.2655336393726641,0.11899184772934757,0.9021916195504,0.23495855817636532,0.22960280924633117,0.3381599420370377
2011-12-08,0.03442669369148943,0.0221356872646798,0.057064814569233034,0.06172302557918214,0.291638330351918,0.11808711943665919,0.9021916195504,0.23264057683221329,0.2553837620818274,0.3281354470370363
2011-12-09,0.037814573279945043,0.02434974865691814,0.06167103489681412,0.07202003031523171,0.23439834569213525,0.11356332616043226,0.9021916195504,0.22360909792061318,0.24552630703569842,0.3459567980373514
2011-12-12,0.03477133380496527,0.022832327374091015,0.05764971536178349,0.06646817592217313,0.22474506133837235,0.10618689474614663,0.9021916195504,0.21424074761694722,0.24514702117781817,0.33637783083728756
2011-12-13,0.033025371551045124,0.02138510025341442,0.05600906116406301,0.059629185563895064,0.22121004813014553,0.09283169632342074,0.9021916195504,0.19753820826737295,0.25348805593038204,0.3259077814814804
2011-12-14,0.030764066456861597,0.019632109761478223,0.052763269252562466,0.05527835563491202,0.22977566403964733,0.08659317763970742,0.9021916195504,0.18872289363112038,0.25045485377427396,0.3123190109702425
2011-12-15,0.03140296139861058,0.019706684364934758,0.05388246045083993,0.058700105259069754,0.2171312006997881,0.07178444770622647,0.9021916195504,0.1687284459825315,0.25765839252217504,0.31499220432573577
2011-12-16,0.032038601835919535,0.020334886772768023,0.05382271174262243,0.061437499426015535,0.20598232685297715,0.085447522457096,0.9021916195504,0.18772380469711686,0.25917517438471804,0.3018489616144353
2011-12-19,0.029712266186553177,0.01892274602304125,0.0513504702980443,0.05532366583050269,0.21454791682979943,0.0833939509133095,0.9021916195504,0.18521402924622585,0.23301493569134157,0.292715522214309
2011-12-20,0.03555654253474082,0.022458126301253465,0.05967902550290907,0.06876593947952028,0.19143437890396225,0.08267724275494358,0.9021916195504,0.1831950883464801,0.20382185641083492,0.3176653976812292
2011-12-21,0.03594994068119933,0.021328068835432798,0.05978174119984472,0.06977662239545211,0.16709720749516158,0.07497221256735079,0.9021916195504,0.16991405028639128,0.23946026429246012,0.32702161425925835
2011-12-22,0.03762112871115582,0.022270367092119974,0.06131032437424199,0.07206987706276187,0.16342622924823225,0.07346364892200398,0.9021916195504,0.17217528520905404,0.22747967620774887,0.3234573387480218
2011-12-23,0.03946299962336057,0.023112204372155953,0.06438055924597998,0.0731892989157309,0.1575798622474217,0.07921181230990668,0.9021916195504,0.1782265652345644,0.22050356434698473,0.34105591257043394
2011-12-26,0.03946299962336057,0.023112204372155953,0.06438055924597998,0.0731892989157309,0.1575798622474217,0.07464953449266179,0.9021916195504,0.16918796002817263,0.2341524316960044,0.34105591257043394
2011-12-27,0.039479272145560726,0.023399985442797498,0.06431512018459891,0.07469850463076838,0.17362337375680517,0.06721716006707393,0.9021916195504,0.15435558917719933,0.22459833302238402,0.33637783083728756
2011-12-28,0.03691234130210321,0.021854932036328573,0.06085996667767766,0.06740179277893792,0.1955132522669992,0.06840107207152568,0.9021916195504,0.15689439768094532,0.21898714405341965,0.31387837154795784
2011-12-29,0.03908748140678296,0.022897252154523803,0.06420871540277333,0.07182966110518593,0.18368455322667565,0.06950421967431451,0.9021916195504,0.16064124512030264,0.21671215204409405,0.31142792881449916
2011-12-30,0.03820636401872281,0.022520416390827386,0.062493218593952314,0.06998961904139117,0.19388169773524858,0.07754316208269227,0.9021916195504,0.1730285050471983,0.21064610930085576,0.3056360143035748
2012-01-02,0.03820636401872281,0.022520416390827386,0.062493218593952314,0.06998961904139117,0.19388169773524858,0.07754316208269227,0.9021916195504,0.1730285050471983,0.1924476195021629,0.3056360143035748
2012-01-03,0.04136992093528742,0.024431777507682693,0.06693304431483084,0.07513813524036698,0.18803533073443796,0.07754316208269227,0.9021916195504,0.1730285050471983,0.19168940935538037,0.32546225368154297
2012-01-04,0.041408935299489275,0.024415990782780363,0.06745253015766618,0.07287207222279206,0.177838186225865,0.06820735895776273,0.9021916195504,0.15295382059799204,0.20154686440150935,0.3332590831259885
2012-01-05,0.042020186798037255,0.02535916726975383,0.06738537916800286,0.0751426441304044,0.16777700675599463,0.06169747492071767,0.9021916195504,0.144329508257946,0.20078865425472678,0.33281355532605084
2012-01-06,0.04149184578455302,0.025550428689907038,0.066008144920757,0.07397337552990522,0.15622023779307606,0.06634347748893456,0.9021916195504,0.14740701186057395,0.2102668234429755,0.32568500430357766
2012-01-09,0.041961645407195214,0.02565308524227396,0.06681726009495174,0.07569557789088176,0.16220256983258913,0.08577391994501948,0.9021916195504,0.17548426142398943,0.20336664106758304,0.32546225368154297
2012-01-10,0.04381165258050004,0.026791036070545796,0.06854013507355264,0.08078968312848589,0.15703602802529115,0.1043832829529955,0.9021916195504,0.2056796041615978,0.2136793114569639,0.3281354470370363
2012-01-11,0.04387668313568288,0.027153391744643877,0.06821867834314277,0.08191817808533387,0.1619306397551841,0.10136805332211538,0.9021916195504,0.20189219842719155,0.2129207397412034,0.31298731594808277
2012-01-12,0.044367637037185284,0.02776491848716308,0.06875123270892156,0.08339111904675758,0.15404484903919483,0.1010459824985667,0.9021916195504,0.19844351164276008,0.2159539418973115,0.3194475354368477
2012-01-13,0.043325580435657686,0.027149439708355573,0.0675423943366519,0.08054042172893305,0.16002718107870792,0.09158493382594558,0.9021916195504,0.1830977836299419,0.21731886478911128,0.3016262109924006
2012-01-16,0.043325580435657686,0.027149439708355573,0.0675423943366519,0.08054042172893305,0.16002718107870792,0.07964994400764955,0.9021916195504,0.16479869031018782,0.20078865425472678,0.3016262109924006
2012-01-17,0.044070147549011375,0.0279132001739153,0.0690240803207816,0.08114320223694056,0.17756628208113953,0.10831045198385532,0.9021916195504,0.2041336380865441,0.20844704677690182,0.30095790601456024
2012-01-18,0.04640622686715856,0.029739447923878597,0.071416078141087,0.08736580243139268,0.15975525100130294,0.09836405783733124,0.9021916195504,0.19072643821495816,0.21671215204409405,0.31142792881449916
2012-01-19,0.04745639988524697,0.030556287771131646,0.07252789116958458,0.08877528698946778,0.14588715417848014,0.10759533785973273,0.9021916195504,0.20738859522737962,0.21216252959442083,0.3281354470370363
2012-01-20,0.0475994591688335,0.030484776263551682,0.07491050955183647,0.08979501534737651,0.12426920574569116,0.11475968681326064,0.9021916195504,0.22233621850029237,0.209281186409056,0.34061041132636455
2012-01-23,0.04770024958377815,0.03037378723359045,0.07462261626042528,0.08908346824042973,0.12957171259169165,0.11475968681326064,0.9021916195504,0.22233621850029237,0.22247519998380172,0.34929826981481704
2012-01-24,0.04748078882400794,0.030482141572692814,0.07380609880478473,0.09144925241496704,0.13283479572251344,0.11475968681326064,0.9021916195504,0.22233621850029237,0.21443752160374643,0.34862996483697667
2012-01-25,0.04933567775397282,0.031871469755226936,0.07585785690690727,0.09476223544018551,0.12467707492911918,0.11475968681326064,0.9021916195504,0.22233621850029237,0.22050356434698473,0.33593227648148183
2012-01-26,0.048095294826995955,0.03129985965023215,0.0752598634797474,0.093552137872231,0.128212088137346,0.11475968681326064,0.9021916195504,0.22233621850029237,0.2140582357458662,0.31900200763691
2012-01-27,0.04775388937342088,0.031794260460911536,0.07342858245104729,0.09624422184358611,0.12766825391521547,0.11475968681326064,0.9021916195504,0.22233621850029237,0.22960280924633117,0.3116507059924021
2012-01-30,0.0472141774389358,0.031592021162179705,0.07326216373267878,0.09331194957655714,0.1394969270228596,0.10416383757216136,0.9021916195504,0.20510299013610828,0.2220199846405498,0.29806193548116394
2012-01-31,0.047116641528431175,0.031675378068499134,0.07274836824300701,0.09351136422857981,0.1400407871776696,0.10651807433680016,0.9021916195504,0.2076976652718631,0.21413416523123782,0.2895968010588781
2012-02-01,0.049015406734718686,0.03318577350903594,0.07481124182313129,0.10114344898110703,0.12794015805994097,0.09889137954630901,0.9021916195504,0.19776431416384962,0.21034275292834714,0.30006682385881694
2012-02-02,0.04925114001668906,0.033686311221593906,0.07453841832293719,0.10260734450055385,0.12019033238265427,0.11271947479456125,0.9021916195504,0.21476774151573916,0.20897783003654738,0.2953887421256706
2012-02-03,0.05239842441105352,0.035703391986692715,0.07841036608742408,0.11086486485888392,0.10822569423630768,0.11826899115318586,0.9021916195504,0.21971013488008537,0.20700655596870837,0.3230118109480842
2012-02-06,0.052305750412669674,0.035542397381040175,0.07798814670502029,0.10962306675115718,0.1171991793292375,0.11849625489245165,0.9021916195504,0.22075963575131888,0.20730955077223903,0.3123190109702425
2012-02-07,0.0527479462811894,0.035634086764953915,0.07880466416066086,0.10916985414764219,0.11570358983618936,0.10629794579843316,0.9021916195504,0.2043696856041499,0.2125418154523011,0.32679883708135554
2012-02-08,0.05322100040827163,0.03615086102768281,0.07894663364975876,0.10963213985503614,0.12263765121394049,0.1235933691515358,0.9021916195504,0.23057395134262693,0.2102668234429755,0.3288037520148767
2012-02-09,0.05354450608742653,0.036649642279668194,0.0791073620149637,0.10809120593832436,0.12902785243688158,0.12423356366622107,0.9021916195504,0.2308577714290214,0.2026084309208005,0.3448429387037053
2012-02-10,0.052031022611036724,0.03562530446209102,0.07690425498568973,0.10280675915257652,0.15839565247963677,0.12497721859393883,0.9021916195504,0.23358027997628616,0.20033380048045285,0.3274671420591959
2012-02-13,0.053515255236544775,0.03683213210708395,0.0787019484637252,0.1080096309891199,0.1346023152929666,0.12493774726981785,0.9021916195504,0.2330514385195853,0.19874145070151614,0.3321452503482105
2012-02-14,0.05330879264999542,0.03685144246325688,0.07880664131726853,0.10612427872973447,0.14140041163201522,0.12273555100943737,0.9021916195504,0.22933080880674547,0.2001063735933159,0.3174426470591945
2012-02-15,0.052126931269321324,0.03614954368225337,0.07640352801896141,0.10310133074772003,0.16315429917082724,0.129554146344944,0.9021916195504,0.2410117737387327,0.20169872337225328,0.31900200763691
2012-02-16,0.054534550151531413,0.03808064356029931,0.07944364741993118,0.11034368696198292,0.13704960819157327,0.12649420784885762,0.9021916195504,0.23645226475628006,0.20238100403366352,0.33281355532605084
2012-02-17,0.05505312765169555,0.037726620363795545,0.08057421932453579,0.10976356155177075,0.11747110940664253,0.12659394884865563,0.9021916195504,0.23577746622477186,0.20465563447401114,0.33660058145932226
2012-02-20,0.05505312765169555,0.037726620363795545,0.08057421932453579,0.10976356155177075,0.11747110940664253,0.1285887688446159,0.9021916195504,0.2358955339730488,0.2020776476611549,0.33660058145932226
2012-02-21,0.055212439612942976,0.037585803634476785,0.08096482831288263,0.10727996533631728,0.12304554633004804,0.13413327538133285,0.9021916195504,0.24303247421743934,0.20336664106758304,0.3443974374596359
2012-02-22,0.05447277410078861,0.03691021963168564,0.0802976826277858,0.10424343536038645,0.12304554633004804,0.14102216003633183,0.9021916195504,0.258047665322451,0.201395366999744,0.33548677523741244
2012-02-23,0.0554156476950523,0.037954735325596595,0.08143394488555397,0.11001282295132357,0.10414682087327079,0.1428773881764104,0.9021916195504,0.26312871350891676,0.20071272476935514,0.3308086403925296
2012-02-24,0.055786303999509124,0.03825172710411874,0.08139097789683583,0.10896590294368004,0.11108088225102193,0.15222746170313753,0.9021916195504,0.2816159937985399,0.20268436040617213,0.3292492798148143
2012-02-27,0.056087047992123065,0.03835744675236224,0.0813554131895635,0.10884806324086181,0.12304554633004804,0.15453752094731785,0.9021916195504,0.28640688741435194,0.20169872337225328,0.316997119259257
2012-02-28,0.05683324235769677,0.03926114571695443,0.08193836093717223,0.10755188183366544,0.11991840230524924,0.15602991653105358,0.9021916195504,0.28501321289836484,0.20518641773365673,0.3185564798369725
2012-02-29,0.055776560330728295,0.038389470027435486,0.08062854290791514,0.10172357439131921,0.12630862946086985,0.14876392891791415,0.9021916195504,0.275371775939966,0.2026084309208005,0.3292492798148143
2012-03-01,0.05714373001909154,0.039358093772460474,0.08132553883545476,0.10366330995017428,0.11040108299018887,0.14802642240799216,0.9021916195504,0.27592314000736645,0.19949966084829868,0.34261527314814944
2012-03-02,0.056418689932378044,0.038797450835918866,0.08125814672913195,0.09786219415756285,0.11080897810629642,0.15877719659626627,0.9021916195504,0.2974528202993475,0.2032151436658177,0.3312541681924673
2012-03-05,0.055557079726418816,0.03766958894581392,0.08089369889833799,0.0984196644699797,0.12114206172089236,0.15389861684130576,0.9021916195504,0.29083126073260684,0.2026084309208005,0.33548677523741244
2012-03-06,0.05214806570364226,0.03590782686114027,0.07586528330001904,0.09091446486224761,0.1594833468565774,0.14315444650918266,0.9021916195504,0.2788825758617175,0.20966047226693627,0.32189797817030624
2012-03-07,0.05365506001569128,0.037020769546503726,0.07779556682909892,0.09492992189053388,0.13501018447639462,0.13828831540259878,0.9021916195504,0.2753745032873554,0.2147408779762557,0.3281354470370363
2012-03-08,0.05581394744271013,0.038544327731209437,0.079538960835421,0.09963880747991109,0.11978246319922624,0.14621096921760474,0.9021916195504,0.28584830907321174,0.2115561784183816,0.33749163705919744
2012-03-09,0.056620270762267354,0.03933046164881867,0.07988657872338374,0.10447004166214395,0.1083616592750102,0.15217614898178025,0.9021916195504,0.3005553979021684,0.21633322775519176,0.3428380768819204
2012-03-12,0.05665603062202917,0.039125148544084824,0.08081716847062113,0.10324182554833358,0.08837525240763211,0.15074470623125444,0.9021916195504,0.2975032322365775,0.21216252959442083,0.34127866319246863
2012-03-13,0.060697430577674634,0.04159144410062086,0.08619891642173233,0.11091924815835355,0.07695444848341605,0.15725398301715918,0.9021916195504,0.308921140113909,0.22293005375807565,0.3582089851487768
2012-03-14,0.06042595728048172,0.04162873675741185,0.08660432997297082,0.1073706133894007,0.0838885098611672,0.13718023388429482,0.9021916195504,0.27897988057825573,0.22406754976273843,0.3954109946153861
2012-03-15,0.06177850154340408,0.04231484881351302,0.08805266952309536,0.1110235058672554,0.08538408638787556,0.13175292681766018,0.9021916195504,0.2782294201514285,0.22785860049665116,0.3969703551931016
2012-03-16,0.06203374200747538,0.042266149873125713,0.08755541463626346,0.11044338045704323,0.07246770593695115,0.14137945142601924,0.9021916195504,0.29559329725346,0.2259628943452058,0.40075743443810924
2012-03-19,0.06294085574197725,0.043277764061677125,0.0877161430014684,0.11388327628895889,0.08021753161423785,0.14307330257555703,0.9021916195504,0.2971131335809442,0.22118584500839564,0.41880150950459083
2012-03-20,0.062253202767245594,0.04309482440899279,0.08601400405558221,0.11001735950326305,0.0875594751417568,0.1327059315760042,0.9021916195504,0.28091682509842314,0.2179255775341285,0.4172421489268754
2012-03-21,0.06182565216870601,0.04314615804023897,0.08488885727581576,0.110325540754225,0.08144119102988097,0.13312751568017328,0.9021916195504,0.2785790484909609,0.21951792731306521,0.39986632572649783
2012-03-22,0.06018210758195053,0.04261973395448634,0.0829511473536241,0.10648230672822658,0.08742351010305428,0.13237414473421036,0.9021916195504,0.2739403584552674,0.21883528508267636,0.3956337983491572
2012-03-23,0.06088601323434308,0.04282152342794958,0.08380520667314467,0.11037541516365722,0.07722636559448136,0.1242180028557503,0.9021916195504,0.2600935277802986,0.2038974243272286,0.38716863737100304
2012-03-26,0.0640398066375876,0.04521895287788996,0.08777786886629357,0.11767212701548768,0.06961250495589713,0.12454758841216047,0.9021916195504,0.2655791031698771,0.20723398285584535,0.38872799794871854
2012-03-27,0.06339116802705778,0.045121565707240775,0.08669397714696302,0.11488485843910969,0.0876954401804593,0.1234842157590628,0.9021916195504,0.2561413374762033,0.20837147886050814,0.3760303095932237
2012-03-28,0.06225645727168563,0.044446420819592776,0.08492811106797803,0.11237860712586088,0.0860638986150484,0.10411502976175792,0.9021916195504,0.22819297707167438,0.2061724163365542,0.3780352245267449
2012-03-29,0.06188905547166883,0.04402528797706594,0.08541229743186646,0.11136792420992905,0.08619985068741115,0.09394159959514567,0.9021916195504,0.2180200592881333,0.20503492033189138,0.36979281417062554
2012-03-30,0.06273276590320788,0.04385902398969566,0.08704728538808931,0.11049776375651285,0.08647178076481618,0.0972460325816045,0.9021916195504,0.21730197511418678,0.20837147886050814,0.3824905556378566
2012-04-02,0.0644511045584663,0.045093044643187245,0.08834229885445476,0.11517945769615524,0.08837525240763211,0.0972460325816045,0.9021916195504,0.21730197511418678,0.20025787099508122,0.3773669195489045
2012-04-03,0.06353097280620429,0.044824134813575486,0.0867388971806229,0.1125372204723303,0.08864716951869737,0.0972460325816045,0.9021916195504,0.21730197511418678,0.2004852978822182,0.39763866017094196
2012-04-04,0.061186757226957024,0.04282898838538304,0.08365754683088318,0.10600190247497676,0.09925220914337786,0.0972460325816045,0.9021916195504,0.21730197511418678,0.20018194150970958,0.38850524732668384
2012-04-05,0.061043697943370494,0.04337339477175373,0.0832968121966451,0.10500482921486338,0.10278722235160469,0.10951242970973168,0.9021916195504,0.24421807852129912,0.20094015165649212,0.37335708968186215
2012-04-06,0.061043697943370494,0.04337339477175373,0.0832968121966451,0.10500482921486338,0.10278722235160469,0.11085278478920908,0.9021916195504,0.2511693831853139,0.21193510270728388,0.37335708968186215
2012-04-09,0.058462141674472105,0.04190730712017279,0.08007349235780747,0.09833355296883577,0.1314751712681678,0.10439360622238099,0.9021916195504,0.24438743799628648,0.20875040314941043,0.34261527314814944
2012-04-10,0.054623949800935954,0.03945679828853909,0.07479814918852189,0.08958201870143746,0.15295715466225432,0.11063857694946024,0.9021916195504,0.2520504043710405,0.2089022621201537,0.33169972254827296
2012-04-11,0.05626912163991145,0.04056404318716711,0.07700694657095943,0.09521998459563998,0.14792657789365882,0.11159059492470123,0.9021916195504,0.2526225314701797,0.211025395158736,0.34061041132636455
2012-04-12,0.059335122801432175,0.042278873502151475,0.08148060095916207,0.10065853583781982,0.1095853186906533,0.12462994684806675,0.9021916195504,0.2711205451914644,0.2089022621201537,0.34528849305951087
2012-04-13,0.056521107599542715,0.040339002031368074,0.07809826468340177,0.09508399868506383,0.14153635073803822,0.12720954969215784,0.9021916195504,0.2743700476375211,0.20821961988976484,0.33392738810382877
2012-04-16,0.056408926419057946,0.039333085629552095,0.0798715330438326,0.09589526694897298,0.14153635073803822,0.12654574828939252,0.9021916195504,0.2704592954179552,0.2032151436658177,0.32858097483697385
2012-04-17,0.059856974650575615,0.04172042614132559,0.08466466700583744,0.10158307959070564,0.12671649864429788,0.11969299507724272,0.9021916195504,0.2560098089488755,0.2131485281973183,0.33637783083728756
2012-04-18,0.05894009740275365,0.041221634179214754,0.0826205523018202,0.09827009656548717,0.12916381747558414,0.13395231454151665,0.9021916195504,0.2766952432554129,0.2040492832979719,0.3303631125925922
2012-04-19,0.05760380581749217,0.040173616274284084,0.08092555040905441,0.0962669046032835,0.1253569001226317,0.1332639953739608,0.9021916195504,0.27181962591263314,0.20465563447401114,0.3236801159259246
2012-04-20,0.05786553544590427,0.039861705291020455,0.08253437720772441,0.09860093291424445,0.1128484018214751,0.14204074791783072,0.9021916195504,0.2822366852770002,0.20609648685118254,0.3276899192370987
2012-04-23,0.05598137582051837,0.03854564507663887,0.08001374364958998,0.0930717336189812,0.13365056002204895,0.1363587749042232,0.9021916195504,0.27728259071256395,0.2094330453797993,0.3194475354368477
2012-04-24,0.0567990899056157,0.03815741373947157,0.08185044980312825,0.09588165729315454,0.12182188691440493,0.13643528854790388,0.9021916195504,0.27420517508888403,0.2081436904043932,0.32568500430357766
2012-04-25,0.05984232938059547,0.04114179019404048,0.08405184490411996,0.10225836194403864,0.10441875095067582,0.14202518710735995,0.9021916195504,0.2850266736774158,0.20784069560086255,0.3308086403925296
2012-04-26,0.06135257819708451,0.04206216482394674,0.08686408495022147,0.10507282217015146,0.0965329602346866,0.1413673064032128,0.9021916195504,0.2885979151364745,0.20495899084651975,0.32523947650364005
2012-04-27,0.06190205364488969,0.042877676615644914,0.08744898574277192,0.1083087391362029,0.0976206546116272,0.13876151585369528,0.9021916195504,0.2866825254585782,0.20018194150970958,0.3194475354368477
2012-04-30,0.06101607434470876,0.04187572296024269,0.08708653918025158,0.10441565836267432,0.10890549349714074,0.13876151585369528,0.9021916195504,0.2866825254585782,0.20700655596870837,0.3154377321256734
2012-05-01,0.06230196080022827,0.04205469986651328,0.08870845861353098,0.10396698231109881,0.10142759789725905,0.13876151585369528,0.9021916195504,0.2866825254585782,0.19350918602145406,0.3245711715257996
2012-05-02,0.06173137076264142,0.04246751094157125,0.08844303739478272,0.10519517076300709,0.1052345152502114,0.15185719032032574,0.9021916195504,0.3087139496912621,0.19434332565360823,0.316997119259257
2012-05-03,0.059985388664182,0.04090797744550399,0.08691271818043723,0.09975211063078984,0.11447993042054624,0.15236834396769242,0.9021916195504,0.3126274292582174,0.19699724195183613,0.3174426470591945
2012-05-04,0.05633252494287427,0.03792666408681165,0.08275683143775453,0.09306722472894378,0.13623384389203774,0.156078724341457,0.9021916195504,0.3221065450574725,0.19517746528576244,0.30764090268122785
2012-05-07,0.056410553671277966,0.03798895417638557,0.08202255887466033,0.09396004028015532,0.13324269083862098,0.15605792598990095,0.9021916195504,0.3256462020741829,0.19699724195183613,0.3069725977033874
2012-05-08,0.05545791656369418,0.03748490354268244,0.08013521822263266,0.09362013082751908,0.1347382543989896,0.1551056043890898,0.9021916195504,0.3176995035919825,0.20276028989154377,0.29806193548116394
2012-05-09,0.05397205668596611,0.0369777791029773,0.07773950720577137,0.09174382401011054,0.14874234219319435,0.14257641932998794,0.9021916195504,0.29696990385352634,0.21003939655583853,0.2976164076812265
2012-05-10,0.054526413890431336,0.036930836623162565,0.07823283189105384,0.09302642342339053,0.13174710134557277,0.14308726935178445,0.9021916195504,0.2954419734628219,0.21125282204587298,0.30853195828110297
2012-05-11,0.05377861211717688,0.03693874069573917,0.07738248576808918,0.09226049301697412,0.1461590583232057,0.13834676332485485,0.9021916195504,0.2894771767432402,0.2147408779762557,0.29895299108103907
2012-05-14,0.051333606122984966,0.03556828375423484,0.07429001994034774,0.08722530763077911,0.17307953953467464,0.13391413362606885,0.9021916195504,0.27884386512457754,0.2117076758201469,0.2871463583254194
2012-05-15,0.05008347952722727,0.035181359052371526,0.0727258961703441,0.08650468741995337,0.1744391380563407,0.13208532091059433,0.9021916195504,0.28230601268805994,0.2200487105727108,0.28469591559196067
2012-05-16,0.04913084241964348,0.034316270089999754,0.07189999927665003,0.08412532125149969,0.17851801141937762,0.12317732621402218,0.9021916195504,0.2629061267703619,0.21784964804875687,0.28202272223646724
2012-05-17,0.04588925677467517,0.03166879134135196,0.0680468344999361,0.0760672155451923,0.2087015498289889,0.13334233077106245,0.9021916195504,0.2775916607570474,0.21754629167624825,0.26798842392529165
2012-05-18,0.04432211366410337,0.03013777890933823,0.06624171462878885,0.07284034402111776,0.21699523566108567,0.12265782286347605,0.9021916195504,0.26170072720319193,0.21951792731306521,0.26798842392529165
2012-05-21,0.04769862233155814,0.03313927014436435,0.06957739483094105,0.08073983638095573,0.17498299821115085,0.12383277791360806,0.9021916195504,0.2684097378442897,0.2252806136837949,0.27533972556979963
2012-05-22,0.04780266725094282,0.032782622967127154,0.06953613977050517,0.07846923681144131,0.1813731994340919,0.13160741426316033,0.9021916195504,0.2866717040479686,0.22179255775341286,0.2882601911031973
2012-05-23,0.04816518729429957,0.03326693483963965,0.06937172232041028,0.0809800246766296,0.17933377571891315,0.12853905015750197,0.9021916195504,0.2833321111591134,0.21800114545052218,0.2722209778585005
2012-05-24,0.04846106937479273,0.03279577500117062,0.0702013082989943,0.0816145333863114,0.16859279698820973,0.12466380109913974,0.9021916195504,0.269042218501788,0.22694889294810328,0.2806861122807864
2012-05-25,0.04799611181973205,0.03271462438069235,0.06835150951084663,0.08154200387908385,0.17158395004162655,0.11924772817860106,0.9021916195504,0.26006739803272916,0.23437985858314134,0.2775673911253555
2012-05-28,0.04799611181973205,0.03271462438069235,0.06835150951084663,0.08154200387908385,0.17158395004162655,0.1278954398551524,0.9021916195504,0.27980961003727184,0.23483471235741527,0.2775673911253555
2012-05-29,0.050369598094400336,0.03418246849284587,0.07145904512980515,0.08641403936686996,0.16165873561045857,0.1366846410473989,0.9021916195504,0.28977718495607496,0.23339422154922182,0.27444864341405645
2012-05-30,0.04726456272413849,0.03270717013338433,0.06748809486493851,0.07954334846881966,0.203942877205119,0.13514002186559543,0.9021916195504,0.2850564105618551,0.2352895661316899,0.25083537790281696
2012-05-31,0.04677849057929614,0.03226760516497085,0.06683601897105877,0.07946177351961523,0.20285518282817835,0.13127410929351568,0.9021916195504,0.2831708457473462,0.24226567799245333,0.24103363352485027
2012-06-01,0.041529232896534846,0.02876424816183188,0.060049139575200666,0.06840337492908871,0.2382052889777671,0.13164787237038433,0.9021916195504,0.28356631111881025,0.25583861585610135,0.21563823025799247
2012-06-04,0.041551994583075805,0.029313923929920306,0.05962667907613741,0.06832179997988426,0.23086335841658792,0.11147400270575927,0.9021916195504,0.2591268150991758,0.2566727554882555,0.22900422359132772
2012-06-05,0.04274197238031071,0.030107951209980707,0.060280732126624825,0.07233274811813314,0.21128483369897763,0.112520524139713,0.9021916195504,0.2566584777328142,0.2524264894110909,0.2354644696359606
2012-06-06,0.047558817552411634,0.0330300375749757,0.06736290709533994,0.0809800246766296,0.17702242192632947,0.11178643341745532,0.9021916195504,0.2535828216880952,0.2550044762239472,0.2566273189696095
2012-06-07,0.04753605586587068,0.03242903888576653,0.06850285843799805,0.0787910277182217,0.17104008988681638,0.10667967904651855,0.9021916195504,0.24841704977466172,0.25227499200932557,0.25729562394744987
2012-06-08,0.049270647198789985,0.033631036264184865,0.07080499207931773,0.08280194819456851,0.16437795858647034,0.10304733044428543,0.9021916195504,0.2440513584147531,0.2559904748268446,0.2535085712583104
2012-06-11,0.04655091340296511,0.03149507310667366,0.0672750200729619,0.0745625463820943,0.19605708648912973,0.11063637566407657,0.9021916195504,0.25689716461886136,0.25985745504612895,0.24526621401392731
2012-06-12,0.04903005200469883,0.03295765854723489,0.07128891321488076,0.07933035182288062,0.1760706925880914,0.10564158322213679,0.9021916195504,0.2515306247459883,0.2590233154139748,0.25885498452516537
2012-06-13,0.047518175935989775,0.03188463249939584,0.06937738856190791,0.07518344543595766,0.20571039677557212,0.1146994171375836,0.9021916195504,0.26593137087785085,0.25743096563503803,0.24504343683602445
2012-06-14,0.04982986631537599,0.03266198411414218,0.07321748481567837,0.07969745292525168,0.1704962556646859,0.10755525928447143,0.9021916195504,0.26009713491716846,0.2434031739971161,0.24771663019151788
2012-06-15,0.052063527966358505,0.034261873362877,0.07606328830077856,0.0837672932530076,0.16274642998739913,0.11094546649450085,0.9021916195504,0.26012959914899725,0.259630028158992,0.242370243480531
2012-06-18,0.05237891722895259,0.03525023586909262,0.07543739767611764,0.08431569046154548,0.1248130399678217,0.11380645433573898,0.9021916195504,0.2685448735084874,0.25447369296430156,0.24170193850269067
2012-06-19,0.054524786638211316,0.03676063130962943,0.07779556682909892,0.09061532905326256,0.12562880426735726,0.10906283614671522,0.9021916195504,0.2567521753124825,0.2474979426725154,0.24972154512503902
2012-06-20,0.05415250308153447,0.0367908981241301,0.07747606314363079,0.08953668084394471,0.11012915291278384,0.10660104002384675,0.9021916195504,0.2543764797784127,0.24529888014856147,0.2546224040360883
2012-06-21,0.04924625826002901,0.03366043555852469,0.07128324697338313,0.08082594788209967,0.14874234219319435,0.09665183734079867,0.9021916195504,0.2418451103346187,0.2416589652474361,0.24927601732510143
2012-06-22,0.05079226693627987,0.03512257117381733,0.07294268415887659,0.08550761415983998,0.12195785195310739,0.09665183734079867,0.9021916195504,0.2418451103346187,0.25303320215610814,0.26130542725862405
2012-06-25,0.047329593279321326,0.032654519156708715,0.06953245068561523,0.079498038273229,0.15282118962355176,0.08522177684568101,0.9021916195504,0.2176578499590304,0.2525024188964626,0.24704835176954562
2012-06-26,0.048348888194307965,0.033439774844031656,0.07032278287203697,0.0809120593832436,0.1438477045306219,0.08458530174423022,0.9021916195504,0.2205749679393716,0.25189570615144535,0.25150368288065733
2012-06-27,0.050276924096016494,0.03437242327769509,0.07260268555735322,0.08599709151696876,0.1401767522163721,0.08298944574746202,0.9021916195504,0.21786416059219685,0.25136492289179974,0.2499443223029419
2012-06-28,0.04982012264659516,0.0332392920058724,0.07199159949558395,0.08583847817049933,0.14371173949191943,0.07643196840229416,0.9021916195504,0.21487041294810813,0.2474979426725154,0.24014257792497518
2012-06-29,0.05520432319638217,0.036992698307718785,0.07885132023426894,0.0960810719451772,0.10795376415890265,0.08563091230147347,0.9021916195504,0.22541548168188122,0.24734608370177213,0.2584094567252278
2012-07-02,0.05574891688752729,0.03770249045117346,0.07863650940234414,0.10036393658077425,0.10414682087327079,0.08584238751109087,0.9021916195504,0.23137306412772327,0.24484402637428754,0.24081088290281558
2012-07-03,0.057132359098090696,0.03879263127946971,0.08042089324077668,0.10514532401547695,0.10224336219679463,0.08680055390412765,0.9021916195504,0.23505586289290353,0.24074925769888825,0.25217198785849776
2012-07-04,0.057132359098090696,0.03879263127946971,0.08042089324077668,0.10514532401547695,0.10224336219679463,0.08621698555827748,0.9021916195504,0.23161720570854924,0.2437824598549964,0.25217198785849776
2012-07-05,0.05608542073990305,0.03879438774004229,0.0792606880987228,0.10466491976222714,0.11366416612101067,0.07814509977553721,0.9021916195504,0.2175163798105734,0.23991511806673407,0.2445979090360869
2012-07-06,0.05398832920816627,0.03709272016922684,0.07619414231187475,0.10000137203034268,0.10822569423630768,0.08505546593962512,0.9021916195504,0.24251806130821793,0.24628451718248098,0.2327912762804672
2012-07-09,0.053627416572490275,0.03684880777239801,0.07530085331185787,0.0989408423668807,0.12019033238265427,0.06865012094545056,0.9021916195504,0.225087496163568,0.2529572726707365,0.22588550243589675
2012-07-10,0.05184081270214826,0.03555731658578166,0.07324735916978711,0.0945764027820792,0.13025151185252465,0.06666774959786691,0.9021916195504,0.22328929444446816,0.25788618097828997,0.22254400410256292
2012-07-11,0.05183755819770823,0.034927796832518954,0.0720476591189115,0.0932575662770875,0.11978246319922624,0.07007070908184311,0.9021916195504,0.2333406253218105,0.2536395533321474,0.22254400410256292
2012-07-12,0.05074999806763799,0.03397189671651973,0.07127582058027135,0.09206107836495143,0.12494900500652416,0.07321338554579847,0.9021916195504,0.2482234081100138,0.2581136078654269,0.21831142361348593
2012-07-13,0.05432971481720208,0.03582666553053656,0.07630821460347159,0.09721410345396468,0.10333105657373523,0.07333901062545273,0.9021916195504,0.25173693537915476,0.26167723171220264,0.22276675472459764
2012-07-16,0.05381925373359875,0.03532085843626085,0.07507666304187956,0.0952516851354122,0.1083616592750102,0.06154300541189807,0.9021916195504,0.22907039112053112,0.27411303514016583,0.21496992528015213
2012-07-17,0.05544980014713337,0.035895542347257656,0.07701065976751531,0.09651616600283634,0.0997960433655084,0.06565667644922951,0.9021916195504,0.23079469052327284,0.263572937863648,0.22321230908040335
2012-07-18,0.056930778268201386,0.0373239089370299,0.07955771971152803,0.09905868206969892,0.095445265857746,0.06811695444424717,0.9021916195504,0.22666319912306104,0.25940260127185505,0.21831142361348593
2012-07-19,0.05753714801008932,0.03834604046876591,0.08041349095933086,0.09774889100668412,0.08579196853764337,0.07301132272885606,0.9021916195504,0.2262416040040275,0.25644532860111924,0.2263310302358343
2012-07-20,0.05528560642922589,0.03656497873804477,0.0774311431099709,0.09293123881836764,0.09694085535079415,0.06797356726873846,0.9021916195504,0.21036061207130113,0.2592507423011117,0.2140788696802771
2012-07-23,0.05331204715443545,0.03502298842745242,0.07493469355278164,0.08720265253298377,0.1288919133308586,0.05950560192972267,0.9021916195504,0.19710033704295102,0.25985745504612895,0.20850967923551922
2012-07-24,0.05132711695864417,0.03383151910234412,0.07236344960782376,0.08214932093903085,0.15404484903919483,0.061117929613672135,0.9021916195504,0.20401469054878674,0.26910819734724073,0.20160393194681694
2012-07-25,0.0512588318990213,0.033447668206482824,0.07381350108623055,0.08285633149403814,0.13868116272332398,0.057872931332572396,0.9021916195504,0.19433639041115686,0.2702456933519035,0.20204945974675448
2012-07-26,0.054856428578466294,0.035158985600322025,0.07904488868849416,0.08639138426907463,0.11407206123711822,0.05471810984581059,0.9021916195504,0.187720197560247,0.2710039034986861,0.20695031865780375
2012-07-27,0.0590750204252401,0.03800343426598391,0.08368001890354611,0.09495257698832922,0.10278722235160469,0.055576535239049346,0.9021916195504,0.18819132482703008,0.26759177705367565,0.23524169245805776
2012-07-30,0.05896611359373463,0.0374660430117781,0.08361457984216504,0.09294938502612556,0.12087015757616684,0.0497155749518317,0.9021916195504,0.18674354325799505,0.2650893581572131,0.22388058750237558
2012-07-31,0.057993949459510655,0.03718878999444659,0.08202624795955027,0.09084647190695952,0.13310672579991845,0.04776333844208657,0.9021916195504,0.18567706244978877,0.2641796506086652,0.22120739414688217
2012-08-01,0.05734368359676083,0.036341683332692866,0.08122258202185964,0.08368118175186366,0.13351459498334647,0.053896119520991194,0.9021916195504,0.195294041260631,0.2506826422303889,0.23167744350268926
2012-08-02,0.055666006402463546,0.03588369694851818,0.0788214458801602,0.08253454058725776,0.11461589545924876,0.05010975684829371,0.9021916195504,0.17994734547938432,0.2559904748268446,0.21808867299145124
2012-08-03,0.059891107258117415,0.03843377781639135,0.08418641211177204,0.09154440935808786,0.08837525240763211,0.056829825686282975,0.9021916195504,0.18724449538816554,0.2550804057093188,0.24014257792497518
2012-08-06,0.06041782101938164,0.03939932775541432,0.08471330023605321,0.09420476512776867,0.09259006487669198,0.06370724847600838,0.9021916195504,0.19945975647163244,0.25803767838005526,0.23590999743589816
2012-08-07,0.06157529346129476,0.04053772840895475,0.085974726151754,0.09737274446233617,0.09313391206516229,0.06454798767978524,0.9021916195504,0.20099666071503747,0.2599333845315006,0.25150368288065733
2012-08-08,0.06171672549266127,0.040335489110222916,0.08614854715156835,0.09683792924771466,0.08402446193352997,0.06559572361601962,0.9021916195504,0.19932101367056484,0.2543981250479079,0.25417687623615076
2012-08-09,0.061811026743265135,0.04065967389724372,0.08589055232593186,0.09807975501734346,0.08348061474505965,0.06967242824018392,0.9021916195504,0.21075062274798637,0.2503792858578803,0.26486967621399254
2012-08-10,0.06231009706132835,0.04075707177801834,0.08694630573110187,0.09746790140545698,0.07613867121754073,0.06802829577776005,0.9021916195504,0.2018012281949126,0.2510615665192911,0.2561817911696719
2012-08-13,0.06202397849415528,0.04082988992090229,0.08599522106780924,0.0965342845486922,0.06199863135097318,0.057850235321202835,0.9021916195504,0.18387525359381907,0.24886250399533721,0.25729562394744987
2012-08-14,0.06199472764327353,0.04058685575435976,0.0860621309408131,0.09535140629237458,0.07763426071058889,0.05985439180344556,0.9021916195504,0.18841567114454585,0.25128899340642813,0.2733348106362785
2012-08-15,0.06225483001946561,0.04119882161202211,0.08588042542623398,0.09869611751926735,0.07464309469083234,0.0525234283182916,0.9021916195504,0.18472125915822357,0.24848357970643492,0.29093338445869077
2012-08-16,0.06387724017190015,0.04257892837655019,0.08798725457338023,0.10269345600169778,0.07002038710566492,0.05042537562847647,0.9021916195504,0.17794371291659847,0.2510615665192911,0.2978391583032612
2012-08-17,0.06430804527487977,0.04320187211279116,0.08860673149489917,0.10577983272515876,0.058599583181448874,0.05126300267015917,0.9021916195504,0.16985642407542154,0.25409476867539926,0.2933838271921494
2012-08-20,0.06430316351821971,0.04318519644747709,0.08851882036085519,0.10424797191232593,0.06634942182507533,0.048796196725383045,0.9021916195504,0.1658041137284506,0.2481802233339263,0.29293829939221183
2012-08-21,0.06349684019866249,0.042792573958878345,0.08683840602598755,0.10372676635352288,0.07994561450317259,0.05231293989177722,0.9021916195504,0.16678252760966344,0.24878693607894353,0.29093338445869077
2012-08-22,0.0635488527360852,0.043073768302372716,0.08607744184868965,0.10245777659606133,0.08116926095247594,0.04903059566554763,0.9021916195504,0.15565917325038794,0.24651194406961793,0.271775450058563
2012-08-23,0.06169396380612032,0.042184549427378856,0.08323064978528562,0.09948470302347909,0.0927260299153945,0.050697424139341064,0.9021916195504,0.15606730759037055,0.24317574710997916,0.2599688173029433
2012-08-24,0.06316519825840751,0.04290356298883958,0.08571227066791726,0.10093045233516798,0.08212100325705377,0.044178203616013545,0.9021916195504,0.14243945651708675,0.2453748096339331,0.2626420106584367
2012-08-27,0.06305301707792275,0.04305271219575265,0.08489008697077907,0.10147884954370585,0.09802854972773474,0.032862230428884025,0.9021916195504,0.1264819228995609,0.2453748096339331,0.2561817911696719
2012-08-28,0.06286770877023361,0.0432259913152878,0.08435480798674823,0.10323731665829618,0.09993200840421092,0.03828642533342452,0.9021916195504,0.1263206574877937,0.24704272732926352,0.2519492106805949
2012-08-29,0.06306115333902283,0.0434036615862544,0.08446567342677408,0.10485075242033344,0.10768183408149762,0.03209337457884287,0.9021916195504,0.11465860802963623,0.24552630703569842,0.25729562394744987
2012-08-30,0.06127129496424079,0.041978807917627314,0.08182947265375407,0.10068119093561516,0.11815090866747559,0.03189123585550793,0.9021916195504,0.11007939176282143,0.24317574710997916,0.24972154512503902
2012-08-31,0.06242551290171388,0.04277941121470944,0.08405481063903149,0.10224477995012227,0.11325627100490313,0.030317089087006262,0.9021916195504,0.10926048371441488,0.24188675370355103,0.2368010795916414
2012-09-03,0.06242551290171388,0.04277941121470944,0.08405481063903149,0.10224477995012227,0.11325627100490313,0.03393144787420732,0.9021916195504,0.1228351075241312,0.2406733282135166,0.2368010795916414
2012-09-04,0.06215890151664173,0.04313475175664264,0.08269932511447013,0.10679956108306747,0.12019033238265427,0.0291129480289425,0.9021916195504,0.11221903977928545,0.2357447814749411,0.24103363352485027
2012-09-05,0.06191505181811055,0.04288075042164693,0.0829842526709698,0.10638712212320368,0.11692724925183247,0.0272574162632937,0.9021916195504,0.1121073065152678,0.23976362066496873,0.2439296040582465
2012-09-06,0.0665774667856241,0.04579977369076535,0.08902152448419119,0.11396485123816333,0.08783140521916183,0.03168385959108771,0.9021916195504,0.1162225218100912,0.24120411147316217,0.26152817788065874
2012-09-07,0.06752036022442705,0.04582652758412086,0.08938298246840769,0.11592273300477633,0.07124404652130803,0.05526471177849361,0.9021916195504,0.15413221062811205,0.23657892110709527,0.25885498452516537
2012-09-10,0.06608325837968167,0.04440518683663893,0.08809045250363483,0.11460840538982203,0.09707682038949665,0.057481861598204544,0.9021916195504,0.15957995507003103,0.23627556473458666,0.2637558434362146
2012-09-11,0.06681157281537445,0.04442756028868843,0.08979582241275796,0.11576409199640483,0.09884431402727031,0.05302365144513247,0.9021916195504,0.1568709073018172,0.23240822294632435,0.26642906334757616
2012-09-12,0.06729927221243683,0.044856597203791884,0.09004246064373325,0.1172143778600332,0.0905506411615133,0.054889126948203984,0.9021916195504,0.16112864849247413,0.23043694887848534,0.28202272223646724
2012-09-13,0.07110819339055195,0.046678025397306026,0.0951412823066184,0.12219971649869807,0.06675730397484313,0.049860100723228516,0.9021916195504,0.15250424817348004,0.22459833302238402,0.28001783385881424
2012-09-14,0.07204783232491488,0.047911606935654466,0.0964624569305367,0.12608828838218925,0.07301155312542144,0.05404747686771664,0.9021916195504,0.15692316679695617,0.22656960709022303,0.3054132371256721
2012-09-17,0.07130326521156119,0.04767997905270825,0.09546816416186643,0.12345966081418272,0.07409924750236205,0.03994854761088045,0.9021916195504,0.13382790112450732,0.21542315863766595,0.2982847126590669
2012-09-18,0.07099926671450722,0.04764181887575642,0.0957530917183661,0.12256681760106912,0.06852481057895651,0.03405456804290776,0.9021916195504,0.12540092556492713,0.20950861329619297,0.2924927715922743
2012-09-19,0.0712805233695595,0.04785326888236885,0.09608197484188775,0.12218159795284221,0.0644459501822594,0.036631438256867384,0.9021916195504,0.12914768502533638,0.2179255775341285,0.28580974836973855
2012-09-20,0.07115208951141384,0.04756109666029586,0.09655034395291474,0.12011041303535047,0.06702922108590842,0.02326405685813877,0.9021916195504,0.10846858520305827,0.2114043194476383,0.28469591559196067
2012-09-21,0.07113420958153294,0.047736571355546736,0.09611925147744232,0.12192326344941042,0.06580556167026529,0.023840148424323717,0.9021916195504,0.10840823164469914,0.20609648685118254,0.2809088894586893
2012-09-24,0.0706042413158287,0.0468951731906539,0.09561186969091255,0.12022371618622922,0.06811691546284897,0.02586172542365445,0.9021916195504,0.11826495308896506,0.2079921930026279,0.2715526994365283
2012-09-25,0.06811696645299489,0.04500662464099124,0.09310900643058131,0.11449510223894328,0.08552005142657806,0.024649462381588876,0.9021916195504,0.11586040045993634,0.21094946567336437,0.2635330928141799
2012-09-26,0.06677253860663333,0.04395245912405654,0.09202164263135433,0.11214292772022443,0.1042827859119733,0.016839036167953823,0.9021916195504,0.1076730795548318,0.20829554937513717,0.24927601732510143
2012-09-27,0.069020845527596,0.04583443165669747,0.09381070413298066,0.11649829420114695,0.07749829567188636,0.033053438631693154,0.9021916195504,0.13406025352629522,0.20518641773365673,0.25417687623615076
2012-09-28,0.06796741800506756,0.04494082163027216,0.09260483149562253,0.11373824493640584,0.08959889885693546,0.042332919213357766,0.9021916195504,0.15144295812320846,0.2056416330769086,0.2535085712583104
2012-10-01,0.06858841317239638,0.04482237835300291,0.09453019624484915,0.11503442634360221,0.0976206546116272,0.042332919213357766,0.9021916195504,0.15144295812320846,0.1922961221003976,0.25083537790281696
2012-10-02,0.0687932485067257,0.04510796384792873,0.09372158741563931,0.11512507439668562,0.08932698174587018,0.042332919213357766,0.9021916195504,0.15144295812320846,0.1922961221003976,0.2486077123472611
2012-10-03,0.06964509519936483,0.04577432643271383,0.09402404415328268,0.11434102544441335,0.08552005142657806,0.042332919213357766,0.9021916195504,0.15144295812320846,0.2221718436112931,0.2503898501028794
2012-10-04,0.07133741766364227,0.04639857680425879,0.09601778958713594,0.11700138121409416,0.07355540031389175,0.042332919213357766,0.9021916195504,0.15144295812320846,0.22088285020486498,0.2597460401250404
2012-10-05,0.07126101618745859,0.04581643864595397,0.09687676768650977,0.11619011295018501,0.07056423429413525,0.042332919213357766,0.9021916195504,0.15144295812320846,0.22057949383235706,0.27467142059195926
2012-10-08,0.07044004759792122,0.04477061631673902,0.09622247351936287,0.11417331133216291,0.08116926095247594,0.03867969635317605,0.9021916195504,0.13890798154254458,0.22209591412592145,0.27779016830325837
2012-10-09,0.06809908652311399,0.04269430855794287,0.09350356973214351,0.10941911554719502,0.09830047980513977,0.05136805711743501,0.9021916195504,0.1572664606522293,0.19403996928109962,0.27199822723646583
2012-10-10,0.066649006349687,0.042113487745067485,0.0903293653568406,0.10888886454641507,0.09721278542819917,0.052833354119033824,0.9021916195504,0.15995289783079544,0.19510153580039077,0.2655379811918329
2012-10-11,0.06669450987822964,0.04200951384727113,0.0898706168005266,0.11026211201277847,0.0876954401804593,0.04752484055672481,0.9021916195504,0.1501699907239396,0.20306328469507443,0.2619737056805963
2012-10-12,0.06600360239905795,0.041777018444164066,0.08993135408704794,0.10723011858878713,0.09517333578034097,0.048166553199260886,0.9021916195504,0.14882778389255905,0.18698828950394183,0.2593005123251029
2012-10-15,0.06787962576334376,0.042657455016295025,0.09228634050012417,0.10958229310750599,0.0833446626726969,0.04622987749998653,0.9021916195504,0.14628536825194322,0.1780405420063607,0.2593005123251029
2012-10-16,0.07028399014111382,0.0442801568322225,0.09543558930117159,0.11282728317743639,0.08266485044552409,0.046262593155171415,0.9021916195504,0.14840882814196688,0.18084631727533187,0.27199822723646583
2012-10-17,0.07125776168301855,0.044409577988070374,0.0955644661556601,0.11603603615565507,0.08062541376400567,0.04837985016229925,0.9021916195504,0.1480160021389442,0.17629669482565866,0.2922699944143714
2012-10-18,0.07067738828757233,0.04303868193142289,0.09536547257659674,0.11358867703191332,0.08008156657553533,0.05648536247693489,0.9021916195504,0.16216187325831927,0.16924465347952292,0.2956114927477053
2012-10-19,0.0667514041723124,0.040088513617517516,0.09029331841624934,0.1062828920762039,0.10768183408149762,0.05543261671879285,0.9021916195504,0.1620014876360325,0.16704595252454693,0.2826910272143076
2012-10-22,0.06685382183947707,0.04058597752407347,0.09035207854616299,0.10606535887832536,0.10169952797466408,0.056818060195439224,0.9021916195504,0.16497623182734342,0.16863830230348364,0.2893740238809752
2012-10-23,0.0634870766853424,0.039423457668036406,0.08434345139208703,0.10410747711171237,0.13174710134557277,0.051124928942128285,0.9021916195504,0.15209708160192598,0.16939651245026618,0.28179997161443254
2012-10-24,0.0627782892762898,0.03903916765703196,0.08372149096897552,0.10295179050512956,0.12494900500652416,0.051604657342983265,0.9021916195504,0.14916289570566396,0.16689409355380364,0.2842503877920231
2012-10-25,0.06346431499880144,0.03923307447816949,0.08437183082290704,0.1043884667129395,0.12209381699180995,0.04712443433607449,0.9021916195504,0.14455922129129253,0.16424017725557574,0.2960570205476427
2012-10-26,0.06329686677645394,0.039313346868361465,0.08445899449530667,0.10277049439896274,0.11787897859007056,0.03612711618482933,0.9021916195504,0.12762600113994324,0.1631786107362846,0.27868122390313343
2012-10-29,0.06329686677645394,0.039313346868361465,0.08445899449530667,0.10277049439896274,0.11787897859007056,0.033868066036436134,0.9021916195504,0.12417652254497935,0.17531105779173917,0.27868122390313343
2012-10-30,0.06329686677645394,0.039313346868361465,0.08445899449530667,0.10277049439896274,0.11787897859007056,0.03492635296123362,0.9021916195504,0.1257692934203932,0.1613588340702109,0.27868122390313343
2012-10-31,0.06333264648075503,0.03884307597030416,0.0841935732765584,0.10525409061441621,0.12861998325345356,0.036957532119220704,0.9021916195504,0.13257648856750961,0.15976648429127485,0.264424148414055
2012-11-01,0.06584103593337048,0.04072197469694308,0.08755541463626346,0.10938738734552073,0.10265125731290217,0.04800957877948745,0.9021916195504,0.14999526453312145,0.15643028733163541,0.2708843944586879
2012-11-02,0.06366426857647073,0.039058028187936314,0.08411209995732236,0.10327809030194736,0.11488782553665379,0.051932952490720254,0.9021916195504,0.15148536397616633,0.15840156139947442,0.2733348106362785
2012-11-05,0.0641617314868532,0.039827047325088336,0.08458813657812059,0.10562119171678727,0.12617266442216732,0.05099436994695889,0.9021916195504,0.14923767781150254,0.16196554681522812,0.2639786206141175
2012-11-06,0.06597109704373616,0.040365316809580436,0.08787785994497718,0.10838580519536993,0.11475186049795127,0.04849834004105473,0.9021916195504,0.14339350022969105,0.15893234465912,0.2768990861475151
2012-11-07,0.06046659889690358,0.03709096370865426,0.08015103547549411,0.09881395722208557,0.1351461495150971,0.04841469119647527,0.9021916195504,0.14081070225192235,0.16257225956024535,0.2523947384805325
2012-11-08,0.05769971447577678,0.035261203037545805,0.07715337671825759,0.09388753843482983,0.1271243937604054,0.037774968060487676,0.9021916195504,0.12623232662395611,0.16120733666844558,0.2523947384805325
2012-11-09,0.05808011444901443,0.035668744730886034,0.07725385003026014,0.0945084374886932,0.128755948292156,0.03701567641590661,0.9021916195504,0.12238465531013877,0.17940546489816048,0.24816218454732356
2012-11-12,0.058109385144435456,0.03564154101226194,0.07724620663215484,0.09393738518235999,0.10251529227419966,0.04018886724966318,0.9021916195504,0.12555858383982446,0.1618896173298565,0.24771663019151788
2012-11-13,0.05721526958315444,0.034748370100979774,0.07579193561220725,0.0917846253156638,0.10210739715809211,0.0304312143481906,0.9021916195504,0.11138746276236038,0.1425539930954788,0.2428157712804686
2012-11-14,0.05411999772621269,0.03312172695888944,0.07121855537364644,0.08461933516056794,0.11937456808311869,0.03277235726011626,0.9021916195504,0.11579819934366825,0.15377637103340752,0.2428157712804686
2012-11-15,0.053768848603856785,0.032688738007497685,0.07051314447469119,0.08293336989130311,0.12032629742135678,0.024959464088723644,0.9021916195504,0.10701451313923799,0.15112245473517966,0.2428157712804686
2012-11-16,0.05483366689192534,0.03339896926609551,0.07164716434752626,0.08601523772472668,0.09884431402727031,0.020120089985510157,0.9021916195504,0.1008965450711092,0.15552021821410958,0.2394742729471348
2012-11-19,0.059224588717706694,0.036160071735563404,0.07677412432457195,0.09362013082751908,0.08293676755658935,0.020821844584545716,0.9021916195504,0.09570649096801521,0.1582500639977091,0.24771663019151788
2012-11-20,0.0593741570101733,0.036186825628918916,0.07659017642505973,0.09396004028015532,0.08076137880270817,0.018316174566788933,0.9021916195504,0.09500829003632695,0.15756742176732025,0.25774115174738743
2012-11-21,0.05989761626699748,0.03661981458031067,0.07778469246775667,0.09603122519764706,0.0838885098611672,0.024968458996239673,0.9021916195504,0.10384155237798079,0.1528663019158817,0.26464692559195785
2012-11-22,0.05989761626699748,0.03661981458031067,0.07778469246775667,0.09603122519764706,0.0838885098611672,0.02039555428403914,0.9021916195504,0.09453351164319997,0.15180473539659056,0.26464692559195785
2012-11-23,0.06284331983147264,0.03838772427698835,0.0820472492205904,0.10001949057619852,0.08157715606858348,0.024055950298315917,0.9021916195504,0.1005893665740087,0.15643028733163541,0.2659835089917705
2012-11-26,0.06237838212095122,0.03882333720911353,0.08100630037831204,0.10085341393790301,0.08647178076481618,0.020971683803420356,0.9021916195504,0.09170019361087202,0.1517288059112189,0.25952328950300574
2012-11-27,0.06118350272251699,0.0384289582599422,0.07880292812071264,0.10027328852769084,0.09218218272692418,0.012795009245778144,0.9021916195504,0.08455344371377439,0.14740661034868266,0.2552907090139287
2012-11-28,0.06297012643739827,0.03948136731630432,0.08144431290191133,0.10288379754984149,0.0866077458035187,0.007309861508027747,0.9021916195504,0.07710483804593302,0.1449804825065697,0.24905324014719865
2012-11-29,0.06394875989142378,0.040369707961011886,0.08235069453653761,0.10727996533631728,0.08048946169164288,0.0041898810554419534,0.9021916195504,0.07304179426730055,0.14884746272585406,0.24972154512503902
2012-11-30,0.06398616684794488,0.04029118132126705,0.08244352445043486,0.1066998399261051,0.09150237049975139,0.009360017264149919,0.9021916195504,0.08153629366950559,0.15180473539659056,0.24660279741373997
2012-12-03,0.06289370511667533,0.03993847547019271,0.08096258592794953,0.10619224402312048,0.1019714321193896,0.003032953773538217,0.9021916195504,0.0642058045782573,0.14816518206444315,0.25150368288065733
2012-12-04,0.06250193422243683,0.039696758649079615,0.08062138174312877,0.10679048797918851,0.10849762431371271,0.007813538375729134,0.9021916195504,0.07239224569388139,0.14968160235800826,0.24704835176954562
2012-12-05,0.06286445426579357,0.03868821826653021,0.08266351929053833,0.10610159597003707,0.09952411328810337,0.025462192126518346,0.9021916195504,0.09851187568433875,0.14733104243228898,0.24326129908040614
2012-12-06,0.06362199970782885,0.03937125651662938,0.08364001764973947,0.10664092007469599,0.10115566781985402,0.024632079817697137,0.9021916195504,0.09669299891244823,0.14740661034868266,0.24103363352485027
2012-12-07,0.06429340000489962,0.03887861216652257,0.0856421539433424,0.10685848093447659,0.09191025264951914,0.034751920071175904,0.9021916195504,0.10734065109964228,0.14953010495624292,0.2512809057027546
2012-12-10,0.06437144857784258,0.039269917309691885,0.08600633654581095,0.10866679479659705,0.09394967636469786,0.04158706300025634,0.9021916195504,0.11419733440503423,0.1464969028001348,0.248830489525164
2012-12-11,0.06588167754979235,0.04082024009787855,0.08794602362461029,0.11262333197347422,0.08742351010305428,0.03876835501966317,0.9021916195504,0.1101208298473508,0.14300884686975274,0.2561817911696719
2012-12-12,0.06598572246917704,0.04044779548561358,0.08787219370347955,0.11008535245855113,0.09259006487669198,0.04126248726575382,0.9021916195504,0.1124198957176731,0.16226890318773673,0.2668745911475137
2012-12-13,0.06451774252132988,0.03949803227149294,0.08602707257852567,0.10773317793983227,0.10088373774244899,0.03465559485904221,0.9021916195504,0.10568928624483019,0.16878979970524896,0.27378036499208414
2012-12-14,0.06356347816152608,0.0385842550788593,0.08514538128982946,0.1075292267358701,0.10686606978196204,0.06237311772071928,0.9021916195504,0.13808097943091785,0.1633304697070279,0.2693250073251043
2012-12-17,0.06629134821845103,0.040306978756294826,0.08762379532089011,0.1126278685254137,0.09789258468903222,0.06539426805021754,0.9021916195504,0.14433584274220526,0.16226890318773673,0.2815771944365297
2012-12-18,0.06896232398129323,0.042234126598052465,0.09047726631576156,0.11837913757049498,0.08742351010305428,0.06605404641417822,0.9021916195504,0.14364212873686732,0.15931163051700026,0.29583426992560813
2012-12-19,0.06717734736317123,0.04178798561261725,0.08803316318534396,0.11846978562357839,0.11176070744453451,0.06598406072025602,0.9021916195504,0.14787004506413687,0.15552021821410958,0.2898195516809128
2012-12-20,0.0684583520620307,0.04205250429079756,0.08950841135466572,0.1205545525349865,0.11597551991359438,0.06788498450864387,0.9021916195504,0.15270519209081573,0.15324558777376196,0.2898195516809128
2012-12-21,0.06625721561090923,0.040763647795040076,0.08652384523203861,0.11848336761749476,0.1182868737061781,0.06320793622587799,0.9021916195504,0.14956284800347833,0.15430715429305378,0.2795722795030085
2012-12-24,0.06568986023322315,0.04039471610392026,0.08524216551694207,0.11704215485774534,0.1182868737061781,0.06499348229760453,0.9021916195504,0.14713225360582818,0.15423122480768145,0.28402763716998836
2012-12-25,0.06568986023322315,0.04039471610392026,0.08524216551694207,0.11704215485774534,0.1182868737061781,0.08195628383859538,0.9021916195504,0.17057354048093956,0.15521686184160097,0.28402763716998836
2012-12-26,0.06457951857207268,0.0394102949238675,0.08464120635487067,0.11439087219194351,0.14058462139980013,0.08367283099950273,0.9021916195504,0.17499773784129838,0.1540037979205445,0.28046336165875174
2012-12-27,0.06429828176155966,0.03922385306016345,0.08418986008000251,0.1137155898386105,0.14044865636109757,0.0795578695534981,0.9021916195504,0.1749229557354598,0.154989434954464,0.2708843944586879
2012-12-28,0.06175087794474234,0.03810082143663309,0.08028386664319798,0.11131354091045942,0.18463628256491363,0.08806287721207358,0.9021916195504,0.18277349322744657,0.15817413451233744,0.26999331230294465
2012-12-31,0.0656134389125002,0.040697844784320994,0.08438318741756824,0.11913145832109294,0.12073419253746433,0.09921716978309217,0.9021916195504,0.19083553211053447,0.1543827222094468,0.28001783385881424
2013-01-01,0.0656134389125002,0.040697844784320994,0.08438318741756824,0.11913145832109294,0.12073419253746433,0.09921716978309217,0.9021916195504,0.19083553211053447,0.15119802265157334,0.28001783385881424
2013-01-02,0.07150323863376976,0.044766664280450716,0.0919979408637281,0.1300402890071269,0.07532290691800514,0.09921716978309217,0.9021916195504,0.19083553211053447,0.1565058552480291,0.2985074632811016
2013-01-03,0.0710074029756073,0.04425384205401013,0.09147476593600282,0.12966865135281638,0.07369136535259425,0.09921716978309217,0.9021916195504,0.19083553211053447,0.153169658288391,0.31187348317030483
2013-01-04,0.0721616209130804,0.044301652053985716,0.09255742796037006,0.13263721603536122,0.06376613795508662,0.10166219059320922,0.9021916195504,0.18899677209638568,0.15263887502874474,0.3154377321256734
2013-01-07,0.07141707364426597,0.04417663275969473,0.09130019747454411,0.13111893721644477,0.0632222907666163,0.10426517260620272,0.9021916195504,0.19011384079971808,0.15112245473517966,0.31276453877017996
2013-01-08,0.07064651018447057,0.043869552043005695,0.08993135408704794,0.1306204144173391,0.06091093697403258,0.10137556805497687,0.9021916195504,0.19029226210635414,0.15059167147553407,0.3056360143035748
2013-01-09,0.07127564161289945,0.04448371347638377,0.09145376467496269,0.1328003659337701,0.06349422084402133,0.10114860794128125,0.9021916195504,0.19429407253714703,0.14634504382939217,0.30140343381449786
2013-01-10,0.07308012541312238,0.04518341668167155,0.09344652153051211,0.13358441488604236,0.05914343036991917,0.10373443510956062,0.9021916195504,0.1956624970950451,0.147103615545152,0.3107596503925269
2013-01-11,0.07306875449212154,0.04535318288006154,0.093871441419502,0.13337141824010332,0.057375923765805754,0.09109275677671398,0.9021916195504,0.1819392768420801,0.14664840020190012,0.3065270699034499
2013-01-14,0.07284603922791129,0.04499653570282435,0.09433785748558725,0.1330677458791788,0.059551325486026714,0.11246579563069141,0.9021916195504,0.20883444125955763,0.1402790010861532,0.30251726659227574
2013-01-15,0.07311588527288419,0.04470173950001793,0.09501855392694647,0.13510720259499623,0.0599592076357945,0.11680050608310034,0.9021916195504,0.2147281509891187,0.14490455302119806,0.29672532552548314
2013-01-16,0.07316303589818612,0.04499829216339693,0.09443440059604039,0.13406935569123166,0.05819170103168106,0.11176905085356359,0.9021916195504,0.21236688400252834,0.1381558680475709,0.2951659649477677
2013-01-17,0.07451395290888847,0.04580810616835966,0.09652787188025182,0.13771771161714688,0.06023112474685979,0.10412368309050751,0.9021916195504,0.20820028900204643,0.14278141998261576,0.3065270699034499
2013-01-18,0.07533329424620581,0.04575151386552118,0.0978532660457109,0.13882355147619954,0.04513935554205414,0.11412298399263222,0.9021916195504,0.2192875719926233,0.14187135086508992,0.29939854543684474
2013-01-21,0.07533329424620581,0.04575151386552118,0.0978532660457109,0.13882355147619954,0.04513935554205414,0.11758993256551993,0.9021916195504,0.23104868574627987,0.1320898253043326,0.29939854543684474
2013-01-22,0.07640299429093442,0.04612308024749986,0.09939665378299983,0.14174224174931213,0.04473147339228633,0.1135225644276381,0.9021916195504,0.22866234475949657,0.14369112753116364,0.2976164076812265
2013-01-23,0.0767687688387312,0.04658326220739027,0.10105387269522613,0.14059109169466882,0.04513935554205414,0.11531714336007692,0.9021916195504,0.22973885516778003,0.14513197990833504,0.29717085332542076
2013-01-24,0.07677037624641195,0.045561559080671964,0.10218962860800941,0.1421727992550318,0.04826647363417342,0.10962340485562566,0.9021916195504,0.22034886204289492,0.1443737697615525,0.29962129605887944
2013-01-25,0.07809366965845256,0.04640954397271197,0.10393401119263533,0.14446151737040205,0.050985722542864674,0.10611197513670931,0.9021916195504,0.212515480445777,0.1426295610118725,0.32256628314814667
2013-01-28,0.07764174996569127,0.046610905041157516,0.10358709254298508,0.14512775428175817,0.06023112474685979,0.1232746382092589,0.9021916195504,0.23609999704830628,0.14278141998261576,0.32858097483697385
2013-01-29,0.07888699480478892,0.04658282309224712,0.10537690150625577,0.14539967077910632,0.0566961245049727,0.12715239217857496,0.9021916195504,0.24382437272879595,0.14581426056974595,0.33169972254827296
2013-01-30,0.0779311031927651,0.04608492007054803,0.10429052628533263,0.14068624863778964,0.07042826925543273,0.13445823064779805,0.9021916195504,0.25095761785736864,0.14755846931942596,0.33570952585944713
2013-01-31,0.07730522626877624,0.04607701599797142,0.10305996330204442,0.14303391426647108,0.06988442206696241,0.13537449671215257,0.9021916195504,0.24049190613473245,0.14278141998261576,0.3310314175704326
2013-02-01,0.07975348676740819,0.04769885029373804,0.10674400885380374,0.14716267444563613,0.05112167461522741,0.1458205067343772,0.9021916195504,0.25424134411421495,0.14149242657618766,0.33660058145932226
2013-02-04,0.07691506278221849,0.04559621704660408,0.10354142504768082,0.14176038795707005,0.07518694187930262,0.14866039259848912,0.9021916195504,0.248884657883523,0.151046525249808,0.32835822421493915
2013-02-05,0.07944786101813421,0.047368957009856355,0.10599119441959604,0.14581208207706806,0.06227056142837821,0.15020744078485387,0.9021916195504,0.2655647626013457,0.151046525249808,0.337937191415003
2013-02-06,0.07958278404062066,0.04723295983698675,0.10616945196594468,0.14720344808928731,0.05805573599297857,0.15062629225889151,0.9021916195504,0.2634691920378524,0.14907488961299104,0.3272443914371612
2013-02-07,0.07913898076442019,0.04708599549566396,0.10512085972556102,0.14575769877759848,0.059279395408621684,0.14566816260454873,0.9021916195504,0.26185301876225847,0.1500608882158885,0.3234573387480218
2013-02-08,0.08052730473164363,0.04834679146276195,0.10632870951952683,0.14828209629860514,0.05275322914697809,0.14998116382869112,0.9021916195504,0.26944850528386166,0.15301779931764703,0.3241256437258621
2013-02-11,0.08037773643917703,0.04826475190187195,0.10579220084053267,0.14799206125540112,0.05166552180369773,0.14998116382869112,0.9021916195504,0.26944850528386166,0.16818308696023176,0.32234350597024386
2013-02-12,0.08077115443017482,0.04802303508075884,0.10696400369390723,0.1500269814192791,0.04758667437334037,0.14998116382869112,0.9021916195504,0.26944850528386166,0.1528663019158817,0.3303631125925922
2013-02-13,0.08091744837366212,0.04847882588921781,0.10608033524860333,0.15141381087955885,0.052209368992168034,0.14998116382869112,0.9021916195504,0.26944850528386166,0.15263887502874474,0.3386054963928434
2013-02-14,0.08108815110044966,0.0485569134138195,0.10584527061728276,0.15285502363930828,0.04785859148440563,0.14998116382869112,0.9021916195504,0.26944850528386166,0.1528663019158817,0.3343729159037664
2013-02-15,0.0808296759764776,0.04826606924730138,0.10605193170611737,0.15257857059002058,0.04513935554205414,0.14998116382869112,0.9021916195504,0.26944850528386166,0.15271480451411637,0.33593227648148183
2013-02-18,0.0808296759764776,0.04826606924730138,0.10605193170611737,0.15257857059002058,0.04513935554205414,0.14660962959122661,0.9021916195504,0.2520450376552097,0.1464969028001348,0.33593227648148183
2013-02-19,0.08264227619326132,0.04921188042513372,0.10738299211307407,0.15658949106636744,0.04309993182687545,0.1345947103415856,0.9021916195504,0.22997490268538584,0.16044912652166304,0.340164856970559
2013-02-20,0.07955514059741965,0.047054411335733855,0.10471322790105536,0.14820505790134017,0.07532290691800514,0.13902954132575523,0.9021916195504,0.2385279520775151,0.1609799097813086,0.3390509976369128
2013-02-21,0.07800589726126804,0.04561025802105928,0.1035547587989497,0.14453404687762955,0.08266485044552409,0.1168841549276798,0.9021916195504,0.21602724813595703,0.15885641517374835,0.32902650263691136
2013-02-22,0.08014851216608673,0.046940798325039196,0.10651637061559495,0.14940608236541567,0.068388845540254,0.1132194702022245,0.9021916195504,0.21318306470354548,0.15756742176732025,0.32702161425925835
2013-02-25,0.0756372927432598,0.04494169986055845,0.10117337011166112,0.14020133549450242,0.13392249009945403,0.11684316547570801,0.9021916195504,0.2111857666250189,0.14490455302119806,0.31098240101456165
2013-02-26,0.07711501635988778,0.045529535805598716,0.10403646166124556,0.1421093428516832,0.1050985761441884,0.10674533807606595,0.9021916195504,0.19908320657399814,0.15294223140125335,0.307418125503325
2013-02-27,0.08021191546904954,0.04696009797108669,0.10836320366883109,0.14658254903542395,0.07600270617883821,0.11292594018227098,0.9021916195504,0.21036333941869054,0.1496056728726366,0.31276453877017996
2013-02-28,0.0799989637181594,0.046869286817459235,0.10784767213921112,0.14712187314008282,0.0866077458035187,0.12920937951002576,0.9021916195504,0.23812887956918116,0.14786182569193454,0.3094230404368462
2013-03-01,0.08057118100796626,0.04728823479439579,0.10871602967663845,0.14876250055185494,0.08456830912200025,0.12731688133120989,0.9021916195504,0.23891259603836956,0.1449804825065697,0.3016262109924006
2013-03-04,0.08170914626777846,0.047827382509174184,0.10965821713519652,0.1496462706610896,0.06621345678637282,0.1005466702484363,0.9021916195504,0.19293189448456016,0.14346370064402666,0.3069725977033874
2013-03-05,0.08408100529022673,0.04967424725061441,0.11276794691575626,0.15450472415495928,0.05900746533121665,0.11699452282243347,0.9021916195504,0.21109382862431145,0.14505605042296338,0.3107596503925269
2013-03-06,0.08435247858741965,0.04959704866642445,0.11381656326780586,0.1556649473134816,0.05968727755838947,0.1234842157590628,0.9021916195504,0.2191857803497348,0.14482862353582643,0.3205613682146255
2013-03-07,0.08480767262916024,0.05002345089066903,0.11463751726998074,0.1577542507768292,0.05329707633544839,0.11636867461593832,0.9021916195504,0.21580923630270055,0.14217470723759854,0.3323680275261134
2013-03-08,0.08593263971575159,0.05056215949030427,0.11630609277686824,0.1613482234032748,0.04690686214616755,0.11460210514234688,0.9021916195504,0.2060922254279307,0.14270549049724413,0.3468478536372265
2013-03-11,0.08675196120852967,0.05093504321771239,0.11754603519820996,0.16135275995521428,0.03290278731830252,0.11210918739853687,0.9021916195504,0.20531114832718367,0.18289352082854254,0.3468478536372265
2013-03-12,0.08614396421442172,0.05047222656696311,0.1176144158828366,0.16033303159730555,0.042556084638405156,0.10465100479948529,0.9021916195504,0.19508412349059467,0.14444969924692413,0.3394965519927185
2013-03-13,0.0864756061546767,0.05059506099566381,0.11774331684899104,0.16198273211295655,0.036573752598892124,0.09761288817675198,0.9021916195504,0.18693815269107147,0.13861108339082281,0.3390509976369128
2013-03-14,0.08789155372056189,0.051200879241322134,0.11981383382722062,0.16613868394185646,0.029367774110075694,0.09957446117277957,0.9021916195504,0.18820214623763967,0.1380043706458056,0.34172421754827426
2013-03-15,0.08748025579968319,0.050768340115198964,0.11919585182899042,0.1658712763345457,0.029367774110075694,0.10210024638455954,0.9021916195504,0.18928683868809135,0.13853515390545115,0.33348186030389126
2013-03-18,0.08608218816367891,0.05026472859663898,0.11766379657469674,0.16347832817217564,0.057375923765805754,0.09016593972379637,0.9021916195504,0.18025360019753034,0.19434332565360823,0.3245711715257996
2013-03-19,0.08547093666513093,0.049892283984374015,0.11775665060025993,0.16150683674974425,0.07138001156001055,0.09558140539319473,0.9021916195504,0.18340861325338628,0.13883851027795976,0.31387837154795784
2013-03-20,0.08715675012052829,0.050992942155854856,0.11913709169907677,0.16563108803887183,0.04799455652310813,0.11421779107691511,0.9021916195504,0.2089876126081047,0.13845922442007952,0.3203386175925908
2013-03-21,0.0850580313365715,0.04960713760459134,0.1169090290955473,0.1619917775549335,0.06594152670896779,0.11635281017989739,0.9021916195504,0.20973719324545145,0.13474374160256047,0.319224784814813
2013-03-22,0.0868608878845744,0.05058979161394608,0.1191444939805226,0.16305684377033497,0.06023112474685979,0.11760769466137437,0.9021916195504,0.21127946420468724,0.1377769437586686,0.3154377321256734
2013-03-25,0.08601553035627606,0.05016426761998778,0.11755739179287114,0.16286647456028921,0.06254247853944349,0.11712174193633108,0.9021916195504,0.2085515889415917,0.10691558521385426,0.3154377321256734
2013-03-26,0.08797934596228567,0.05091792843725518,0.1203202511471125,0.16466574298043274,0.049354180977453775,0.10809093069662865,0.9021916195504,0.20075973340795122,0.13580530812185163,0.31343284374802033
2013-03-27,0.08782977766981907,0.051095159593078636,0.1194933656751146,0.16485608452857645,0.05452072278475172,0.10920743782450457,0.9021916195504,0.20062371795427303,0.1371702310136514,0.3011806566365949
2013-03-28,0.08886044350580656,0.05157771500501855,0.12078664310153181,0.16544525538076552,0.048402438672875935,0.0890111757740801,0.9021916195504,0.17667162530681008,0.13914186665046838,0.30140343381449786
2013-03-29,0.08886044350580656,0.05157771500501855,0.12078664310153181,0.16544525538076552,0.048402438672875935,0.08911038542913034,0.9021916195504,0.17041130730074386,0.13754951687153166,0.30140343381449786
2013-04-01,0.08771924358609359,0.050334033818377776,0.12064614442405669,0.15966679468594944,0.06036708978556231,0.08841827094194747,0.9021916195504,0.1747338009971622,0.14020343316975953,0.29873024045900437
2013-04-02,0.08903277348481412,0.05102234145019468,0.1228475395250484,0.15763187452207147,0.04949013304981653,0.08634913858769021,0.9021916195504,0.17677975143395788,0.12465885966929455,0.3034083221921508
2013-04-03,0.08634066328765097,0.04943166290934046,0.12009061164063009,0.150566305523938,0.06893269272872432,0.08558893606639865,0.9021916195504,0.17714099299463226,0.12700941959501383,0.2924927715922743
2013-04-04,0.08736321270707764,0.04971153990740539,0.12146736365455699,0.1537161109888455,0.06458191522096192,0.08558893606639865,0.9021916195504,0.17714099299463226,0.1285258398885789,0.2806861122807864
2013-04-05,0.08627402532478738,0.048785039085745996,0.12045850743965453,0.15263749044142974,0.06498979737072968,0.08558893606639865,0.9021916195504,0.17714099299463226,0.13011818966751562,0.26620628616967335
2013-04-08,0.08786553752958089,0.049591779284706705,0.12164933439746152,0.15635834821267044,0.055064569973222045,0.08132853797228673,0.9021916195504,0.17618334214515813,0.10327567031272825,0.27467142059195926
2013-04-09,0.08876616209974197,0.05027657399537845,0.12313024880828091,0.15538395771225447,0.050305910315691864,0.08573786440856282,0.9021916195504,0.17972123958290764,0.12989076278037867,0.27801291892529306
2013-04-10,0.09187443212990458,0.052881929820660666,0.12630987830842197,0.1629752688211305,0.04377973108770851,0.08584732142660599,0.9021916195504,0.1769455037720754,0.1311041882704131,0.29093338445869077
2013-04-11,0.09279130937772655,0.053009583805810515,0.1278628866004239,0.16341033521688758,0.04214818952229761,0.08380369362024229,0.9021916195504,0.17319874431166613,0.12374879055176873,0.2878146633032597
2013-04-12,0.09205650577769296,0.05278102972886632,0.1278609094438162,0.16150683674974425,0.039700883657351145,0.07983242297531654,0.9021916195504,0.16549064473656486,0.12405214692427734,0.2722209778585005
2013-04-15,0.08612445703232079,0.049339095295140425,0.12129674950631364,0.14534075092769722,0.11053704802889139,0.0721096306918693,0.9021916195504,0.15632772527658492,0.12685792219324848,0.26798842392529165
2013-04-16,0.08973505188498665,0.05145092854002954,0.12518745614690757,0.15264653588340663,0.06553364455920001,0.07612166306958923,0.9021916195504,0.16704646445379964,0.11737939143602182,0.271775450058563
2013-04-17,0.08606756273823804,0.04882056457183896,0.12177548663369799,0.14516852792540935,0.10020393848161595,0.07579549330084337,0.9021916195504,0.1708257761249857,0.11442211876528532,0.2684339517252292
2013-04-18,0.08437686752618062,0.04713996381776901,0.11976445313536048,0.14277104321109982,0.11447993042054624,0.07697887396054735,0.9021916195504,0.1702536490258465,0.10691558521385426,0.26420137123615217
2013-04-19,0.08659427649950226,0.04888154802610889,0.12002049491605524,0.1477518452978252,0.07926580227599977,0.09160451767522099,0.9021916195504,0.19035895014897256,0.13663944775400583,0.26821117454732635
2013-04-22,0.08777288337573631,0.050087497440815525,0.12050591097490698,0.14879422875352924,0.07138001156001055,0.09083528229321713,0.9021916195504,0.1855329529328904,0.12132230114067781,0.2670973417695484
2013-04-23,0.09041947019981754,0.05165711987504968,0.1242660047210642,0.15539300315423132,0.05900746533121665,0.0729171228957135,0.9021916195504,0.16170517453901562,0.1160903980295937,0.2670973417695484
2013-04-24,0.09042109745203757,0.05167115013937943,0.12320036553285577,0.15754576302092752,0.06077497193533007,0.08341975908677322,0.9021916195504,0.172382563610649,0.11237491521207534,0.2670973417695484
2013-04-25,0.09145664504468509,0.052563442820375304,0.1238052790081425,0.1603421047011845,0.06091093697403258,0.07750892829965658,0.9021916195504,0.15985383353529634,0.11313312535885789,0.26999331230294465
2013-04-26,0.09098194382084358,0.05209273280717486,0.12409539057282085,0.15806243202779113,0.06077497193533007,0.07085702340216854,0.9021916195504,0.15253935177375016,0.10683965572848195,0.2593005123251029
2013-04-29,0.0928303237419284,0.05331052762062097,0.12671751013292762,0.1613164952016005,0.062134596389675695,0.07085702340216854,0.9021916195504,0.15253935177375016,0.09599656364843347,0.2604143451028808
2013-04-30,0.09347408059579816,0.0542655495063339,0.12723723709242243,0.16359616787499387,0.059551325486026714,0.07085702340216854,0.9021916195504,0.15253935177375016,0.10160775261739784,0.2619737056805963
2013-05-01,0.09105671804480725,0.05296439778656836,0.1238089922046984,0.15305897484327044,0.07273962304801641,0.07085702340216854,0.9021916195504,0.15253935177375016,0.10160775261739784,0.25395412561411607
2013-05-02,0.09347733510023819,0.054784519344778515,0.1270342892001437,0.1601471989391993,0.060503054824264796,0.06967895618994238,0.9021916195504,0.15495472581338846,0.10077361298524365,0.25217198785849776
2013-05-03,0.09621334141826322,0.056451957354679554,0.13054969776026734,0.16675050989184087,0.0504418753543944,0.07943353488251702,0.9021916195504,0.16661853485050684,0.0940249280116165,0.27912675170307105
2013-05-06,0.09671403898854646,0.057081037992799115,0.1304245099906688,0.16918879591170366,0.04785859148440563,0.08741433299420888,0.9021916195504,0.1800788740067122,0.0925085077180514,0.28335933219214804
2013-05-07,0.09808934493800978,0.057241593483308505,0.13258023759635623,0.1728235698437025,0.05016994527698937,0.08878512653709496,0.9021916195504,0.18240503739303243,0.10266931913668899,0.28603252554764147
2013-05-08,0.09918341407696007,0.0579715742132224,0.13378808739032205,0.17399737499614115,0.04785859148440563,0.0921196943613923,0.9021916195504,0.18708410976587878,0.09273593460518836,0.2809088894586893
2013-05-09,0.09820478062293457,0.05779170836654008,0.13323255460689545,0.1721165592886952,0.05424880567368647,0.08797550895425964,0.9021916195504,0.1848536674750319,0.07150460421936534,0.292715522214309
2013-05-10,0.09934760779486755,0.058994155570227,0.13411820020880702,0.17615013486283734,0.04690686214616755,0.09228479076516756,0.9021916195504,0.18675260508964373,0.07514415755151273,0.3120962337923396
2013-05-13,0.09935899856040767,0.05909110362573304,0.13345623853188887,0.17552923580897398,0.04636301495769725,0.09075785777282598,0.9021916195504,0.18162844721863575,0.07620572407080388,0.3172198698812917
2013-05-14,0.10205271616525155,0.060136058434787136,0.1365072322942009,0.18104485311032087,0.049354180977453775,0.08301305263554205,0.9021916195504,0.163142046718493,0.07992120688832291,0.3236801159259246
2013-05-15,0.10342478745481411,0.06053131561424476,0.13799952741134744,0.18221412171082005,0.04989802816592408,0.0854341629320089,0.9021916195504,0.16861671271851386,0.07703986370295807,0.32167520099240343
2013-05-16,0.1020738505995725,0.06025142790605438,0.13695091105929783,0.18076386350909374,0.05343302840781117,0.09383123170039201,0.9021916195504,0.18586709697756681,0.07939042362867733,0.30429940434789404
2013-05-17,0.10483748051625925,0.06173111741694737,0.13994290357503672,0.18572201049802378,0.04500339050335162,0.1034897888064031,0.9021916195504,0.2025291660110402,0.0817409835543966,0.3230118109480842
2013-05-20,0.10464566319969006,0.06161968927184299,0.13947082126745383,0.1864924497944776,0.05275322914697809,0.10881135826822905,0.9021916195504,0.20801298182165778,0.07590236769829528,0.32657608645932085
2013-05-21,0.10511222816243149,0.0618693101655327,0.14076212153726336,0.18685504200681124,0.05751188880450827,0.11040569613714646,0.9021916195504,0.2166965919726864,0.07408259103222158,0.32189797817030624
2013-05-22,0.10286717574590885,0.060166325249287805,0.1387767669631598,0.179367960944935,0.0636301729163841,0.10956283155437847,0.9021916195504,0.21683348721584506,0.0715801721357597,0.340164856970559
2013-05-23,0.10208035960845256,0.05999610922562923,0.13846394220915906,0.18028345925584394,0.06702922108590842,0.10125024660089277,0.9021916195504,0.204276867813962,0.06816804569074861,0.3394965519927185
2013-05-24,0.10193241856820598,0.05998382471174661,0.1386762695394913,0.18028345925584394,0.06594152670896779,0.10525013395580624,0.9021916195504,0.20780667118849133,0.07036710821470255,0.33682333208135695
2013-05-27,0.10193241856820598,0.05998382471174661,0.1386762695394913,0.18028345925584394,0.06594152670896779,0.10666320735933729,0.9021916195504,0.20382192867361926,0.06854733154862885,0.33682333208135695
2013-05-28,0.10363287729358348,0.06128891775767502,0.1413006073728652,0.18620692364131106,0.0726036580093139,0.11544375522283422,0.9021916195504,0.22013357755702784,0.060661150570338905,0.3644464274596387
2013-05-29,0.10173083773831666,0.06035144976756243,0.13866886725804545,0.18149806571383587,0.07736233063318387,0.11628290039236773,0.9021916195504,0.2167741014259144,0.060888577457475876,0.3619960112820481
2013-05-30,0.1027143727935415,0.061394648116043955,0.13920540004870557,0.1848835505843798,0.07328347023648672,0.11433407967028691,0.9021916195504,0.2145029248821225,0.06483184873110982,0.3619960112820481
2013-05-31,0.09886641740668525,0.059842129752141565,0.13404610632762448,0.18022453940443478,0.09734872453422216,0.10900066881122468,0.9021916195504,0.20358051444018269,0.06801654828898328,0.3709066735042716
2013-06-03,0.10044006952613711,0.06025713640291526,0.13746473066063553,0.1831160380278126,0.09707682038949665,0.10858310774586023,0.9021916195504,0.20297601108816277,0.07097382095971977,0.364223676837604
2013-06-04,0.09897046232606993,0.05937493266008628,0.13557616031364456,0.17923651158629833,0.09694085535079415,0.10023978070339569,0.9021916195504,0.19153725220014453,0.06862289946502254,0.3648919818154444
2013-06-05,0.09531597135254218,0.05745436083535037,0.13021958494178237,0.17297764663823245,0.11366416612101067,0.09977743486643245,0.9021916195504,0.19326436692922372,0.06634826902467492,0.356649571459325
2013-06-06,0.09753663483030384,0.05844447980213857,0.13219556007783245,0.17809897118747345,0.10183546708068708,0.09081698885261491,0.9021916195504,0.18044011556738657,0.06566598836326401,0.3510804341263035
2013-06-07,0.10092125991431941,0.06042602437101897,0.13731880685832226,0.1817971738609189,0.08157715606858348,0.08111273609829453,0.9021916195504,0.15904574689749937,0.07203538747901092,0.3702383685264312
2013-06-10,0.10082860576047484,0.06062562897889193,0.1370835011103422,0.1840858919762891,0.08565600349894086,0.08111273609829453,0.9021916195504,0.15904574689749937,0.07203538747901092,0.38226775190408563
2013-06-11,0.09811698838121079,0.059010381410272476,0.1342053397695407,0.17900085984256395,0.10781779912020013,0.08111273609829453,0.9021916195504,0.15904574689749937,0.07203538747901092,0.3778124207929739
2013-06-12,0.0959044611645492,0.05740829658582193,0.13107487395626627,0.17485849000758047,0.12848401821475103,0.08111273609829453,0.9021916195504,0.15904574689749937,0.07203538747901092,0.38560927679328755
2013-06-13,0.09978004015006718,0.059379323811517726,0.13554011337305327,0.1827353272696231,0.09884431402727031,0.061667340082879156,0.9021916195504,0.129208918373176,0.0699878223568223,0.37313433905982735
2013-06-14,0.0982145242917154,0.058422984580375356,0.13292539609439236,0.1789691316408896,0.10890549349714074,0.06592250063590581,0.9021916195504,0.13344677632157467,0.07067046458721116,0.3624415125261175
2013-06-17,0.10021572700970685,0.05967630487991443,0.13563318440361,0.1818968950178812,0.10414682087327079,0.06411114639071555,0.9021916195504,0.12669360024855814,0.06794061880361164,0.3724660340819871
2013-06-18,0.10229170395166196,0.06099456067001174,0.1390498556916793,0.18740341155344706,0.10156356293596157,0.06506749103033135,0.9021916195504,0.13267291349456736,0.06354249375570376,0.37491645025957765
2013-06-19,0.09857218242295136,0.05928456062160197,0.13396265585178077,0.1812895779579342,0.1019714321193896,0.060143595159024274,0.9021916195504,0.1282017353759523,0.06619677162290959,0.4036534049715055
2013-06-20,0.09194920635386825,0.05583823503644463,0.1252254802441065,0.16951512337042351,0.1543167791165999,0.04166509477178781,0.9021916195504,0.1035388608072306,0.06498334613287583,0.4277121717268143
2013-06-21,0.09263850642535919,0.055514050249423824,0.12623976158384712,0.17094726302629396,0.13269883068381097,0.03826805598642976,0.9021916195504,0.10250911120983326,0.06596898316679466,0.4488750210604633
2013-06-24,0.0894944566908955,0.053913282770402714,0.12278704335518655,0.1652231856309475,0.14915023730930188,0.004111204079573886,0.9021916195504,0.053182482282909414,0.06991225444042862,0.4564491264387422
2013-06-25,0.09192321000742652,0.05510343475008158,0.12527459570764124,0.16985049627112028,0.12685246368300032,0.002952455044249252,0.9021916195504,0.0447663281339388,0.07878371088366012,0.4655825392830004
2013-06-26,0.09439909410472021,0.05634623770643606,0.12897395216727708,0.17101525598158204,0.10972125779667631,0.0004610933814863246,0.9021916195504,0.05118967113073315,0.0789355698544034,0.454444211505221
2013-06-27,0.09601499524827468,0.05747103650066444,0.13179730769138032,0.17830743128147303,0.10496261110548588,0.0,0.9021916195504,0.04920143488385525,0.12898250150774263,0.4419692737717609
2013-06-28,0.09489004800622261,0.05753200924480892,0.12896061841600823,0.17720159142242037,0.10496261110548588,0.009076810513581893,0.9021916195504,0.06272745032477649,0.15057250831970287,0.44085541443811493
2013-07-01,0.09630111381544774,0.05890246618631326,0.13057438810619743,0.1828033202249112,0.09830047980513977,0.014062570094809362,0.9021916195504,0.0648905007414206,0.07309695399830207,0.44352863434947637
2013-07-02,0.09615805453186121,0.05885464547621223,0.12952381870920607,0.18263560611266072,0.09925220914337786,0.017581514546587206,0.9021916195504,0.06942735514475154,0.06938147118078304,0.4388505526163298
2013-07-03,0.09637428063173066,0.059305177613078894,0.13090548950298622,0.1833879545251607,0.09598912601255606,0.013759741541769585,0.9021916195504,0.0635625904890974,0.06960889806792,0.44597905052706693
2013-07-04,0.09637428063173066,0.059305177613078894,0.13090548950298622,0.1833879545251607,0.09598912601255606,0.017437861698704534,0.9021916195504,0.07260484682183309,0.06794061880361164,0.44597905052706693
2013-07-05,0.09905337281113367,0.060871726241311035,0.13454656806602738,0.18985077067718886,0.07817810789905917,0.01778016157586529,0.9021916195504,0.07733274751084461,0.06414920650072096,0.4936511359053515
2013-07-08,0.1004465586904779,0.061110819081690713,0.1367403197689138,0.19160016468790017,0.07668251840601104,0.0025684446043876476,0.9021916195504,0.05760672363274226,0.06930554169541141,0.47805747701646045
2013-07-09,0.10237459459218644,0.061963184415036725,0.13860812997152414,0.19558843006645163,0.07083616437154028,0.00480111728137308,0.9021916195504,0.05425908067014092,0.07021524924395926,0.47471600523899476
2013-07-10,0.10242337246970838,0.0626870175329466,0.1383938254845842,0.19666254172383,0.06893269272872432,0.018068378148340978,0.9021916195504,0.07685167862293239,0.06695498176969213,0.4858543330167741
2013-07-11,0.10606486527001527,0.06521122273775054,0.14257290764990826,0.2024455666324876,0.06621345678637282,0.03823571986320757,0.9021916195504,0.10689829294887002,0.0704430377000742,0.4622410143937984
2013-07-12,0.1069053211971143,0.06616668373860662,0.14265635812575198,0.20395928123756252,0.06390210299378911,0.02781859222334454,0.9021916195504,0.09140920324021187,0.07127681576325041,0.46825575919436185
2013-07-15,0.10728085925823116,0.06649174675591371,0.14314917646604958,0.20703207596710713,0.0632222907666163,0.034006974734784964,0.9021916195504,0.10266408612681523,0.07302102451293042,0.45823123763849233
2013-07-16,0.10626644609990457,0.06609736780674239,0.1423489584965894,0.20496993649159229,0.07178789370977831,0.035975075680571025,0.9021916195504,0.10707037977124682,0.07309695399830207,0.4528848509275054
2013-07-17,0.1070223841342591,0.06660185755558866,0.14280992532617057,0.2066830934105919,0.06308632572791378,0.02950872395964786,0.9021916195504,0.09600016469659074,0.0711253183614851,0.44375138497151106
2013-07-18,0.10839769008372242,0.066658010743284,0.14473627865370103,0.2101909545358936,0.06295037365555102,0.022816019376169384,0.9021916195504,0.081628187680739,0.07135274524862206,0.4533303521715749
2013-07-19,0.10883986610770288,0.06561964266137707,0.14461776981556987,0.2102861114790144,0.04622704991899474,0.013256064674068199,0.9021916195504,0.05998153937733163,0.07590236769829528,0.44375138497151106
2013-07-22,0.10939910506882816,0.06618027488779323,0.14466244873257028,0.21161404874978715,0.04282800174947043,0.017022463965527566,0.9021916195504,0.06180494706504649,0.07332438088543904,0.4430830799936707
2013-07-23,0.10888864398522483,0.06525377406613382,0.14521033811789158,0.2110656238793472,0.04785859148440563,0.02918350302080875,0.9021916195504,0.08698223454298962,0.07559901132578667,0.44932057541626885
2013-07-24,0.10784007837481717,0.06526825415573216,0.14458073429667476,0.20727223660087893,0.05492861790085926,0.025904308909869583,0.9021916195504,0.08447325090263101,0.07294509502755879,0.4653597886609657
2013-07-25,0.10854074936730895,0.06639084666411937,0.14491084711515972,0.21196303130630234,0.05207341691980528,0.022125157344463436,0.9021916195504,0.08075702013719349,0.07188352850826764,0.46959236915004265
2013-07-26,0.10876834638817925,0.0667404787091917,0.1449903432777881,0.20939329592780287,0.048674368750280965,0.018915303723109806,0.9021916195504,0.07614085271219961,0.07089789147434812,0.45934509697213843
2013-07-29,0.10774091521209253,0.06612543904552733,0.1440802484466059,0.20583558805497107,0.0577838188819133,0.008175156429791336,0.9021916195504,0.06039143329627513,0.06862289946502254,0.46469148368312524
2013-07-30,0.1078433328792572,0.0668856865899419,0.14404617866262234,0.20712723291022794,0.0577838188819133,0.012452671415421189,0.9021916195504,0.06594365273899801,0.06922961221003976,0.46870126043843136
2013-07-31,0.10780594576727537,0.06731999288676309,0.14352645170312753,0.20792035496637917,0.058599583181448874,0.013613925361699654,0.9021916195504,0.06911744930026163,0.06862289946502254,0.46647359488287543
2013-08-01,0.11124260323325293,0.06948578374363182,0.1466986548101568,0.21454632101681612,0.05166552180369773,0.024579211015292785,0.9021916195504,0.08410747842613228,0.06649976642644023,0.49543330021683796
2013-08-02,0.11169779727499352,0.07009336915998815,0.14744778015947455,0.21453724791293716,0.03861317631407078,0.02468832645456953,0.9021916195504,0.08678133461512795,0.06771319191647468,0.46847850981639666
2013-08-05,0.11128649935411482,0.07024076190632865,0.1463063338935277,0.21596487867877018,0.03670971763759462,0.03123707456459524,0.9021916195504,0.09569298619949024,0.06695498176969213,0.47694367079455063
2013-08-06,0.10969822180922208,0.06904841435093405,0.14400051116731807,0.21103845989151446,0.048674368750280965,0.03435212110166591,0.9021916195504,0.10314695858316239,0.06331506686856678,0.47738917203862
2013-08-07,0.10864804879113367,0.06853251831849146,0.14281363852272644,0.2075033794545759,0.052209368992168034,0.03008576435573956,0.9021916195504,0.09890914462423774,0.06104043642821916,0.46803295546059087
2013-08-08,0.10971610173910298,0.06919537869225684,0.1434963362323593,0.20982836232355995,0.04881032082264372,0.02950033630327215,0.9021916195504,0.10060106777409875,0.05914473027677449,0.46513698492719474
2013-08-09,0.10873095927619741,0.06880012151279923,0.14169861864265787,0.20934344918027273,0.05805573599297857,0.03178246199499762,0.9021916195504,0.10340284535355242,0.06081300954108219,0.46357762434947913
2013-08-12,0.10841394276138332,0.0692317824086361,0.1415546719969523,0.21173188845260538,0.04989802816592408,0.04703205625635289,0.9021916195504,0.12239011000491758,0.06119193382998448,0.469146814794237
2013-08-13,0.10917638980461791,0.06986743906377739,0.1423282224638747,0.21097046693622637,0.04309993182687545,0.048547147851458174,0.9021916195504,0.12292343838796878,0.06149529020249309,0.4936511359053515
2013-08-14,0.10775067872541262,0.06920195470927858,0.13952958139736749,0.20907153268292455,0.05302514625804336,0.04667575164976851,0.9021916195504,0.12059542744373955,0.0611163659135908,0.4929828309275112
2013-08-15,0.10383769278337354,0.06643165224205552,0.13396265585178077,0.19992114144957882,0.07600270617883821,0.040999395709208984,0.9021916195504,0.11087129027417804,0.05944808664928243,0.5025618512393113
2013-08-16,0.10294520447431255,0.06628512701587587,0.1332041510644095,0.19842103650032236,0.07110808148260551,0.03682446821309748,0.9021916195504,0.10539556852678064,0.05406432456745503,0.5190465657280774
2013-08-19,0.10135694677395908,0.06568456744180985,0.13145781543484183,0.1934130151019601,0.0810333088801132,0.042156664569879085,0.9021916195504,0.11599280877674467,0.05596003071890037,0.5312987528395028
2013-08-20,0.10237947634884648,0.06675934995022148,0.13126646525388377,0.2003562078453359,0.07845002501012444,0.03811259969450713,0.9021916195504,0.11138385562549051,0.06195014397676702,0.5157050408388755
2013-08-21,0.10082697850825482,0.06615396010958086,0.12866310456988406,0.19718828383457254,0.09245409983798948,0.03822638337692511,0.9021916195504,0.11152171863707765,0.0632394989521731,0.5248385067948699
2013-08-22,0.10312890537432094,0.06786132546713176,0.1302973691761285,0.2038142222231074,0.07641060129494576,0.036411613344070545,0.9021916195504,0.1123280456959137,0.062329429834647274,0.5350857789727742
2013-08-23,0.10419209641016948,0.06869834319071859,0.13145212508167828,0.2047387936378953,0.06580556167026529,0.03340632745061321,0.9021916195504,0.1052324995465785,0.06058558265394522,0.5165961495504868
2013-08-26,0.1030996545234392,0.06868869336769484,0.12987071324719038,0.2048430236848951,0.07953771938706504,0.04553692804248572,0.9021916195504,0.12039369171587146,0.06050965316857358,0.5137001790170905
2013-08-27,0.09882414853804336,0.06522087256077429,0.12566520469598805,0.19352178170089937,0.10373895168984276,0.04774185693299766,0.9021916195504,0.12104227252086212,0.060661150570338905,0.49498774586103217
2013-08-28,0.0995524431291969,0.06587144842065705,0.126859720738685,0.19488595606338383,0.09993200840421092,0.04703767332940088,0.9021916195504,0.11361984059006425,0.06104043642821916,0.5085765429281384
2013-08-29,0.10007429497834033,0.06705370703788475,0.1272656406349084,0.1996174690886543,0.1042827859119733,0.045771023357080144,0.9021916195504,0.10957580026420959,0.06005479939429965,0.5016707425276998
2013-08-30,0.09922893745004199,0.06571878629259882,0.1265091130041448,0.19234797654846067,0.10700203482066456,0.04613013650018851,0.9021916195504,0.1084938351611473,0.06013036731069333,0.5012252412836304
2013-09-02,0.09922893745004199,0.06571878629259882,0.1265091130041448,0.19234797654846067,0.10700203482066456,0.04615063122617441,0.9021916195504,0.11219651716858584,0.05937215716391079,0.5012252412836304
2013-09-03,0.10033439735453241,0.06671635950669505,0.12709304933005736,0.19477718946444456,0.10156356293596157,0.0538189986261702,0.9021916195504,0.12340899420223131,0.05944808664928243,0.5232791462171544
2013-09-04,0.10249814669367205,0.0683144922948573,0.12948579461200713,0.1990011065867304,0.09163833553845391,0.055219927006894806,0.9021916195504,0.12132969974412643,0.06020629679606497,0.5341947233728991
2013-09-05,0.10282327962504696,0.06874177274938817,0.12964900647880465,0.20041059114480553,0.09014275901174552,0.05360691616541248,0.9021916195504,0.11602342545066446,0.059827010938184724,0.5524616021731517
2013-09-06,0.1028379248950271,0.06879573036136777,0.12927913352317252,0.20080040266877605,0.09123045338868614,0.0590674702319798,0.9021916195504,0.11550725296248213,0.059675513536419394,0.5433281362171573
2013-09-09,0.10552676074321093,0.07082114360406089,0.13275109286125905,0.20829196495878763,0.0882392873689296,0.08161584366805193,0.9021916195504,0.13572428734962583,0.06013036731069333,0.5341947233728991
2013-09-10,0.10752308170454233,0.07182310796958856,0.13590996221701945,0.2126609410955286,0.07328347023648672,0.08953409491229054,0.9021916195504,0.1476061082200007,0.06050965316857358,0.5480062710620399
2013-09-11,0.10835867571952057,0.07164719415919453,0.13925649266884796,0.21248871809324074,0.0636301729163841,0.09055518770474326,0.9021916195504,0.15111954751019357,0.05975144302179104,0.5393183594618511
2013-09-12,0.10743042755069776,0.07125061963430748,0.13861553225296996,0.20937968627198444,0.07002038710566492,0.09501241107471231,0.9021916195504,0.15465559739003412,0.05861394701712824,0.5364223889284548
2013-09-13,0.10817334756729216,0.07152304238506439,0.14047767621408266,0.21187235559131687,0.06825288050155151,0.08898476034947607,0.9021916195504,0.15219253876055522,0.058234661159248,0.5344174739949338
2013-09-16,0.10973560892120392,0.07133309831034063,0.14340893144330022,0.21290115705310456,0.07124404652130803,0.08748735494383268,0.9021916195504,0.14962144198287658,0.058841373904265214,0.5290710872839469
2013-09-17,0.1108995903719971,0.07255483444994959,0.1442718638558894,0.217496739491603,0.07328347023648672,0.07323486705488738,0.9021916195504,0.13473689961571236,0.059978869908928006,0.5243929524390643
2013-09-18,0.11427447178723185,0.07421920936397405,0.14790652871578855,0.22229170892022207,0.060503054824264796,0.07519082297786699,0.9021916195504,0.13356211672246218,0.060888577457475876,0.49209177532763604
2013-09-19,0.11375750169474846,0.07447101512325405,0.14690927021220676,0.22152126962376825,0.05465668782345426,0.07519082297786699,0.9021916195504,0.13356211672246218,0.060661150570338905,0.5010024375498595
2013-09-20,0.11173681163919535,0.07382834333594789,0.14233019962048238,0.22041540210281355,0.05411284063498396,0.07519082297786699,0.9021916195504,0.13356211672246218,0.060661150570338905,0.49743821515035913
2013-09-23,0.11042488914815558,0.07341422562558593,0.14110284348876517,0.2200981754098747,0.07029231718306996,0.08426725395948617,0.9021916195504,0.15505291031940713,0.060661150570338905,0.4934283852833169
2013-09-24,0.10970635807032215,0.07354407518645151,0.13945377431962908,0.22125388967835957,0.06716518612461093,0.08006591103877063,0.9021916195504,0.15014386097637014,0.06050965316857358,0.4798396413279469
2013-09-25,0.10895042003596764,0.07323041845274074,0.13793951347480451,0.22072361101567756,0.06621345678637282,0.0772626879622557,0.9021916195504,0.14554124230937523,0.06043372368320194,0.47115172972775815
2013-09-26,0.10990956615243148,0.07438547335134434,0.13929847107926227,0.2229443638376618,0.06689326901354564,0.06398491405992096,0.9021916195504,0.1298440383991157,0.05975144302179104,0.4776119226606547
2013-09-27,0.10878459906584015,0.07412928715075834,0.1375686760525345,0.22103176460473742,0.08592793357634589,0.0652963488038405,0.9021916195504,0.13280083488502537,0.06081300954108219,0.4722655359496679
2013-09-30,0.10712642905364379,0.07368577014605655,0.13439423056057212,0.22085052382237474,0.10142759789725905,0.06984746838138195,0.9021916195504,0.13660988344065078,0.059675513536419394,0.47137448034979285
2013-10-01,0.10931294007932438,0.075725663478348,0.1359257794698809,0.22703235037317565,0.08701562795328648,0.06984746838138195,0.9021916195504,0.13660988344065078,0.060888577457475876,0.47828022763849515
2013-10-02,0.10912923917931598,0.07559581391748242,0.13447989930968302,0.22482067065507036,0.10142759789725905,0.06984746838138195,0.9021916195504,0.13660988344065078,0.060888577457475876,0.4738248965273834
2013-10-03,0.10665660958646232,0.07381123926561613,0.13110573688867885,0.21954073275935992,0.11597551991359438,0.06984746838138195,0.9021916195504,0.13660988344065078,0.060888577457475876,0.4693695654162717
2013-10-04,0.10858139098373082,0.07527688780205392,0.1329846625692909,0.22287183433043425,0.10333105657373523,0.06984746838138195,0.9021916195504,0.13660988344065078,0.060888577457475876,0.4796168375941759
2013-10-07,0.10624368441336361,0.07363751032081238,0.12961838466305153,0.21722482299425486,0.13963289206156204,0.06984746838138195,0.9021916195504,0.13660988344065078,0.060888577457475876,0.4756070608388699
2013-10-08,0.10288342842356975,0.07032324058236178,0.12567509047902647,0.20882678017340914,0.1522773554014212,0.0771644650903085,0.9021916195504,0.15165111631428385,0.060888577457475876,0.4760525620829393
2013-10-09,0.1030378784726964,0.06957527755182984,0.12632815495121005,0.20710455015053053,0.1422161759315508,0.08138357010687848,0.9021916195504,0.15041140495737618,0.06058558265394522,0.4791713363501066
2013-10-10,0.10891628742842584,0.07321506013285611,0.13430535495989024,0.21890622404967813,0.0997960433655084,0.0749041245332421,0.9021916195504,0.15203488048565786,0.06058558265394522,0.4869681392386839
2013-10-11,0.11064597716014582,0.07458025840276815,0.137046971936432,0.22561832926316105,0.0894629467845727,0.08647537091848481,0.9021916195504,0.15673577163761945,0.05656674346391759,0.4862998342608435
2013-10-14,0.1117741987511772,0.07560722020107875,0.1386308431608465,0.2283330683323115,0.09422160644210288,0.08946851178913569,0.9021916195504,0.15872946257927617,0.06020629679606497,0.4883047491943647
2013-10-15,0.10981040298970685,0.07467413265227217,0.1353408545656645,0.22349273338429762,0.12943574755298912,0.08811267180558005,0.9021916195504,0.15334567883258624,0.05057626863707297,0.4947649952389975
2013-10-16,0.11362746042892205,0.07666664438960574,0.14042262928072488,0.2292938768388111,0.07573078906777295,0.07557103809810158,0.9021916195504,0.13915933739711028,0.04663335893241697,0.48384941808325294
2013-10-17,0.11551485471420872,0.0777072080472284,0.14036881204233045,0.2337580099186729,0.05900746533121665,0.07416198773337515,0.9021916195504,0.13720717251893097,0.044434296408463025,0.46513698492719474
2013-10-18,0.1173599801308535,0.07995021890853797,0.14106014172837245,0.23942316746261025,0.05302514625804336,0.07579055938532825,0.9021916195504,0.1429430480156986,0.04322123248740655,0.4655825392830004
2013-10-21,0.1173859963218345,0.0802033420132474,0.1408761938288602,0.2383852928969436,0.05465668782345426,0.0868145965867476,0.9021916195504,0.15687539422816751,0.0421596659681154,0.47003787039411193
2013-10-22,0.11901328823092908,0.08062097264475453,0.14273932636827677,0.23981292366277662,0.056968041616037995,0.0810362983610064,0.9021916195504,0.1460754504819069,0.038974966410241944,0.4484295198163938
2013-10-23,0.11766560588012749,0.07963392748396833,0.1413978979449627,0.23768284655577784,0.05819170103168106,0.072472159622642,0.9021916195504,0.13646480615532394,0.039050534326635626,0.44241477501583026
2013-10-24,0.11859059954451028,0.08059420804127357,0.14376520541933804,0.2412722549683819,0.05520053501192456,0.06663169406141024,0.9021916195504,0.13408277613699485,0.032074784034849466,0.45065718537194965
2013-10-25,0.11984237323702726,0.08122592337025199,0.1452730525610206,0.24104111211468493,0.05370495848521618,0.05687931665421928,0.9021916195504,0.12445136877867316,0.03093728803018667,0.4464246048828726
2013-10-28,0.12022277321026491,0.0810842177005215,0.14523970612701542,0.24087342566433653,0.0566961245049727,0.057163434281497796,0.9021916195504,0.12058372624364952,0.03245370832375175,0.4484295198163938
2013-10-29,0.12182242167615849,0.08161986320428018,0.1479907025416107,0.24227837367047217,0.05805573599297857,0.055607353234420724,0.9021916195504,0.12619088853942673,0.03359120432841455,0.44731566048274773
2013-10-30,0.12041786487581342,0.08066703689428296,0.14647002799364417,0.23522187777621764,0.06131881912380034,0.06543184171452501,0.9021916195504,0.14010528704649436,0.03715518974416825,0.4517709915938594
2013-10-31,0.11931728672798306,0.08018842280850591,0.14466739162408948,0.2327972014121733,0.062678443578146,0.05957148867844769,0.9021916195504,0.13028912389727737,0.039884673958789814,0.4551125164830614
2013-11-01,0.12014637173408123,0.0802906402457297,0.14639077294767527,0.2307668178002348,0.05628822938886516,0.06204262128759862,0.9021916195504,0.13094764632339714,0.04041545721843539,0.4724882865717026
2013-11-04,0.1211689211535079,0.08092893159172984,0.14697273211698017,0.2364818220917023,0.051529569731334955,0.06206501367339802,0.9021916195504,0.12781339629927993,0.044206869521326735,0.46847850981639666
2013-11-05,0.12036257798941141,0.08107238301190747,0.14645669424237528,0.23435622621283886,0.0561522773165024,0.06442980142659992,0.9021916195504,0.13094861409182565,0.04382794523242377,0.48184450314973176
2013-11-06,0.12158508098650737,0.08072537494756858,0.14963335800760483,0.23210830940302185,0.04799455652310813,0.05894746222537352,0.9021916195504,0.11618565863086017,0.0421596659681154,0.47694367079455063
2013-11-07,0.11779078523383311,0.07745190007692869,0.1458582185818965,0.2232525174267217,0.0648538323320272,0.05577396776604678,0.9021916195504,0.11189650895575103,0.039050534326635626,0.4709289259939871
2013-11-08,0.1216045881686083,0.08016736670188584,0.15000125380662926,0.23271559880106676,0.05112167461522741,0.048538114990745874,0.9021916195504,0.10425237007587876,0.03768597300381383,0.5005569363057901
2013-11-11,0.12181267800737766,0.08019193572965107,0.15052763558592555,0.2334090273621577,0.046091084880292225,0.04957780484937097,0.9021916195504,0.1054478280219196,0.037458184547698906,0.5016707425276998
2013-11-12,0.12112988694476678,0.08019763351638651,0.14972693538314644,0.23339541770633926,0.05003398023828686,0.05495691135674251,0.9021916195504,0.11541531496177469,0.03806489729271612,0.5054577686609713
2013-11-13,0.12345622259413314,0.08220068401715556,0.15147896136587766,0.23824936231017158,0.04595513280792947,0.042883847810415585,0.9021916195504,0.10025240720299484,0.03851975106699006,0.49587880146090735
2013-11-14,0.12485754473457746,0.08251477986600948,0.15282680349233368,0.2379139340856707,0.043915696126411025,0.046790522115289515,0.9021916195504,0.10435508549772177,0.039202393297378915,0.49075516537195535
2013-11-15,0.12608655674055347,0.08309516156374172,0.15493734583603586,0.24007123050430634,0.0414683772951248,0.05777220354967136,0.9021916195504,0.11781177352758322,0.03867161003773334,0.492314579061407
2013-11-18,0.12500548577482404,0.08147641178410255,0.15529089519382164,0.2360331460401268,0.05384092352391871,0.07685977683065155,0.9021916195504,0.1374368855522775,0.03867161003773334,0.48540877866096843
2013-11-19,0.12441048695393694,0.08070783176209367,0.1550689473087764,0.23335464406268808,0.0577838188819133,0.0755869025341425,0.9021916195504,0.1318026257405023,0.0385956805523617,0.4929828309275112
2013-11-20,0.12335380492696847,0.08025686051008386,0.15343420046921302,0.2326340515137644,0.057919770954276036,0.07978050300281894,0.9021916195504,0.13625937531163793,0.039278322782750556,0.5108042084836943
2013-11-21,0.12570776417499657,0.0823577265865198,0.15612964360546563,0.2416212375248971,0.04785859148440563,0.07951718372709649,0.9021916195504,0.1327764647164168,0.039126463812007274,0.5090220441722079
2013-11-22,0.1271562369407428,0.08334433263216284,0.15748216339511545,0.2440232864530482,0.04242011959970264,0.07659827930835006,0.9021916195504,0.12748998568626504,0.039202393297378915,0.5018935462614709
2013-11-25,0.12678558063628598,0.08347243644258129,0.1576740199210584,0.2439326107380627,0.04962609808851905,0.07340740228513158,0.9021916195504,0.12444591408389435,0.03980910604239613,0.499443076972144
2013-11-26,0.12682947675714787,0.084489309302725,0.1576804336242004,0.2483786529339707,0.04989802816592408,0.07246160863407888,0.9021916195504,0.12316661220036625,0.038974966410241944,0.4894186085280108
2013-11-27,0.1275577713483014,0.08567376349566842,0.15828609456113152,0.25146046544359013,0.052209368992168034,0.07805712426658294,0.9021916195504,0.13056388215202314,0.039050534326635626,0.4983292707502341
2013-11-28,0.1275577713483014,0.08567376349566842,0.15828609456113152,0.25146046544359013,0.052209368992168034,0.0837474469833699,0.9021916195504,0.13965483483250193,0.03882310743949866,0.4983292707502341
2013-11-29,0.12732693966753034,0.0863379305047378,0.15801647791250842,0.2521675036604995,0.06199863135097318,0.08409934901918693,0.9021916195504,0.1391359349969302,0.03882310743949866,0.499443076972144
2013-12-02,0.12652873276453394,0.08569613694771792,0.15609950402303147,0.24592675725828947,0.06920460983978959,0.0800161923516567,0.9021916195504,0.12418373681871907,0.03942982018451588,0.5128091234172155
2013-12-03,0.12559397558683105,0.0853425528663573,0.1537749224207148,0.2435066174461846,0.07355540031389175,0.08477279053380488,0.9021916195504,0.13462331879378575,0.039278322782750556,0.507017182350423
2013-12-04,0.1252135756135934,0.08537764994743256,0.15316135285735297,0.2424188961329878,0.07559482402907043,0.0938178721753049,0.9021916195504,0.14438000817412405,0.03882310743949866,0.521719785639439
2013-12-05,0.12394880374785557,0.08516576082567699,0.15147599563096614,0.242912882380154,0.08076137880270817,0.09235690183808089,0.9021916195504,0.1407737510937433,0.038216756263459405,0.5263978673725854
2013-12-06,0.12720987673038553,0.08645331068613048,0.15638173107294503,0.24695102216813766,0.0632222907666163,0.08926174277585579,0.9021916195504,0.1377008223964137,0.03798896780734448,0.5310759491057319
2013-12-09,0.1277430995005298,0.08672661166717369,0.15651333254568559,0.2460808340528194,0.05914343036991917,0.08960127206968875,0.9021916195504,0.13706930950734383,0.030785790628421347,0.5252840611506756
2013-12-10,0.12680834232282695,0.08636425599307561,0.15521954877428346,0.2416529380646693,0.0648538323320272,0.08938114353132175,0.9021916195504,0.14017734180494354,0.023582251880520256,0.511918014705604
2013-12-11,0.12349198245389496,0.0838777825602058,0.1520196895864126,0.2334090273621577,0.08538408638787556,0.07901969323038706,0.9021916195504,0.1271710619996005,0.022596253277622786,0.5223880906172792
2013-12-12,0.12239954056716468,0.0836404461803987,0.1494494101080926,0.2342112225221879,0.08701562795328648,0.07859370655545064,0.9021916195504,0.12634678723536316,0.023127036537268362,0.5297393922617873
2013-12-13,0.12237026987174365,0.08375363078607566,0.14984274371469147,0.23592437944118752,0.09000679397304301,0.07650407947520749,0.9021916195504,0.12897471841347916,0.022975539135503036,0.5277344773282662
2013-12-16,0.12419428069860676,0.08500564445031074,0.15303298234784937,0.2417254675718969,0.09367777221997235,0.06555564504075832,0.9021916195504,0.11481714609401404,0.022823680164759753,0.5297393922617873
2013-12-17,0.12329365612844569,0.0847494475395993,0.15280310172470746,0.2412904011761398,0.09612506511857906,0.06251430361084433,0.9021916195504,0.10948025512663227,0.022975539135503036,0.5221652868835084
2013-12-18,0.12811375580498663,0.08678408220029846,0.16003021191743202,0.24801152416969757,0.06335825580531881,0.06164555494822008,0.9021916195504,0.11159922809030563,0.022672182762994427,0.5315215034615375
2013-12-19,0.12794305307819906,0.08626116032556554,0.16030453034091485,0.24426344708682,0.06811691546284897,0.05527404826477607,0.9021916195504,0.10355957984949529,0.023202966022640003,0.540432165683761
2013-12-20,0.12936062789630431,0.08830545551941388,0.16134299568160063,0.25378998486451365,0.0632222907666163,0.041905414410570545,0.9021916195504,0.08725430943982,0.022823680164759753,0.5319670578173432
2013-12-23,0.13093265276353616,0.09024268158921296,0.16315701275748246,0.2586620203522998,0.05302514625804336,0.04343295465405244,0.9021916195504,0.08930743016088138,0.022899609650131394,0.5413232212836361
2013-12-24,0.13179912488161616,0.09052870619928194,0.1647110096277882,0.2607377694836331,0.04541127265311941,0.04442725248993842,0.9021916195504,0.09272360872401009,0.02198990210158353,0.5533526577730268
2013-12-25,0.13179912488161616,0.09052870619928194,0.1647110096277882,0.2607377694836331,0.04541127265311941,0.04860870793580839,0.9021916195504,0.09893439458232677,0.022975539135503036,0.5533526577730268
2013-12-26,0.1332134650398206,0.09104461294184997,0.16773140568601305,0.26112298913186,0.04337184893794075,0.038269346395102946,0.9021916195504,0.0810029652864544,0.022975539135503036,0.5549120183507422
2013-12-27,0.13311267462487594,0.09058002912040267,0.16769509351709638,0.2604159509149506,0.04513935554205414,0.047022112518930105,0.9021916195504,0.0946533389704378,0.022975539135503036,0.5584762938619788
2013-12-30,0.13305901499069395,0.09047519841257091,0.16833405266470075,0.2601893446131931,0.060095172674497016,0.04586491956465255,0.9021916195504,0.09018941911503647,0.020852406096920732,0.5517932971953112
2013-12-31,0.13424413087580808,0.09145740259665706,0.1701209200047259,0.2615716651834355,0.06227056142837821,0.051600937929748784,0.9021916195504,0.10122448659994841,0.01562014141685866,0.5629316249730907
2014-01-01,0.13424413087580808,0.09145740259665706,0.1701209200047259,0.2615716651834355,0.06227056142837821,0.051600937929748784,0.9021916195504,0.10122448659994841,0.009705957644363645,0.5629316249730907
2014-01-02,0.13158129137406596,0.08998692379364467,0.166780055794395,0.25571613842945234,0.06920460983978959,0.049551693050337096,0.9021916195504,0.10055782612113442,0.009705957644363645,0.5537981590170962
2014-01-03,0.13148212821134134,0.08949736395966533,0.16748720273329845,0.2581498878973757,0.0628144086168485,0.0413896304732589,0.9021916195504,0.09280468132463392,0.007203538747901092,0.556025824572652
2014-01-06,0.13073432643808688,0.08869763889286948,0.16637883767303135,0.2541027303293172,0.0599592076357945,0.02975340821600166,0.9021916195504,0.07389765347388616,0.00781025149291831,0.5484517723061093
2014-01-07,0.13254043749052982,0.0904304515084719,0.16899206002840353,0.2588478530104061,0.05139360469263244,0.03025336567046864,0.9021916195504,0.07280306339177936,0.008719959041466177,0.5431053855951226
2014-01-08,0.13247703418756698,0.09097572541500344,0.16730819772530545,0.25877078695123906,0.05071379246545965,0.029327763119831676,0.9021916195504,0.07242739328362552,0.007582824605781344,0.5555803233285826
2014-01-09,0.1325810791069517,0.09056248593492776,0.1668642537318831,0.2591741528072239,0.050985722542864674,0.024129921077846485,0.9021916195504,0.06743647952943228,0.007658392522175025,0.5488973266619152
2014-01-10,0.13327035933390335,0.09137317817017679,0.16667391624089484,0.2619750310394203,0.04078857803429174,0.019676417121111914,0.9021916195504,0.058544579218906184,0.010464167791146188,0.5259523130167797
2014-01-13,0.12950368717989083,0.08868095251742998,0.16225161970116,0.2545241870692558,0.05628822938886516,0.01851546680040361,0.9021916195504,0.05174464233500351,0.008341034752563885,0.5186010113722718
2014-01-14,0.13270300395621726,0.09173948588056316,0.1651137226724406,0.26147650824031465,0.04269203671076791,0.023887438106876352,0.9021916195504,0.060141881010144366,0.0015923497789367268,0.5279572279503009
2014-01-15,0.1342473853802481,0.09313713583056615,0.16778223307783005,0.2650659166529187,0.04269203671076791,0.022801103770035136,0.9021916195504,0.060414835696455206,0.0,0.5312987528395028
2014-01-16,0.13384259646824945,0.09330427804822272,0.1661790966323236,0.2658726483648884,0.046091084880292225,0.022910864413648546,0.9021916195504,0.060272529747991785,0.003639553332147387,0.5221652868835084
2014-01-17,0.13267373326079626,0.09237821634170647,0.16720499979505085,0.2637425712578896,0.044867425464649106,0.01708060826221347,0.9021916195504,0.0492230337156004,0.011070880536163405,0.5186010113722718
2014-01-20,0.13267373326079626,0.09237821634170647,0.16720499979505085,0.2637425712578896,0.044867425464649106,0.012822373500288939,0.9021916195504,0.04739962602788554,0.006900182375392483,0.5186010113722718
2014-01-21,0.1335028381114337,0.09361442186078833,0.16611563472755023,0.26704645351732703,0.05071379246545965,0.018126522445026882,0.9021916195504,0.05362484043368167,0.008795888526837818,0.5181555101282023
2014-01-22,0.133675148245902,0.09437072807904004,0.16510087115449068,0.2695708787002358,0.050305910315691864,0.03163133236744979,0.9021916195504,0.07407695457000267,0.00712760926252945,0.5259523130167797
2014-01-23,0.13100905423971984,0.09331261052581703,0.1607556113874576,0.2655418120161311,0.06295037365555102,0.028656219265027174,0.9021916195504,0.07119586396888607,0.007658392522175025,0.5065716279946173
2014-01-24,0.12480390494493472,0.08933328483788533,0.1528981740235378,0.25272948286295377,0.12236572113653552,0.03245309497309156,0.9021916195504,0.07720214276247123,0.008037678380055277,0.4981064670164632
2014-01-27,0.12338470287460951,0.08737850487248588,0.1518801794872413,0.24529678510054714,0.11257647174407008,0.025895314002353554,0.9021916195504,0.06795898650187389,0.0058386158561013314,0.5050122674169019
2014-01-28,0.12516317048385145,0.08800801391562314,0.15411909234044707,0.25006005398939396,0.0905506411615133,0.027516067295874996,0.9021916195504,0.06689681666212183,0.005231903111084114,0.5005569363057901
2014-01-29,0.12218819622395527,0.08596680323790226,0.14943361696689708,0.24290380927627503,0.11162474240583199,0.031060819921116558,0.9021916195504,0.06390940350229236,0.007355397718644376,0.484740473683128
2014-01-30,0.1254378982854844,0.08911218500824915,0.15214511847267062,0.2505676498923786,0.11080897810629642,0.02582783321938519,0.9021916195504,0.05175093282978876,0.010919021565420121,0.48875030355017035
2014-01-31,0.12355213125241775,0.0882677130373543,0.14844747394131702,0.24672441586638016,0.12603669938346482,0.02582783321938519,0.9021916195504,0.05175093282978876,0.015013790240819402,0.48318111310541256
2014-02-03,0.11693568403675395,0.08357727786053849,0.14039719147315047,0.2302727762292645,0.1672331725338641,0.02582783321938519,0.9021916195504,0.05175093282978876,0.015013790240819402,0.46380042808325017
2014-02-04,0.11909943337589358,0.08509338179793617,0.14218577074145783,0.23401631676020263,0.13555404463120463,0.02582783321938519,0.9021916195504,0.05175093282978876,0.015013790240819402,0.473379395283314
2014-02-05,0.11852070707720666,0.08421732566711122,0.14206207789514802,0.229824100177689,0.14697484855542073,0.02582783321938519,0.9021916195504,0.05175093282978876,0.015013790240819402,0.48295836248337787
2014-02-06,0.12206303671478891,0.08621642413159197,0.14671126521144726,0.23451035833117295,0.10999318787408133,0.02582783321938519,0.9021916195504,0.05175093282978876,0.015013790240819402,0.49075516537195535
2014-02-07,0.12589797408388503,0.08923194563094784,0.15079874715783737,0.2402298991745799,0.08361657978376216,0.02937657093023512,0.9021916195504,0.055709501607617326,0.015013790240819402,0.484740473683128
2014-02-10,0.12635640278552637,0.09021065831413971,0.1509891087604916,0.24121787166891226,0.08320869763399438,0.0423011903412759,0.9021916195504,0.0733301012800453,0.016833566906893097,0.48540877866096843
2014-02-11,0.12959310667383464,0.09209174190636892,0.15575383918001046,0.2459449034660474,0.07301155312542144,0.047774496681790006,0.9021916195504,0.07566880166646205,0.013800364750784966,0.4945422446169628
2014-02-12,0.12951345069321094,0.09254096740793158,0.15499265799771902,0.2474767642788802,0.07015635214436744,0.04972832722577848,0.9021916195504,0.0814308948897472,0.014710433868310793,0.5043439624390614
2014-02-13,0.1312317695039301,0.09426851064181627,0.1565641840491685,0.25438825648248375,0.06798096339048623,0.04613598129241412,0.9021916195504,0.07737959630067878,0.016075356760110553,0.4983292707502341
2014-02-14,0.13266236233979542,0.09441547498313906,0.15969491509076836,0.2550317829722404,0.06023112474685979,0.051560479822524784,0.9021916195504,0.07977957402440915,0.01698506430865842,0.5005569363057901
2014-02-17,0.13266236233979542,0.09441547498313906,0.15969491509076836,0.2550317829722404,0.06023112474685979,0.0576441494654558,0.9021916195504,0.085203872076674,0.01948748320512165,0.5005569363057901
2014-02-18,0.13300862970549127,0.09567712776027243,0.1591026120167721,0.2605927104691779,0.06430998514355689,0.05256100198259907,0.9021916195504,0.0751597994625454,0.017364350166538672,0.4927600803054764
2014-02-19,0.13105620486502176,0.09414919984438616,0.15688441108461507,0.2549683265688918,0.08647178076481618,0.05986372828972802,0.9021916195504,0.08610297293622393,0.019866769063001225,0.4978837163944284
2014-02-20,0.13284931774424383,0.09544769545304195,0.15917248762468744,0.26088277317428404,0.07681848344471354,0.05869097452497969,0.9021916195504,0.07602916343765598,0.026766951438393707,0.5023390475055403
2014-02-21,0.13227545335767768,0.09526609456603792,0.15843348917506758,0.262020341235011,0.07532290691800514,0.050890530001963696,0.9021916195504,0.06778060918471185,0.032074784034849466,0.4978837163944284
2014-02-24,0.13412220602654248,0.09656285513437202,0.16099733083857962,0.26651623017844916,0.06920460983978959,0.03938456311430569,0.9021916195504,0.04903924569313357,0.038140826778087764,0.5014479919056651
2014-02-25,0.13371741711454385,0.09632682538986892,0.16031885267048757,0.2662442583572968,0.06159074920120537,0.026181025663875413,0.9021916195504,0.027545724748799207,0.04344865937454352,0.49053241474992065
2014-02-26,0.13372392612342393,0.09652292778672215,0.1607817966566764,0.26976572913841695,0.07083616437154028,0.028368306318121716,0.9021916195504,0.028956511170181155,0.0632394989521731,0.4842949724390586
2014-02-27,0.13520815874893197,0.09770168419293014,0.16261481372532471,0.27258469825456716,0.06662133893614061,0.030264865488938503,0.9021916195504,0.017166540321565695,0.06339099635393843,0.47738917203862
2014-02-28,0.136046987423811,0.09722746125858454,0.16382611148752102,0.27035946420444756,0.0660774917476703,0.03304691068193468,0.9021916195504,0.03312948464439635,0.06612084213753862,0.4809534475498566
2014-03-03,0.1338165802772685,0.09587541502271596,0.16003170684072074,0.2673365162224331,0.0932698771038648,0.038933451423438424,0.9021916195504,0.03546998859924802,0.07878371088366012,0.46959236915004265
2014-03-04,0.13839771201193832,0.09915110688932247,0.16565741662788708,0.2819707688935494,0.06743711620201596,0.03776373391439171,0.9021916195504,0.0314339983471395,0.07969378000118595,0.4883047491943647
2014-03-05,0.13838145933427742,0.09941431893219878,0.16477594234418438,0.28072897078582265,0.06458191522096192,0.0320463885218604,0.9021916195504,0.027021370218448647,0.07764657644797529,0.48986410977208017
2014-03-06,0.1389049185911016,0.0991581113113619,0.1662996067387284,0.2801080717319593,0.06893269272872432,0.03406542265704103,0.9021916195504,0.03187723628739221,0.07339994880183272,0.4985520213722689
2014-03-07,0.1390691123090091,0.09846017527677213,0.16706081203268577,0.27955511030957986,0.06757306827437869,0.03354622293206507,0.9021916195504,0.029755623955277484,0.05868987650249989,0.5103586541278887
2014-03-10,0.13892768027764257,0.09838252686731358,0.16622032758109356,0.2782952213178993,0.0687967276900218,0.01525118829559862,0.9021916195504,0.010833243778095802,0.06437663338785793,0.5090220441722079
2014-03-11,0.13737678984473167,0.0971866556806484,0.16455546527076195,0.2721813877223865,0.07695444848341605,0.015901630173276837,0.9021916195504,0.019313358622295423,0.07385516414508461,0.5050122674169019
2014-03-12,0.13746944399857625,0.09789470207365593,0.16427967603565632,0.2741392418270974,0.07246770593695115,0.014824328697147992,0.9021916195504,0.01971427868853829,0.0750682280661411,0.49610160519467833
2014-03-13,0.13391574343999313,0.09513491694961747,0.15857150435095013,0.26750873922472096,0.09626103015728157,0.021483748327497523,0.9021916195504,0.028927698064696288,0.07878371088366012,0.4798396413279469
2014-03-14,0.13306877850401405,0.0944760086121404,0.1575043943511189,0.26962526199970543,0.11801494362877307,0.01689095614045142,0.9021916195504,0.02169983157750081,0.07203538747901092,0.47805747701646045
2014-03-17,0.13594619700886634,0.09599168414452038,0.16198692183239016,0.27271614761320384,0.08837525240763211,0.022902135178506408,0.9021916195504,0.030849334247903825,0.08272662058831612,0.49008686039411486
2014-03-18,0.13812784612242615,0.09833251058149683,0.1641836392701881,0.28033467803371676,0.07314751816412396,0.023375677208369347,0.9021916195504,0.02484305545431867,0.10388238305774546,0.4860770836388088
2014-03-19,0.13626158627146043,0.09720464869139189,0.16136843348917507,0.27608354159979404,0.08130522599117845,0.02229928660895099,0.9021916195504,0.013687280852688445,0.11442211876528532,0.5063488773725826
2014-03-20,0.13808883175822428,0.09771747091783248,0.16405671546064132,0.2775836465490505,0.07314751816412396,0.013514450034275531,0.9021916195504,0.0,0.12344543417926011,0.507017182350423
2014-03-21,0.1371963434491633,0.0958530522807919,0.16335846572647245,0.2752088169325363,0.07967368442576755,0.030347261878041046,0.9021916195504,0.02192593747397748,0.14134056760544436,0.5014479919056651
2014-03-24,0.13572022724021607,0.09364207540468102,0.16271456368734885,0.268184021578054,0.08089734384141067,0.03614890131948841,0.9021916195504,0.02482589955944982,0.13944486145399904,0.4976609657723938
2014-03-25,0.13705002966113672,0.09398775541346503,0.16496606283017912,0.2681024742907516,0.06634942182507533,0.036469757640756446,0.9021916195504,0.0228971370814506,0.11730382351962813,0.4981064670164632
2014-03-26,0.13492692193841896,0.0913253681702012,0.16252444320135412,0.2578779714000275,0.07872195508752945,0.03533768970240975,0.9021916195504,0.022161984991583273,0.12170158699855806,0.49053241474992065
2014-03-27,0.13435468480407284,0.09034489902643675,0.1624069229415268,0.25604243822627015,0.07450712965212983,0.03002670918234317,0.9021916195504,0.015750299205404935,0.1275402028546594,0.48407216870528763
2014-03-28,0.13574949793563706,0.09054361469389798,0.16385943380986023,0.25621018000042267,0.07165192867107582,0.028510706710527405,0.9021916195504,0.015079107810766608,0.13019411915288728,0.4929828309275112
2014-03-31,0.13814247154786702,0.09244007802626268,0.1671827688390474,0.2658318747212372,0.0644459501822594,0.02589717370897072,0.9021916195504,0.017242202216884734,0.1296633358932417,0.49543330021683796
2014-04-01,0.140285106297225,0.0954692013849306,0.16903329097717348,0.2729291442591429,0.05384092352391871,0.030297808863301013,0.9021916195504,0.02548807311191349,0.13345474819613237,0.5034529068391863
2014-04-02,0.14115971467640506,0.09583857219119356,0.17003054948075527,0.27479189674453713,0.05370495848521618,0.033882032812663554,0.9021916195504,0.03021597380092502,0.12564449670321406,0.5132546246612849
2014-04-03,0.14081344731070922,0.09413998913650556,0.17001945811441949,0.2694938126410688,0.05751188880450827,0.029129419716123754,0.9021916195504,0.02700966901835861,0.1247347891546662,0.5103586541278887
2014-04-04,0.13696386467163296,0.08931398519183784,0.16607295707882344,0.2569216994454674,0.06553364455920001,0.03383322500226011,0.9021916195504,0.03329792034042926,0.1285258398885789,0.49610160519467833
2014-04-07,0.133704418941323,0.0872091670791136,0.16195359951005095,0.24894516868836444,0.08742351010305428,0.03383322500226011,0.9021916195504,0.03329792034042926,0.12973926537861333,0.48919580479423974
2014-04-08,0.13482936618337507,0.08866737207836882,0.16220715778915312,0.2527793296104839,0.07817810789905917,0.0460996221303873,0.9021916195504,0.045987959817023145,0.12973926537861333,0.4860770836388088
2014-04-09,0.13811647520142525,0.09177808517265815,0.16667709898079988,0.2599038184600265,0.0636301729163841,0.048261436189936315,0.9021916195504,0.04622123599776551,0.11806203366641067,0.4867453886166492
2014-04-10,0.13176011051741432,0.08608437899501066,0.16008576519577467,0.24526508456077492,0.09177430057715642,0.057297484970724046,0.9021916195504,0.050901408107462416,0.12086744736640455,0.4742704508831891
2014-04-11,0.1289330772977647,0.08369879494380976,0.1565434480164538,0.2379139340856707,0.10727396489806959,0.05612905787035052,0.9021916195504,0.05303023471331686,0.1299666922657503,0.4722655359496679
2014-04-14,0.1313585761098557,0.08470601798092972,0.16016034257854977,0.23968601085607943,0.09476546659691294,0.05643905957748528,0.9021916195504,0.052710387247697825,0.12905662314822447,0.47672086706077976
2014-04-15,0.13336952249662798,0.08520919038434656,0.1623656678810909,0.241562317673488,0.08796735729152456,0.04713096228583296,0.9021916195504,0.04067715460773684,0.13489523900432582,0.4742704508831891
2014-04-16,0.13651194497887167,0.08749343522860999,0.16637266508654883,0.24712778172236502,0.06852481057895651,0.048225684279049816,0.9021916195504,0.04236635041020844,0.13709430152827976,0.47627536581671026
2014-04-17,0.13692485030743107,0.08790097692195022,0.16596995204189643,0.24990597719486404,0.057375923765805754,0.04628650366882162,0.9021916195504,0.04079698193497467,0.13663944775400583,0.49498774586103217
2014-04-18,0.13692485030743107,0.08790097692195022,0.16596995204189643,0.24990597719486404,0.057375923765805754,0.04593300759876124,0.9021916195504,0.04122042461191716,0.13489523900432582,0.49498774586103217
2014-04-21,0.13806932457612334,0.08904286907638491,0.16697511917190894,0.2519046602670303,0.05588034723909737,0.03600801905493353,0.9021916195504,0.03201866244637518,0.13489523900432582,0.49498774586103217
2014-04-22,0.13931458925976029,0.09079367470273082,0.16858293328060917,0.25793235469949716,0.055064569973222045,0.038186001176093644,0.9021916195504,0.035407831472453945,0.13489523900432582,0.49610160519467833
2014-04-23,0.13863830720602943,0.08928065528146059,0.16826890294331107,0.2540664379138013,0.0561522773165024,0.03649184640098569,0.9021916195504,0.03932760153419449,0.1489233922112257,0.4871909429724549
2014-04-24,0.13916176646285366,0.09021811256144774,0.16826890294331107,0.25282917635801405,0.05683207657733548,0.033274174421200474,0.9021916195504,0.03795015913412175,0.14899932169659735,0.4876364442165243
2014-04-25,0.13668913687,0.0870253599062684,0.16480755273824135,0.24316670799354836,0.06689326901354564,0.026896139787998,0.9021916195504,0.02932048007824496,0.15749185385092657,0.48273555874960694
2014-04-28,0.13766941742078476,0.08697446539016537,0.16696253288228444,0.2404610420282769,0.06566960959790252,0.016626080783681888,0.9021916195504,0.021825949399523883,0.16113140718307395,0.48518602803893374
2014-04-29,0.13911624308977175,0.08825280454273826,0.16910143054514065,0.2421696070715329,0.062134596389675695,0.02186616473311578,0.9021916195504,0.030780842636850485,0.16060062392342836,0.48919580479423974
2014-04-30,0.1400298658331537,0.08873623818496447,0.1702241179349805,0.24490249234844128,0.05805573599297857,0.02373695368366512,0.9021916195504,0.028348400681291377,0.16446760414271272,0.4787257819943008
2014-05-01,0.13998598955683103,0.08930171138808067,0.16968165367449733,0.24449912649245642,0.05588034723909737,0.02373695368366512,0.9021916195504,0.028348400681291377,0.1654536027456102,0.4693695654162717
2014-05-02,0.13957306438373232,0.08914596474389498,0.16854642821836488,0.24578175356763848,0.051257639653929946,0.02373695368366512,0.9021916195504,0.028348400681291377,0.1654536027456102,0.46602809363880604
2014-05-05,0.14014530151807847,0.08976715201956337,0.1689824635853565,0.24464872205885102,0.05642419442756767,0.024046310186463294,0.9021916195504,0.028051119815845984,0.1654536027456102,0.47048342474991767
2014-05-06,0.13739141527017254,0.08725347486806946,0.16578429221410196,0.2363594458369446,0.06335825580531881,0.024259265570735232,0.9021916195504,0.0282610375858823,0.154989434954464,0.466919149238681
2014-05-07,0.13909673590767083,0.0866792300722158,0.1686858900942043,0.23660419834646002,0.057919770954276036,0.01867684379094438,0.9021916195504,0.021306125784997663,0.1399756447136446,0.465805289905035
2014-05-08,0.13867732157023133,0.08596987704390427,0.16948663852031529,0.23156447640832553,0.058327666070383574,0.020290803462333463,0.9021916195504,0.015476420740139616,0.1464969028001348,0.46847850981639666
2014-05-09,0.13914063202853272,0.08686348707032958,0.17028584379980566,0.23600139017655042,0.05139360469263244,0.01900392443640073,0.9021916195504,0.014797135282281115,0.1417198534633246,0.473156591549543
2014-05-12,0.14209447185410795,0.0900215817595768,0.17305439350721058,0.24797982362992535,0.042012224483595095,0.03198019814756522,0.9021916195504,0.028824102853372835,0.141416497090816,0.480507893194051
2014-05-13,0.14222451311993436,0.08942102218551076,0.1735474288525017,0.2423192026379275,0.04065261299558923,0.031313891833846065,0.9021916195504,0.02811868764794485,0.1489233922112257,0.4720427853276332
2014-05-14,0.14077443294650738,0.08812513984746297,0.17104213031390977,0.23415230267077877,0.0411964601840595,0.030437742297949138,0.9021916195504,0.02948895976375189,0.14247806361010715,0.4553352671050961
2014-05-15,0.13790024910155582,0.08675030246465262,0.1669148882303725,0.2309118214908858,0.05479265286215675,0.023306640344353834,0.9021916195504,0.019421484749443215,0.1424021341247355,0.4462018542608379
2014-05-16,0.13903984161358807,0.08768470735888864,0.16801360862426068,0.234048072623779,0.044867425464649106,0.023782345706404244,0.9021916195504,0.02198000053755137,0.14369112753116364,0.44976607666033824
2014-05-19,0.14021356673316207,0.08922976076535756,0.1685209662991245,0.2392690906680803,0.044595508353583814,0.017153364539463322,0.9021916195504,0.013810671327322114,0.14581426056974595,0.4537759065273806
2014-05-20,0.13822212752849072,0.08796108214593386,0.16512481403877638,0.23177747305426458,0.05193745188110276,0.01806621481615358,0.9021916195504,0.013782782000791723,0.14884746272585406,0.4477612148385534
2014-05-21,0.14069314971366365,0.0894811274094944,0.16904443056684115,0.23437437242059678,0.0376614469758327,0.02329950514345511,0.9021916195504,0.018599849353647262,0.14930231650012799,0.4539986571494153
2014-05-22,0.14141818980037713,0.09048132460432405,0.16929181625946083,0.23901526505468593,0.0392929885412436,0.022159694753069295,0.9021916195504,0.016710677402268476,0.14604204902586085,0.45800848701645763
2014-05-23,0.14272523053475686,0.09186188119412073,0.1708519857162491,0.24459881998751673,0.030183538409611264,0.026289837477581995,0.9021916195504,0.021867387484053265,0.14702768605978037,0.4537759065273806
2014-05-26,0.14272523053475686,0.09186188119412073,0.1708519857162491,0.24459881998751673,0.030183538409611264,0.02843730522894082,0.9021916195504,0.024947530455122578,0.14816518206444315,0.4537759065273806
2014-05-27,0.1445752377080617,0.0941105791320403,0.1725613099385876,0.251854758195696,0.0322229750911297,0.02628858502210508,0.9021916195504,0.023597141581573795,0.15036388301941914,0.44976607666033824
2014-05-28,0.14422897034236584,0.09358460487155625,0.17151640678309388,0.24935307109628876,0.03453432888371339,0.031158435541923442,0.9021916195504,0.03445919846515447,0.15764335125269188,0.43194475221589135
2014-05-29,0.14589527661566226,0.09458788658251335,0.17313511936480228,0.25088941313725693,0.033038739390665296,0.028163397011459056,0.9021916195504,0.030934013985397517,0.1613588340702109,0.4339496671494125
2014-05-30,0.14647074840990917,0.09435406312385142,0.17359015472456038,0.24836504327815226,0.03072738559808154,0.027733425250914275,0.9021916195504,0.033030376359423214,0.1492267485837343,0.4361773327049684
2014-06-02,0.14669834543077945,0.09411629833902663,0.17424348442506937,0.24582706376322916,0.03317470442936781,0.027733425250914275,0.9021916195504,0.033030376359423214,0.15673328213516605,0.4533303521715749
2014-06-03,0.1465796750859539,0.09397942293587072,0.1737178018840856,0.24458072910356296,0.0371175997873624,0.027451433002626823,0.9021916195504,0.029128597992557948,0.15673328213516605,0.46647359488287543
2014-06-04,0.14717141940240094,0.09474975941845218,0.17409283473623044,0.2468784926609101,0.03997280076841644,0.023263108028232015,0.9021916195504,0.02026467498751029,0.16181368784448485,0.4693695654162717
2014-06-05,0.14921649839671502,0.09670585672928106,0.17652681096695014,0.2571754697350576,0.03453432888371339,0.028251410473609587,0.9021916195504,0.027517791432794796,0.1586289882866114,0.46446873306109054
2014-06-06,0.15067634208346212,0.09781002782190706,0.17870375683867126,0.26228318462848016,0.021617935466449228,0.02485562414372845,0.9021916195504,0.021369206690746212,0.1634819671087932,0.4673646504827505
2014-06-09,0.15097385141617528,0.09846105350705842,0.1791684368648083,0.2671189830245546,0.027328337428557226,0.02502535083744866,0.9021916195504,0.02063497837983336,0.15870491777198303,0.4709289259939871
2014-06-10,0.15089582268777157,0.09853825209124839,0.1792380713560642,0.2656822791548426,0.025152948674676052,0.03187476416832668,0.9021916195504,0.03094303182757217,0.15097059576443636,0.4758298114609046
2014-06-11,0.14977411010562025,0.0982719769524955,0.17671869160455903,0.2629630035337527,0.03344663450677284,0.032625933828905926,0.9021916195504,0.03085562474268907,0.13899000767972577,0.47694367079455063
2014-06-12,0.14753393944575768,0.09676726858856868,0.17401037283869053,0.25965004817043624,0.046498979996399764,0.031620098221353816,0.9021916195504,0.027172737998560754,0.1417198534633246,0.46491423430515993
2014-06-13,0.14851747450098252,0.09733843957842032,0.17503627600141777,0.2611365987876784,0.041332425222762016,0.03752812047194648,0.9021916195504,0.03632043710052884,0.1344403852300519,0.4689240641722023
2014-06-16,0.14878083138161463,0.0977968757878636,0.17516638255086958,0.2630128502812828,0.0477226264457031,0.04227507854224202,0.9021916195504,0.037729463942949876,0.12761613234003102,0.4673646504827505
2014-06-17,0.14946522985190624,0.09850447235560256,0.1758448848306276,0.26745435592525135,0.039700883657351145,0.03627915668908764,0.9021916195504,0.030015997652017835,0.14088571383117043,0.4802851425720163
2014-06-18,0.1519020995849981,0.09962794309427606,0.17826772147167963,0.27040477440003824,0.01998639390103833,0.03280347888105779,0.9021916195504,0.026955605954784714,0.1407342164294051,0.4709289259939871
2014-06-19,0.15230851574921675,0.09947397433091383,0.17863417057074724,0.27081267680796256,0.02012235893974084,0.022921415402211653,0.9021916195504,0.01640794184204427,0.1442219107908092,0.4729338409275083
2014-06-20,0.15285961844924192,0.09985606876620255,0.17926671601520963,0.27280682332818934,0.023249489998199906,0.023835176555612327,0.9021916195504,0.017792642505330754,0.1425539930954788,0.473379395283314
2014-06-23,0.15281734958060006,0.09988415071511293,0.17902424910244324,0.2712295969959617,0.025016983635973537,0.023117291848162014,0.9021916195504,0.017538603292849675,0.13899000767972577,0.473156591549543
2014-06-24,0.1507641343251859,0.09908003449688564,0.1760829151968597,0.2659224951124185,0.04065261299558923,0.026091494073874004,0.9021916195504,0.02186109698926802,0.13974821782650831,0.46491423430515993
2014-06-25,0.15231665201031683,0.10037019762794712,0.17730209747382075,0.2702008508579781,0.033310669468070306,0.0234707879182224,0.9021916195504,0.01977102511002757,0.14399448390367223,0.4588995426163327
2014-06-26,0.15194111394919996,0.10033905258316016,0.1767742448829017,0.26930797998296246,0.0338545166565406,0.02756707639166211,0.9021916195504,0.026458304950958116,0.1464969028001348,0.45132549034979014
2014-06-27,0.1525491109433079,0.10116730942413497,0.17691520168202982,0.27329173647147653,0.028823926921605392,0.026893331251474008,0.9021916195504,0.028326801849546234,0.13861108339082281,0.4528848509275054
2014-06-30,0.15243044059848232,0.10161696333071535,0.176292011563955,0.2748598343760211,0.033038739390665296,0.030567352463211777,0.9021916195504,0.03108894491290546,0.1344403852300519,0.44932057541626885
2014-07-01,0.15455843007786016,0.1038310033027028,0.1794886880119208,0.2807470616697764,0.027328337428557226,0.03120602885004624,0.9021916195504,0.02696462379695937,0.12329393677749478,0.4597905982162078
2014-07-02,0.15476977442106954,0.10379064755003524,0.17998669036039708,0.2778238625066264,0.022841594882092364,0.034015703969927105,0.9021916195504,0.028124978142730093,0.12041259359212994,0.4742704508831891
2014-07-03,0.15652873484821056,0.10502775271965428,0.18225868441928259,0.28174416259179186,0.01604349854304374,0.03520060275748189,0.9021916195504,0.030391667760171676,0.12845027197218523,0.4787257819943008
2014-07-04,0.15652873484821056,0.10502775271965428,0.18225868441928259,0.28174416259179186,0.01604349854304374,0.03400234444484,0.9021916195504,0.03024483089588391,0.12951183849147638,0.4787257819943008
2014-07-07,0.15526235557479198,0.10351865320429603,0.18117110361506208,0.27204086525987087,0.029775656259843502,0.03417396879837372,0.9021916195504,0.029128597992557948,0.12352136366463176,0.4718200347055985
2014-07-08,0.1529961687239484,0.10088346967965629,0.17826772147167963,0.2654285088652523,0.03861317631407078,0.03544684309488276,0.9021916195504,0.032444788481233056,0.12329393677749478,0.4602361525720135
2014-07-09,0.15447877409723643,0.10209292130538265,0.1802180176834958,0.26618085727775237,0.03412643376760585,0.027546885291246378,0.9021916195504,0.017524174745370227,0.12155008959679274,0.45622632270497115
2014-07-10,0.15315387327751503,0.10109141747524901,0.1784763838287879,0.2607649334714658,0.04690686214616755,0.027462932821096755,0.9021916195504,0.014543975859280488,0.1203366641067583,0.4528848509275054
2014-07-11,0.15362367290015727,0.10193764590671643,0.17918599015761796,0.2598902641280122,0.03997280076841644,0.030142694150144818,0.9021916195504,0.018808887334203123,0.12253572663071224,0.450211631016144
2014-07-14,0.15517293608084812,0.10303127823590696,0.18194166423540703,0.26318960983551015,0.03643778756018961,0.03626298862747655,0.9021916195504,0.025285369615616896,0.12314243937572947,0.4566718770607768
2014-07-15,0.15455194091351934,0.1019771234290977,0.18207152966819937,0.25711660520745266,0.03834125920300552,0.03741676579408979,0.9021916195504,0.02758716283332859,0.1250381455271748,0.4566718770607768
2014-07-16,0.15589960341978168,0.1023973887514637,0.18398551371109884,0.25609234029760447,0.025288913713378568,0.03645882712023064,0.9021916195504,0.023758363003866984,0.12647863633536824,0.4542214608831863
2014-07-17,0.1520874277372265,0.09965471840788245,0.18000077157331032,0.24795714087022794,0.07341943527518924,0.032825871266857196,0.9021916195504,0.017707082978356607,0.12344543417926011,0.4401871094602744
2014-07-18,0.15535500972863656,0.10266848344666574,0.18304679833243717,0.25611950428543717,0.039700883657351145,0.033906550577454085,0.9021916195504,0.023536788023214652,0.12329393677749478,0.4421920243937955
2014-07-21,0.1546088352076021,0.1023416746789115,0.181850570361458,0.25387612402755966,0.04989802816592408,0.032480117648835925,0.9021916195504,0.02489346739154868,0.12647863633536824,0.4399643588382397
2014-07-22,0.1562182471868158,0.10371563383143556,0.18337664592259673,0.25817710720901255,0.04214818952229761,0.03900988916072655,0.9021916195504,0.03373486778589672,0.12746427336928842,0.43818224763848956
2014-07-23,0.15678397531228186,0.10449123969573476,0.18271227307908386,0.2590653862082846,0.03235894012983222,0.039945131823216136,0.9021916195504,0.03397452244037238,0.12268722403247757,0.43773669328268394
2014-07-24,0.15694166002130927,0.10442147393860193,0.18264239747116848,0.2582269539565427,0.03670971763759462,0.04820701130648489,0.9021916195504,0.045514061213376616,0.11950252447460412,0.4477612148385534
2014-07-25,0.15537451691073748,0.10343224391222547,0.17959979456860614,0.2529968628083624,0.04826647363417342,0.054907799920768906,0.9021916195504,0.052245550475699974,0.11639375440210231,0.4388505526163298
2014-07-28,0.1554671909091213,0.1032282588630465,0.18014346441238666,0.2506311062957272,0.046498979996399764,0.07086818164187197,0.9021916195504,0.07301478473025061,0.11411912396175468,0.44375138497151106
2014-07-29,0.15401058188227498,0.10313131080754045,0.17840327725763555,0.25160098790610574,0.05628822938886516,0.07249857504724604,0.9021916195504,0.0782742102338784,0.11093406283490327,0.43729113892687826
2014-07-30,0.1540300890643759,0.10401744516640686,0.1776193587743558,0.2538352950601043,0.056968041616037995,0.07189261431559646,0.9021916195504,0.07703005594009443,0.10562623023844751,0.45778568328268665
2014-07-31,0.14762498619192152,0.09993196071508852,0.16979107241456634,0.24182516106695717,0.106186270521129,0.07821007564755174,0.9021916195504,0.086370560906704,0.09880197734842668,0.45823123763849233
2014-08-01,0.14672761612620047,0.09918049547353684,0.16806443601607765,0.23946394110626143,0.10727396489806959,0.0731549376235424,0.9021916195504,0.0795300657277524,0.100697683499872,0.4468701592386783
2014-08-04,0.14897753045484388,0.10055139153018433,0.16993868403349593,0.24397792093365336,0.08130522599117845,0.08497834504480413,0.9021916195504,0.09087499506768022,0.10509544697880194,0.44375138497151106
2014-08-05,0.14592452746654402,0.09918925635614885,0.16648676148981162,0.24250049874409432,0.1050985761441884,0.08392559928666209,0.9021916195504,0.09095153675247972,0.10410980994488242,0.4419692737717609
2014-08-06,0.14592940922320408,0.0992862044116549,0.16682919536959567,0.2443088126062148,0.09830047980513977,0.08315454215123726,0.9021916195504,0.08984709302819184,0.09819526460340945,0.4399643588382397
2014-08-07,0.14419481789028477,0.09840533943450623,0.1649756833848921,0.24168469392824568,0.10224336219679463,0.07389054647365088,0.9021916195504,0.07880665882744914,0.0923566487473088,0.4288260310604603
2014-08-08,0.14777453463984885,0.09998152717563667,0.1695596968681357,0.24693741251231924,0.09014275901174552,0.07599110407441984,0.9021916195504,0.0799219239623466,0.09167436808589721,0.42682111612693935
2014-08-11,0.14864102660246814,0.10131645863104805,0.1699559962096461,0.2517324372647424,0.06920460983978959,0.08538968178598026,0.9021916195504,0.09112995805911578,0.08720067512159564,0.4279349754605853
2014-08-12,0.14812568376220475,0.10078652162415025,0.16972288462326726,0.24769883402869822,0.06784499835178372,0.08443857468744974,0.9021916195504,0.0872696177767799,0.08515310999940702,0.4328358078157664
2014-08-13,0.15023416605948164,0.10275534256400488,0.17197616802937765,0.25166444430945434,0.05112167461522741,0.08483715915467908,0.9021916195504,0.0884948565967341,0.08856523644441745,0.42637561488286985
2014-08-14,0.15160949185348419,0.10358314957971111,0.17350152024053797,0.25237142720255956,0.044595508353583814,0.07973480735450965,0.9021916195504,0.08069393923144494,0.08522903948477867,0.42347964434947366
2014-08-15,0.15158998467138332,0.10410651056958718,0.17225046234119454,0.25160552445804524,0.05452072278475172,0.08603632834403145,0.9021916195504,0.08863716254519753,0.08439489985262448,0.41122745723804804
2014-08-18,0.1543015822061081,0.10600952849872274,0.17659176779501226,0.2591968355669213,0.043235883899238235,0.08999492262140298,0.9021916195504,0.0943839474315228,0.08045199014796849,0.4205836738160773
2014-08-19,0.15590448517644168,0.10685179418377641,0.17858797261879214,0.2610413865207534,0.041740307372529824,0.09181811826382952,0.9021916195504,0.09414882369287148,0.0771913611047234,0.42459345057138337
2014-08-20,0.15670269207943813,0.1068066188746597,0.18005806089160117,0.2587934697109364,0.035893940371719286,0.09022651302504357,0.9021916195504,0.09233082671046142,0.07590236769829528,0.4292715854162661
2014-08-21,0.1576553291870219,0.1070531659623474,0.1815483547404741,0.25993557432360287,0.035622023260654015,0.08719420445584188,0.9021916195504,0.09121732115452486,0.07491673066437576,0.42503900492718893
2014-08-22,0.15700994508093213,0.1073361060562889,0.1806034667753299,0.2600760414623144,0.03167912790265941,0.0904133945634779,0.9021916195504,0.0956037755461722,0.08363668970584194,0.424147949327314
2014-08-25,0.158557581009403,0.10816084997611856,0.1824712528662743,0.26228772118041965,0.03480624599477869,0.0868260584520212,0.9021916195504,0.08437955332296267,0.08363668970584194,0.4205836738160773
2014-08-26,0.1588989666184388,0.10874386636470967,0.1832077678143016,0.26679721977967624,0.0338545166565406,0.0799337580093579,0.9021916195504,0.07349405004972791,0.08583575222979589,0.42147472941595243
2014-08-27,0.1589152192960997,0.10869911946061067,0.18358579051302393,0.2656822791548426,0.035893940371719286,0.08066724148047524,0.9021916195504,0.07593454207903316,0.08447082933799613,0.4147917327492847
2014-08-28,0.15836574384829452,0.10817620829600319,0.1825379457342846,0.26261855752917695,0.03956491861864863,0.07642422595025505,0.9021916195504,0.06714817251668752,0.07741878799186036,0.4087770410604576
2014-08-29,0.15944356030958395,0.10916631655266595,0.1830040724603785,0.26642555446346367,0.040108765807118925,0.08307210780893845,0.9021916195504,0.07599133248999647,0.07703986370295807,0.4107819028822425
2014-09-01,0.15944356030958395,0.10916631655266595,0.1830040724603785,0.26642555446346367,0.040108765807118925,0.0887652390622494,0.9021916195504,0.08495163643262786,0.077494717477232,0.4107819028822425
2014-09-02,0.1592663684184556,0.10995243976014973,0.1822414204664643,0.26874600078050825,0.042284154561000126,0.09825892748366286,0.9021916195504,0.09415423439817627,0.07643315095794086,0.4277121717268143
2014-09-03,0.15901275520660432,0.10882809079118995,0.18250607011190223,0.2654511363011456,0.04377973108770851,0.10527966154250443,0.9021916195504,0.10069115821689723,0.08121020029475103,0.4257073099050294
2014-09-04,0.15851368488854112,0.10837755865432329,0.18229128339164338,0.26318960983551015,0.04758667437334037,0.11094918590773532,0.9021916195504,0.10615953372213284,0.07575087029652995,0.4341724177714472
2014-09-05,0.16014909321419651,0.10928168602393319,0.18396477767838412,0.2645130105543434,0.040108765807118925,0.11703369052098428,0.9021916195504,0.10957940740107944,0.07385516414508461,0.43706838830484346
2014-09-08,0.15914607082141002,0.10969361886870488,0.183324323607491,0.2655010383724799,0.04785859148440563,0.11703369052098428,0.9021916195504,0.10957940740107944,0.07529565495327806,0.4388505526163298
2014-09-09,0.15701643424527292,0.1079388719161961,0.1809157610726798,0.2592421457625119,0.059279395408621684,0.11706329401407502,0.9021916195504,0.10840638408679018,0.07529565495327806,0.44575629990503224
2014-09-10,0.15819504112150698,0.10944049576399545,0.18226982400895025,0.2621834911334199,0.050849757504162166,0.11450691852610129,0.9021916195504,0.1045406330991495,0.07226281436614788,0.4533303521715749
2014-09-11,0.15848115968868007,0.1096725627620848,0.18178315414346924,0.26551459270449423,0.04976206312722156,0.11244681903255632,0.9021916195504,0.10087582602884451,0.06687905228432116,0.45266204719373454
2014-09-12,0.15654500737041072,0.10861050388269894,0.1802649389854293,0.2601984177170721,0.0566961245049727,0.11874932680518116,0.9021916195504,0.10349473936478584,0.06733390605859442,0.47115172972775815
2014-09-15,0.15631578309732042,0.10647409089991915,0.18134219999662438,0.25381266762421106,0.0677090333130812,0.12098477006549431,0.9021916195504,0.10040104763571754,0.07089789147434812,0.46602809363880604
2014-09-16,0.1587298911438713,0.10795947819754757,0.18383172950568674,0.2558294415803311,0.04881032082264372,0.10774456982746705,0.9021916195504,0.08314168952396395,0.07643315095794086,0.4655825392830004
2014-09-17,0.15915093273353081,0.10837316750289185,0.18444599830736105,0.25715284229916435,0.0477226264457031,0.1112697386034332,0.9021916195504,0.08861463993449792,0.07954192103044266,0.46803295546059087
2014-09-18,0.16074246478286358,0.10974363515452162,0.18714071809363525,0.25959112831902714,0.0392929885412436,0.11376789388832849,0.9021916195504,0.09066419750816346,0.07415852051759322,0.4744932015052238
2014-09-19,0.1605864073260562,0.10914526044604587,0.18748021035017373,0.2539939637303779,0.040380682918184196,0.11797234897113819,0.9021916195504,0.09450918546406542,0.07529565495327806,0.46513698492719474
2014-09-22,0.15796746394517597,0.10685969825635303,0.18483684841236736,0.24603552385722874,0.06186266631227067,0.10566488648464668,0.9021916195504,0.08087143675912653,0.07575087029652995,0.4604589031940482
2014-09-23,0.1560946950853302,0.10602619345391136,0.1819527556017428,0.24121333511697277,0.07872195508752945,0.11183713888767227,0.9021916195504,0.08717952733398142,0.07529565495327806,0.4535531559053459
2014-09-24,0.15861935706014582,0.10806741484175768,0.18575979476149945,0.24555968381782048,0.0561522773165024,0.12236368559238221,0.9021916195504,0.09928125158499573,0.0732484514000674,0.46112720817188857
2014-09-25,0.15336682502840523,0.104186343844636,0.17923512973281863,0.23737010109097434,0.08837525240763211,0.12283878370329224,0.9021916195504,0.09714521070540157,0.07233838228254225,0.4482067160826228
2014-09-26,0.156107693258551,0.10617973381225587,0.18336704947954968,0.24148978816626043,0.07763426071058889,0.12365181707379187,0.9021916195504,0.09681819295551683,0.07188352850826764,0.4535531559053459
2014-09-29,0.15528674451355295,0.10590161327476351,0.1823317909904349,0.2408462616765038,0.09299794702645978,0.1267587416268607,0.9021916195504,0.0977164140255863,0.06513484353464048,0.44375138497151106
2014-09-30,0.1543910017000519,0.1053550113126771,0.1816325526779622,0.23349062997326422,0.09748468957292468,0.12867370809786854,0.9021916195504,0.09749118791859009,0.08249919370117915,0.44753841110478243
2014-10-01,0.1501431391578571,0.10222716201767967,0.1757515726834114,0.22611685206226673,0.10292316145762768,0.12867370809786854,0.9021916195504,0.09749118791859009,0.07377923465971298,0.424147949327314
2014-10-02,0.1501447664100771,0.10258295238488147,0.1756612021594408,0.23108858104511312,0.095445265857746,0.12867370809786854,0.9021916195504,0.09749118791859009,0.07377923465971298,0.43194475221589135
2014-10-03,0.15367733253433927,0.10457546412221504,0.1808125631424252,0.23487743177164191,0.07355540031389175,0.12867370809786854,0.9021916195504,0.09749118791859009,0.07377923465971298,0.4339496671494125
2014-10-06,0.15317661511951677,0.10366210462447366,0.18037358615218801,0.23030453209284088,0.08592793357634589,0.12867370809786854,0.9021916195504,0.09749118791859009,0.07415852051759322,0.4290487816824951
2014-10-07,0.14834514452197492,0.10060886206330909,0.17364498465292463,0.22199262843504117,0.1095853186906533,0.12867370809786854,0.9021916195504,0.09749118791859009,0.07415852051759322,0.412341263459958
2014-10-08,0.15383827174780668,0.10426705534997113,0.1804306343538194,0.2314239539458099,0.08116926095247594,0.13455736439645574,0.9021916195504,0.10679738109546195,0.07415852051759322,0.40788593234884624
2014-10-09,0.14722505919204368,0.1003079075383732,0.17216009181722391,0.21822186859246617,0.1307953720073348,0.13660228261149263,0.9021916195504,0.1086316101937864,0.07415852051759322,0.4072176273710059
2014-10-10,0.14363559877369875,0.09582893307829526,0.16931698883870983,0.21157321978233182,0.16451392362517284,0.13199112107745178,0.9021916195504,0.10931001586216443,0.0674857650293377,0.4027622962598941
2014-10-13,0.13853263503442476,0.09308362804385513,0.1638103183463255,0.20975135158819705,0.21074097354416763,0.1293387240029145,0.9021916195504,0.10503340318715176,0.06816804569074861,0.3980842145267477
2014-10-14,0.13901382542260707,0.09367628354534455,0.1636651420056566,0.2153258334171489,0.18558803783583128,0.12730724121935724,0.9021916195504,0.10286137891780703,0.063921779613584,0.38026289008230074
2014-10-15,0.1365411958297534,0.09315643547661365,0.15938259668175253,0.22024317910052568,0.21930658945366938,0.13172059069443798,0.9021916195504,0.10810100915812461,0.063921779613584,0.35442190590376915
2014-10-16,0.13658509195061533,0.09324725734036654,0.1587776832064658,0.22643407875520555,0.2183548601154313,0.12638194229429045,0.9021916195504,0.10022447388699042,0.06422513598609261,0.368456257326681
2014-10-17,0.1404866871271143,0.09504805783227832,0.16527543961594937,0.2247209218362059,0.17471106813374576,0.12162033429023462,0.9021916195504,0.10390282971529441,0.06225350034927563,0.37870347639284896
2014-10-20,0.14329095866022293,0.09757620436324513,0.16575096989176274,0.23044953578349184,0.128212088137346,0.1264531424904933,0.9021916195504,0.10864876608865524,0.0627842836089212,0.37469369963754295
2014-10-21,0.14934981401152073,0.10211267077669872,0.1710628663466245,0.23855297934729197,0.0943575714808054,0.12114553980489476,0.9021916195504,0.09988483115806117,0.062480927236412596,0.38070839132637013
2014-10-22,0.14704624004869532,0.10050576639579903,0.16727313936301802,0.23131065079493116,0.11869476882228565,0.1170713400916843,0.9021916195504,0.09594614562249086,0.06050965316857358,0.38538652617125285
2014-10-23,0.15090068459989237,0.10357393887183051,0.17262057641348613,0.24020267986294302,0.10047586855902096,0.10956746184432342,0.9021916195504,0.08747412484151143,0.05846244961536292,0.3956337983491572
2014-10-24,0.1531376007553149,0.10493080466414824,0.17576883663622972,0.24125864531256344,0.09476546659691294,0.10952457473253813,0.9021916195504,0.08314710022926874,0.05937215716391079,0.3951882439933514
2014-10-27,0.15265803761935262,0.10502775271965428,0.17607818931033403,0.24065135591451853,0.09381373725867487,0.10584243153679855,0.9021916195504,0.07487690315510544,0.05755238049783709,0.3916239684821148
2014-10-28,0.156465351389787,0.10846529600194874,0.18071529668199365,0.25514054957117965,0.07138001156001055,0.12059028454346214,0.9021916195504,0.089202031381123,0.05709752672356316,0.39763866017094196
2014-10-29,0.15601829360914649,0.10780463120389906,0.17993904570848512,0.253744674668923,0.08171310814094622,0.13152164003958974,0.9021916195504,0.09842182923101428,0.05467103731247225,0.40632657177113074
2014-10-30,0.15802598549147873,0.10854645733255244,0.18539831266561702,0.2580048842067247,0.07314751816412396,0.13713233695060187,0.9021916195504,0.09841008404145023,0.05307868753353552,0.40231679501582474
2014-10-31,0.1618300447574731,0.11138037794490428,0.19021538951190756,0.26604487136717625,0.0664853738974381,0.14618053075419604,0.9021916195504,0.1105776165456025,0.05558074486102012,0.4089997916824923
2014-11-03,0.16179103039327125,0.11173878158271407,0.1896159252731249,0.26454471109411565,0.07600270617883821,0.14953620055561961,0.9021916195504,0.1118875351030504,0.05421618353819831,0.4118957622158886
2014-11-04,0.16086276237990912,0.1110689060767838,0.19005046571682777,0.26237839689540515,0.07817810789905917,0.14946348223156597,0.9021916195504,0.10888208625887164,0.05846244961536292,0.4105591522602078
2014-11-05,0.16272739497865488,0.1109408129764908,0.19253652314599373,0.26312615343216156,0.068388845540254,0.14624831516273457,0.9021916195504,0.10814156745317353,0.056187457606037335,0.412341263459958
2014-11-06,0.16396940515785174,0.11171948193666657,0.1942634006611419,0.2652970595066157,0.06159074920120537,0.1479313116981391,0.9021916195504,0.10934784680982396,0.055201820572117824,0.41791045390471576
2014-11-07,0.16408484084277655,0.11145888316439824,0.19474384971680847,0.26595873220413024,0.05411284063498396,0.14585967443292802,0.9021916195504,0.11141183293096894,0.05368540027855341,0.4038761555935402
2014-11-10,0.16511550667876404,0.11229635071325365,0.19572678589081755,0.2687913109760989,0.04799455652310813,0.16266049173223776,0.9021916195504,0.12720889294726,0.06187457606037334,0.41434617839347904
2014-11-11,0.1653463582040743,0.11268853408670926,0.195755430549963,0.26896807053032623,0.05139360469263244,0.1618558080649176,0.9021916195504,0.11844055906926367,0.05937215716391079,0.41456892901551384
2014-11-12,0.165113879426544,0.11332814277813885,0.19568873768195266,0.2719184890051131,0.05275322914697809,0.1692185004221534,0.9021916195504,0.12721522743151928,0.06316356946680146,0.41434617839347904
2014-11-13,0.16528944406545232,0.11354748614720245,0.1966909149653877,0.266910522930555,0.0632222907666163,0.1668537126689515,0.9021916195504,0.11773699142174464,0.06445256287322958,0.41167295848211755
2014-11-14,0.16536910004607605,0.11391597872317911,0.19624528315534906,0.26618085727775237,0.0566961245049727,0.1645265744864496,0.9021916195504,0.11970270505792292,0.06339099635393843,0.40565826679329037
2014-11-17,0.16561294974460722,0.11314652047088394,0.19656649876909946,0.26183904512884415,0.06594152670896779,0.16326273305065286,0.9021916195504,0.11581984216488742,0.06695498176969213,0.4101135979044021
2014-11-18,0.16731666297442477,0.11452574900512574,0.1975558486462505,0.2645810035096315,0.06417402010485439,0.1577934497489434,0.9021916195504,0.10796314614653747,0.06301171049605818,0.40610382114909604
2014-11-19,0.16681594555960227,0.11335314021092179,0.1975042496811232,0.25887501699823884,0.06553364455920001,0.15581540506573455,0.9021916195504,0.11052896418733339,0.060737080055710546,0.41256406719372896
2014-11-20,0.16747109317901215,0.11450075157234281,0.19832568591661703,0.26479400015557053,0.06036708978556231,0.15626621313103167,0.9021916195504,0.10875504465789408,0.05937215716391079,0.4089997916824923
2014-11-21,0.1692186826851523,0.11498769813571418,0.20057400231954226,0.26555088512001007,0.05112167461522741,0.1669908755202719,0.9021916195504,0.12018914066166592,0.062405359320018915,0.40454446057138055
2014-11-24,0.1701794362092969,0.11682666951470322,0.20076757077376747,0.27213148565105216,0.04731474429593534,0.18153438851821688,0.9021916195504,0.14231602205297908,0.06346692583931007,0.4034306012377345
2014-11-25,0.16979254707171845,0.11697406226104372,0.20069446420261516,0.2718550326017645,0.042284154561000126,0.19201493594904737,0.9021916195504,0.152723139796217,0.07620572407080388,0.39229227345995515
2014-11-26,0.17073544051052142,0.11824931689748915,0.2010107610365123,0.27379933237446114,0.03983683572971392,0.20360887834565963,0.9021916195504,0.15906105523445926,0.07226281436614788,0.38650033239316256
2014-11-27,0.17073544051052142,0.11824931689748915,0.2010107610365123,0.27379933237446114,0.03983683572971392,0.21143110800333473,0.9021916195504,0.16776806778566797,0.07423408843398759,0.38650033239316256
2014-11-28,0.16987871206122224,0.11843839345205208,0.20102286509281786,0.26591795856047906,0.056968041616037995,0.22787000362301213,0.9021916195504,0.18054287497870358,0.07423408843398759,0.3775896701709392
2014-12-01,0.16758325451495765,0.11561852452428086,0.19975280720070793,0.25722537180639193,0.06825288050155151,0.22719253906958953,0.9021916195504,0.18896879479090725,0.07734322007546668,0.382936056881926
2014-12-02,0.16971451834331475,0.11686702526737078,0.20228974024502275,0.2637515890379644,0.0504418753543944,0.2528667377504731,0.9021916195504,0.21340019674732152,0.08401597556372219,0.397861463904713
2014-12-03,0.1709792902090526,0.11768562157519641,0.2031062094773314,0.26853754068650865,0.04568320273052444,0.2579716703679889,0.9021916195504,0.23835225811826843,0.08212026941227686,0.3983069651487824
2014-12-04,0.17058747962573556,0.11746495015057794,0.20279709791988657,0.2658182650654187,0.04405166116511354,0.29547580441989263,0.9021916195504,0.27311872305947144,0.08265105267192244,0.3916239684821148
2014-12-05,0.17114836568362013,0.1179615358268476,0.20424616081998953,0.2700875477070994,0.03738952986476743,0.3074207379756114,0.9021916195504,0.2764925397591163,0.08598724963156121,0.4027622962598941
2014-12-08,0.16870010518498815,0.11620372577846226,0.20162136486496263,0.26318960983551015,0.06893269272872432,0.3331465530034224,0.9021916195504,0.3203921872758599,0.08265105267192244,0.3916239684821148
2014-12-09,0.16862044920436445,0.11733467218469466,0.20035521306273615,0.27263913687784097,0.08443235704963752,0.2829015309636218,0.9021916195504,0.2809258869300718,0.09993947335308946,0.3833816112377316
2014-12-10,0.16314520190841358,0.11371769146073558,0.19373699477017967,0.2607649334714658,0.12766825391521547,0.30807239435557027,0.9021916195504,0.3195768863643232,0.11116185129101819,0.3720204797261814
2014-12-11,0.1646391782027025,0.11477668724424488,0.19529716422696794,0.2630763066846314,0.14874234219319435,0.30336703298838685,0.9021916195504,0.31357337890760145,0.10266931913668899,0.3740253946597025
2014-12-12,0.1592744848350164,0.1123832098305928,0.18750711896937095,0.25649565082978515,0.1623385348712916,0.30723173105818596,0.9021916195504,0.3120805521171672,0.11176820246705745,0.3573178764371655
2014-12-15,0.1572098986586014,0.11025821384153478,0.1850383254930233,0.25099369850806086,0.15336504977836182,0.3119724648042932,0.9021916195504,0.31585722441991193,0.11047920906062933,0.3602138469705617
2014-12-16,0.15446414867179556,0.10774321934461144,0.18227373009883371,0.2505721864443181,0.19619305152783223,0.33314473125000144,0.9021916195504,0.3306669846812375,0.11320905484422886,0.3501893785264284
2014-12-17,0.16099119623805477,0.11197566813725257,0.18938454972669427,0.2666476242132817,0.1400407871776696,0.34542638556302924,0.9021916195504,0.3413065428052114,0.11245084469744632,0.367342397993035
2014-12-18,0.1688496536329155,0.11654195153993825,0.19978612952304714,0.2744972974874916,0.1042827859119733,0.344338495145141,0.9021916195504,0.3303570348472736,0.11813760158280436,0.37981733572649506
2014-12-19,0.1703810170391862,0.11728684076446819,0.20044413688674992,0.276219472186566,0.09993200840421092,0.36021834018375876,0.9021916195504,0.3269273515156199,0.1314075446429217,0.37357989341563314
2014-12-22,0.17166368867934423,0.11799049600604428,0.20426221918951046,0.27889343761206525,0.08307273259529187,0.3660787691262286,0.9021916195504,0.32525249628167974,0.13550195174934304,0.3704611191484659
2014-12-23,0.172253785899032,0.11728859722504077,0.20586043685516364,0.27915628100553447,0.07695444848341605,0.33659399363342724,0.9021916195504,0.32185342962394586,0.13679094515577114,0.3916239684821148
2014-12-24,0.17220663527373006,0.11764175290138369,0.20600959162071386,0.2811232635379285,0.07110808148260551,0.31791434130595886,0.9021916195504,0.2967842682731505,0.14005157419901623,0.39318332905983033
2014-12-25,0.17220663527373006,0.11764175290138369,0.20600959162071386,0.2811232635379285,0.07110808148260551,0.31791434130595886,0.9021916195504,0.3149157616968781,0.13201389581896097,0.39318332905983033
2014-12-26,0.17332674044820062,0.11910651249740975,0.20658981475007052,0.28494381480422953,0.07287558808671893,0.3754552580775598,0.9021916195504,0.3427406876372994,0.13201389581896097,0.3900646079043993
2014-12-29,0.17361936802425376,0.11910871878325092,0.20620759662147337,0.2867113550226988,0.08048946169164288,0.3786928175321906,0.9021916195504,0.34073723103240966,0.13201389581896097,0.38048564070433544
2014-12-30,0.17195794350761737,0.1178158995410797,0.20484567328210407,0.2839649154137761,0.09218218272692418,0.3780084454970468,0.9021916195504,0.3354993163815789,0.13747358738616,0.3766986145710641
2014-12-31,0.1684708610673586,0.11600016913430099,0.20089521793329265,0.28018054591538266,0.1367777040468478,0.3994185266705839,0.9021916195504,0.36183792597372133,0.12192901388569503,0.3722432834599524
2015-01-01,0.1684708610673586,0.11600016913430099,0.20089521793329265,0.28018054591538266,0.1367777040468478,0.3994185266705839,0.9021916195504,0.36183792597372133,0.1250381455271748,0.3722432834599524
2015-01-02,0.16835707247919307,0.11559483372680192,0.2011401442359857,0.27750663581368756,0.11760707444534504,0.3994185266705839,0.9021916195504,0.36183792597372133,0.1250381455271748,0.36177320754827713
2015-01-05,0.1622413228338125,0.11233801310122521,0.19295924887338242,0.2695980426880686,0.1465669534393132,0.4354352749606596,0.9021916195504,0.40742043480867723,0.1250381455271748,0.3430608275039551
2015-01-06,0.15932000820809833,0.10971336834002095,0.18974926278581367,0.26051569973381505,0.1628823950261017,0.4357234915331353,0.9021916195504,0.42069777775294814,0.13436445574468023,0.3261305586593834
2015-01-07,0.16310618754421177,0.11224590602241921,0.19500531662234138,0.2671597566682058,0.13827326760721642,0.4427215295806073,0.9021916195504,0.41577808295719765,0.12951183849147638,0.3241256437258621
2015-01-08,0.16899757482862282,0.11600631674630502,0.20298893033416357,0.2762965382457331,0.10700203482066456,0.4176936738322048,0.9021916195504,0.4024249901386597,0.13102825878504146,0.337937191415003
2015-01-09,0.16618032496683258,0.11459724980258026,0.19877922635308642,0.2715604886685231,0.11434396538184373,0.41519271001078556,0.9021916195504,0.3897781923150301,0.1306489729271612,0.3279126698591334
2015-01-12,0.16348984202188946,0.11287058479898188,0.1963958846208561,0.26902699038173533,0.1422161759315508,0.3977516981967905,0.9021916195504,0.3862124935296982,0.12822284508504825,0.31476942714783296
2015-01-13,0.16263962258147036,0.11272976806966312,0.19572529096752883,0.26927627944319027,0.15526850845483797,0.3996125434099171,0.9021916195504,0.3925753949891854,0.12299058040498619,0.3098685682367837
2015-01-14,0.1607278393574227,0.11175675317320667,0.19111832317830335,0.26765379823917607,0.16777700675599463,0.39561295968057375,0.9021916195504,0.38194225932841885,0.11859281692605625,0.29806193548116394
2015-01-15,0.15770410706454385,0.1087517490170354,0.18849179118332823,0.25752445229157284,0.18014954001844882,0.43106261131198054,0.9021916195504,0.40409518248835347,0.11586297114245674,0.2842503877920231
2015-01-16,0.16205276002168334,0.11154004449500195,0.19320417517607544,0.2674679655810698,0.16057104123351798,0.44351156331416725,0.9021916195504,0.4085204355960888,0.11093406283490327,0.2931610765701147
2015-01-19,0.16205276002168334,0.11154004449500195,0.19320417517607544,0.2674679655810698,0.16057104123351798,0.3626295067428028,0.9021916195504,0.33988401119426537,0.1257204261885857,0.2931610765701147
2015-01-20,0.16256159385306665,0.1124380456728587,0.19329454570004606,0.26456739385381306,0.1461590583232057,0.38025853869112025,0.9021916195504,0.36020371701377807,0.1340614609411496,0.2913789388144965
2015-01-21,0.16411734619809834,0.11298946719139427,0.1942586747746162,0.2627545434397531,0.13201903142297786,0.4270692519068255,0.9021916195504,0.39405018609527037,0.13171053944645236,0.3016262109924006
2015-01-22,0.16916176854653028,0.11662968888756368,0.20067078654665488,0.2736860292235824,0.0987083489885678,0.43320446199029145,0.9021916195504,0.40297186727970985,0.1292844116043394,0.31120517819246446
2015-01-23,0.1673199174788648,0.11695782571087279,0.19718004422079535,0.2730334296299468,0.10224336219679463,0.4358223216562228,0.9021916195504,0.39982591605550255,0.12723684648215078,0.29360660437005226
2015-01-26,0.16817664592816398,0.11756671776253312,0.1973306456863024,0.27838584170908065,0.08674371084222121,0.44559056349945475,0.9021916195504,0.4224094961661194,0.14156799449258134,0.2960570205476427
2015-01-27,0.16369955911287884,0.1136071415459175,0.19013369918767797,0.27563032899627904,0.10985722283537881,0.436194187073278,0.9021916195504,0.4102384005145713,0.16272375696201066,0.2953887421256706
2015-01-28,0.15924686123635468,0.11169842583004651,0.18529829747526746,0.2667745370199789,0.15363697985576685,0.42151229672173196,0.9021916195504,0.39243040568280657,0.15461014909658374,0.27288928283634095
2015-01-29,0.16235024950985724,0.11369093756738008,0.1908654882491796,0.27359994538434057,0.1307953720073348,0.40800839767601954,0.9021916195504,0.3829566565993823,0.1556717156158749,0.2789040010810363
2015-01-30,0.1580812525333415,0.11157778697706153,0.18464598046472824,0.2623647872395867,0.16084294537824345,0.391859009037491,0.9021916195504,0.3740963847206785,0.15574764510124656,0.2619737056805963
2015-02-02,0.16228521895467438,0.11339613065444822,0.1894875065402894,0.2669512965742062,0.13990482213896707,0.3663445933129049,0.9021916195504,0.3572000277485602,0.15908420362986328,0.26152817788065874
2015-02-03,0.16702891715503168,0.11563563930473807,0.19702698336536167,0.2766862944458995,0.11135281232842696,0.39016265297699937,0.9021916195504,0.3793666756243899,0.16552917066200387,0.28536422056980104
2015-02-04,0.16564384769224827,0.11515132743222557,0.1971904122371527,0.2741709423668696,0.12494900500652416,0.38059245091190524,0.9021916195504,0.37102064069701146,0.16264782747663903,0.2891512732589405
2015-02-05,0.16905937072390487,0.11727456696071102,0.2024213417177633,0.2819979328813821,0.10482664606678337,0.3689037014310101,0.9021916195504,0.36642884344062615,0.15658178473340073,0.2931610765701147
2015-02-06,0.1679132692029926,0.11636647684468737,0.20092530929239494,0.2805249919199584,0.11080897810629642,0.3500549296609618,0.9021916195504,0.341701128387195,0.1599179816930395,0.3205613682146255
2015-02-09,0.16649406713266737,0.11555972593560121,0.19857779749576238,0.2761605523351569,0.12794015805994097,0.35602974953698996,0.9021916195504,0.34864152366165213,0.15332115569015564,0.32278903377018137
2015-02-10,0.17004616028356973,0.11826336858206979,0.2020233063363047,0.27949170923003536,0.10999318787408133,0.3704775445739416,0.9021916195504,0.37282878403724046,0.1574159243655549,0.3323680275261134
2015-02-11,0.17003639677024965,0.11885735213911408,0.20185987746451364,0.2787529704733538,0.106322209627152,0.3754866833240715,0.9021916195504,0.3844512429687775,0.15210809176909915,0.33169972254827296
2015-02-12,0.1732795898228987,0.12133284769340527,0.20458174698664455,0.2854242467193814,0.08429639201093499,0.3803717151223979,0.9021916195504,0.38779356320502206,0.15248701605800144,0.3312541681924673
2015-02-13,0.1746630320334621,0.12292220888883006,0.2057414216720476,0.2885332785406377,0.07545885899036792,0.38982684309640087,0.9021916195504,0.4004349063338728,0.15415529532230982,0.3390509976369128
2015-02-16,0.1746630320334621,0.12292220888883006,0.2057414216720476,0.2885332785406377,0.07545885899036792,0.395589960043634,0.9021916195504,0.4141465133656958,0.15097059576443636,0.3390509976369128
2015-02-17,0.1752076455691465,0.12316042349892344,0.20643844171125317,0.28938532044819804,0.0905506411615133,0.4032206778729298,0.9021916195504,0.42525543917749187,0.15726406539481164,0.36667409301519455
2015-02-18,0.1751003263007825,0.12347144554177533,0.20600067030431335,0.2907177389471061,0.08579196853764337,0.4032206778729298,0.9021916195504,0.42525543917749187,0.16143476355558256,0.34907551919278235
2015-02-19,0.17473780625742577,0.12427601158527121,0.20491231792678252,0.29069964806315235,0.08361657978376216,0.4032206778729298,0.9021916195504,0.42525543917749187,0.16143476355558256,0.35954554199272126
2015-02-20,0.176826801217141,0.125647785872205,0.2087311718028534,0.2924581151777427,0.07015635214436744,0.4032206778729298,0.9021916195504,0.42525543917749187,0.16143476355558256,0.364000873103833
2015-02-23,0.17672273645321704,0.12586712924126858,0.20814848928357008,0.29247620606169644,0.07369136535259425,0.4032206778729298,0.9021916195504,0.42525543917749187,0.16143476355558256,0.34751615861506685
2015-02-24,0.17766888439646003,0.12618078597497934,0.21042863308554577,0.29345062422401447,0.06186266631227067,0.4032206778729298,0.9021916195504,0.42525543917749187,0.1621929737023651,0.33169972254827296
2015-02-25,0.1774055473603672,0.1261377955314529,0.21080839182421632,0.2939582201269991,0.06390210299378911,0.39760466751443985,0.9021916195504,0.4091420948429776,0.1621929737023651,0.3274671420591959
2015-02-26,0.17689832093666463,0.12704807051306685,0.21055777516835972,0.29577560709299855,0.0648538323320272,0.41921802600720004,0.9021916195504,0.42815821658930164,0.16552917066200387,0.337937191415003
2015-02-27,0.17588390777833804,0.12597941419640837,0.2085400627385548,0.2931741711747268,0.05710400665474049,0.42293159444945133,0.9021916195504,0.42877969987829434,0.16552917066200387,0.33481847025957207
2015-03-02,0.1779793720578548,0.12793465469720183,0.2123900688870296,0.2973663877572405,0.05302514625804336,0.4310097045563799,0.9021916195504,0.44016162436587525,0.17242971460637432,0.3530853490598247
2015-03-03,0.17641713054848232,0.1266975495275828,0.21028492755649966,0.2938041433324692,0.06417402010485439,0.408240671237193,0.9021916195504,0.40792763344415894,0.17629669482565866,0.36155045692624244
2015-03-04,0.17491339074087334,0.1261377955314529,0.2076561772882574,0.29197768326259077,0.06920460983978959,0.4133648081720215,0.9021916195504,0.419536543617697,0.17629669482565866,0.36177320754827713
2015-03-05,0.175321434157312,0.12682521422285808,0.20861466423299585,0.29360021979040907,0.06662133893614061,0.40370883188335677,0.9021916195504,0.4115464715141102,0.17394613489994007,0.35932279137068657
2015-03-06,0.17048020004645012,0.12439313751711104,0.2017275044184628,0.28599076247377514,0.08239292036811906,0.40144257062767225,0.9021916195504,0.39587187819349834,0.1715196454888485,0.3878369423488434
2015-03-09,0.1718083553706115,0.1250542307201784,0.20515801580278586,0.28874173863463726,0.08048946169164288,0.42047693352748167,0.9021916195504,0.40855923431217683,0.16878979970524896,0.3778124207929739
2015-03-10,0.16607465279522787,0.12142848911360732,0.1969415316212443,0.28188916628244287,0.10265125731290217,0.4153966704875414,0.9021916195504,0.4106690574652535,0.1696998688227748,0.3624415125261175
2015-03-11,0.16543738510569891,0.12099637839250185,0.19626134152487,0.2852021769695634,0.1050985761441884,0.4168989339023074,0.9021916195504,0.4078258418012704,0.1674248768134492,0.3586544863928461
2015-03-12,0.16961696258827086,0.12289808968633341,0.20267663603681368,0.2946561852400295,0.08538408638787556,0.43506340954360445,0.9021916195504,0.417780659772607,0.1674248768134492,0.35575851585944984
2015-03-13,0.16757674550607757,0.12195358514380507,0.19907406380429044,0.29261672852421206,0.0932698771038648,0.4423971815652824,0.9021916195504,0.4248095618687978,0.1674248768134492,0.35932279137068657
2015-03-16,0.17209447393778457,0.12448700105648962,0.2047061631829328,0.2960792794539231,0.08796735729152456,0.46614905085508174,0.9021916195504,0.45221113311122463,0.16492281948596463,0.35620407021525563
2015-03-17,0.1709711539479525,0.1248344589460971,0.201537408044134,0.29718962820301315,0.08864716951869737,0.48279592999031967,0.9021916195504,0.46588209386905066,0.16727337941168388,0.34729340799303215
2015-03-18,0.17507107544990075,0.12682609245314438,0.2071448170768463,0.3016809805945118,0.06566960959790252,0.5059446470849934,0.9021916195504,0.49531624274817027,0.1579467076252005,0.3234573387480218
2015-03-19,0.17340802368104435,0.1272450297199555,0.2042520922898126,0.30291370559835956,0.06702922108590842,0.5074898735179372,0.9021916195504,0.4892684818805817,0.14217470723759854,0.3292492798148143
2015-03-20,0.17646916293044432,0.12873832109016053,0.20841540542560708,0.30813018709072143,0.05275322914697809,0.5183864638862813,0.9021916195504,0.49965941149737925,0.11737939143602182,0.3187792304590072
2015-03-23,0.1758708897605779,0.12806056293190454,0.20812871771749325,0.3073778386782214,0.05805573599297857,0.5402777915885242,0.9021916195504,0.5209088788398357,0.12496221604180316,0.3154377321256734
2015-03-24,0.1737705437244011,0.12734812538746557,0.20553873900809427,0.3068113229238276,0.06091093697403258,0.5414225358944251,0.9021916195504,0.5227898687490462,0.131786468931824,0.3071953748812903
2015-03-25,0.16882040278203375,0.12216241116968407,0.1983143052102899,0.29339170437260537,0.08565600349894086,0.5318828481991322,0.9021916195504,0.5188169154132123,0.12443143278215758,0.3165515649034513
2015-03-26,0.1680238032867181,0.1215850925678284,0.19731907208664767,0.292548735568924,0.0905506411615133,0.5385264033934408,0.9021916195504,0.5148422024984174,0.12875362834469384,0.33593227648148183
2015-03-27,0.1688155210253737,0.12280728924283141,0.19816915298128693,0.29636480560708967,0.08062541376400567,0.5413249202736182,0.9021916195504,0.5293861783576979,0.12905662314822447,0.32278903377018137
2015-03-30,0.17291544252732194,0.125273574089242,0.20467877233041662,0.3042461794210718,0.07301155312542144,0.5710084187020903,0.9021916195504,0.5581157918208699,0.1319383279025673,0.3261305586593834
2015-03-31,0.16993233200632568,0.12323104606609167,0.19973597725787667,0.30196650674767844,0.08361657978376216,0.5589856810940176,0.9021916195504,0.5551734238824397,0.12534114033070545,0.3196703126147504
2015-04-01,0.16859929492550424,0.1223251622359092,0.19781162519861986,0.30148607483252654,0.08116926095247594,0.5783850778355535,0.9021916195504,0.5762606580447004,0.11851688744068462,0.30496770932573436
2015-04-02,0.16978115630617835,0.12261951932357247,0.19941799260736323,0.3032762978106932,0.07518694187930262,0.5832011107230608,0.9021916195504,0.5790867178138146,0.118213531068176,0.31298731594808277
2015-04-03,0.16978115630617835,0.12261951932357247,0.19941799260736323,0.3032762978106932,0.07518694187930262,0.5950608773063493,0.9021916195504,0.5852615202823808,0.11813760158280436,0.31298731594808277
2015-04-06,0.17200183962847926,0.12395224449314267,0.20232180876073272,0.3054879775287985,0.07613867121754073,0.5950608773063493,0.9021916195504,0.5852615202823808,0.11813760158280436,0.31298731594808277
2015-04-07,0.17130442314042751,0.12364122245029077,0.2021877478980655,0.3022338866930871,0.07668251840601104,0.6253589897952205,0.9021916195504,0.6099541317355418,0.11813760158280436,0.31053687321462403
2015-04-08,0.1722098897781701,0.12542184506586876,0.2028566055114446,0.3064714134711914,0.06580556167026529,0.6357537630024804,0.9021916195504,0.6165296783124546,0.11904767070033019,0.31098240101456165
2015-04-09,0.17371851134243912,0.12646329766390316,0.2042447141200327,0.30483985916329825,0.05370495848521618,0.6241638436446728,0.9021916195504,0.6124765761549513,0.12147416011142109,0.32501669932573723
2015-04-10,0.17548725512743948,0.12740296122973147,0.20668708121050208,0.3074050579898583,0.04677089710746506,0.6480345064387977,0.9021916195504,0.6319909226840564,0.12397621743890569,0.3234573387480218
2015-04-13,0.17392171942454845,0.12706385723796917,0.20469675963321335,0.3077766679822667,0.06526171448179498,0.6752097540321665,0.9021916195504,0.6442583552837143,0.12731277596752244,0.32078414539252825
2015-04-14,0.17447609647355294,0.12658305828660185,0.20616978952926795,0.30766790138332745,0.06159074920120537,0.6795159236809803,0.9021916195504,0.634614190977926,0.13155904204468705,0.31298731594808277
2015-04-15,0.17623015529949462,0.12806274779749482,0.2080440375466862,0.31220002741847735,0.050305910315691864,0.6635344399827511,0.9021916195504,0.598952364282465,0.12958740640787006,0.3120962337923396
2015-04-16,0.17596356375896174,0.1279210528378898,0.20787515943839108,0.31108967866938725,0.04704282718487009,0.6979400750911579,0.9021916195504,0.6278882003998555,0.12321800729212315,0.3071953748812903
2015-04-17,0.17209284668556454,0.1245879118584094,0.20097497932424646,0.30155406778781463,0.06458191522096192,0.7266909875808792,0.9021916195504,0.6442430469467544,0.11806203366641067,0.30095790601456024
2015-04-20,0.17521736939338806,0.1273424276007301,0.20612609919057137,0.3074730509451463,0.05656015946627019,0.7048590945839954,0.9021916195504,0.6192215701857997,0.11783460677927371,0.31098240101456165
2015-04-21,0.17471180991098403,0.12819786674007816,0.20401902892676563,0.30712406838863116,0.05588034723909737,0.7286581776499548,0.9021916195504,0.6703383067686032,0.12185308440032339,0.3156605093035762
2015-04-22,0.17644638139936408,0.12912217198602183,0.20620856108811125,0.3077268212347366,0.04853840371157845,0.761263920378445,0.9021916195504,0.6982777812993796,0.12185308440032339,0.3281354470370363
2015-04-23,0.17725433197114132,0.1300385945796398,0.20671273602307005,0.3104733161674634,0.04541127265311941,0.7662427724779513,0.9021916195504,0.6977453327058089,0.11715196454888485,0.32256628314814667
2015-04-24,0.17802814993537674,0.13161874506718396,0.2072423728772692,0.30866046575340345,0.04282800174947043,0.7597690198837554,0.9021916195504,0.6847255921214148,0.11942695655821044,0.31588328648147906
2015-04-27,0.17660243885617147,0.13022240175248498,0.20620118291833137,0.30193475088410204,0.05411284063498396,0.8013411293246813,0.9021916195504,0.7037092496359101,0.11646968388747395,0.3174426470591945
2015-04-28,0.17755184130385449,0.1300105126307294,0.20798308325517134,0.304953162314177,0.04445954331488133,0.7854282650053085,0.9021916195504,0.6945048041124527,0.13481967108793214,0.32835822421493915
2015-04-29,0.176265954848335,0.12861637560187156,0.20614090375346303,0.2993287784138909,0.0577838188819133,0.7855542696169255,0.9021916195504,0.7093425416792568,0.12534114033070545,0.34216977190408004
2015-04-30,0.17279677218249637,0.12500948381607938,0.20132604518043964,0.28717364073009277,0.07355540031389175,0.7746831078900824,0.9021916195504,0.7045398588844067,0.12056409099389527,0.3446201880816706
2015-05-01,0.17650004103354608,0.12781577230478944,0.20585773634857754,0.2907902684543337,0.048402438672875935,0.7746831078900824,0.9021916195504,0.7045398588844067,0.1211708037389125,0.3604366507043327
2015-05-04,0.1775079451829926,0.1283220185142083,0.20700188312111048,0.2931061782194388,0.0504418753543944,0.7867493398610806,0.9021916195504,0.7083137158608139,0.1211708037389125,0.3644464274596387
2015-05-05,0.17343890178414612,0.12491780514229109,0.2034908869958552,0.28503902707115447,0.07029231718306996,0.7302385487426447,0.9021916195504,0.65178891334166,0.12678199270787685,0.37357989341563314
2015-05-06,0.17192539846321706,0.12405403352534874,0.20136211623269687,0.28682465817357755,0.08171310814094622,0.7086487971379647,0.9021916195504,0.6430565628534142,0.12435550329678594,0.3878369423488434
2015-05-07,0.173201561094495,0.125190227893048,0.2033887017555704,0.289625536405774,0.08144119102988097,0.6722557808600665,0.9021916195504,0.6411250730280256,0.1196543834453474,0.3753620046153833
2015-05-08,0.17776969465594397,0.12773503937920344,0.20998222970219682,0.2938812093916362,0.050577827426757135,0.7013892615681911,0.9021916195504,0.6741446279768392,0.12647863633536824,0.36778795234884076
2015-05-11,0.17601885064536377,0.12729723087136252,0.20786035487549942,0.29428905647575637,0.06403806803249165,0.7410825359809584,0.9021916195504,0.715912809519287,0.12647863633536824,0.3954109946153861
2015-05-12,0.17500931924369723,0.12653479846135768,0.2069483069993755,0.29306540457578756,0.06417402010485439,0.7621111875319803,0.9021916195504,0.7268505282981867,0.12738870545289407,0.39229227345995515
2015-05-13,0.17490525447977326,0.12677607616732764,0.20675719793507694,0.29268018492756065,0.0628144086168485,0.754195517105088,0.9021916195504,0.7364720820143272,0.1271612785657571,0.3971931589268725
2015-05-14,0.17858252698438123,0.12980783421685443,0.2114915717671681,0.29849488271408847,0.048946285861346236,0.7549887389071347,0.9021916195504,0.7230829178270907,0.12390064952251201,0.3876141917268087
2015-05-15,0.17884749127269411,0.12969773412730493,0.21199328731220027,0.2979691406033459,0.04405166116511354,0.7333429683847598,0.9021916195504,0.6933967972407691,0.12162565751318709,0.3657830374153195
2015-05-18,0.17989929154300252,0.13102037035870823,0.21264314493281283,0.3041192666143746,0.04881032082264372,0.7255080623595305,0.9021916195504,0.6913859504042434,0.1250381455271748,0.385163722437482
2015-05-19,0.17967659612333156,0.13065142795746298,0.2129767057195283,0.3032762978106932,0.0504418753543944,0.7671891733801443,0.9021916195504,0.7323540513931664,0.12367322263537504,0.39273782781576083
2015-05-20,0.17935471769639666,0.13072646309631356,0.21231030749607582,0.3042189601094349,0.050849757504162166,0.776123659407713,0.9021916195504,0.7512458588859023,0.12549299930144872,0.390287358526434
2015-05-21,0.1801626682681739,0.1315621527643455,0.2123186983558255,0.30376574750591995,0.040380682918184196,0.801971000569981,0.9021916195504,0.7994842762044527,0.12321800729212315,0.375584755237418
2015-05-22,0.17938885030393847,0.13149941284950298,0.21099231561206258,0.3017172176862235,0.04065261299558923,0.8418220084664472,0.9021916195504,0.8150940290403551,0.11798610418103904,0.38226775190408563
2015-05-25,0.17938885030393847,0.13149941284950298,0.21099231561206258,0.3017172176862235,0.04065261299558923,0.890387070226545,0.9021916195504,0.842594664578281,0.11844095795531297,0.38226775190408563
2015-05-26,0.1758351299008161,0.1290160132226352,0.20628928694570295,0.2956169937465291,0.06689326901354564,0.9205764088549058,0.9021916195504,0.8923611002664839,0.12192901388569503,0.3648919818154444
2015-05-27,0.17896941612195968,0.1322552692424861,0.20928795839290923,0.3026870992966021,0.0561522773165024,0.9301577691597034,0.9021916195504,0.8977709257817952,0.12336986626286643,0.3644464274596387
2015-05-28,0.1785321218546393,0.13187756595862885,0.20837759833340164,0.3021160469902689,0.0566961245049727,0.8302156174214583,0.9021916195504,0.8031257248640516,0.12139823062604946,0.3633326212377289
2015-05-29,0.17635370740098025,0.13065142795746298,0.20552735830176713,0.29913846452764925,0.06390210299378911,0.8275660288834451,0.9021916195504,0.8200174189519235,0.12132230114067781,0.35553576523741515
2015-06-01,0.17705926015013207,0.13121735098584777,0.20626040116989802,0.30053887598184537,0.06566960959790252,0.8950320860116587,0.9021916195504,0.8936276452025453,0.11912360018570183,0.3771441158151335
2015-06-02,0.17671301262897549,0.13093614593222797,0.20555846235083922,0.30152690379998187,0.0693405748784921,0.9204613347638146,0.9021916195504,0.9448030637436952,0.1200333077342497,0.39362888341563596
2015-06-03,0.177439679967909,0.13193240180089474,0.20714679423345397,0.3073189188268123,0.061454784162502885,0.9202906971933839,0.9021916195504,0.9495706429382752,0.11904767070033019,0.4159055389711946
2015-06-04,0.17447609647355294,0.13017283529193682,0.20293241258918301,0.3012957609462849,0.07573078906777295,0.9318330232430687,0.9021916195504,0.9461968262386303,0.11874431432782158,0.4027622962598941
2015-06-05,0.17398676982427055,0.13058256185086733,0.20154681159385346,0.30570097417473757,0.06893269272872432,0.955460557861887,0.9021916195504,0.9595333790149357,0.12124673322428413,0.423925145593543
2015-06-08,0.1717839862763898,0.12852818842897754,0.1994997311549247,0.30238796348761704,0.08361657978376216,0.9892830800627989,0.9021916195504,0.9418057969416846,0.12299058040498619,0.41924706386039656
2015-06-09,0.17192539846321706,0.12818777780191126,0.19943771595010815,0.3005570221896033,0.07246770593695115,0.9835788664761771,0.9021916195504,0.9370030261678864,0.12465885966929455,0.4272666704827449
2015-06-10,0.17599769636650356,0.13094360017953596,0.2052735589060055,0.3083840127041158,0.05547246508932959,0.981247629348478,0.9021916195504,0.9620991970557318,0.1247347891546662,0.44085541443811493
2015-06-11,0.17659271503192991,0.13119890814983567,0.20623571082396797,0.3092859013592063,0.0504418753543944,0.9860843846811488,0.9021916195504,0.9812089284027761,0.12481035707105988,0.41969256510446595
2015-06-12,0.1741948596630399,0.12982100767114876,0.2027659938708145,0.307518361140737,0.06308632572791378,1.0,0.9021916195504,1.0,0.1254170698160771,0.42013811946027163
2015-06-15,0.1726211876990488,0.12889406773434622,0.200107586253457,0.305714583830556,0.0849762042381078,0.967865028718045,0.9021916195504,0.9643496985467329,0.12670606322250522,0.41412342777144445
2015-06-16,0.1745492434452966,0.13001621041746483,0.20290526285332633,0.30956235440849394,0.07709041352211857,0.9132808936550681,0.9021916195504,0.9078978305755085,0.12723684648215078,0.405212765549221
2015-06-17,0.1752238784022681,0.13042550857137766,0.20367707728030052,0.30901846608999345,0.07287558808671893,0.9382987297596553,0.9021916195504,0.9375949485303359,0.12693349010964217,0.40253954563785943
2015-06-18,0.17860526882638295,0.13341166290677003,0.20812379893764,0.3164285364165068,0.055064569973222045,0.8815441273083798,0.9021916195504,0.8771692474337971,0.1276920618254027,0.41256406719372896
2015-06-19,0.17677639608739903,0.1327119489913568,0.20565746485121897,0.3164194633126278,0.06553364455920001,0.7860963930724486,0.9021916195504,0.7862357023761927,0.1264027068499966,0.39385163403767065
2015-06-22,0.1788670182993343,0.13433378328712342,0.20822106539807156,0.31992278788599005,0.048946285861346236,0.7860963930724486,0.9021916195504,0.7862357023761927,0.12761613234003102,0.41456892901551384
2015-06-23,0.17908645921456523,0.13460224329146658,0.20882081897684557,0.3214682583546413,0.040380682918184196,0.8166057530517595,0.9021916195504,0.8151111849352239,0.12761613234003102,0.42548450617125844
2015-06-24,0.176547191658848,0.1329492853711639,0.20442593740129286,0.3160840904119311,0.056016312277799886,0.8519433668477768,0.9021916195504,0.8391037478987878,0.12556892878682038,0.4170193983048407
2015-06-25,0.17552789674386135,0.13250093809988753,0.20255660816372786,0.315794027706825,0.06621345678637282,0.8014601505481845,0.9021916195504,0.7832600783954012,0.12579635567395803,0.4219202306600218
2015-06-26,0.17539458112905565,0.13111117080221024,0.2039471761622426,0.3142168566984015,0.06634942182507533,0.6973337348275456,0.9021916195504,0.6667158615617821,0.1275402028546594,0.44040991319404543
2015-06-29,0.16826602573302926,0.12575745755673678,0.1952974053436274,0.29923815802270953,0.13201903142297786,0.6538547808996137,0.9021916195504,0.5917145121846664,0.12723684648215078,0.4081087360826172
2015-06-30,0.16915529922672876,0.12700332360896785,0.1958692376132344,0.3025012666384958,0.12358938055217858,0.7235589380118795,0.9021916195504,0.6612365326775148,0.12708534908038546,0.4089997916824923
2015-07-01,0.17148159518701658,0.12815487629655173,0.19928639113462265,0.30361167071139,0.09449353651950791,0.6540630680407444,0.9021916195504,0.5993316415274887,0.1211708037389125,0.4274894211047796
2015-07-02,0.17137757011217117,0.12798334292746372,0.19859998022843392,0.2999225134799215,0.10401088176724779,0.6102452679765125,0.9021916195504,0.5338700254448314,0.12155008959679274,0.4219202306600218
2015-07-03,0.17137757011217117,0.12798334292746372,0.19859998022843392,0.2999225134799215,0.10401088176724779,0.5400250233013648,0.9021916195504,0.4727776198800046,0.12397621743890569,0.4219202306600218
2015-07-06,0.17007378388223146,0.127225730073908,0.1974511557927072,0.2993333149658304,0.10700203482066456,0.5676953323868819,0.9021916195504,0.4574362028356407,0.1247347891546662,0.3963021033269975
2015-07-07,0.1721188827210848,0.12746788601016426,0.19975550770729403,0.29982735653680065,0.09449353651950791,0.5525268061527596,0.9021916195504,0.39435828837132536,0.12738870545289407,0.38583202741532224
2015-07-08,0.16648432346388653,0.1236205947486884,0.19329922336323985,0.2911754881025606,0.14303194023108637,0.4841468360583602,0.9021916195504,0.36420455967614246,0.12799505662893332,0.38026289008230074
2015-07-09,0.16723700699380106,0.12417510078335142,0.19411892355878543,0.29352769028318154,0.1472467527001462,0.546994141013279,0.9021916195504,0.40649700776999276,0.12723684648215078,0.4014257394159496
2015-07-10,0.17135157376572943,0.12747842477359972,0.19934811699944785,0.30162659729504215,0.10455471598937834,0.599374485781632,0.9021916195504,0.454047165777984,0.12708534908038546,0.4272666704827449
2015-07-13,0.17508734797210093,0.13071635273789578,0.20471257688607478,0.30766790138332745,0.06471786729332465,0.628160315211922,0.9021916195504,0.5059395247667557,0.12746427336928842,0.43016264101614116
2015-07-14,0.17660732061283152,0.13218070534915502,0.2065865837868336,0.3112845291075684,0.05751188880450827,0.6138891543504117,0.9021916195504,0.5162412437302353,0.12678199270787685,0.42325684061570257
2015-07-15,0.17635533465320025,0.13191967817186898,0.2065023858493455,0.3072917548389795,0.05560841716169235,0.5769576581238324,0.9021916195504,0.4625398616117541,0.1271612785657571,0.412341263459958
2015-07-16,0.1791011044845454,0.1347378120593185,0.20823268722105817,0.3110579228058109,0.040380682918184196,0.5823902786379448,0.9021916195504,0.482827103199438,0.12738870545289407,0.41278681781576376
2015-07-17,0.17948311186546378,0.13679788326794373,0.207398134239289,0.3084564868875392,0.038205294164303,0.6241072933822303,0.9021916195504,0.541146500300822,0.12761613234003102,0.4121185128379233
2015-07-20,0.1797497430950752,0.13718040610825016,0.2077428346156721,0.3053429185143434,0.042284154561000126,0.6349140105818065,0.9021916195504,0.558933820079796,0.12761613234003102,0.4172421489268754
2015-07-21,0.17827525413834797,0.136709267690032,0.20327089215575173,0.30278225623972294,0.04187627241123234,0.6428624725702762,0.9021916195504,0.5691282047266601,0.127843559227168,0.4101135979044021
2015-07-22,0.1774526582965906,0.13511463711288949,0.20158577604602435,0.3044954131587226,0.04051664795688671,0.6454647714257369,0.9021916195504,0.5782254918913983,0.1276920618254027,0.40610382114909604
2015-07-23,0.17550186070834112,0.13400213354266916,0.19864468325710027,0.2984314263107399,0.04758667437334037,0.6758962514463014,0.9021916195504,0.6086749178309617,0.1275402028546594,0.3960792995932265
2015-07-24,0.17184411523037332,0.13146738957442974,0.1946105122041197,0.2898294599478341,0.06254247853944349,0.6594132542125581,0.9021916195504,0.5874127815199868,0.12761613234003102,0.3947426896375457
2015-07-27,0.16989169038990382,0.1293244005746282,0.19145164284835933,0.2846718983068814,0.08783140521916183,0.5520396389254357,0.9021916195504,0.49502881552490596,0.1276920618254027,0.385163722437482
2015-07-28,0.17405503503935416,0.13149283683248125,0.19613489994864214,0.28919948779009175,0.05846361814274636,0.5325901439648232,0.9021916195504,0.47914870338166005,0.12761613234003102,0.3900646079043993
2015-07-29,0.176545564406628,0.13248076022355373,0.19912542165275826,0.2914655508076667,0.04568320273052444,0.5718167458762524,0.9021916195504,0.5247601572905229,0.1275402028546594,0.3965248539490322
2015-07-30,0.17655528823086955,0.13322871254396024,0.19899184302341003,0.2925849726606357,0.04065261299558923,0.545886059494975,0.9021916195504,0.48627842935231086,0.12723684648215078,0.39407438465970535
2015-07-31,0.1757766281990526,0.13320677820705387,0.19760619380474856,0.2955807566548174,0.04051664795688671,0.5328152823250978,0.9021916195504,0.4843261764951835,0.12776762974179637,0.38004008634852976
2015-08-03,0.17483373476024963,0.13264087659892,0.19534307283893165,0.2924581151777427,0.046498979996399764,0.5201235057731746,0.9021916195504,0.4651668250214416,0.127843559227168,0.36778795234884076
2015-08-04,0.17406642580489426,0.13220964410810082,0.1941700402905938,0.29112564135503044,0.052481299069573065,0.5616738300794414,0.9021916195504,0.5147141931290113,0.12776762974179637,0.38137669630421056
2015-08-05,0.17512636233630277,0.13371829379819047,0.19391773581812088,0.29243996896998475,0.045819167769226954,0.5424059791161778,0.9021916195504,0.49787933344157675,0.1276920618254027,0.39407438465970535
2015-08-06,0.17247977551222154,0.1300552595348284,0.1909370998970432,0.2852338775093356,0.06295037365555102,0.5321353128607214,0.9021916195504,0.4886144463808122,0.12776762974179637,0.38650033239316256
2015-08-07,0.17150600397031682,0.1294893579266945,0.1897922297745318,0.28117764683739815,0.0577838188819133,0.5578372173748821,0.9021916195504,0.518452066715668,0.12776762974179637,0.37335708968186215
2015-08-10,0.17583187539637607,0.13204513658130312,0.19576208536976444,0.28832481844663815,0.042012224483595095,0.6151104122999933,0.9021916195504,0.5679931003389785,0.12776762974179637,0.38739138799303774
2015-08-11,0.17256268599728528,0.12919324437845864,0.19051958228949914,0.28309926385039735,0.062134596389675695,0.614952754722687,0.9021916195504,0.5698066103950382,0.12776762974179637,0.3648919818154444
2015-08-12,0.17288456442422018,0.1295266505834855,0.19051143254640893,0.28212030913613984,0.06077497193533007,0.6020225561917945,0.9021916195504,0.5512490349259268,0.21511980226515734,0.3633326212377289
2015-08-13,0.17245211222448126,0.1290515494188536,0.19065316091884738,0.28019869212314064,0.05914343036991917,0.6232379374684657,0.9021916195504,0.5763011283608013,0.26220801497184826,0.3764758108372931
2015-08-14,0.17377705273328117,0.12969554926171464,0.19236050798457818,0.2838017101915631,0.05016994527698937,0.6265892806055144,0.9021916195504,0.5808678516169937,0.27123133038582303,0.3780352245267449
2015-08-17,0.17554901133364303,0.13160208011199534,0.19403400227131892,0.2894215575399098,0.05275322914697809,0.6353983692726065,0.9021916195504,0.5924019796846931,0.26584792987297357,0.36778795234884076
2015-08-18,0.174651641267922,0.1301829242301037,0.19319848482291188,0.2847988111135786,0.0632222907666163,0.5590681154363164,0.9021916195504,0.5122188462255998,0.26804663082794955,0.3780352245267449
2015-08-19,0.1718376459105718,0.1284150038233006,0.18918360310268917,0.2794010335150499,0.08307273259529187,0.5733529394484839,0.9021916195504,0.5371555112806388,0.26736435016653864,0.36310981750395793
2015-08-20,0.16470420875788533,0.1222049732081928,0.18034344656975385,0.26559619531560075,0.13596191381463277,0.5329909297174362,0.9021916195504,0.5032746424304607,0.2688807704601038,0.3530853490598247
2015-08-21,0.15416340467918158,0.1146836805149017,0.1672343678041747,0.25846716991411867,0.25683208435713933,0.4843184604118939,0.9021916195504,0.44178589170468935,0.26372479683439126,0.3464022992814208
2015-08-24,0.14153523289298267,0.10679652993649282,0.15270655861425433,0.23802723723654942,0.4296397067807487,0.39171660864508534,0.9021916195504,0.3578442096061486,0.26364886734901966,0.33370461092592596
2015-08-25,0.13737353534029162,0.1059296952236739,0.14764728008352282,0.23458736906653585,0.3654656607432148,0.31556230582670375,0.9021916195504,0.28826368311285,0.27540202854659396,0.364000873103833
2015-08-26,0.1492246346578151,0.11431079678749359,0.16293231614251924,0.24731809560860665,0.28796735210498864,0.3038474445467747,0.9021916195504,0.26139711185348724,0.2818473571477125,0.3726887847040218
2015-08-27,0.15688964748388656,0.11936314852326434,0.17204946749385755,0.25702592949246716,0.2305914283391829,0.3524440074597766,0.9021916195504,0.29334561108879625,0.2804065047705411,0.37179772910414666
2015-08-28,0.1570863465571158,0.12004793252381064,0.17175911481251974,0.2612408288346782,0.22991160314567033,0.39869506284328193,0.9021916195504,0.3425028805407327,0.27608430920800486,0.375807558971189
2015-08-31,0.15437312177017096,0.11777509396314355,0.1689202072638805,0.2596726756063295,0.2622705562418423,0.3904981592320277,0.9021916195504,0.31990487188263644,0.26334551097651104,0.37892628012662
2015-09-01,0.14489060712611646,0.11161550803887021,0.15732365330317769,0.24544184411500225,0.30265123916002656,0.37825999928192555,0.9021916195504,0.2850725986882955,0.25417033659179294,0.3726887847040218
2015-09-02,0.15058206067739752,0.11661126747180249,0.16455867212233294,0.25359059787439303,0.2304554633004804,0.3762524270120185,0.9021916195504,0.2753681688030961,0.24514702117781817,0.3773669195489045
2015-09-03,0.15095108972963434,0.1158883125841789,0.1651359295167781,0.2531917685703477,0.22392929703883674,0.3762524270120185,0.9021916195504,0.2753681688030961,0.23862612466030594,0.37179772910414666
2015-09-04,0.1460887211844515,0.11371330030930414,0.15841077598574518,0.24912192824259177,0.25370494033234053,0.3762524270120185,0.9021916195504,0.2753681688030961,0.23862612466030594,0.36288706688192324
2015-09-07,0.1460887211844515,0.11371330030930414,0.15841077598574518,0.24912192824259177,0.25370494033234053,0.3514580593270701,0.9021916195504,0.26968903972781777,0.23862612466030594,0.36288706688192324
2015-09-08,0.15392280948509046,0.1193289403826008,0.16804741317991884,0.2607196232758751,0.21427598675239445,0.3794501356105656,0.9021916195504,0.2992806709239386,0.24620858769710932,0.3775896701709392
2015-09-09,0.14947336611300632,0.11689859871717545,0.16214371999604568,0.2545876434726044,0.23235892197695657,0.4020339573319541,0.9021916195504,0.32629847799499145,0.24719458630000746,0.37469369963754295
2015-09-10,0.15113967238630277,0.11864107186592705,0.16404068120278634,0.25676308609899795,0.20707002122991774,0.3879819382257078,0.9021916195504,0.3086878199436926,0.25523226468006205,0.3838271124818011
2015-09-11,0.15256375621328805,0.11978559871122062,0.16657611932381244,0.2589203825176336,0.19116247475923678,0.38870972871738463,0.9021916195504,0.3122049543497034,0.25477704933681017,0.37513925399334863
2015-09-14,0.15125996998334834,0.11905825267216559,0.16504211102457703,0.256976082744937,0.2054384666981671,0.3621466661798537,0.9021916195504,0.2504522667797959,0.2531087700725018,0.37447094901550826
2015-09-15,0.1553338752943156,0.12146051238868057,0.1706934756243113,0.26264124028887437,0.18218898966630698,0.32806257055024773,0.9021916195504,0.20654083008401417,0.24772536955965238,0.3969703551931016
2015-09-16,0.15813328491530346,0.12272043012549225,0.17415258344444792,0.2668107741116906,0.16600951311822099,0.3737949575535248,0.9021916195504,0.2605601681207314,0.2493177193385891,0.401871240660019
2015-09-17,0.15730255281244598,0.12292704986553009,0.17254255106248056,0.26929890687908353,0.16315429917082724,0.3532119524331073,0.9021916195504,0.24699812530058557,0.25,0.3827133062598913
2015-09-18,0.15207280231178563,0.12000012252383506,0.1653783964295445,0.2614402158247988,0.17865397645808015,0.35689811866765153,0.9021916195504,0.2569872550616598,0.24628451718248098,0.3633326212377289
2015-09-21,0.15352613698965265,0.12007558606770333,0.16847973535035457,0.2604159509149506,0.14955810649273002,0.37512476164443914,0.9021916195504,0.2863528683402521,0.24499552377605285,0.38204500128205104
2015-09-22,0.14958715470117184,0.11690695261502064,0.1640423931310686,0.2522309600638481,0.18082936521196133,0.38416574434074197,0.9021916195504,0.2919348686568883,0.24863507710820024,0.3622187619040828
2015-09-23,0.14894014334286204,0.11673235615005606,0.16279355350499233,0.2508803953571821,0.17661452681022194,0.3624855123161538,0.9021916195504,0.28235017811997876,0.2538673417882623,0.36645134239315985
2015-09-24,0.14788020681145356,0.11593130302770534,0.16085364942119945,0.24974282729645514,0.19483342707348655,0.3708176811189149,0.9021916195504,0.29187627467749006,0.25970595764436366,0.36110490257043676
2015-09-25,0.147733893023427,0.1138264849149811,0.16365229048770666,0.2430579413946091,0.19687287672134482,0.35516631432184353,0.9021916195504,0.26185117120434953,0.25940260127185505,0.37179772910414666
2015-09-28,0.13967548205089703,0.10757389226136459,0.15592963733643248,0.22845538926326509,0.2513935865397568,0.3577808341065032,0.9021916195504,0.2808411632031041,0.2524264894110909,0.35553576523741515
2015-09-29,0.14005262751969463,0.10640477496805491,0.1570960150649689,0.22543703315699423,0.24051664277035076,0.3383117552966152,0.9021916195504,0.2659196696777608,0.2484076502210633,0.3464022992814208
2015-09-30,0.14589527661566226,0.11091624394872557,0.16291232757144888,0.23304189859788457,0.2088375148676914,0.3428647725339702,0.9021916195504,0.2693728433885426,0.24446474051640726,0.34773890923710155
2015-10-01,0.146511390026331,0.11121981174426945,0.16259899647246326,0.23161885970779517,0.18232492877232997,0.3428647725339702,0.9021916195504,0.2693728433885426,0.2395358322088538,0.34372913248179554
2015-10-02,0.15098847684161615,0.11476000086880538,0.16754593875154616,0.23912856820556466,0.16043507619481548,0.3428647725339702,0.9021916195504,0.2693728433885426,0.23877762206207126,0.33192247317030765
2015-10-05,0.1567904843211619,0.11798347016375396,0.1750532988375766,0.25160098790610574,0.14140041163201522,0.3428647725339702,0.9021916195504,0.2693728433885426,0.23877762206207126,0.3468478536372265
2015-10-06,0.15563138462702877,0.11654019507936567,0.17539303221077454,0.24799791451387915,0.1394969270228596,0.3428647725339702,0.9021916195504,0.2693728433885426,0.23877762206207126,0.34216977190408004
2015-10-07,0.15821780280804795,0.118417337345432,0.17840771380416987,0.2565681803370127,0.12590073434476234,0.3428647725339702,0.9021916195504,0.2693728433885426,0.23877762206207126,0.3481844635929073
2015-10-08,0.16107898847977858,0.11927892409678406,0.18182636224884685,0.26139036907726865,0.11257647174407008,0.3710259682600456,0.9021916195504,0.3059924089124258,0.23877762206207126,0.3584317357708115
2015-10-09,0.1613163291694297,0.1201422673087087,0.1826594203073273,0.26235117758376825,0.10795376415890265,0.3833987861505143,0.9021916195504,0.3190968732237875,0.23680634799423225,0.3564268208372903
2015-10-12,0.16173411625464923,0.12050067094651848,0.18382898077576873,0.2619161111880112,0.09558123089644852,0.41589226332443735,0.9021916195504,0.3570397301052215,0.23058844628025066,0.35442190590376915
2015-10-13,0.15949557284700666,0.11865685859082938,0.1825952350525755,0.254410883918377,0.11597551991359438,0.41762338451271247,0.9021916195504,0.3643162929401601,0.2136793114569639,0.3466251030151918
2015-10-14,0.1579593276840759,0.11805323592088679,0.17871537866165788,0.2494844651311213,0.12087015757616684,0.4080506775366645,0.9021916195504,0.35164521292687,0.22831381583990304,0.3301403354146894
2015-10-15,0.1627745456039568,0.12188077771104655,0.18407318372848336,0.2611773724313296,0.09394967636469786,0.4315656429753454,0.9021916195504,0.38118546441733236,0.23240822294632435,0.3394965519927185
2015-10-16,0.16427828541156578,0.12260855215511929,0.18590571856381272,0.26096891233733005,0.08035349665294036,0.4481307709258174,0.9021916195504,0.3942889609602656,0.23127108851063952,0.3394965519927185
2015-10-19,0.1643677049055096,0.12343241784466265,0.18626541639641508,0.26187080099242055,0.07940175434836252,0.4466843746159611,0.9021916195504,0.3957465961714817,0.2361237057638434,0.34061041132636455
2015-10-20,0.16389788543832812,0.12235763533625103,0.18593383276630732,0.2614039787330871,0.0898708289343405,0.4586949672012273,0.9021916195504,0.41431138591433286,0.2418108242181794,0.3501893785264284
2015-10-21,0.16197471144874037,0.12056559572695126,0.18473635098869887,0.2531010928553622,0.10278722235160469,0.4261567052557055,0.9021916195504,0.3529524041369285,0.23293900620596994,0.34105591257043394
2015-10-22,0.1674320788148103,0.12407200511584136,0.192650860665916,0.257438368452331,0.07219577585954612,0.441100093129553,0.9021916195504,0.3880070001329802,0.2336216484363588,0.3399421063485243
2015-10-23,0.17111256613477976,0.12897696410527162,0.19654055461654013,0.2626684596005112,0.07233174089824863,0.45468543973446124,0.9021916195504,0.41488615238191345,0.24021847443924269,0.35286254532605366
2015-10-26,0.17046718202869,0.12910156570467035,0.19595666651395946,0.2596953583660269,0.08361657978376216,0.4600166493081398,0.9021916195504,0.42248155092456857,0.2334697894656155,0.34729340799303215
2015-10-27,0.16960719907495078,0.12890195038667193,0.19492902731128403,0.2532552249736963,0.08552005142657806,0.46149500220925554,0.9021916195504,0.4288455081314323,0.23657892110709527,0.34061041132636455
2015-10-28,0.17358360816449195,0.13177710498197764,0.1998199340787053,0.26840609132787197,0.07056423429413525,0.44310766539946006,0.9021916195504,0.40505644047469747,0.23657892110709527,0.35486746025957483
2015-10-29,0.17343076552304604,0.13083744141614934,0.1992343099361764,0.262473553838526,0.07437116461342731,0.4468755828187702,0.9021916195504,0.4115708416827188,0.24120411147316217,0.37291158843779276
2015-10-30,0.17179700429414993,0.1299372553727023,0.19695633618413597,0.2607649334714658,0.08062541376400567,0.44539753354322464,0.9021916195504,0.40971404598422073,0.23923283740532317,0.36801070297087546
2015-11-02,0.17581076080659438,0.13315721174650572,0.20103569249910183,0.27174626600282525,0.06811691546284897,0.4275274987985916,0.9021916195504,0.38798720486967,0.20996382863944485,0.3760303095932237
2015-11-03,0.17674389073207725,0.1339459696448484,0.20324277795325713,0.2742343987702182,0.07341943527518924,0.4249189756189426,0.9021916195504,0.3864791577212238,0.22459833302238402,0.3833816112377316
2015-11-04,0.17552789674386135,0.13382972194329484,0.20199417944384032,0.2736905657755219,0.0866077458035187,0.4693623202640996,0.9021916195504,0.4402409813770122,0.22361233441948655,0.38560927679328755
2015-11-05,0.17514096791720438,0.13318310882982584,0.20189170486356414,0.2738310329142334,0.08035349665294036,0.4890055283384751,0.9021916195504,0.4451876857098126,0.2234608370177212,0.38895074857075324
2015-11-06,0.1750222975723788,0.13403327858745612,0.20304969173235085,0.27793716565750515,0.07056423429413525,0.5099028618304022,0.9021916195504,0.47523619158313324,0.23127108851063952,0.4085542373266866
2015-11-09,0.17167019768822428,0.13175999020152043,0.1986091426614939,0.27099397291412936,0.10033990352031845,0.5275779689589917,0.9021916195504,0.4914423537078354,0.23650299162172364,0.4105591522602078
2015-11-10,0.17218063892728835,0.13123095284515982,0.19929381752773445,0.2724759316556279,0.08361657978376216,0.5255893732872197,0.9021916195504,0.4957027342669337,0.2434031739971161,0.40610382114909604
2015-11-11,0.17108819704055805,0.1305193935310071,0.1979113992723099,0.2681114920708264,0.09408564140340038,0.5286250976440857,0.9021916195504,0.5116494464738499,0.24309981762460753,0.40966809666033277
2015-11-12,0.16636888777896175,0.1278021704454774,0.19163633820951592,0.25756981781096766,0.12549286516133426,0.5232317207349166,0.9021916195504,0.5078520991183145,0.24742201318714377,0.40543551617125567
2015-11-13,0.16264124983369035,0.1244155002590351,0.18662839341558626,0.2538262772800295,0.14874234219319435,0.507044682525688,0.9021916195504,0.48682979341971133,0.24878693607894353,0.3967476045710669
2015-11-16,0.16754261289853578,0.12690461909288922,0.19249900539377968,0.2581453513454362,0.12263765121394049,0.5151650724932616,0.9021916195504,0.5064998626868569,0.25219906252395397,0.3951882439933514
2015-11-17,0.16709555511789526,0.12696603095217684,0.19265925152566565,0.25684463338630037,0.13188306638427535,0.5144928454809243,0.9021916195504,0.4966954887166779,0.25022742688713695,0.39251502408198985
2015-11-18,0.17248303001666157,0.13087824699408548,0.1987740664565737,0.2652472127590855,0.10482664606678337,0.5031983538028837,0.9021916195504,0.4761740471692971,0.25583861585610135,0.3942971883934763
2015-11-19,0.17210261019888465,0.13080980929250755,0.19866517817315552,0.2629720766376316,0.10673010474325953,0.5183068380805065,0.9021916195504,0.5055503059006029,0.2606156651929115,0.3896190535485936
2015-11-20,0.1733917511588442,0.132182011984459,0.20091349457608074,0.2667881466757973,0.0860638986150484,0.5224848777387121,0.9021916195504,0.5138556945539844,0.25917517438471804,0.39273782781576083
2015-11-23,0.17297235666594396,0.13207497499078608,0.2001448628890116,0.2691493666364931,0.08810332233022708,0.5162090890162615,0.9021916195504,0.5034647649371867,0.2606915946782832,0.3900646079043993
2015-11-24,0.17338686940218415,0.13208945508038442,0.20062656575130747,0.2729790463304772,0.09231814776562669,0.5180117899327021,0.9021916195504,0.513209753117435,0.26395222372152827,0.38850524732668384
2015-11-25,0.17334301297040078,0.1326742279295481,0.20065622310042266,0.2771531167052329,0.08225695532941654,0.5279040628213449,0.9021916195504,0.5310808288549482,0.26433114801043056,0.3860548311490933
2015-11-26,0.17334301297040078,0.1326742279295481,0.20065622310042266,0.2771531167052329,0.08225695532941654,0.5240556087195495,0.9021916195504,0.5197538912098957,0.2638762942361566,0.3860548311490933
2015-11-27,0.17354459380029008,0.13317344829667666,0.20065622310042266,0.2791291170177017,0.08130522599117845,0.4621065800139531,0.9021916195504,0.4471598218091982,0.2641796506086652,0.3844954174596415
2015-11-30,0.17196766733185892,0.1323465195112567,0.19834839910593943,0.2771938903488841,0.09503737074163845,0.46493652214064224,0.9021916195504,0.4540210360304145,0.2682744192840645,0.382936056881926
2015-12-01,0.1755798894367448,0.1344364291293649,0.20250698635520825,0.2799358487296714,0.07518694187930262,0.46832672935067166,0.9021916195504,0.4579227264183317,0.27070054712617747,0.3689017585707504
2015-12-02,0.17182137338837164,0.1329848215673823,0.1985893710954171,0.2742842455177484,0.09204621768822169,0.4933850235624828,0.9021916195504,0.46739110878592527,0.27115576246942935,0.3740253946597025
2015-12-03,0.1669622791921681,0.1292256960585496,0.19236716280437965,0.264712397544464,0.12195785195310739,0.5082836266647316,0.9021916195504,0.49091439204061493,0.27115576246942935,0.40788593234884624
2015-12-04,0.17380142182750288,0.13382051123541425,0.20150162633186816,0.27052715065479593,0.07709041352211857,0.4896810952320842,0.9021916195504,0.48026577208499244,0.27016976386653185,0.3956337983491572
2015-12-07,0.17142472073747309,0.13204558640657169,0.19860986601147232,0.26187080099242055,0.0910944883499836,0.4933918551378115,0.9021916195504,0.49052429338498166,0.2728996096501314,0.3844954174596415
2015-12-08,0.16923332795513246,0.1318889829523506,0.19459744368117626,0.25965004817043624,0.1150237905753563,0.4726051931662082,0.9021916195504,0.46547219995010714,0.2782833717319588,0.38739138799303774
2015-12-09,0.16663712641625392,0.12858259586622572,0.19272840378360262,0.2535180683671655,0.14235214097025325,0.4733417128930272,0.9021916195504,0.46681097560251394,0.28510762462197964,0.38070839132637013
2015-12-10,0.16738655544172837,0.12956085872414902,0.19476410351620424,0.2549456991329985,0.13868116272332398,0.46807365743794216,0.9021916195504,0.4669191017296617,0.2932971619727782,0.3876141917268087
2015-12-11,0.16090665850077104,0.12466074071141879,0.18712147698420928,0.24342955138701755,0.2073419253746433,0.4615712122273661,0.9021916195504,0.46268397112865245,0.30072812760781625,0.36533748305951386
2015-12-14,0.16246241084580273,0.125483706750425,0.18967171966812704,0.23991715370977643,0.18477224760361619,0.4883367171138021,0.9021916195504,0.4866991446818639,0.31399770909895564,0.3844954174596415
2015-12-15,0.16595272794596228,0.12737575751110736,0.19353354053291605,0.2470280882273047,0.16057104123351798,0.48512997565454274,0.9021916195504,0.4952270320948522,0.31680312279894884,0.39407438465970535
2015-12-16,0.17077445487472326,0.13069968778270716,0.19906861456778632,0.2549230163733011,0.11855880378358313,0.48694353118511663,0.9021916195504,0.4966486839163178,0.3183199046614919,0.3983069651487824
2015-12-17,0.16570562374299103,0.1276911707053907,0.19281578446099576,0.24875479947831866,0.13324269083862098,0.5067834886289567,0.9021916195504,0.5249772013553509,0.3276465764479753,0.38739138799303774
2015-12-18,0.15979796393637988,0.1242049391928344,0.18374729045153917,0.2422557462345789,0.15717199306399368,0.5064617214309782,0.9021916195504,0.5254068905376046,0.3355323958572873,0.37870347639284896
2015-12-21,0.16233399683219635,0.12621587234592918,0.18678589081755426,0.2453013216524866,0.12997960770779918,0.526207099509713,0.9021916195504,0.5432500769485874,0.33386411659297893,0.37825797514877957
2015-12-22,0.16523092251914956,0.1276280023855305,0.19087585626553696,0.24981076492793908,0.10142759789725905,0.5290970835929015,0.9021916195504,0.5532337520148829,0.3333333333333333,0.3876141917268087
2015-12-23,0.16934711654329795,0.12959421005477714,0.19545196112234983,0.256667873832073,0.08742351010305428,0.5242226027831383,0.9021916195504,0.5414086775659973,0.33181691303976824,0.39318332905983033
2015-12-24,0.16881063926871365,0.1297065164301678,0.19420659357616996,0.25754713505127025,0.08973486389563798,0.5168838209395527,0.9021916195504,0.5346069371136597,0.3310587028929857,0.38850524732668384
2015-12-25,0.16881063926871365,0.1297065164301678,0.19420659357616996,0.25754713505127025,0.08973486389563798,0.5217078999046691,0.9021916195504,0.5389492260733882,0.33067941703510545,0.38850524732668384
2015-12-28,0.16808071742534011,0.12937750137657242,0.19361648466377487,0.2545785703687254,0.10564241036631894,0.49241311811239624,0.9021916195504,0.512442224774687,0.33067941703510545,0.3844954174596415
2015-12-29,0.17163443782846247,0.13231449623618347,0.19837458437515823,0.2601576440734209,0.0943575714808054,0.5017271361026667,0.9021916195504,0.5232367138261688,0.33932380816017793,0.4027622962598941
2015-12-30,0.16919594084315062,0.13046807060988638,0.1954830651714219,0.25522668873422566,0.11080897810629642,0.5045688437201996,0.9021916195504,0.5307744861578542,0.33636653548944145,0.401871240660019
2015-12-31,0.1660388730909268,0.12790438788270117,0.19106744756315447,0.24899501543589458,0.12331745047477355,0.4940929265793141,0.9021916195504,0.5105097671808699,0.3412195143116233,0.3942971883934763
2016-01-01,0.1660388730909268,0.12790438788270117,0.19106744756315447,0.24899501543589458,0.12331745047477355,0.4940929265793141,0.9021916195504,0.5105097671808699,0.34311485889409066,0.3942971883934763
2016-01-04,0.160953809126073,0.12332799412159771,0.18425069381318762,0.23663589888623224,0.15717199306399368,0.4185648514993904,0.9021916195504,0.416920313639671,0.34311485889409066,0.38895074857075324
2016-01-05,0.16161219140538363,0.122816499950712,0.1844907013360274,0.2374607214821557,0.13868116272332398,0.41590744460294543,0.9021916195504,0.4026880471933154,0.3747347891546662,0.3896190535485936
2016-01-06,0.1573123163257661,0.12037431288654717,0.17826502096509353,0.23017761928614366,0.15567640357094553,0.43895513028914795,0.9021916195504,0.42582483892924167,0.3649529020249309,0.37380264403766783
2016-01-07,0.1496440489952546,0.11395502784054268,0.1685762784608077,0.2166718615718754,0.21549964616803752,0.3653191738560774,0.9021916195504,0.33892363299740186,0.3908857138311711,0.368456257326681
2016-01-08,0.1462204095470372,0.1119458297277696,0.1644369564326308,0.20834634825825726,0.24296396160163708,0.38441236421010555,0.9021916195504,0.35051274790762965,0.41833494593097503,0.3633326212377289
2016-01-11,0.14648702093210933,0.11169842583004651,0.16572382015590603,0.2063975672574253,0.20611826595900015,0.3316480090018909,0.9021916195504,0.28957175411238895,0.42106479171457456,0.36957006354859073
2016-01-12,0.14892714516964115,0.11380103765692957,0.16862864899924532,0.2076665293529848,0.18123723439538933,0.3335622923153659,0.9021916195504,0.29689063482133743,0.4005916714755341,0.3570951258151308
2016-01-13,0.1410589242614604,0.1067881974588985,0.15962135039796305,0.19202618564168034,0.21862676426015676,0.31078354297793376,0.9021916195504,0.26852331866621626,0.4028663019158817,0.34907551919278235
2016-01-14,0.14618951159939614,0.11068987473737166,0.16524185206528474,0.19904193555418573,0.20135961926780974,0.32883264090256953,0.9021916195504,0.3015068022463313,0.40506536443983565,0.35620407021525563
2016-01-15,0.13944137602114665,0.10513697457891749,0.15558867426827122,0.19090673612680925,0.24309992664033955,0.2956648113373181,0.9021916195504,0.2702440109320881,0.4162877423777644,0.34172421754827426
2016-01-18,0.13944137602114665,0.10513697457891749,0.15558867426827122,0.19090673612680925,0.24309992664033955,0.2996653059433719,0.9021916195504,0.28448164409427457,0.41226890318773673,0.34172421754827426
2016-01-19,0.1396039424868341,0.10463381288562609,0.15627850903102447,0.18508296523640255,0.22991160314567033,0.32886065036141693,0.9021916195504,0.31563736502874645,0.4077192807380635,0.34216977190408004
2016-01-20,0.13602748024171005,0.10440305252284074,0.15012371695797577,0.18709523030248512,0.25084975231762624,0.3192083934859867,0.9021916195504,0.30348060994572973,0.40749185385092657,0.3308086403925296
2016-01-21,0.1375978778567219,0.10441928907301165,0.1529863021625753,0.18620241475127358,0.23861318409387464,0.28929482278172486,0.9021916195504,0.26826650811687175,0.4073399948801833,0.3386054963928434
2016-01-22,0.14376077812740437,0.109644930638443,0.15819176972394552,0.19677130832276926,0.1794697407576157,0.3005125730969072,0.9021916195504,0.2804826489898191,0.4085534203702177,0.3450657424374763
2016-01-25,0.13891303500766242,0.10645611930942653,0.15304901660570433,0.18621599674519002,0.2040788422438215,0.3073380000077425,0.9021916195504,0.28777627974067854,0.40787077813982886,0.3392738013706838
2016-01-26,0.14322918260948012,0.10861356697857551,0.16001195938630988,0.19555216531283787,0.18164512951149692,0.24865947413113937,0.9021916195504,0.22390461920709764,0.4080982050269658,0.3330363059480856
2016-01-27,0.13986729936746622,0.10424863393420992,0.1545116784854016,0.18865428276505275,0.18993881534359364,0.24423618091863586,0.9021916195504,0.2183983687647285,0.41044912652166304,0.3345956665258011
2016-01-28,0.14155962183174364,0.10593802770126821,0.15760240827319483,0.1888899621706892,0.1805574351345563,0.21939513080227516,0.9021916195504,0.18778231069756704,0.40688514110590934,0.3310314175704326
2016-01-29,0.1491807385369532,0.11064382119796866,0.1673961088593494,0.20344261223069893,0.15037389672494506,0.2448710619858433,0.9021916195504,0.21801733194074388,0.4049135054690924,0.31900200763691
2016-02-01,0.1490409337578067,0.11092545465660618,0.16697338313196072,0.20208751097209346,0.14738271773884876,0.2297152880256679,0.9021916195504,0.20935158151616848,0.4055961476994812,0.32679883708135554
2016-02-02,0.1431316466989755,0.10638855983813487,0.15967393794139417,0.19141435969169593,0.17457510309504326,0.24859267650570388,0.9021916195504,0.23538015329539885,0.4073399948801833,0.3040766271699912
2016-02-03,0.14467602812300634,0.10583099070759529,0.16419523698150876,0.19207603238921048,0.1700883605485784,0.24538312650992047,0.9021916195504,0.23789731897792568,0.4084015613994744,0.30786367985913066
2016-02-04,0.14515070950230857,0.10606436434098863,0.1661684874993068,0.19411095255308844,0.17267164441856708,0.258371772963069,0.9021916195504,0.2517891948742937,0.4062784283608921,0.3040766271699912
2016-02-05,0.13939587249260402,0.0996411165485704,0.16094375471684466,0.1808907486538889,0.1936097676578435,0.2529211626339245,0.9021916195504,0.24101538087560256,0.3970276860597804,0.3005123782146227
2016-02-08,0.1350699613774662,0.09615837653690835,0.15655085029789964,0.17351246185285396,0.22923180388483727,0.2529211626339245,0.9021916195504,0.24101538087560256,0.40392786843517287,0.27533972556979963
2016-02-09,0.13487000779979694,0.09550077483473526,0.1562380255438989,0.17104698418325628,0.23657376037869596,0.2529211626339245,0.9021916195504,0.24101538087560256,0.40392786843517287,0.27400311561411883
2016-02-10,0.13481311350571418,0.09615135069461804,0.15377788815562635,0.17085661497321056,0.23317471220917163,0.2529211626339245,0.9021916195504,0.24101538087560256,0.40392786843517287,0.268656728903132
2016-02-11,0.1311098446546645,0.09541655040825499,0.14749270019313446,0.16643325553699995,0.258327647917508,0.2529211626339245,0.9021916195504,0.24101538087560256,0.40392786843517287,0.25506795839189395
2016-02-12,0.13691347938643025,0.09851674615935972,0.15523707795542718,0.17471345865502744,0.22107408309144308,0.2529211626339245,0.9021916195504,0.24101538087560256,0.40392786843517287,0.2782356961031958
2016-02-15,0.13691347938643025,0.09851674615935972,0.15523707795542718,0.17471345865502744,0.22107408309144308,0.2475436501607963,0.9021916195504,0.24059730491449083,0.40392786843517287,0.2782356961031958
2016-02-16,0.14192051462288038,0.1028356256643223,0.16073241596481624,0.18550444963824317,0.20353500802169086,0.275642374925811,0.9021916195504,0.27451873205971783,0.345010565045536,0.2849186927698635
2016-02-17,0.1469990894233934,0.10713914684940026,0.16708820288520196,0.19245220659546045,0.17906184564150818,0.2852081744201378,0.9021916195504,0.2850050308561966,0.3607066359477663,0.2940521321699898
2016-02-18,0.1455376184844263,0.10509837528682252,0.1660907032649607,0.18954258942622687,0.16995239550987587,0.28382622263754825,0.9021916195504,0.28091779286685165,0.36935102707283946,0.2806861122807864
2016-02-19,0.1455295020678655,0.1058393231851896,0.1655613557507529,0.1919446106924759,0.15486063927140997,0.28293325983570367,0.9021916195504,0.28505465098289423,0.3621474883249377,0.2782356961031958
2016-02-22,0.15003583973403237,0.1087425383091548,0.17120729522564904,0.19726078567989802,0.1392249969454545,0.3038122998870285,0.9021916195504,0.30385364068544224,0.36487733410853723,0.2822454994143701
2016-02-23,0.14609685744555156,0.10580203052839861,0.16654376146811112,0.1929144923028544,0.160978910416946,0.29639890205957575,0.9021916195504,0.29742845013073893,0.364422118765286,0.2775673911253555
2016-02-24,0.147483554160555,0.10751421544239866,0.16785755792224952,0.19741489013633,0.15744389720871912,0.3043473640480454,0.9021916195504,0.2981454785573089,0.36844095795531295,0.2768990861475151
2016-02-25,0.1510437438834789,0.10925099080441482,0.17309928942920452,0.20172038220782032,0.13555404463120463,0.24600434442647065,0.9021916195504,0.2299884514433848,0.37192901388569505,0.2668745911475137
2016-02-26,0.1504503921593511,0.10961378559365605,0.17168407930809162,0.20425841704654757,0.14507136394626505,0.2540771410859214,0.9021916195504,0.23202621983801228,0.3732939367774948,0.28135441725862687
2016-02-29,0.14787857955923353,0.10818717546445637,0.16863554493570623,0.20277186642930542,0.15513254341613547,0.2294432395148033,0.9021916195504,0.18911299228675366,0.3785258398885789,0.27645355834757757
2016-03-01,0.15537614416295745,0.1139624820878507,0.1772421076489438,0.21210349844501383,0.11638341502970193,0.2434936645868062,0.9021916195504,0.20935070172668804,0.3888385102779598,0.29739363050332357
2016-03-02,0.15669292856611802,0.11456873944865217,0.17808751088038927,0.21717043969478522,0.10808972919760516,0.27971839639244245,0.9021916195504,0.24938376245578453,0.38739765790078834,0.3005123782146227
2016-03-03,0.15782277740936942,0.11474421414390304,0.17918820843088512,0.22187478873222294,0.10278722235160469,0.2828515086509377,0.9021916195504,0.24899093645276182,0.38656351826863417,0.29650257490344845
2016-03-04,0.15889408486177878,0.11516535769655532,0.18074046926124265,0.22453968105384323,0.10496261110548588,0.287325203708088,0.9021916195504,0.22869384122289682,0.3717775164839297,0.3083092076590683
2016-03-07,0.15918183068117184,0.11478062857040774,0.18239915898509176,0.23007792579108338,0.11162474240583199,0.29453623509302823,0.9021916195504,0.24374959062295737,0.3540338804595108,0.3125417615922771
2016-03-08,0.15552408520320407,0.11217350557442751,0.1796869341293398,0.218172021844936,0.12957171259169165,0.295794459455777,0.9021916195504,0.2463532396114128,0.3606310680313726,0.29694810270338606
2016-03-09,0.15714974986007862,0.11329479144751073,0.18058220028596436,0.2203882381149808,0.12508497004522673,0.28372139590945006,0.9021916195504,0.227471285760858,0.3514558936466545,0.3103140960367212
2016-03-10,0.15720013514528133,0.11275872824885978,0.18045310642648232,0.21640901817840622,0.12114206172089236,0.26574137280202603,0.9021916195504,0.21550826032143724,0.35774936327702983,0.3185564798369725
2016-03-11,0.1625030524622246,0.11654503605606571,0.18584003838577218,0.22709127022458478,0.10006797344291343,0.2674765170291058,0.9021916195504,0.21308127306065697,0.35441316631739106,0.3292492798148143
2016-03-14,0.16208851988144513,0.11662441950584596,0.186230647374119,0.22559110995152418,0.10577837540502145,0.2827709719684524,0.9021916195504,0.24026307289086637,0.3443282843841251,0.3261305586593834
2016-03-15,0.16148540464399722,0.11567642346242334,0.1867836725442871,0.2176236522983002,0.10469068102808085,0.2842847731548845,0.9021916195504,0.23207038526993107,0.3478919082309008,0.32523947650364005
2016-03-16,0.16332076654732194,0.11722500050016285,0.18861644849627596,0.22117682361919253,0.07953771938706504,0.28616952888166125,0.9021916195504,0.2225965482075587,0.3588868592816926,0.3205613682146255
2016-03-17,0.16549427939978167,0.11770843414238906,0.19246148764156562,0.2287635981761291,0.0720598108208436,0.2968655745609138,0.9021916195504,0.25167922118923697,0.3645739777360286,0.31276453877017996
2016-03-18,0.16695577018328803,0.11861474637758924,0.19544434183591047,0.23348609342132473,0.06634942182507533,0.3125100338762639,0.9021916195504,0.2818357652107573,0.3289355698544034,0.3056360143035748
2016-03-21,0.16728415761910298,0.11919469967030379,0.19597687209002332,0.23208562664332444,0.0632222907666163,0.3323002726329901,0.9021916195504,0.30593918164885836,0.3263572214725692,0.3172198698812917
2016-03-22,0.16699153004304984,0.11975578172198853,0.19495718973711051,0.2315236474408702,0.068388845540254,0.32625645384614277,0.9021916195504,0.3014292927931033,0.3362146765186982,0.31989306323678507
2016-03-23,0.16486352071913277,0.11743950289252642,0.19298244429602374,0.22171612006194938,0.07885790715989223,0.3295511708143564,0.9021916195504,0.31028507774545677,0.3403853746794691,0.3065270699034499
2016-03-24,0.16473834136542714,0.11764305953668769,0.1933068908730111,0.2234564962925859,0.07613867121754073,0.3143195663680332,0.9021916195504,0.2959878828354436,0.352669319136689,0.3120962337923396
2016-03-25,0.16473834136542714,0.11764305953668769,0.1933068908730111,0.2234564962925859,0.07613867121754073,0.319964497062081,0.9021916195504,0.30103285965321075,0.3590387182524359,0.3120962337923396
2016-03-28,0.16491880760553476,0.11734870244902441,0.19379230693186283,0.22376918643358526,0.08293676755658935,0.31334022209147766,0.9021916195504,0.29537167828333366,0.37556892878682036,0.3054132371256721
2016-03-29,0.16783849497902895,0.12085074210673394,0.196205016673217,0.23684435898023182,0.0636301729163841,0.3015292633185926,0.9021916195504,0.27896369245181535,0.35623294298346475,0.29293829939221183
2016-03-30,0.16929182965689596,0.12184524151482815,0.1982679143650072,0.2374607214821557,0.060095172674497016,0.3266550383133721,0.9021916195504,0.31058332637933067,0.35919021565420123,0.29650257490344845
2016-03-31,0.16860743118660432,0.12186981054259338,0.19748843242826178,0.23908779456191348,0.06539767952049749,0.3276717285350575,0.9021916195504,0.3114553737123566,0.3214286747339937,0.2867008305254818
2016-04-01,0.17072730424942134,0.1238302990048537,0.2001465989289598,0.240742031629504,0.05384092352391871,0.3294174996570929,0.9021916195504,0.3046338379967088,0.30922065976214547,0.2880374404811626
2016-04-04,0.16964621343915262,0.12283271508063204,0.19877011214335832,0.23659966179452052,0.0677090333130812,0.3294174996570929,0.9021916195504,0.3046338379967088,0.33166505406902497,0.28514146994776635
2016-04-05,0.16623884651313536,0.12073273794460783,0.19546951441515947,0.2308483650875372,0.08538408638787556,0.3429530516684946,0.9021916195504,0.3281128678405316,0.33166505406902497,0.2735575878141813
2016-04-06,0.1697323784286564,0.12410141512030662,0.19825286868545608,0.23672203804927824,0.06730115116331342,0.34218419581845344,0.9021916195504,0.33203989616548596,0.33067941703510545,0.27979505668091137
2016-04-07,0.1657088782474311,0.1209275122859062,0.19395453022035652,0.22946156328915948,0.095445265857746,0.32907235329021195,0.9021916195504,0.3159157304203621,0.333409262818705,0.2655379811918329
2016-04-08,0.16663387191181384,0.12102927989786139,0.19481869232790902,0.2315100931088559,0.08456830912200025,0.3217777489670848,0.9021916195504,0.30768688345178014,0.319836324955057,0.27199822723646583
2016-04-11,0.16572187642065198,0.1202707888140194,0.1943112864297133,0.23016400963032524,0.09680489031209163,0.337012161949932,0.9021916195504,0.3253498009982179,0.32195945799363995,0.27288928283634095
2016-04-12,0.16892930961353922,0.12196806523340341,0.1983812391949597,0.23531703471933846,0.07763426071058889,0.3338063313673831,0.9021916195504,0.31848603538750836,0.3171824086568291,0.28558699774770385
2016-04-13,0.17229442751545387,0.1252726958589557,0.20299905723386147,0.2462938860225626,0.06390210299378911,0.3471730675617751,0.9021916195504,0.3321353533241152,0.321807599022896,0.28135441725862687
2016-04-14,0.1723529689062959,0.12520558621293262,0.20344719665715863,0.24568654130071355,0.06227056142837821,0.35206189467972854,0.9021916195504,0.339945332521053,0.3315135566672596,0.28558699774770385
2016-04-15,0.17201969971382092,0.12486911691202922,0.20273194819849688,0.2467425620741381,0.06091093697403258,0.350742034326237,0.9021916195504,0.33652453506315194,0.3346982562251331,0.27912675170307105
2016-04-18,0.17423224677502175,0.12582544543304613,0.20536638881990274,0.2505314128006669,0.057239971693443026,0.3369197838702104,0.9021916195504,0.32168582972791937,0.3293904236286773,0.28380485999208555
2016-04-19,0.17528241979311016,0.1249616738161038,0.20658706602015253,0.25096194264448446,0.055744382200394856,0.3397687025950346,0.9021916195504,0.32470658690905807,0.3290870672561687,0.28603252554764147
2016-04-20,0.17554250232476298,0.12530384090374266,0.2076406011520554,0.25189558716315136,0.05628822938886516,0.31793050936756995,0.9021916195504,0.2852726628161507,0.3161208421375386,0.3018489616144353
2016-04-21,0.17376728921996107,0.12520558621293262,0.20483207430250977,0.24894063213642495,0.06539767952049749,0.31180774793248067,0.9021916195504,0.2757285305742901,0.32575087029652994,0.3054132371256721
2016-04-22,0.17378356174216122,0.12346574775503989,0.20535626192020484,0.253889678359574,0.05547246508932959,0.3137816936704923,0.9021916195504,0.2841032466387313,0.33416747296548754,0.3094230404368462
2016-04-25,0.1731674284869532,0.1230077613708652,0.2047017266363985,0.2499965975860454,0.06716518612461093,0.3098735012377676,0.9021916195504,0.2800519920391369,0.3486504799466613,0.3125417615922771
2016-04-26,0.17380304907972288,0.12267829649200122,0.2050246782900971,0.25572067498139184,0.06553364455920001,0.3154792642332646,0.9021916195504,0.289341161289562,0.3425840756344451,0.31900200763691
2016-04-27,0.1743638954485289,0.1215754534549301,0.2062895762856943,0.2572706820019826,0.06295037365555102,0.3120501929502545,0.9021916195504,0.2861213077489966,0.3429633614923253,0.3031855715701161
2016-04-28,0.17121988540314376,0.1190376463908141,0.20108507319096197,0.25103900870365153,0.08266485044552409,0.3095374636379915,0.9021916195504,0.28393661451113333,0.34410085749698816,0.2982847126590669
2016-04-29,0.16951131026120544,0.11772464927230909,0.19967478184970233,0.24671080621056174,0.08919101670716768,0.3072786412087759,0.9021916195504,0.2831825469474362,0.3296178505158143,0.2940521321699898
2016-05-02,0.1721334883019864,0.1195772225106102,0.20257637972980466,0.251274688109288,0.07532290691800514,0.3072786412087759,0.9021916195504,0.2831825469474362,0.32825292762401453,0.30429940434789404
2016-05-03,0.16919756809537062,0.11719209899480332,0.19911355871311218,0.24259111913527567,0.08783140521916183,0.32416713039146977,0.9021916195504,0.3102436396609274,0.32825292762401453,0.2898195516809128
2016-05-04,0.16720612889069927,0.11554351080568118,0.19665315609651418,0.23867989215398916,0.09394967636469786,0.3237408400909632,0.9021916195504,0.3085210998371466,0.34167436808589724,0.2862553027255443
2016-05-05,0.16712643322099704,0.1151684207924319,0.1968865087995525,0.23633222652530772,0.09204621768822169,0.3257835570206164,0.9021916195504,0.31313462789369906,0.34394899852624483,0.27801291892529306
2016-05-06,0.16818474250018553,0.11600501011100102,0.1988597593173505,0.23940048470291284,0.07586675410647546,0.29948221972456457,0.9021916195504,0.2794889267716464,0.35054618609810667,0.28514146994776635
2016-05-09,0.16843672845981678,0.11662135640996937,0.19800249314625895,0.24100033847103372,0.07382731742495705,0.2742563241980243,0.9021916195504,0.2515558747040773,0.34804376720164415,0.2809088894586893
2016-05-10,0.17261467869016872,0.1192389967491342,0.20349460019241108,0.2457953078996528,0.0610469020127351,0.2744049489146183,0.9021916195504,0.2518017758638642,0.3607066359477663,0.2809088894586893
2016-05-11,0.1693747401419597,0.11708109925471664,0.19813110477242205,0.2394095578067918,0.07545885899036792,0.2757872802291705,0.9021916195504,0.2507153238344516,0.36176820246705743,0.2757852533697372
2016-05-12,0.16931786569241622,0.11605633303212176,0.19836272143551215,0.23662682578235328,0.07165192867107582,0.2754219427618738,0.9021916195504,0.25210539121356884,0.34182586548766253,0.280240584480849
2016-05-13,0.16647293269834645,0.115194317875752,0.19379057089191465,0.2338350206540358,0.08021753161423785,0.27270047087012483,0.9021916195504,0.24874406752454645,0.3606310680313726,0.268656728903132
2016-05-16,0.1697323784286564,0.11772904042374055,0.19812102609605606,0.24007576705624584,0.07532290691800514,0.2800856315195526,0.9021916195504,0.2623304805133009,0.372156440772832,0.2793495288809738
2016-05-17,0.16657046860885105,0.11510876539371685,0.1936587283025146,0.23167777955920427,0.08742351010305428,0.2778539076724739,0.9021916195504,0.2622142603229329,0.37162565751318644,0.2806861122807864
2016-05-18,0.16663875366847394,0.1161348596718666,0.1935757359483239,0.23406616350773277,0.09259006487669198,0.2666081478984442,0.9021916195504,0.2429342897114207,0.36957845395997574,0.30764090268122785
2016-05-19,0.16540487975037713,0.11496837706941579,0.19132351345551518,0.23036345194424998,0.09775661965032971,0.26641914098101876,0.9021916195504,0.24644420984369175,0.37731277596752244,0.29984407323678225
2016-05-20,0.16740120071170853,0.11747021953229568,0.19294169558057275,0.23829467250576225,0.08239292036811906,0.27219493429580616,0.9021916195504,0.2539224204275504,0.3835306776815047,0.3007351288366574
2016-05-23,0.16670541147587678,0.1173043839499431,0.1927439316964727,0.23788223354589846,0.0908225582725786,0.2778417626496675,0.9021916195504,0.26305841832942845,0.38330288922538974,0.2982847126590669
2016-05-24,0.17126052701956562,0.1214842031861595,0.19800596522615538,0.2487321720424254,0.07178789370977831,0.2710082137548304,0.9021916195504,0.25436838571519255,0.39012750368438853,0.30296279439221313
2016-05-25,0.1736144862675937,0.12296828384848395,0.20159739786901096,0.25131999830487867,0.06471786729332465,0.26896238466308303,0.9021916195504,0.25102606547894796,0.3912649996890514,0.3054132371256721
2016-05-26,0.17354296654807008,0.12327009518345523,0.20102407067611522,0.2507444094466059,0.058327666070383574,0.2712498238022863,0.9021916195504,0.2547683380130069,0.3889140781943535,0.2949431877698649
2016-05-27,0.17499955573037712,0.12466204734672279,0.2021334484263521,0.25559376217469465,0.05411284063498396,0.27081541151777794,0.9021916195504,0.25364132768854536,0.3911131407183074,0.3011806566365949
2016-05-30,0.17499955573037712,0.12466204734672279,0.2021334484263521,0.25559376217469465,0.05411284063498396,0.2712522528068476,0.9021916195504,0.24960626121539134,0.39589019005511755,0.3011806566365949
2016-05-31,0.17465652302458204,0.1253003279825975,0.20000954821971514,0.2575607447070887,0.06866076265131929,0.3005293484096586,0.9021916195504,0.28483927851807905,0.4110554776977023,0.29739363050332357
2016-06-01,0.175043451851239,0.12548458498071127,0.2000705507345619,0.2612997486860873,0.0687967276900218,0.29956306003262,0.9021916195504,0.2892726256890346,0.4107521213251937,0.30006682385881694
2016-06-02,0.17600745987982366,0.1263229093396021,0.2012776771785493,0.2647169340964035,0.0610469020127351,0.3032072500320894,0.9021916195504,0.29511856284980703,0.4048379375526987,0.2922699944143714
2016-06-03,0.1750109068068387,0.12505774364132355,0.20049993128175206,0.2617937349332535,0.0588715132588539,0.30738991998024007,0.9021916195504,0.3015040748989419,0.4119655468152281,0.2684339517252292
2016-06-06,0.17668209483679517,0.12620666163804856,0.20329659519165158,0.2675676590761301,0.06131881912380034,0.30596470155390254,0.9021916195504,0.3031410112062745,0.3970276860597804,0.2726665322143062
2016-06-07,0.17712427086077565,0.1259013373819321,0.2037397676117636,0.2689726070822657,0.06675730397484313,0.30657005503441176,0.9021916195504,0.30176801174307805,0.3962694759129978,0.2704388666587504
2016-06-08,0.17826064855744636,0.1264668105850483,0.2053883786592467,0.27304244741002165,0.06716518612461093,0.30380729006512086,0.9021916195504,0.2989734484373641,0.4021080917690992,0.2688794795251667
2016-06-09,0.17766888439646003,0.1257640335737585,0.2048979955972098,0.2695300497327805,0.07477905972953486,0.30380729006512086,0.9021916195504,0.2989734484373641,0.3952834773101004,0.26308753845837424
2016-06-10,0.17451348358553478,0.12295335393361702,0.20193886728215713,0.2617031145420721,0.10727396489806959,0.30380729006512086,0.9021916195504,0.2989734484373641,0.3949045530211981,0.25395412561411607
2016-06-13,0.17174822641662799,0.12093057538178277,0.19865852335335404,0.2557070653255734,0.16084294537824345,0.2745541808823526,0.9021916195504,0.25805127245932086,0.3949045530211981,0.248830489525164
2016-06-14,0.17114022942252002,0.12071605156916833,0.19723487414915958,0.2544018108144981,0.1544527441553024,0.27738905692455684,0.9021916195504,0.26098545835558284,0.412875254363776,0.24771663019151788
2016-06-15,0.17051921441065196,0.12033791988029335,0.19637934401801624,0.2550726119396957,0.14955810649273002,0.2913866511473517,0.9021916195504,0.28609333044351815,0.42106479171457456,0.24437513185818407
2016-06-16,0.17157426918540042,0.12077615679315196,0.19867381014956467,0.25456949726484646,0.1390890578394315,0.2869116656815282,0.9021916195504,0.28080245246596414,0.4099183432620175,0.237246607391579
2016-06-17,0.17047369103757004,0.11882048788734079,0.19724326500890926,0.2529877897044835,0.13963289206156204,0.2907321862308688,0.9021916195504,0.2868753753126937,0.4176523037005862,0.24927601732510143
2016-06-20,0.17242937038247957,0.12043793103167597,0.20044582470336622,0.2588795535501783,0.12549286516133426,0.29188383801849094,0.9021916195504,0.29041767169784544,0.4149228194859646,0.26085987290281837
2016-06-21,0.1733478550379823,0.12072526227704893,0.2010596594950535,0.2571437691952854,0.12698842872170288,0.28869668040850693,0.9021916195504,0.2823105875933583,0.4063543578462638,0.2668745911475137
2016-06-22,0.1727870086691763,0.12026727589287424,0.19985229193440662,0.2549230163733011,0.16356219428693475,0.29708881526137493,0.9021916195504,0.2972762465506204,0.4163633102941581,0.26420137123615217
2016-06-23,0.1773177551186434,0.12363288997269646,0.2055370029681461,0.26546020940502457,0.11026511795148636,0.2928634859206166,0.9021916195504,0.293428487257855,0.4066577142187724,0.2762307811696747
2016-06-24,0.16497732915183755,0.11476878317166828,0.19046798332437184,0.24521070126130529,0.22596872075401553,0.2811501427685384,0.9021916195504,0.2837375181517066,0.40650585524802907,0.24058810572491274
2016-06-27,0.1589835043557226,0.10978793223335204,0.18403590709292877,0.22803846907526593,0.1999999948134641,0.29402720682465266,0.9021916195504,0.3044464428373721,0.4402489185471869,0.2140788696802771
2016-06-28,0.16476273030418812,0.11406206483421562,0.19068947308776404,0.23603768259206628,0.13065940696863224,0.29926732872728284,0.9021916195504,0.3121833115284842,0.4628451718248097,0.21430162030231173
2016-06-29,0.1704005440658264,0.11789530441111082,0.1977252089878646,0.24705978876707693,0.1019714321193896,0.30518559834086845,0.9021916195504,0.31195984500044893,0.46019125552658185,0.21786589581354837
2016-06-30,0.17496705037505533,0.12067745227707334,0.20353510779120262,0.25626002674795284,0.0882392873689296,0.30456809983755273,0.9021916195504,0.3145743153995139,0.451622793886881,0.2203163385470071
2016-07-01,0.17563192181870677,0.12155043460189628,0.20401357969026154,0.2584580968102397,0.07654656633364827,0.305460455388257,0.9021916195504,0.31173101175658285,0.46019125552658185,0.2131877875245338
2016-07-04,0.17563192181870677,0.12155043460189628,0.20401357969026154,0.2584580968102397,0.07654656633364827,0.3229113350332823,0.9021916195504,0.32537329137734605,0.46595394189731154,0.2131877875245338
2016-07-05,0.1732909805884388,0.11981016773898584,0.20132850457036627,0.2506084235360298,0.0875594751417568,0.3284418747937718,0.9021916195504,0.32473447623558843,0.47323341013058423,0.19336154814656573
2016-07-06,0.1751084625618826,0.12140085698996551,0.20325435155291185,0.25417974106468005,0.07912983723729726,0.33183079159512807,0.9021916195504,0.32823727007306785,0.484152431696005,0.1973713514577399
2016-07-07,0.17481095322916942,0.12217513479870984,0.20269293552299408,0.2552810720336953,0.07641060129494576,0.331692414241527,0.9021916195504,0.32633903629004035,0.4942373136292703,0.19781687925767744
2016-07-08,0.18001308013116804,0.1256824224178862,0.20888674027154558,0.2677897288259481,0.05520053501192456,0.3227527665792655,0.9021916195504,0.3255480175681642,0.48521399821529554,0.19313879752453106
2016-07-11,0.18119331425962212,0.12708097201842639,0.21086664560914506,0.2735319524290525,0.059823242597091986,0.32487412253159054,0.9021916195504,0.3240183275984989,0.49052183081175127,0.20828692861348452
2016-07-12,0.18362855674049394,0.12858038958038456,0.21384776376354173,0.28071989768194366,0.0599592076357945,0.34180770011145334,0.9021916195504,0.3387056211641454,0.4949195942906812,0.22588550243589675
2016-07-13,0.18367570736579586,0.1278306807994055,0.2144514234321992,0.27857621091912643,0.05302514625804336,0.3453234564947445,0.9021916195504,0.3473279979673344,0.49090075510065356,0.21586100743589537
2016-07-14,0.18551597087031987,0.12907348375575997,0.21776711506328106,0.2790339600745809,0.05003398023828686,0.34324939022497214,0.9021916195504,0.34738025746247336,0.48915690791995153,0.22989530574707095
2016-07-15,0.18518921068672495,0.12887738135890672,0.2180174906024782,0.28045705428847445,0.04799455652310813,0.34333577169968305,0.9021916195504,0.34459378821997955,0.48710970436674084,0.2439296040582465
2016-07-18,0.18602641210938392,0.13002629935563173,0.21842488131032436,0.2816353959928526,0.044867425464649106,0.33999907849639455,0.9021916195504,0.33907953169333827,0.4890050489492082,0.242370243480531
2016-07-19,0.18552085262697993,0.12917482296269744,0.21906581761453645,0.27825439235044397,0.038477224241708026,0.3378332413980409,0.9021916195504,0.3405435013888137,0.5106156651929115,0.23590999743589816
2016-07-20,0.18702296518236888,0.1315244317025368,0.21995515230133797,0.28246475514071556,0.03575798829935653,0.33512892435100605,0.9021916195504,0.33888676981817084,0.5036399149011254,0.24081088290281558
2016-07-21,0.18574680255109094,0.13082120486597842,0.21803427232197753,0.27979986281909525,0.048946285861346236,0.3385828929307694,0.9021916195504,0.3413507082371302,0.4893843348070885,0.23746938456948177
2016-07-22,0.1873497253659638,0.1319732073788309,0.21935814745248194,0.2838923859065486,0.03915703646888084,0.33043912379429335,0.9021916195504,0.33431107270927785,0.48771605554278014,0.2385832173472597
2016-07-25,0.18628490707789527,0.1318622076387442,0.217437508589781,0.28250099223242725,0.05071379246545965,0.3313755809590636,0.9021916195504,0.3351480164420337,0.5025024188964625,0.2388059679692944
2016-07-26,0.18639869566606077,0.13240705314025805,0.2169607245073384,0.2856916266647901,0.053161111296745875,0.3420517391634706,0.9021916195504,0.34720641106113564,0.4914315383602991,0.2370238302136761
2016-07-27,0.1859760466687205,0.13371259601145505,0.2169217118318356,0.2866298077353964,0.05016994527698937,0.3239668893279483,0.9021916195504,0.3069941372148707,0.484152431696005,0.2263310302358343
2016-07-28,0.18654177479418657,0.13437808036595386,0.21653110284348875,0.28590462331072913,0.048674368750280965,0.32468944227853985,0.9021916195504,0.3061346708714152,0.48195336917205045,0.22543997463595922
2016-07-29,0.18711726643297275,0.13469173709966462,0.21593583403458094,0.28708750156704677,0.0371175997873624,0.32003076334276875,0.9021916195504,0.3001104003829548,0.47383976130662353,0.21363331532447136
2016-08-01,0.18666858140011222,0.1356599324396719,0.21525115916834042,0.2867158915746383,0.044867425464649106,0.31196130656458976,0.9021916195504,0.2871411597147388,0.4633759550844553,0.2220984763026254
2016-08-02,0.1844235289835896,0.13362134574268444,0.21301075139184592,0.2791155073618833,0.05751188880450827,0.3175247896994418,0.9021916195504,0.2930032850019516,0.46276924233943806,0.23123188914688358
2016-08-03,0.18552247987919995,0.13458690639183285,0.21402874592814242,0.283819856399321,0.050577827426757135,0.31975772804880115,0.9021916195504,0.29576899121270667,0.4530632846950744,0.23234574848052966
2016-08-04,0.1855972541031636,0.13487248117663322,0.21395592869698146,0.2842866786586545,0.044595508353583814,0.3209905237700489,0.9021916195504,0.3034491134823295,0.45465563447401114,0.22365783688034088
2016-08-05,0.18862426074502175,0.13727956044959735,0.2186835994859393,0.29223604542792464,0.030591433525718807,0.319209000737127,0.9021916195504,0.30126714759185563,0.46064610930085576,0.2412564107027531
2016-08-08,0.18830234262900833,0.1369294892893819,0.21833200317309523,0.2918372161238793,0.032087010052427194,0.3277842977151948,0.9021916195504,0.3126724744796166,0.4871852722831345,0.2414791613247878
2016-08-09,0.18844054000047408,0.13747082186975057,0.21842488131032436,0.29243543241804526,0.03426239880630839,0.3344390111492068,0.9021916195504,0.3213120071776745,0.4771003903498686,0.2330140269025019
2016-08-10,0.1874244995899275,0.1365539708711149,0.2175016938445328,0.2885967349439863,0.03956491861864863,0.33228289006909834,0.9021916195504,0.316481523035242,0.4731574806452126,0.22499442028015348
2016-08-11,0.189098942124324,0.13759891497004356,0.22041168258438482,0.29124801760978813,0.03453432888371339,0.3272746621956789,0.9021916195504,0.3056527221940225,0.46102539515873603,0.23925149576923194
2016-08-12,0.18881607806159095,0.1377958955971831,0.2194969342016748,0.291565244302727,0.032766822279600004,0.3422074990809634,0.9021916195504,0.31800760586803745,0.45101608114186376,0.2263310302358343
2016-08-15,0.18980770968883734,0.1390737849244874,0.2209679869411217,0.2970219417526648,0.03630183548782683,0.3653792158125768,0.9021916195504,0.34449472392448044,0.4653472291522943,0.23479616465812023
2016-08-16,0.18785691210058783,0.1375423226672051,0.2188932263096854,0.2921589793687576,0.04758667437334037,0.36066641561892443,0.9021916195504,0.34997581238770864,0.45814369040439323,0.23991980074707234
2016-08-17,0.1885185687288778,0.13761033196376532,0.2194344367635393,0.2905954180161526,0.0414683772951248,0.36051650049365724,0.9021916195504,0.3506731335299164,0.4501063735933159,0.23657830241373848
2016-08-18,0.1892988957019933,0.13811437188734302,0.22002107359603798,0.29475134218315036,0.03113528071418908,0.3588248506295031,0.9021916195504,0.3496379732272143,0.45708212388510205,0.2310091385248489
2016-08-19,0.18878682721070922,0.13803672347788448,0.2189068252892797,0.2947151050914386,0.029911621298545993,0.3600647815516496,0.9021916195504,0.3490532651385046,0.44040041594895224,0.24036532854700987
2016-08-22,0.1885868339439614,0.13830959605390997,0.21833523413633218,0.2960611332461651,0.042556084638405156,0.3528214140434872,0.9021916195504,0.33632279933528386,0.45738548025761067,0.23167744350268926
2016-08-23,0.18927936867535308,0.13898868226772085,0.2187767187398279,0.30006751717057245,0.04405166116511354,0.35434523487373465,0.9021916195504,0.33802457612732595,0.4673188647891113,0.23479616465812023
2016-08-24,0.1874163633288274,0.1371290831871294,0.2171515924549775,0.29493263828931715,0.058599583181448874,0.3531556298898424,0.9021916195504,0.33893902931330977,0.4622384590797925,0.236132774613801
2016-08-25,0.18693354568842507,0.13688825530642804,0.21633507499933693,0.2961789729489834,0.0610469020127351,0.34769887114290204,0.9021916195504,0.33161557369906297,0.47558397005630354,0.24014257792497518
2016-08-26,0.18637595382405908,0.137183040799109,0.21502624554838368,0.29528615739777186,0.06131881912380034,0.34831447198640425,0.9021916195504,0.33293085897234165,0.47634218020308605,0.2530630434583728
2016-08-29,0.1882194321439446,0.13777132656941787,0.2176826760091335,0.2984178166549214,0.05166552180369773,0.34822680010302015,0.9021916195504,0.3356921662356945,0.4911281819877905,0.23769213519151647
2016-08-30,0.18752693710163143,0.13736160001048736,0.21648051656833125,0.2989118582258917,0.05411284063498396,0.34967251325534354,0.9021916195504,0.33611736849159785,0.48832276828779736,0.2385832173472597
2016-08-31,0.18668644148545385,0.13693300221052704,0.21516156021768013,0.2961381993053322,0.05819170103168106,0.3530347110065256,0.9021916195504,0.33870834851153475,0.492265677992454,0.23813766299145403
2016-09-01,0.18667183590455225,0.13754671381863653,0.21561635446077876,0.296088352557802,0.05900746533121665,0.3461367934908143,0.9021916195504,0.3307471335029069,0.49014254495387105,0.2385832173472597
2016-09-02,0.18815442143330102,0.13854209145701704,0.2174103588539243,0.3015404581319962,0.03861317631407078,0.3473950937599556,0.9021916195504,0.32812641659853065,0.4830149356913416,0.24437513185818407
2016-09-05,0.18815442143330102,0.13854209145701704,0.2174103588539243,0.3015404581319962,0.03861317631407078,0.3488697272478369,0.9021916195504,0.3330840303208887,0.4918108242181794,0.24437513185818407
2016-09-06,0.18921110346026948,0.1396831268014163,0.21855002085659103,0.3022384232450266,0.03915703646888084,0.35465827283657103,0.9021916195504,0.3480433547938915,0.4888535515474429,0.23256849910256436
2016-09-07,0.1891590710783075,0.14003495442220437,0.21825426716208102,0.30570097417473757,0.03806932912560049,0.3550360589522443,0.9021916195504,0.34599106987283657,0.48764048762638645,0.2321229713026268
2016-09-08,0.18836902028095046,0.13896235677938304,0.21711282089613418,0.304499949710662,0.045819167769226954,0.35628783127162716,0.9021916195504,0.34711456103937627,0.47876866961417697,0.248830489525164
2016-09-09,0.1796733416188915,0.1331028257295084,0.20737344389335893,0.28675666521828946,0.11366416612101067,0.3509714993508865,0.9021916195504,0.339150706662307,0.4789201670159423,0.26130542725862405
2016-09-12,0.18475028916718453,0.136874653447116,0.21328977159018847,0.2943072026835143,0.08184907317964875,0.3332874352679773,0.9021916195504,0.3120148318429773,0.49188675370355106,0.26130542725862405
2016-09-13,0.17954490776074586,0.13438992576469333,0.20691175371379936,0.2836340237412147,0.11842283874488062,0.3337640515067381,0.9021916195504,0.316789625311297,0.4909766845860252,0.27511694839189677
2016-09-14,0.17934169967863653,0.13520237446051492,0.206122144877356,0.28330318739245747,0.12236572113653552,0.3273403212252263,0.9021916195504,0.3113535820694681,0.48923283740532314,0.26509245339189547
2016-09-15,0.18283525143869686,0.13853288074913644,0.2105098893997883,0.2902962822071675,0.09734872453422216,0.3273403212252263,0.9021916195504,0.3113535820694681,0.48680634799423295,0.26821117454732635
2016-09-16,0.18151844719099702,0.1383082679983551,0.20832035723844267,0.28928109040119826,0.08470427416070277,0.3273403212252263,0.9021916195504,0.3113535820694681,0.4852895661316892,0.2677656467473888
2016-09-19,0.1815119778711955,0.13788975913656168,0.20823071006445049,0.2927934880784394,0.08687966291458396,0.334554085240298,0.9021916195504,0.32063360150929643,0.4849106418427876,0.26665181396961085
2016-09-20,0.1816160029460409,0.13816702286401863,0.20847245362723846,0.290889961949394,0.09218218272692418,0.3336054830527213,0.9021916195504,0.3194877636899532,0.4814985153977765,0.26486967621399254
2016-09-21,0.18541357304769449,0.14052847700259746,0.21251520843329627,0.2984631821743162,0.05656015946627019,0.33449905310570627,0.9021916195504,0.3229895017800561,0.4840005727252611,0.2604143451028808
2016-09-22,0.18769922739156042,0.14247360714497315,0.2149536694338822,0.3068022498199487,0.03915703646888084,0.3396101341410178,0.9021916195504,0.33008949086626754,0.48710970436674084,0.2523947384805325
2016-09-23,0.18566877382268723,0.14099216117350757,0.21171894477705147,0.3028049389994203,0.04282800174947043,0.3369931853517969,0.9021916195504,0.3253588628298666,0.4796783771627248,0.2486077123472611
2016-09-26,0.18264668862656766,0.13887506925702617,0.20760506055644903,0.29660496624086147,0.07287558808671893,0.320369913104639,0.9021916195504,0.3058095006794394,0.4746739009387777,0.2428157712804686
2016-09-27,0.1848949558584518,0.140990404712935,0.21090049838813513,0.29907047157236116,0.05384092352391871,0.32588618246333095,0.9021916195504,0.31340129208522466,0.48263564983346136,0.2354644696359606
2016-09-28,0.186754746389616,0.14155367163021004,0.21363963186308432,0.3032808343626327,0.044187626203816055,0.322679365097679,0.9021916195504,0.3125175435521087,0.48422799961239804,0.2379149123694193
2016-09-29,0.18346436302258648,0.1393865634279119,0.20880548395730306,0.2951592445910747,0.06634942182507533,0.3259828113010348,0.9021916195504,0.3165797075412607,0.48832276828779736,0.23568724681386347
2016-09-30,0.18625077447035346,0.1412663403848371,0.21287201286598495,0.3014589108446938,0.05642419442756767,0.3279166784637852,0.9021916195504,0.32156424282172064,0.48339422154922185,0.24704835176954562
2016-10-03,0.18510141844500116,0.14077808718616172,0.2115313077926493,0.298798555075013,0.06023112474685979,0.3279166784637852,0.9021916195504,0.32156424282172064,0.46019125552658185,0.2501670729249766
2016-10-04,0.18336033794774106,0.14028632106634123,0.20942274260555485,0.2960792794539231,0.0610469020127351,0.3279166784637852,0.9021916195504,0.32156424282172064,0.48680634799423295,0.2637558434362146
2016-10-05,0.18486245050313002,0.14144269331037426,0.21220238367929556,0.29997236022745166,0.05234533403087055,0.3279166784637852,0.9021916195504,0.32156424282172064,0.48498657132815853,0.2711071450807226
2016-10-06,0.18503152597769754,0.14104042099875175,0.21189303100519125,0.29900701516901257,0.050305910315691864,0.3279166784637852,0.9021916195504,0.32156424282172064,0.48665448902348896,0.2768990861475151
2016-10-07,0.1838886789612253,0.1404065100940576,0.21120146020248978,0.2946199481483178,0.05900746533121665,0.3279166784637852,0.9021916195504,0.32156424282172064,0.4871852722831345,0.2755624761918343
2016-10-10,0.18550132560033972,0.14199762775005498,0.21338776140059845,0.30105554498870896,0.057647853843210785,0.34142277879488125,0.9021916195504,0.3372498335108382,0.48961176169422543,0.2726665322143062
2016-10-11,0.1811234217923185,0.13840566587912972,0.2084403368881966,0.29056819870451567,0.08456830912200025,0.34674153972018323,0.9021916195504,0.3409092298758384,0.5129662251186308,0.2806861122807864
2016-10-12,0.18152170169543708,0.13806480542679486,0.2088240017167506,0.2903914391502883,0.09204621768822169,0.34464227252808743,0.9021916195504,0.3414750224907183,0.524946813203342,0.2849186927698635
2016-10-13,0.18044390507868693,0.1369378217669762,0.20770652244675541,0.2851885673137449,0.10265125731290217,0.3455277205970706,0.9021916195504,0.3413759581952192,0.5213831893565664,0.27600803054764
2016-10-14,0.18051379754599053,0.1369742361934809,0.2086803444110364,0.28367485270867004,0.09490143163561546,0.3462935401914101,0.9021916195504,0.33887049371278244,0.52934493825125,0.28848296828110015
2016-10-17,0.1794603700234621,0.1363451448452359,0.20739692865599163,0.28264605124688236,0.09612506511857906,0.3392535259088633,0.9021916195504,0.3291246257430537,0.530633931657678,0.2822454994143701
2016-10-18,0.1815900065995992,0.13827624472328184,0.2092620142403499,0.28589106897871486,0.08348061474505965,0.3525322865943011,0.9021916195504,0.34223445677024616,0.5310132175155583,0.27845844672523057
2016-10-19,0.18235243379829452,0.1383890009239411,0.2102664097970521,0.2883112087908197,0.07165192867107582,0.352794694993313,0.9021916195504,0.3387119556484046,0.5397331765570245,0.27912675170307105
2016-10-20,0.18187287066233224,0.1381880789706387,0.2092721411400478,0.2870195639355628,0.062678443578146,0.3527135510596874,0.9021916195504,0.34109125831934434,0.5339704901862948,0.27801291892529306
2016-10-21,0.18184358012237195,0.13887110651061244,0.20886132657563708,0.28625360586724435,0.05710400665474049,0.3547291694072037,0.9021916195504,0.33789938208425735,0.5397331765570245,0.27645355834757757
2016-10-24,0.1834969080669868,0.1411711487899036,0.2107703436153514,0.29003792004183365,0.05275322914697809,0.36632812162572365,0.9021916195504,0.34634421737029075,0.5574008830960717,0.2815771944365297
2016-10-25,0.18216871305374685,0.14001169202974315,0.20944299640495062,0.28534718066021436,0.05873554822015139,0.36747597809371874,0.9021916195504,0.3489451390113568,0.5649074166475035,0.28046336165875174
2016-10-26,0.18156234331185894,0.13855832800718795,0.2101852017061415,0.2802032286750801,0.0693405748784921,0.36261736171999637,0.9021916195504,0.3440802551002386,0.5682439751761202,0.28759188612535685
2016-10-27,0.18052356105931064,0.13705364106351203,0.2094531233046485,0.27349566001353665,0.08456830912200025,0.36138555278185164,0.9021916195504,0.341509246301508,0.559978869908928,0.29939854543684474
2016-10-28,0.17944572475348194,0.13591875333111678,0.20924349648090235,0.2724351580119767,0.09585316097385355,0.35887335481433635,0.9021916195504,0.3344885262474854,0.5714286747339937,0.29984407323678225
2016-10-31,0.17940345588484008,0.13587664111787662,0.20878007026139456,0.27414831493097636,0.10768183408149762,0.35769870338977455,0.9021916195504,0.33388129554807605,0.5703671082147026,0.29739363050332357
2016-11-01,0.17705763289791207,0.1343166685066662,0.20617967531230635,0.2680525722194173,0.1280761230986435,0.36452139767047836,0.9021916195504,0.3421551877380573,0.5636943527264471,0.2942749093478927
2016-11-02,0.17481746223804948,0.1322105223383871,0.2042671861926956,0.26106406928045084,0.13840923264591895,0.3583954481669024,0.9021916195504,0.33283179467684254,0.5574008830960717,0.2895968010588781
2016-11-03,0.17330884067378044,0.13014169024714986,0.20355188951070197,0.25851248010970934,0.17593472754938883,0.3665423294654725,0.9021916195504,0.3374542965860957,0.5428419466295263,0.2924927715922743
2016-11-04,0.17274311254831437,0.12961350970082464,0.20250525031526004,0.26148098946845,0.18178109455019947,0.3654170931024544,0.9021916195504,0.33372548483108766,0.5573249536107001,0.28603252554764147
2016-11-07,0.18027645685633942,0.13486896825548808,0.21167327728174723,0.27453807113114276,0.13011554681382217,0.3679094035951241,0.9021916195504,0.3330596601522801,0.5492113457452732,0.2960570205476427
2016-11-08,0.18158349759071915,0.13606747413301212,0.21347914461453885,0.2758478621941576,0.1305234419299297,0.37243471499920183,0.9021916195504,0.3391813233362268,0.5633150668685668,0.3036310993700536
2016-11-09,0.18543631488969617,0.13859341437813777,0.21982330971193792,0.29262580162809104,0.07124404652130803,0.366366378447564,0.9021916195504,0.33323359453256585,0.5714286747339937,0.3504121291484631
2016-11-10,0.1861223406122078,0.1367390846792641,0.22521053101121916,0.30144076463693587,0.07613867121754073,0.37970821734520277,0.9021916195504,0.34445416562943154,0.5668031227989488,0.3604366507043327
2016-11-11,0.1856297594584854,0.13798100940533228,0.2261926956119179,0.3153861252989007,0.068388845540254,0.38740702320860726,0.9021916195504,0.349542428089637,0.5842434024508592,0.3604366507043327
2016-11-14,0.18558911784206353,0.13716022823191637,0.22671191622642783,0.32273722045020076,0.0726036580093139,0.3918615139484448,0.9021916195504,0.35219024251001124,0.5868213892637154,0.3838271124818011
2016-11-15,0.1882210593961646,0.13967040317239057,0.22805435733971166,0.32434161077026114,0.05751188880450827,0.39080907181587293,0.9021916195504,0.3567459683976979,0.6176068183231588,0.38739138799303774
2016-11-16,0.18766021302735858,0.14050215151425965,0.22669836547016542,0.3243687747580939,0.06227056142837821,0.3902092595020191,0.9021916195504,0.3576451132467219,0.6270094195950138,0.3840499162155721
2016-11-17,0.18931516822419345,0.14223014457341293,0.22757930929721729,0.327668175789396,0.057239971693443026,0.39126511742225534,0.9021916195504,0.3556036497362765,0.5747648716936324,0.39585654897119193
2016-11-18,0.18846653634691582,0.14168352119107563,0.2266931573503208,0.3304599809177135,0.0504418753543944,0.3864158375348154,0.9021916195504,0.350530783591979,0.6410372112329364,0.4089997916824923
2016-11-21,0.19111312317099702,0.14376070718015807,0.22888466666827412,0.3334466364842121,0.044595508353583814,0.39427943617642497,0.9021916195504,0.35150462256789344,0.6530937288030186,0.40989084728236747
2016-11-22,0.19188694113523247,0.14452798056686295,0.2305433563921232,0.3389350344739221,0.04445954331488133,0.4036702714359463,0.9021916195504,0.3592234555746563,0.6503638830194192,0.40588107052706135
2016-11-23,0.19217631420684556,0.14427924861358496,0.23200775431176865,0.34244743215116324,0.04473147339228633,0.4014270098172015,0.9021916195504,0.35816040594542375,0.6506672393919277,0.4139006771494097
2016-11-24,0.19217631420684556,0.14427924861358496,0.23200775431176865,0.34244743215116324,0.04473147339228633,0.4016132841044955,0.9021916195504,0.3575901264041935,0.6665151692649014,0.4139006771494097
2016-11-25,0.19357928344404915,0.14507940208539852,0.2337104237143057,0.3447633419162683,0.04350781397664324,0.40789431036803137,0.9021916195504,0.3638118216520678,0.6725812120081397,0.4172421489268754
2016-11-28,0.1916886148097832,0.1437585223145678,0.2323712135642588,0.33689104120616514,0.05452072278475172,0.4125772793494154,0.9021916195504,0.3667252445165911,0.6752351283063682,0.40565826679329037
2016-11-29,0.19216655069352548,0.14424589728295684,0.23295635547346874,0.3361613755533625,0.05112167461522741,0.4144191479644069,0.9021916195504,0.36364694910343076,0.6635578965941649,0.4016484900379843
2016-11-30,0.19121556068270096,0.14177873420625997,0.23300525393200994,0.33349648323174225,0.056968041616037995,0.4041931905741567,0.9021916195504,0.36161903435098436,0.656733282135166,0.41635109332700027
2016-12-01,0.1899589250780632,0.13859517083871034,0.23469282943166392,0.32962608521791104,0.06702922108590842,0.4114297265069905,0.9021916195504,0.3684630046983838,0.6518047353965906,0.4326130571937317
2016-12-02,0.19010033726489045,0.13879433633144017,0.2341617458775079,0.32983000875997115,0.0677090333130812,0.40226835627211865,0.9021916195504,0.35264966857670427,0.640961643316542,0.42125197879391774
2016-12-05,0.19217468695462556,0.14112991480694978,0.2352930652437569,0.3404986511503313,0.04078857803429174,0.39010109289264916,0.9021916195504,0.34109125831934434,0.6477858962065629,0.4205836738160773
2016-12-06,0.1933971899517215,0.14218758253490418,0.2361705369909123,0.3472424569035864,0.0360299054104218,0.38852724974971764,0.9021916195504,0.3406803966319723,0.6367909451557712,0.4225885356378622
2016-12-07,0.19813114448329797,0.1448530328740446,0.2435243057648582,0.3526084786385387,0.04187627241123234,0.39555231047293404,0.9021916195504,0.3475226074004108,0.6375495168715316,0.41167295848211755
2016-12-08,0.198917940776215,0.14588833786007496,0.24513390413683853,0.36251569951251983,0.04758667437334037,0.3934144828334277,0.9021916195504,0.3436108874124164,0.6364120208668689,0.4205836738160773
2016-12-09,0.20108659171655394,0.14707893966502242,0.24864089772554654,0.36328613880897365,0.0354860582219515,0.3988607664981975,0.9021916195504,0.3415678402809062,0.635957167092595,0.43773669328268394
2016-12-12,0.20066878478679517,0.14567689856358795,0.24961814354639206,0.3565197056198252,0.04758667437334037,0.37401478246632164,0.9021916195504,0.29771482160662666,0.6638612529666734,0.4410782181718858
2016-12-13,0.20306826740790518,0.1479269245570624,0.25245213231517805,0.35669646517405257,0.048674368750280965,0.37465748189196074,0.9021916195504,0.3003662431638708,0.6564302873316354,0.4415237194159552
2016-12-14,0.20007055130600734,0.14673544452182868,0.2495218415525984,0.34876070806060083,0.055064569973222045,0.3701473517663911,0.9021916195504,0.29140602720018743,0.6524870160580014,0.45132549034979014
2016-12-15,0.20149300788077257,0.14762072207065965,0.25099612525528225,0.35346959364997804,0.04962609808851905,0.3630417543606894,0.9021916195504,0.2935042371321221,0.6616621904427196,0.46357762434947913
2016-12-16,0.20084925102690282,0.14675695045371734,0.2507781075717865,0.3524634196240836,0.04160434233382731,0.3646911243641986,0.9021916195504,0.30058962171295805,0.6847892269799879,0.4673646504827505
2016-12-19,0.2015742911136163,0.1476465977337289,0.2517570894325802,0.35585803292231066,0.034942211033481205,0.36316859394262435,0.9021916195504,0.29594107803508346,0.7029877167786808,0.4551125164830614
2016-12-20,0.2029122099510978,0.14880911758976595,0.2540177027851385,0.36142344164738355,0.03140719782525438,0.358439929312931,0.9021916195504,0.29253303752464893,0.6989688775886531,0.4609044575498539
2016-12-21,0.20200507637205664,0.14826033076208925,0.25321136045252773,0.35744875826274847,0.028959891960307908,0.3691831887683436,0.9021916195504,0.298680654498269,0.6965423881775622,0.45600357208293646
2016-12-22,0.201319050649545,0.1472070327653154,0.25264150533952845,0.3517700463867968,0.03113528071418908,0.3698448647921178,0.9021916195504,0.29808151786207987,0.6901729890618152,0.45756293266065196
2016-12-23,0.20177912644794566,0.14787690827124567,0.2530101244885313,0.35578096686314364,0.03127123278655186,0.36070277478095125,0.9021916195504,0.2884366497247073,0.6894147789150328,0.4553352671050961
2016-12-26,0.20177912644794566,0.14787690827124567,0.2530101244885313,0.35578096686314364,0.03127123278655186,0.36456276665441284,0.9021916195504,0.2914600462742873,0.6931302617325518,0.4553352671050961
2016-12-27,0.20260656435728452,0.14896265794811048,0.25328736042359373,0.35859086287541486,0.0387491413527733,0.36210499357034903,0.9021916195504,0.29120332370389085,0.6926750463892999,0.4597905982162078
2016-12-28,0.1995243105181029,0.14681836231300496,0.2505378589322872,0.35094063191512975,0.05180148684240025,0.35824097865808274,0.9021916195504,0.2872924835053769,0.6910071286939694,0.447092909860713
2016-12-29,0.19941703093881746,0.14653452256852628,0.25019465347919284,0.3520057257924333,0.05751188880450827,0.3563322365112633,0.9021916195504,0.2847960808545888,0.7028358578079374,0.4406326638160802
2016-12-30,0.19772147381463928,0.1443862856072579,0.24878286721464446,0.34926376741164594,0.06662133893614061,0.3586765295384793,0.9021916195504,0.2863897315194831,0.6931302617325518,0.4337269165273778
2017-01-02,0.19772147381463928,0.1443862856072579,0.24878286721464446,0.34926376741164594,0.06662133893614061,0.3586765295384793,0.9021916195504,0.2863897315194831,0.6919927657278889,0.4337269165273778
2017-01-03,0.20081023666270098,0.1464024881420704,0.25172497269353833,0.35305261813817473,0.0504418753543944,0.36871401135605175,0.9021916195504,0.29411137985258334,0.6921442631296543,0.4346179721272529
2017-01-04,0.20291058269887777,0.1485046715639358,0.253216279232381,0.36323175550950404,0.036845682676297155,0.37582552946037157,0.9021916195504,0.3051040854740114,0.7041248512143655,0.4350634733713224
2017-01-05,0.20262609138392473,0.14898459228501684,0.252157777097293,0.35597581730132477,0.03439836384501088,0.3778828204173926,0.9021916195504,0.3038968383489325,0.6778131151192237,0.41635109332700027
2017-01-06,0.20392336860498436,0.1504375279025543,0.25375059374977393,0.3538638864020839,0.029639691221140987,0.3744348484426399,0.9021916195504,0.29649965637622366,0.6496056728726366,0.4274894211047796
2017-01-09,0.20260981886172458,0.15090954455105873,0.25186375944273115,0.3494269173100549,0.03290278731830252,0.3796939469434052,0.9021916195504,0.30032207773195196,0.6720504287484941,0.41813320452675046
2017-01-10,0.20260981886172458,0.15178691802731314,0.25107733334619287,0.355504513813856,0.03195104501372468,0.37672001039006703,0.9021916195504,0.29802925836694094,0.6866090036460616,0.41880150950459083
2017-01-11,0.20365352256001146,0.15230588786575774,0.25351550500678743,0.3565922351270528,0.028823926921605392,0.3689730039673994,0.9021916195504,0.2898438729986934,0.6748558424484873,0.4167965945710697
2017-01-12,0.20286017756913582,0.1515969846627148,0.251953117276732,0.351049398514069,0.03263085724089749,0.3635429642706333,0.9021916195504,0.282253841171869,0.6861541498717877,0.4147917327492847
2017-01-13,0.20354294878720744,0.15276520230548732,0.2518230107272802,0.35602571937265903,0.02841603180549785,0.3615142141172075,0.9021916195504,0.2711790511919146,0.6549135054690923,0.41902431323836187
2017-01-16,0.20354294878720744,0.15276520230548732,0.2518230107272802,0.35602571937265903,0.02841603180549785,0.35861155366646474,0.9021916195504,0.24455767726075434,0.6578707781398289,0.41902431323836187
2017-01-17,0.2024456251438171,0.1512126839415849,0.2503672447840439,0.3470837882333129,0.0371175997873624,0.3602739795694908,0.9021916195504,0.25482693199240514,0.6519562327983559,0.4072176273710059
2017-01-18,0.20309589100656691,0.15195493847525599,0.24982285159028492,0.3499118857771462,0.04541127265311941,0.3615913350120285,0.9021916195504,0.25284230288239706,0.6167730402599826,0.4210291750601468
2017-01-19,0.20176285392574547,0.15127191093528228,0.24803723805688907,0.34410166921875374,0.04949013304981653,0.3579496499235129,0.9021916195504,0.24958197902573082,0.6117682024670574,0.43662288706077407
2017-01-20,0.2030016294450416,0.15194090821092623,0.25037910772368993,0.34687079158737383,0.03263085724089749,0.364739932174602,0.9021916195504,0.2619754854579377,0.6294359090061047,0.43840499826052426
2017-01-23,0.2020083308764967,0.1518360560828436,0.24970258260053962,0.3450534046213744,0.03575798829935653,0.3689795319171579,0.9021916195504,0.26828639135913,0.6402034331697595,0.424147949327314
2017-01-24,0.20442571327202688,0.15394263065614042,0.25248916783407316,0.3547385557455375,0.026240643051616677,0.3707760085094102,0.9021916195504,0.26516560211406376,0.6163178249167307,0.4392960538603992
2017-01-25,0.20740068753192303,0.1563720726710286,0.2563358947959791,0.3607345496382321,0.022705642809729584,0.3729530038474673,0.9021916195504,0.2684458092129883,0.6201092372196213,0.45087993599398435
2017-01-26,0.20712592004121155,0.15632119957517646,0.2571358716487798,0.35763459092085476,0.020258323978443356,0.37594121080260307,0.9021916195504,0.27512050806434835,0.6387625807925881,0.44753841110478243
2017-01-27,0.20680241436205665,0.15656684701232698,0.25695980826403236,0.3554138380988705,0.019578511751270566,0.37594121080260307,0.9021916195504,0.27512050806434835,0.6424021341247355,0.4415237194159552
2017-01-30,0.20456061644997406,0.15450195624725258,0.25393157591437465,0.34708832478525237,0.037253564826064914,0.37594121080260307,0.9021916195504,0.27512050806434835,0.6458901900551176,0.4419692737717609
2017-01-31,0.20423064145101763,0.15454933784221048,0.25128869620988725,0.35138930796670526,0.0387491413527733,0.37594121080260307,0.9021916195504,0.27512050806434835,0.6441463428744155,0.4348407227492877
2017-02-01,0.2043411755347431,0.15577151309696258,0.25195162235344326,0.35112192802129655,0.03630183548782683,0.37594121080260307,0.9021916195504,0.27512050806434835,0.6426295610118725,0.4399643588382397
2017-02-02,0.2045525198779525,0.15548857300302107,0.2518027569278844,0.3493997533222221,0.0379333770532377,0.37594121080260307,0.9021916195504,0.27512050806434835,0.6442978402761809,0.4390733032383645
2017-02-03,0.20724621763825712,0.15682963065018557,0.256408760250472,0.358649782726824,0.02488103156361078,0.3700350862118239,0.9021916195504,0.2708674297579378,0.6436155596147699,0.44375138497151106
2017-02-06,0.20645616684090007,0.15668836409559825,0.2559386309878308,0.35358289680085675,0.030319503448313776,0.37526275946607746,0.9021916195504,0.27752409292494856,0.637701014273297,0.42637561488286985
2017-02-07,0.20654070457818383,0.1571564608381907,0.2568736331699366,0.3510449172859337,0.02923180907137318,0.37405144525391865,0.9021916195504,0.27543758419310393,0.6311797561868068,0.4210291750601468
2017-02-08,0.20679915985761663,0.15751749916685934,0.25598603452308333,0.3499934330644486,0.03140719782525438,0.37837127805338966,0.9021916195504,0.2821538091079414,0.6470276860597803,0.41256406719372896
2017-02-09,0.20894506895595388,0.1589533200039396,0.25890099026612046,0.3589625281916275,0.02365737214796767,0.3834071358536938,0.9021916195504,0.28689341099704296,0.6379284411604339,0.4223657850158275
2017-02-10,0.21028298779343538,0.1597846185205401,0.26129518224802706,0.36363512136548887,0.023249489998199906,0.387610680059793,0.9021916195504,0.28722218832588864,0.6349711684896975,0.42548450617125844
2017-02-13,0.21225815447590657,0.16109322448761368,0.26482074181951454,0.36523951168554925,0.026240643051616677,0.3938725020060162,0.9021916195504,0.2948303438160103,0.6551409323562293,0.4310536966160163
2017-02-14,0.21377491230127565,0.16190961450959815,0.2670984262315636,0.36717473835436687,0.02175390050515174,0.3942110445167461,0.9021916195504,0.2942978952224396,0.6432362737568897,0.4390733032383645
2017-02-15,0.21567205025534317,0.1635270576539333,0.26975138461241704,0.370600996868562,0.038477224241708026,0.39267454731894447,0.9021916195504,0.2863996731406122,0.6336062455978977,0.4462018542608379
2017-02-16,0.2153420355673082,0.1633278921612035,0.2699466891065904,0.3682986967592754,0.035622023260654015,0.3978455944043629,0.9021916195504,0.2933105074885261,0.6348196710879328,0.4346179721272529
2017-02-17,0.21598253791673794,0.16436671006837902,0.27005239465010356,0.36862953310803265,0.03195104501372468,0.38928244244910154,0.9021916195504,0.28826183555494106,0.6228390830032209,0.4290487816824951
2017-02-20,0.21598253791673794,0.16436671006837902,0.27005239465010356,0.36862953310803265,0.03195104501372468,0.4010613687243346,0.9021916195504,0.3000707218773863,0.6251896429289401,0.4290487816824951
2017-02-21,0.21829422829612413,0.16556740081149335,0.2729892920091528,0.3733791923410611,0.033038739390665296,0.40521671237117074,0.9021916195504,0.30698516336217,0.6421747072375992,0.4294943360383008
2017-02-22,0.21787808830766395,0.16533400575784912,0.27379418764180674,0.37044238352209263,0.035350093183248985,0.4076704624164299,0.9021916195504,0.31046525863105373,0.6455868336826089,0.4274894211047796
2017-02-23,0.21803902752113138,0.1642320195308134,0.2746514538128983,0.36625470349151845,0.034942211033481205,0.40461014438838083,0.9021916195504,0.309407575717652,0.6388385102779598,0.420806424438112
2017-02-24,0.21861289190769753,0.16466194538632858,0.27493389786780537,0.3662093932959278,0.03167912790265941,0.4052500352774959,0.9021916195504,0.3104067526306035,0.6326206085639782,0.40498996181545
2017-02-27,0.21900466280193603,0.16538971983040132,0.2753210347762558,0.37230508068368273,0.040108765807118925,0.3975477377200346,0.9021916195504,0.3022824246522995,0.6593116305170003,0.41657384394903496
2017-02-28,0.2180113642333911,0.16379026969680963,0.27469885734815075,0.36265622197503544,0.05139360469263244,0.4016122973213925,0.9021916195504,0.30568694600481217,0.6361086644943602,0.41412342777144445
2017-03-01,0.2232655235173517,0.16723790191727098,0.2821876996747336,0.3748748160621822,0.04622704991899474,0.403229407108072,0.9021916195504,0.3081445499395123,0.6333028892253891,0.43751394266064925
2017-03-02,0.22098308398884725,0.16535990284116922,0.27940805860099294,0.36673059885473086,0.03630183548782683,0.3979731171438307,0.9021916195504,0.3035220480302591,0.6452834773101004,0.4433058837274417
2017-03-03,0.22117819549893503,0.16577796187769406,0.27947571593564113,0.3660326337417005,0.024745066524908266,0.3943304452722121,0.9021916195504,0.3062013589140336,0.6493782459854996,0.44397418870528205
2017-03-06,0.21990854187653713,0.16483172229484402,0.2782073458601475,0.36155489100602023,0.028551996844200365,0.3991663656345649,0.9021916195504,0.31748333931663497,0.6558995040719898,0.44441968994935144
2017-03-07,0.21878355494540652,0.16416272501920004,0.2774770034986027,0.35730829112403695,0.03140719782525438,0.4018215712456262,0.9021916195504,0.3201732076741749,0.6562784283608921,0.4482067160826228
2017-03-08,0.21790408465410566,0.1643215133390114,0.27577264627944936,0.3533019071996296,0.03698163474865988,0.401280282760421,0.9021916195504,0.31532380805791266,0.6605246944380567,0.45734018203861726
2017-03-09,0.21821135750013892,0.1643767990065459,0.27583335945430476,0.35061886867025144,0.04296396678817294,0.3938435816704583,0.9021916195504,0.3083643213517297,0.6678041626713295,0.4675874542165215
2017-03-10,0.2194679931047767,0.1653822655830933,0.2769392651246453,0.35294838809117496,0.03426239880630839,0.3926042579994521,0.9021916195504,0.31106254770933395,0.6665151692649014,0.46402317870528487
2017-03-13,0.21960940529160394,0.16599861188206164,0.2764084226871487,0.35522352421262887,0.030047586337248532,0.4001482148220743,0.9021916195504,0.3208705288163827,0.625871923590351,0.46981511977207735
2017-03-14,0.21830561906166426,0.16516686354019255,0.27531929873630756,0.35164313358009963,0.04296396678817294,0.4008645434484775,0.9021916195504,0.31833471159687027,0.6686383023034836,0.466919149238681
2017-03-15,0.22152607027231164,0.16706330545230638,0.2781026530066042,0.36091130919245945,0.0338545166565406,0.4016207229309644,0.9021916195504,0.31935078046784654,0.6697757983081472,0.44753841110478243
2017-03-16,0.22089529174712347,0.16709445049709334,0.2777187470613907,0.3623616227179899,0.02814411469443258,0.41006978757823764,0.9021916195504,0.32668496951375486,0.6690931560777575,0.45065718537194965
2017-03-17,0.22038647776027942,0.1671049892605288,0.2772266279594056,0.36484975548538284,0.029095844032670664,0.4002797606003467,0.9021916195504,0.3168644074171356,0.6562784283608921,0.44597905052706693
2017-03-20,0.21960940529160394,0.16712823023273918,0.277010346315858,0.36148689805073214,0.029911621298545993,0.40443388974490213,0.9021916195504,0.3183887306709701,0.6618896173298565,0.439741608216205
2017-03-21,0.21482183081492404,0.16240358691525983,0.2711377571810569,0.3444687979830269,0.04527532058075665,0.4077926717084199,0.9021916195504,0.32327956837176175,0.6633304697070279,0.43149925097182196
2017-03-22,0.2155419891449775,0.16362357730442165,0.2709721100359987,0.34403821281540514,0.04989802816592408,0.4026964683260462,0.9021916195504,0.3202984896961915,0.647331042432289,0.4225885356378622
2017-03-23,0.21513720023297886,0.16345028747476106,0.27085555424280927,0.34758690290816213,0.05411284063498396,0.4037318315202965,0.9021916195504,0.3229570375482273,0.6458901900551176,0.4274894211047796
2017-03-24,0.21481532180604399,0.16393504917254215,0.26937760556690143,0.348135272454798,0.05193745188110276,0.41022835603225444,0.9021916195504,0.3286939687923715,0.6480133230936999,0.42347964434947366
2017-03-27,0.2144268054162455,0.16444523670812386,0.26824826335726015,0.3493498512508878,0.04568320273052444,0.4094541867347355,0.9021916195504,0.32285612569481925,0.6235213636646317,0.4174648995489101
2017-03-28,0.21718718082849225,0.16597055135340213,0.2719646426530548,0.35385481329820495,0.032494892202194973,0.4050992092755183,0.9021916195504,0.3211777513029572,0.6376250847879253,0.42548450617125844
2017-03-29,0.21760332081695244,0.16695363376777458,0.2709232115774575,0.35583988671455274,0.03099931567548657,0.4014820419517932,0.9021916195504,0.3173518107893071,0.6423265662083418,0.4203608700823063
2017-03-30,0.21872993500030308,0.1676901905147102,0.2726310408765073,0.3606937759945809,0.03263085724089749,0.3918198413389402,0.9021916195504,0.30180672248021806,0.6494541754708713,0.42704386674897404
2017-03-31,0.2178618157854638,0.16757614909899785,0.2710195135712512,0.36231177597045977,0.043915696126411025,0.39563687019422394,0.9021916195504,0.30905442822019774,0.6504398125047908,0.4225885356378622
2017-04-03,0.21723107694935415,0.16682774695332275,0.2706982979575008,0.35494707116334123,0.04405166116511354,0.39563687019422394,0.9021916195504,0.30905442822019774,0.6437670570165352,0.412341263459958
2017-04-04,0.21744563610792506,0.16700013713244616,0.271661944798752,0.3542717888100082,0.0360299054104218,0.39563687019422394,0.9021916195504,0.30905442822019774,0.6465728322855064,0.412341263459958
2017-04-05,0.21627353824057105,0.16550290443607826,0.2706474223423519,0.3470022409460105,0.050985722542864674,0.41049569834678157,0.9021916195504,0.32692911109458084,0.647558469319426,0.4139006771494097
2017-04-06,0.21701159634504466,0.1661376935710587,0.2710128105281178,0.352572241546827,0.044187626203816055,0.4138224478126472,0.9021916195504,0.3295453410726068,0.6541552953223099,0.4107819028822425
2017-04-07,0.21669459967476984,0.16608767728524196,0.2708436913031632,0.35263116139823614,0.05071379246545965,0.41556700443240197,0.9021916195504,0.33074449413446555,0.6571125679930463,0.4174648995489101
2017-04-10,0.21695793671086266,0.16622455268839786,0.27089109483841567,0.3537777472390379,0.06675730397484313,0.41021218797064335,0.9021916195504,0.3247804892254162,0.663103042819891,0.4147917327492847
2017-04-11,0.21640848110759675,0.16560336541272946,0.270725206576698,0.3582464168708392,0.08062541376400567,0.41629767936699535,0.9021916195504,0.32951111726181714,0.6612829045848393,0.40075743443810924
2017-04-12,0.21496975201063134,0.16426055130499237,0.2692575776938156,0.35020189315844813,0.09014275901174552,0.41159171074867157,0.9021916195504,0.32334168150908177,0.6518047353965906,0.40031188008230356
2017-04-13,0.21237194306407206,0.16290017259152947,0.26583526427591464,0.34387506291699627,0.0927260299153945,0.41225391811719353,0.9021916195504,0.3293579459132701,0.6518806648819622,0.3860548311490933
2017-04-14,0.21237194306407206,0.16290017259152947,0.26583526427591464,0.34387506291699627,0.0927260299153945,0.4024673069269669,0.9021916195504,0.3172653274833785,0.6485441063533455,0.3860548311490933
2017-04-17,0.2156330358911413,0.16516555690488857,0.27037013818395755,0.3510993005854033,0.07505097684060014,0.3955290072104241,0.9021916195504,0.311049086930283,0.6519562327983559,0.390510162260205
2017-04-18,0.21452432148221087,0.16484444592386976,0.26756431184099805,0.3514210638302816,0.07178789370977831,0.38761500672416777,0.9021916195504,0.3074977287134825,0.6349711684896975,0.3742481452817372
2017-04-19,0.213870801115021,0.16543928629094948,0.2646313687951642,0.3537958934467958,0.07872195508752945,0.37952323346658196,0.9021916195504,0.3018193914487366,0.6450560504229634,0.37937178137068944
2017-04-20,0.21674337755229178,0.16779722750838313,0.2689329382235007,0.36150958081042955,0.06811691546284897,0.37996257966660546,0.9021916195504,0.30278152922456103,0.6481651820644432,0.3880596929708781
2017-04-21,0.21558100350917933,0.16752261989203593,0.26816874308296584,0.35956074448579345,0.07464309469083234,0.3802892807800991,0.9021916195504,0.29875086169880927,0.6449045530211981,0.38716863737100304
2017-04-24,0.21971993937532944,0.17073818511440791,0.27350508876709817,0.3677593449927144,0.02311352495949737,0.3667273133440933,0.9021916195504,0.27870960924986027,0.5769639342175864,0.3951882439933514
2017-04-25,0.22207068380799602,0.17256621074519468,0.2792388911527064,0.37371456524175783,0.02202583058255677,0.36829303450302303,0.9021916195504,0.28531586047964097,0.6455112657662153,0.4072176273710059
2017-04-26,0.2218820813067883,0.17255479375147292,0.2787196705381965,0.3774989347401513,0.023249489998199906,0.3702455746383383,0.9021916195504,0.28888525438079077,0.6449045530211981,0.4036534049715055
2017-04-27,0.22209668015443776,0.1735949182939524,0.2788737440836,0.37645652362254517,0.016587345731514016,0.37377135066544476,0.9021916195504,0.2910790094503027,0.6527903724305101,0.40031188008230356
2017-04-28,0.22135374029330407,0.17353656953054136,0.27786587644700134,0.3688878952733665,0.022841594882092364,0.3745395992643456,0.9021916195504,0.2915708997488245,0.6564302873316354,0.3971931589268725
2017-05-01,0.2220251604349141,0.1754663627732833,0.27719803152359207,0.3720286276343951,0.013188297561989705,0.3745395992643456,0.9021916195504,0.2915708997488245,0.6679556600730948,0.4067721261269364
2017-05-02,0.22248682379645623,0.1756317485303673,0.27809749311009146,0.3684029268062752,0.019714476789973057,0.37113633615479924,0.9021916195504,0.290608673994052,0.6534730146608989,0.40031188008230356
2017-05-03,0.2219926153905138,0.17463065168500047,0.2782952569941915,0.3645778389880347,0.020938136205616145,0.3685352518016192,0.9021916195504,0.2870203646190725,0.6538519389498012,0.4032078506156998
2017-05-04,0.22221860500370333,0.17475304699855804,0.27813650578559423,0.36363965791742836,0.017946970185859643,0.36605508633175604,0.9021916195504,0.2837141157515265,0.6562784283608921,0.4136778734156387
2017-05-05,0.22380688254859607,0.1758681852596372,0.27950604841140286,0.3673333517008363,0.01944254671256805,0.3584903311575778,0.9021916195504,0.2726331672452089,0.6552927913269726,0.41278681781576376
2017-05-08,0.22382148812949768,0.17595155287608208,0.27963789100080294,0.36490413878485245,0.008565602943162037,0.350896276115879,0.9021916195504,0.2554016984599857,0.6471791834615457,0.41813320452675046
2017-05-09,0.2234215809741591,0.1767381044885836,0.2787366933743553,0.3650038322799128,0.01114887384681102,0.3514913822333953,0.9021916195504,0.2601016218435188,0.6621929737023651,0.42503900492718893
2017-05-10,0.22386212974591954,0.17711319450183285,0.27793006170175316,0.36850715685327495,0.014547922016335332,0.3428659870362508,0.9021916195504,0.2485224485544201,0.6641646093391821,0.42659836550490454
2017-05-11,0.2230184193143805,0.1765349976696909,0.2773451609092027,0.36425148386741274,0.019850441828675597,0.34557561753076355,0.9021916195504,0.2502918811575091,0.661055477697703,0.42347964434947366
2017-05-12,0.22244292767559434,0.17676618643749398,0.27678196061600485,0.3608841452046267,0.01713119291998429,0.3524197174141637,0.9021916195504,0.25133152838656153,0.6615862609573478,0.4089997916824923
2017-05-15,0.22429946370231849,0.17801380895029761,0.2788887897631511,0.36593747679857963,0.01740312299738932,0.3545078263665561,0.9021916195504,0.2565214945107075,0.6603731970362914,0.40966809666033277
2017-05-16,0.22403120522048706,0.17889996472941488,0.27883473140809717,0.36628192280315536,0.020530241089508603,0.3615764573590906,0.9021916195504,0.2746349522500858,0.6542312248076815,0.40766318172681154
2017-05-17,0.216936822121081,0.17194108214336343,0.2696296689227149,0.3487017882091917,0.0876954401804593,0.35892679291468477,0.9021916195504,0.2731439730175605,0.6501364561322822,0.3824905556378566
2017-05-18,0.21834951518252615,0.17386646281442306,0.271014546568066,0.3510539350660085,0.07505097684060014,0.3544798169077087,0.9021916195504,0.26812055104206445,0.6446011966486894,0.386277581771128
2017-05-19,0.2209522058857455,0.175119804534213,0.27451613914360184,0.35388651383797715,0.039428953579946115,0.35463284419507,0.9021916195504,0.2678151761133989,0.6505157419901624,0.38895074857075324
2017-05-22,0.2229501540992969,0.1773097253037038,0.2767380291606488,0.35833255603388514,0.024337184375140458,0.34998312221361866,0.9021916195504,0.261390865348176,0.6238247200371404,0.3909556635042744
2017-05-23,0.2236654306726903,0.17753300999893026,0.27780169119224957,0.36007287694071755,0.02148198339408647,0.3457146021355049,0.9021916195504,0.24915044228556815,0.6469517565744087,0.397861463904713
2017-05-24,0.224635947710155,0.17859946002974758,0.2796413630806993,0.3607663055018085,0.011964651112686348,0.3463765058784567,0.9021916195504,0.253535928908787,0.6521080917690991,0.39362888341563596
2017-05-25,0.22637218613983356,0.1804524616730664,0.2813827558187478,0.3611651348058538,0.011556755996578806,0.35998052545592985,0.9021916195504,0.26086202389147517,0.6511980226515733,0.3911784672380454
2017-05-26,0.22649411098909916,0.18066874194625343,0.28131683452404777,0.3606439292470508,0.009109450131632337,0.36067324719425303,0.9021916195504,0.2577495046675251,0.6342888878282865,0.3900646079043993
2017-05-29,0.22649411098909916,0.18066874194625343,0.28131683452404777,0.3606439292470508,0.009109450131632337,0.36067324719425303,0.9021916195504,0.2577495046675251,0.6261752799628596,0.3900646079043993
2017-05-30,0.2260210171729384,0.18036166122956437,0.2800623527681398,0.35563590784868854,0.016859275808919046,0.36067324719425303,0.9021916195504,0.2577495046675251,0.6255689287868204,0.3827133062598913
2017-05-31,0.2258405906219093,0.18015679795009912,0.27954829205014264,0.3551917683490525,0.01726715795868683,0.36288660169433695,0.9021916195504,0.2582548557450979,0.6252655724143118,0.3780352245267449
2017-06-01,0.2288090558729254,0.1822760961524217,0.2828945572736457,0.3669073584089582,0.010197144508572936,0.3583612902902592,0.9021916195504,0.24613698735711723,0.5914469411987603,0.3827133062598913
2017-06-02,0.23027378131633255,0.18486301985181727,0.2844280592278962,0.3711358120831835,0.008293672865757008,0.35926821986833124,0.9021916195504,0.2519530996545023,0.5894753055619433,0.36979281417062554
2017-06-05,0.22979096367593022,0.18441908515222322,0.28387869903095214,0.3670840626393814,0.012644450373519429,0.35495149923095437,0.9021916195504,0.256251223182312,0.5926600051198168,0.37491645025957765
2017-06-06,0.22869038552809987,0.18351450795734475,0.2826982883128344,0.36638161629821564,0.017811005147157128,0.35820674487504706,0.9021916195504,0.26285659462261235,0.5850775420830133,0.3671196473710003
2017-06-07,0.22930973359866938,0.18449364904555432,0.2836231635952423,0.36718381145824586,0.016995240847621558,0.37008328677108704,0.9021916195504,0.2803303574307525,0.5796937800011867,0.3740253946597025
2017-06-08,0.22941542561481335,0.18556316217224822,0.28384142239539756,0.3757676316133937,0.013868109789162518,0.37319522114606357,0.9021916195504,0.283829368173466,0.5810587028929857,0.3775896701709392
2017-06-09,0.2290870381789984,0.1805691591998885,0.2860497616561821,0.3785322174300743,0.02121005331668144,0.37570301654281146,0.9021916195504,0.28641770882496154,0.5823476962994139,0.37870347639284896
2017-06-12,0.22870010935234142,0.1791451837615477,0.28515348280958774,0.37739918592128685,0.03154316286395689,0.36994399854077553,0.9021916195504,0.28124120347986653,0.5714286747339937,0.38182225066001635
2017-06-13,0.2304818711551019,0.1811153327569572,0.28744476620123116,0.38047198065083143,0.01740312299738932,0.3742551021051044,0.9021916195504,0.29068530365779954,0.5811342708093794,0.38048564070433544
2017-06-14,0.23008680606734486,0.17999755980501916,0.2885827403872816,0.3766559106126658,0.02039428901714587,0.36708270707396723,0.9021916195504,0.28408257158594064,0.5820443399269052,0.3651147324374791
2017-06-15,0.22919919951494389,0.1787082534839931,0.28822077605808016,0.37326135263824284,0.023929289259032916,0.36764608431940166,0.9021916195504,0.29040333112931405,0.5761297945854322,0.3704611191484659
2017-06-16,0.22931136085088938,0.1781054876240859,0.2888226996867895,0.37174310148122847,0.016859275808919046,0.36474835778417397,0.9021916195504,0.28766005955031054,0.5893993760765717,0.36934731292655604
2017-06-19,0.23261309529438048,0.18193302941424566,0.2923956627935294,0.37688705346636275,0.01672331077021653,0.37134219429136867,0.9021916195504,0.29410689292623304,0.5855323958572872,0.3766986145710641
2017-06-20,0.22994213937607758,0.17969660528008327,0.2908685745424209,0.3700390176661078,0.02338544207056264,0.36998658202699064,0.9021916195504,0.2964248742703851,0.5978919082309009,0.368456257326681
2017-06-21,0.2297113076953065,0.1817110727745741,0.28945847609448877,0.368353080058745,0.021889865543854255,0.3750227434528649,0.9021916195504,0.30350946704068865,0.6029723139402197,0.3689017585707504
2017-06-22,0.22953084145519886,0.18183126180229048,0.28914391530053984,0.3707505924349566,0.018218887296924915,0.37229944980769497,0.9021916195504,0.2943231451805286,0.6044131663173911,0.368456257326681
2017-06-23,0.23014860196262693,0.18308415369681186,0.28908146608573626,0.3753914850690458,0.011964651112686348,0.3755392105477094,0.9021916195504,0.3034743634404185,0.6091902156542012,0.36645134239315985
2017-06-26,0.23027378131633255,0.18229012641675146,0.2894466613781746,0.37623445387272714,0.010333096580935668,0.3841113953636831,0.9021916195504,0.3188625852851426,0.6088868592816926,0.3648919818154444
2017-06-27,0.22707281744324684,0.17788001806326917,0.28700501763768366,0.3702883067275627,0.026104690979253897,0.3859000535975038,0.9021916195504,0.318661729346755,0.6131331253588572,0.37848072577081426
2017-06-28,0.23053711835242538,0.18173125065090787,0.2905591736449846,0.3801456808540136,0.012100603185049104,0.3803048415905699,0.9021916195504,0.31111304762551195,0.5925085077180514,0.3836043618597663
2017-06-29,0.2271248498252088,0.17778043531690427,0.28642156354509,0.3760350115588024,0.03127123278655186,0.3849256432364634,0.9021916195504,0.3165446039409906,0.5829544090444311,0.39385163403767065
2017-06-30,0.2277279650626567,0.17760802371752996,0.287967217778978,0.37565432846251495,0.02773623254466477,0.38628247000312205,0.9021916195504,0.3181437093006637,0.5721109553954046,0.4016484900379843
2017-07-03,0.22863835314613787,0.17627617677824603,0.2911680414334868,0.38078472611563496,0.028280079733135094,0.3873660337566355,0.9021916195504,0.31863375204127653,0.5663482690246749,0.4114502078600828
2017-07-04,0.22863835314613787,0.17627617677824603,0.2911680414334868,0.38078472611563496,0.028280079733135094,0.3832905436347518,0.9021916195504,0.31320853021005723,0.5828025500736878,0.4114502078600828
2017-07-05,0.22921221753270402,0.17806601010170464,0.2911408916976301,0.3778252345369691,0.026240643051616677,0.3908550710897524,0.9021916195504,0.32097953473301094,0.5819684104415336,0.4087770410604576
2017-07-06,0.2255073214294343,0.17537247781365384,0.28723658607744185,0.3690601182756544,0.04622704991899474,0.3925060351275049,0.9021916195504,0.32106689782842,0.5835607602204703,0.4167965945710697
2017-07-07,0.22801571088204978,0.17816340798247926,0.2895649049879803,0.3758718616603935,0.027872184617027552,0.39422007737745846,0.9021916195504,0.3212164620400972,0.5828784795590594,0.4219202306600218
2017-07-10,0.22838148542984657,0.17918598933948385,0.28942119945893424,0.3725316869854402,0.02678449024008695,0.392564483049761,0.9021916195504,0.31598057090507153,0.5851531099994071,0.4170193983048407
2017-07-11,0.2280726250206718,0.17992779404788634,0.28943479843852854,0.3746074361167735,0.023793337186670184,0.38958158954210304,0.9021916195504,0.31256707569985825,0.5851531099994071,0.4150144833713195
2017-07-12,0.23095329802996412,0.18290516608041582,0.2924734470278755,0.37971509568639195,0.015771581431978446,0.3878733920843751,0.9021916195504,0.3112590047003193,0.5842434024508592,0.4072176273710059
2017-07-13,0.2316978651433178,0.18348730423872064,0.29299069048577775,0.380322440408241,0.010333096580935668,0.3942841423727625,0.9021916195504,0.3124219984145314,0.5738551641450846,0.4118957622158886
2017-07-14,0.23355761598540348,0.18515564189915887,0.29508073791342465,0.38175455240220935,0.00503058973493521,0.39560673535638546,0.9021916195504,0.30897067226165853,0.5697603954696854,0.40543551617125567
2017-07-17,0.23353646170654327,0.18524162278621173,0.29488273291266515,0.383014496717694,0.009245402203995117,0.3813197100588343,0.9021916195504,0.2754582592458946,0.5378374704055792,0.4032078506156998
2017-07-18,0.23377546933749294,0.18655241361887556,0.2935250050031707,0.38120618285557356,0.010197144508572936,0.38477140144682137,0.9021916195504,0.27977899336335205,0.5598270109381848,0.3929605784377955
2017-07-19,0.2359245932511917,0.1883391838464576,0.29515505006787435,0.3876236888120109,0.008837520054227308,0.39826786166606487,0.9021916195504,0.29705911450684436,0.5415529532230988,0.39407438465970535
2017-07-20,0.23586279735590962,0.18855677075494862,0.2944397533858807,0.38788653220548014,0.00598231907317332,0.40258610043129256,0.9021916195504,0.30349239912476783,0.5460266461873997,0.39362888341563596
2017-07-21,0.2357148761602023,0.18845806623887,0.2936568475925707,0.38493611373069325,0.0029911530534167687,0.4004460715064026,0.9021916195504,0.3032977896916914,0.5517896941271074,0.3860548311490933
2017-07-24,0.23528730571712345,0.1894696804274214,0.29200505380518255,0.3859377512046482,0.003942895357994587,0.4043689138728876,0.9021916195504,0.3068473003505829,0.5220654700179772,0.3909556635042744
2017-07-25,0.23646103083669748,0.18952933582613646,0.2944805021013317,0.391530379241358,0.003942895357994587,0.4022204593384257,0.9021916195504,0.3022518079783797,0.5451169386388519,0.4069948767489712
2017-07-26,0.23657485911394152,0.18999346982231516,0.2968897879861213,0.3878548316657079,0.006254249150578348,0.4034597830094319,0.9021916195504,0.2972185323607026,0.544889511751715,0.3971931589268725
2017-07-27,0.2361830485306245,0.18821415384204115,0.2990018252531122,0.383929995028603,0.013188297561989705,0.4041145515514849,0.9021916195504,0.3060338469969552,0.5480742113095883,0.4034306012377345
2017-07-28,0.2356433564406787,0.18788471038342805,0.2998353655449116,0.3819539947161341,0.01563561639327593,0.40518999332099653,0.9021916195504,0.3098851254476424,0.5374581845476989,0.39875251950458807
2017-07-31,0.23535072886462555,0.18671955583653213,0.3013367507601203,0.3800867610026045,0.015227734243508146,0.41134235824917653,0.9021916195504,0.31593015896784155,0.5366244064845227,0.39942082448242844
2017-08-01,0.23633426391985038,0.1873696818711463,0.30313422723316225,0.38153248265239137,0.012916380450924433,0.4174393115108021,0.9021916195504,0.31775985715034166,0.5264635950658851,0.390287358526434
2017-08-02,0.23653259024529963,0.18735695824212056,0.30442603384795663,0.3745394431614854,0.015499651354573417,0.41508226620963934,0.9021916195504,0.312713912564146,0.517515847568304,0.39273782781576083
2017-08-03,0.23565308026492024,0.18637824555892868,0.30466946522736094,0.371063282575956,0.017675040108454616,0.4113115402538052,0.9021916195504,0.3097256196148361,0.5235822518805202,0.385163722437482
2017-08-04,0.23641229264825406,0.1868704615040178,0.3063165813515553,0.3742765444442121,0.012100603185049104,0.40793879151406004,0.9021916195504,0.3029743790786765,0.5189566999454754,0.39385163403767065
2017-08-07,0.2370755368396855,0.1882834697739054,0.30694888567935824,0.3751150320197581,0.010740991697043211,0.4133412012839415,0.9021916195504,0.3110688821935932,0.5569456677528198,0.3916239684821148
2017-08-08,0.23610176529778076,0.187699575155028,0.3061321271070582,0.37329310850181924,0.024745066524908266,0.4140923709445207,0.9021916195504,0.3151382604564849,0.523430392909777,0.3974159095489072
2017-08-09,0.23595547135429346,0.1869042412396636,0.30522745740071416,0.3673106689411389,0.02678449024008695,0.4121336064850171,0.9021916195504,0.319493130405784,0.5145585748975675,0.3880596929708781
2017-08-10,0.23013395669264677,0.1809617923986127,0.3001736039948208,0.35624778912247707,0.09381373725867487,0.40783555882020517,0.9021916195504,0.3137319169719793,0.4857447814749411,0.3815994469262453
2017-08-11,0.23063955586412932,0.18270293749180944,0.30052693634761307,0.3570136918669914,0.0866077458035187,0.3912925196299624,0.9021916195504,0.2966788694933921,0.46602987138268315,0.3764758108372931
2017-08-14,0.23462568877791204,0.18637342600247953,0.30386977771455165,0.366114236352807,0.04337184893794075,0.4002527379246023,0.9021916195504,0.31725987278859963,0.47831381583990373,0.38315886061569693
2017-08-15,0.23442573520024276,0.1860566847526413,0.3040001253806629,0.36109714185056574,0.039428953579946115,0.40457499972863464,0.9021916195504,0.32086155496368207,0.48339422154922185,0.39362888341563596
2017-08-16,0.23499471783014886,0.18658749998982538,0.3046390845282673,0.3612285912092024,0.035350093183248985,0.4030791883572346,0.9021916195504,0.32455526311842,0.49529888014856144,0.3847182211934125
2017-08-17,0.22880091961182533,0.18118289222824888,0.29787050588686326,0.35008405345562993,0.08715159299198899,0.40991273725207167,0.9021916195504,0.3293255696603894,0.4993177193385891,0.37870347639284896
2017-08-18,0.22807587952511185,0.18094686248374578,0.29598859035967373,0.349562903220631,0.06961250495589713,0.4100042044550828,0.9021916195504,0.3257534484118502,0.49021847443924266,0.3775896701709392
2017-08-21,0.22853432807129245,0.18079771327683272,0.29671054186146884,0.34915953736464617,0.055064569973222045,0.4156571812267399,0.9021916195504,0.33257225678010865,0.48339422154922185,0.37447094901550826
2017-08-22,0.23245866508979313,0.18449804019698576,0.30155332174365923,0.35579457651896207,0.030047586337248532,0.41668943225889604,0.9021916195504,0.329348092271089,0.48127108851063954,0.38226775190408563
2017-08-23,0.2310817318881098,0.18366147229866753,0.2993854900816662,0.3549787717031134,0.042284154561000126,0.4159056228495245,0.9021916195504,0.3262273030260227,0.4780860273837888,0.3724660340819871
2017-08-24,0.23025750879413237,0.18335087866083333,0.2986771375594654,0.35685507852052195,0.042012224483595095,0.410870979551501,0.9021916195504,0.320247109990533,0.4755080405709319,0.3775896701709392
2017-08-25,0.23092079267464233,0.18310126847726907,0.299424502757169,0.35847302317259666,0.029095844032670664,0.4295288467443103,0.9021916195504,0.3298011838535228,0.47778303258025745,0.3720204797261814
2017-08-28,0.23111423724343155,0.1838637008872739,0.2992943962077172,0.3606393926951113,0.029639691221140987,0.43920721541877444,0.9021916195504,0.3298011838535228,0.41833494593097503,0.36979281417062554
2017-08-29,0.23144913368812658,0.18469150790298014,0.30070097435242094,0.3612965841644905,0.03480624599477869,0.44000787604728997,0.9021916195504,0.3391128757146475,0.4369123600185702,0.3646691780816734
2017-08-30,0.23328451543599052,0.1876052617903808,0.3013691086158216,0.36475907977039734,0.028280079733135094,0.4395106891761507,0.9021916195504,0.34375772427670415,0.42781311511922376,0.36622853865938887
2017-08-31,0.23557016977985648,0.19025274053902863,0.3027436182448154,0.3710859653356534,0.019714476789973057,0.4386348812190202,0.9021916195504,0.3440018658575301,0.4280405420063607,0.36132770630420774
2017-09-01,0.23636676927517214,0.19054534116611932,0.3037179224424153,0.3748430601986058,0.013460227639394733,0.4405963783086553,0.9021916195504,0.3497604399228935,0.42356684904205916,0.36934731292655604
2017-09-04,0.23636676927517214,0.19054534116611932,0.3037179224424153,0.3748430601986058,0.013460227639394733,0.4445502663896893,0.9021916195504,0.3497604399228935,0.3907342164294051,0.36934731292655604
2017-09-05,0.2333267843046324,0.18792373808054075,0.2979342089082961,0.36853891271685135,0.042012224483595095,0.4459434523183748,0.9021916195504,0.35934513045980304,0.3781469155996766,0.3499665747926574
2017-09-06,0.2345769109003901,0.18870197863569882,0.29927563733161017,0.3696900351095926,0.0338545166565406,0.44627675728801947,0.9021916195504,0.36273610305431675,0.38383367248503464,0.3584317357708115
2017-09-07,0.23450539118086647,0.18890202235871492,0.29871118323178303,0.36809023666527585,0.032766822279600004,0.4400921321430098,0.9021916195504,0.3577396906158707,0.37155008959679275,0.3479617129708725
2017-09-08,0.2339087452632201,0.18724904301816134,0.29903239884553345,0.3684346826698515,0.04051664795688671,0.44001311358837525,0.9021916195504,0.3578874072696389,0.34379750112447954,0.3479617129708725
2017-09-11,0.238246047143898,0.1904106506285537,0.3054415207709946,0.37541411250493906,0.021617935466449228,0.4434878805196946,0.9021916195504,0.36536852115878304,0.3789051257464592,0.3622187619040828
2017-09-12,0.23960670782338117,0.1913766396827198,0.3069597359290345,0.37932533948622554,0.019578511751270566,0.4444420997803193,0.9021916195504,0.36445688329913667,0.3785258398885789,0.3724660340819871
2017-09-13,0.23991398066941447,0.19163591039943328,0.3079305680467381,0.38087988305875575,0.01849081737432994,0.4458906214691667,0.9021916195504,0.3687703151639063,0.38201389581896095,0.3778124207929739
2017-09-14,0.23946692288877394,0.19027116195478982,0.30904906000670307,0.3800323777031349,0.017675040108454616,0.44193551888585203,0.9021916195504,0.36687841586513814,0.38747358738616,0.37825797514877957
2017-09-15,0.24021633206970913,0.1911217815376887,0.31065046041226124,0.38306434346522417,0.014004074827865007,0.43639905842674437,0.9021916195504,0.3662125911863306,0.3970276860597804,0.37937178137068944
2017-09-18,0.24080809623069546,0.19139244782787304,0.31220619332251526,0.38731094334720745,0.013732144750459979,0.4392718876652188,0.9021916195504,0.37435952975428227,0.3939189159872786,0.38538652617125285
2017-09-19,0.2412599960789175,0.19168547685998144,0.3131802564034557,0.38700278975814756,0.014140039866567523,0.4374020854977725,0.9021916195504,0.3680865427796975,0.41090398029593767,0.38850524732668384
2017-09-20,0.2415184910474288,0.19145385968716067,0.31421204281267406,0.38927792587960147,0.008701555015524793,0.44024728480936226,0.9021916195504,0.3777468952119261,0.41863830230348364,0.3960792995932265
2017-09-21,0.2402765007127712,0.1899908351314563,0.3128945813853117,0.3887159466771472,0.007205978488816385,0.4377027507186248,0.9021916195504,0.3693873995054967,0.41226890318773673,0.3963021033269975
2017-09-22,0.24053983774886403,0.19017639876487405,0.3126565510190796,0.3917071387955853,0.00611828411187581,0.4360602122904443,0.9021916195504,0.366818062306779,0.4237187080128024,0.39273782781576083
2017-09-25,0.23963595867426293,0.18770527294176342,0.31133561751182076,0.39224189868640263,0.014547922016335332,0.4326463981923348,0.9021916195504,0.3542820299787386,0.4347892269799879,0.3833816112377316
2017-09-26,0.23966524921422322,0.18812510985911174,0.3110450237138235,0.39446265150838694,0.014004074827865007,0.4332787743485884,0.9021916195504,0.3560928126874089,0.4468457445500708,0.38538652617125285
2017-09-27,0.2413234192264196,0.1913318927786208,0.3124373277522864,0.4071299769709133,0.009925214431167907,0.4338038947721825,0.9021916195504,0.3638415585365071,0.46132838996226666,0.4032078506156998
2017-09-28,0.24181437312792198,0.191340246676466,0.3134369974224629,0.4089337542810943,0.00557443692340551,0.43205349336020216,0.9021916195504,0.36335864209068597,0.46201103219265555,0.4032078506156998
2017-09-29,0.24332624919663104,0.1932050937185243,0.3140268652181985,0.4098718800278965,0.00503058973493521,0.4349452991968117,0.9021916195504,0.36838294385566245,0.48058844628025066,0.4069948767489712
2017-10-02,0.24491289948930375,0.1941158185254068,0.31779238408919386,0.4183061599404539,0.004214812469059882,0.4349452991968117,0.9021916195504,0.36838294385566245,0.4751291162820296,0.4094452929265618
2017-10-03,0.2458005060417047,0.194773398807329,0.3198681091872681,0.41943919144924136,0.00503058973493521,0.4349452991968117,0.9021916195504,0.36838294385566245,0.4705035643469847,0.4087770410604576
2017-10-04,0.2463142017852088,0.194901491907622,0.3203611927558911,0.4175311840920606,0.006662131300346109,0.4349452991968117,0.9021916195504,0.36838294385566245,0.4700487105727108,0.40788593234884624
2017-10-05,0.2486437919390152,0.1971269488733312,0.3231697196054367,0.41949357474871096,0.0006797992608330559,0.4349452991968117,0.9021916195504,0.36838294385566245,0.47209591412592145,0.412341263459958
2017-10-06,0.2481983614105947,0.1973384095900691,0.32312723485003747,0.4186460693930901,0.0069340484114113555,0.4349452991968117,0.9021916195504,0.36838294385566245,0.4721718436112931,0.4167965945710697
2017-10-09,0.247450539792801,0.19687997338062582,0.32281614613598497,0.4156277132868193,0.016179463581746253,0.44285330307805737,0.9021916195504,0.38433607852578605,0.46921457094055663,0.4147917327492847
2017-10-10,0.2484112933169456,0.19720986666450752,0.32453482568471104,0.41764448724293934,0.012780415412221942,0.4455302938237777,0.9021916195504,0.3902135121499587,0.4504852978822182,0.41122745723804804
2017-10-11,0.2491591149347393,0.19792491747955449,0.3255770283336187,0.41715050099577317,0.00965329732010266,0.44717685529076284,0.9021916195504,0.38868109483290403,0.40961498688950887,0.41122745723804804
2017-10-12,0.2484584439422475,0.19739673693322926,0.3247898788871019,0.41635284238768244,0.010469061619638205,0.4464978726094895,0.9021916195504,0.3882144544924712,0.4233394221549229,0.40632657177113074
2017-10-13,0.24882259123782427,0.1980236219956331,0.3255481425578137,0.415219810878895,0.00639020122294108,0.44787299281675036,0.9021916195504,0.3964820121981932,0.42220192615025937,0.3967476045710669
2017-10-16,0.24954925857675778,0.19882204042712495,0.32765275343169287,0.4152288839827739,0.010469061619638205,0.44412557012342607,0.9021916195504,0.3849604651200642,0.41863830230348364,0.4027622962598941
2017-10-17,0.2498289078241293,0.1988071319325089,0.3286521819852099,0.41288121835409247,0.01590754647068096,0.4421267270886612,0.9021916195504,0.38533340788082865,0.42258121200813964,0.40075743443810924
2017-10-18,0.2501377682333041,0.19883170096027414,0.33260659164723666,0.41634376928380346,0.012644450373519429,0.44515903565786286,0.9021916195504,0.3860009921385971,0.4479832405547336,0.40989084728236747
2017-10-19,0.2502743383525498,0.19799159872055985,0.33274089362656334,0.41493882127766785,0.012372533262454133,0.44154566365376485,0.9021916195504,0.3776045452739887,0.4523810040336635,0.40588107052706135
2017-10-20,0.2524055624918284,0.19904356866177883,0.3368294123745892,0.41820646644539355,0.011284838885513534,0.444180905883588,0.9021916195504,0.3820487138555538,0.441992765727889,0.41924706386039656
2017-10-23,0.250742510722972,0.1971914452487463,0.3354795930915255,0.412876681802153,0.026240643051616677,0.44481859548731945,0.9021916195504,0.38812339628124426,0.4607220387862274,0.41813320452675046
2017-10-24,0.2514171456799435,0.19770032614902402,0.3396226042045923,0.4142046190729257,0.027464302467259765,0.4471656970510594,0.9021916195504,0.3910801927671539,0.46034275292834714,0.42481620119341806
2017-10-25,0.24946960259613407,0.19618510044191262,0.33684990729064446,0.41105929483615355,0.02841603180549785,0.44985506053876384,0.9021916195504,0.3999162704351452,0.4585989057476451,0.43328136217157215
2017-10-26,0.2499979436096183,0.19587275034350585,0.338612759411386,0.41286307214633455,0.029367774110075694,0.4531721698927769,0.9021916195504,0.40208477554656813,0.4598119696687016,0.4350634733713224
2017-10-27,0.2533582194439514,0.20221132388417523,0.3394356905701686,0.4177849543816508,0.008973485092929822,0.4560465931654947,0.9021916195504,0.40057479286126496,0.46246588596692945,0.4297170866603355
2017-10-30,0.25201867335424993,0.20211043450250632,0.3373259197997767,0.4098900262356544,0.01849081737432994,0.4478151521456346,0.9021916195504,0.38869103645403313,0.47603882383057744,0.4167965945710697
2017-10-31,0.25241369875292846,0.20336990241404942,0.33802959465878374,0.4151608910274859,0.014140039866567523,0.44874948393141373,0.9021916195504,0.3936468905974303,0.46345152300084896,0.41813320452675046
2017-11-01,0.25308023713787847,0.2028811993901055,0.33945594436956433,0.41074206814321473,0.014411956977632817,0.44954885415125606,0.9021916195504,0.3920883435328061,0.4584470467769018,0.41813320452675046
2017-11-02,0.2531598931185022,0.20281145505322354,0.3414620349763826,0.4124506885102749,0.010740991697043211,0.4456304143555384,0.9021916195504,0.3868721596821426,0.4308463172753319,0.41167295848211755
2017-11-03,0.2544587975917818,0.20498295440695316,0.34202817689282605,0.4117074132016538,0.0,0.44203434900893956,0.9021916195504,0.3799145205338686,0.43744314327821576,0.4107819028822425
2017-11-06,0.2549936079250676,0.20594806523083298,0.3422560803593603,0.4130896784480921,0.003535000241887044,0.4471426974141197,0.9021916195504,0.39419825466483077,0.4601153260412102,0.40565826679329037
2017-11-07,0.2549139519444439,0.20512946892300735,0.3424736158095371,0.4045375588327164,0.010197144508572936,0.4550401503068022,0.9021916195504,0.4026874313406791,0.45670319959619976,0.4027622962598941
2017-11-08,0.2555219489385518,0.2060656409879414,0.3426249406250226,0.4057340467448525,0.008701555015524793,0.45562622356360627,0.9021916195504,0.4008343307579989,0.46148024893300993,0.4067721261269364
2017-11-09,0.2539353383349576,0.20435167819311786,0.34012084766972805,0.40269300787888423,0.01849081737432994,0.45946131814031466,0.9021916195504,0.41036940116821086,0.4514709349161384,0.4081087360826172
2017-11-10,0.25355817302162076,0.20439072731048144,0.3391399368756586,0.402806311029763,0.02923180907137318,0.46097800376966325,0.9021916195504,0.4186405660108027,0.45427671018510885,0.42347964434947366
2017-11-13,0.25397109819471947,0.20468289953255445,0.33957172858944346,0.4027156353147775,0.032087010052427194,0.46569232209116646,0.9021916195504,0.42314060122437663,0.4611009630751297,0.42347964434947366
2017-11-14,0.25300058115725477,0.2038173714550395,0.3388253760817096,0.4009889240637636,0.033310669468070306,0.46000640194514686,0.9021916195504,0.41304325735720654,0.4605701798154841,0.41924706386039656
2017-11-15,0.25068400902120846,0.20242848238764855,0.3354133824568341,0.39773936977999164,0.05424880567368647,0.4516045510740337,0.9021916195504,0.4021595576524067,0.45829554937513717,0.4089997916824923
2017-11-16,0.25410111961600657,0.20624856993050028,0.3400324543023651,0.4080681027177155,0.035622023260654015,0.45058634272449755,0.9021916195504,0.4089928825470926,0.45829554937513717,0.4147917327492847
2017-11-17,0.2529973266528147,0.20578794885546672,0.3375604780861124,0.4107601590271685,0.03113528071418908,0.4455053965270245,0.9021916195504,0.3869180846930223,0.4523050745482919,0.41323237217156933
2017-11-20,0.2535321369861005,0.2061353853248233,0.3393404012663447,0.4155551837795917,0.020530241089508603,0.4484562575370304,0.9021916195504,0.399946887109065,0.4782378863545314,0.4172421489268754
2017-11-21,0.2562779068174456,0.20928384090117222,0.3433032017881211,0.42257544258213453,0.00802174278835198,0.4540835020416163,0.9021916195504,0.4147711638968181,0.45670319959619976,0.4152372339933542
2017-11-22,0.25596091014717076,0.2094979148885181,0.3417069612790757,0.42161009752369544,0.01006117946987042,0.4602912027299582,0.9021916195504,0.4110504462050303,0.45344257055295467,0.40610382114909604
2017-11-23,0.25596091014717076,0.2094979148885181,0.3417069612790757,0.42161009752369544,0.01006117946987042,0.4362032199339903,0.9021916195504,0.3763360648010701,0.43956627631679807,0.40610382114909604
2017-11-24,0.25682898967293155,0.2104542648297859,0.34249237468564414,0.4226978188368923,0.007205978488816385,0.43646190891976777,0.9021916195504,0.375698217427741,0.41863830230348364,0.4101135979044021
2017-11-27,0.2566664232072441,0.2099874961427483,0.34305504452219115,0.4200465361710904,0.009925214431167907,0.4266398494442248,0.9021916195504,0.35640003517398344,0.43221124016713164,0.40744043110477685
2017-11-28,0.2608313951089144,0.21147200521009046,0.34937408526367314,0.43052480935140475,0.012100603185049104,0.43019264814707564,0.9021916195504,0.36873873072155805,0.4277375472028301,0.40966809666033277
2017-11-29,0.260673710399887,0.20761288997012603,0.35194110966709025,0.43318516512108557,0.02121005331668144,0.43150005985219053,0.9021916195504,0.3679270369468912,0.4384287803121353,0.41813320452675046
2017-11-30,0.26417051666438734,0.2097879022450008,0.3601301547727837,0.434019060820888,0.029095844032670664,0.4250722306254816,0.9021916195504,0.35549191647225886,0.43759500224895903,0.4272666704827449
2017-12-01,0.26329914294510803,0.20863063035043058,0.3591237820594738,0.4307921892968134,0.03113528071418908,0.42520559815717496,0.9021916195504,0.36171273193065273,0.4404763454343239,0.4150144833713195
2017-12-04,0.2628472034078075,0.2054624467230165,0.36056720282974514,0.42870288583346583,0.03453432888371339,0.4227186011119831,0.9021916195504,0.36183880576320177,0.4575373392283546,0.41880150950459083
2017-12-05,0.26124269302979314,0.20488512812116083,0.35786582822366947,0.42161009752369544,0.029775656259843502,0.42087088770476605,0.9021916195504,0.34744325038927387,0.44563231906003636,0.4136778734156387
2017-12-06,0.2611939151522712,0.20550674380184691,0.35688486920626805,0.4180387799950452,0.025560843790783595,0.41785193866065146,0.9021916195504,0.35253969489164755,0.4440399692810996,0.40788593234884624
2017-12-07,0.2624472962524689,0.20710619393543858,0.3586272746342863,0.42329149857911874,0.013868109789162518,0.4110394917429406,0.9021916195504,0.3426225319100744,0.44222019261502593,0.41813320452675046
2017-12-08,0.26480776450937704,0.2083011868918175,0.361532826827604,0.42385801433351245,0.00598231907317332,0.4166166380284499,0.9021916195504,0.3546774953502026,0.44495003839862546,0.41969256510446595
2017-12-11,0.2661879522155004,0.20983659047526268,0.3629369455823811,0.4230059724259521,0.002719235942351498,0.42662929845566167,0.9021916195504,0.37343425515768885,0.4451774652857624,0.42013811946027163
2017-12-12,0.26685774510489046,0.2092768150588819,0.36586945461822795,0.4213200348185894,0.010605026658340696,0.4137630890136807,0.9021916195504,0.364420811930438,0.4442673961682366,0.424147949327314
2017-12-13,0.2666529097705611,0.20986816392506732,0.36786021020550375,0.42509527588929974,0.014140039866567523,0.4206725443010581,0.9021916195504,0.37349100157917814,0.4467698150646998,0.4121185128379233
2017-12-14,0.2648906749944408,0.2090228137238862,0.3659647439220518,0.41716405532778744,0.01835485233562743,0.41737744780088176,0.9021916195504,0.3704540562715991,0.445480821658271,0.4114502078600828
2017-12-15,0.268759764815618,0.21253451391474493,0.3694974405466597,0.42780099717837533,0.003806930319292073,0.4091998244133328,0.9021916195504,0.360358647941286,0.43782242913609604,0.413455122793604
2017-12-18,0.27109256978478585,0.21508677964820835,0.37296542145986494,0.4361854303434026,0.005302506846000482,0.40975485195558775,0.9021916195504,0.3569352111149436,0.4425994784729062,0.4216974800379871
2017-12-19,0.2696798767233407,0.2137308135064278,0.3720407872941165,0.4306698130420557,0.012100603185049104,0.41865191613163416,0.9021916195504,0.3672838228577313,0.4420686952132606,0.43751394266064925
2017-12-20,0.269318983932204,0.2136040270414388,0.3713469982181479,0.43217899109519115,0.007885790715989223,0.41587480485415307,0.9021916195504,0.3608280156291082,0.4350925833524965,0.44508799492719187
2017-12-21,0.27018384864260325,0.2137970449221646,0.37272073627383134,0.4353650889756145,0.006526166261643595,0.41974663812485097,0.9021916195504,0.37118111429824624,0.4159084565198841,0.4415237194159552
2017-12-22,0.269983895064934,0.2135601583676261,0.3720237644579577,0.43347069127425214,0.010333096580935668,0.41881511487559586,0.9021916195504,0.36901084960786246,0.4202306520824204,0.44241477501583026
2017-12-25,0.269983895064934,0.2135601583676261,0.3720237644579577,0.43347069127425214,0.010333096580935668,0.41377090737211236,0.9021916195504,0.36102350485166507,0.41507431688772994,0.44241477501583026
2017-12-26,0.2695221920143133,0.2125200338251466,0.371829954887073,0.43405983446453916,0.015091769204805632,0.42163260835390837,0.9021916195504,0.3624946888208802,0.3848952390043258,0.43840499826052426
2017-12-27,0.2698668519723284,0.2126555811727476,0.37252350284638214,0.4339283851059025,0.01808293522456216,0.4121988859826018,0.9021916195504,0.35252887348103795,0.3881558680475709,0.42659836550490454
2017-12-28,0.27066666628300556,0.2131302539323618,0.3740841545364894,0.43618996689534206,0.014140039866567523,0.41860432282351134,0.9021916195504,0.35818653569299325,0.39695175657440873,0.43060814226021055
2017-12-29,0.2684021265289213,0.21107851520133086,0.37116355666362055,0.43010783383960144,0.025832760901848866,0.42195817087151394,0.9021916195504,0.36417218342326174,0.37943590900610474,0.42459345057138337
2018-01-01,0.2684021265289213,0.21107851520133086,0.37116355666362055,0.43010783383960144,0.025832760901848866,0.42195817087151394,0.9021916195504,0.36417218342326174,0.35979692839921845,0.42459345057138337
2018-01-02,0.27201109412936714,0.21561935134596502,0.3737508348664334,0.43667941659056875,0.008565602943162037,0.4347534078364697,0.9021916195504,0.37656850518180607,0.35987249631561213,0.4379594439047186
2018-01-03,0.2748153656624758,0.21819136655074456,0.3761870293704203,0.43784414863912846,0.00013595207236273224,0.44121478768868144,0.9021916195504,0.3857802529579512,0.35092511038700896,0.4339496671494125
2018-01-04,0.2765922060194977,0.21873447701193668,0.3799511015414588,0.43926724285302204,0.0010876943769405991,0.44637657419421,0.9021916195504,0.3912801689160611,0.3578252927624021,0.4352862771050933
2018-01-05,0.27970696521400107,0.22130737044700252,0.3854012060655307,0.44121154262571866,0.0010876943769405991,0.4482544983456581,0.9021916195504,0.3914153045802588,0.3503943271273634,0.44040991319404543
2018-01-08,0.28044827782291476,0.22222115834976158,0.3850834625316767,0.4420273474415673,0.0051665547736377245,0.453766972384723,0.9021916195504,0.3950072210921082,0.34599656364843345,0.4413009687939205
2018-01-09,0.281030278470581,0.22249270287023223,0.3876216493826208,0.44125231626936984,0.012780415412221942,0.45514118171527346,0.9021916195504,0.40080635345252047,0.3536549561706085,0.45600357208293646
2018-01-10,0.2805328155601985,0.22205356630683645,0.38721006324489976,0.4411163856825978,0.009245402203995117,0.45760798766004956,0.9021916195504,0.3999045692350552,0.37776762974179634,0.4568946276828116
2018-01-11,0.28367523804244216,0.22460716009585477,0.39228638872345606,0.453348589425563,0.01006117946987042,0.4586995974911723,0.9021916195504,0.40234783260122386,0.36093406283490326,0.45266204719373454
2018-01-12,0.28671196850854186,0.22676902033668608,0.39792712007850756,0.4556961997304403,0.013868109789162518,0.459817622746899,0.9021916195504,0.40214873624179714,0.34804376720164415,0.45734018203861726
2018-01-15,0.28671196850854186,0.22676902033668608,0.39792712007850756,0.4556961997304403,0.013868109789162518,0.45408038987952215,0.9021916195504,0.38822703548204174,0.3222628143661479,0.45734018203861726
2018-01-16,0.28511555470254907,0.22512964285544454,0.39767206687611667,0.4470851602636555,0.03426239880630839,0.4621970604338612,0.9021916195504,0.395384738758171,0.3063393165767806,0.4555580177271308
2018-01-17,0.28936506434150316,0.228401800380655,0.405641888715017,0.45328966957415384,0.0376614469758327,0.46470827161827344,0.9021916195504,0.38791259872172745,0.31172271708963006,0.46313212310540974
2018-01-18,0.28862863348924955,0.22830397409486267,0.40322618912708535,0.44878924407877624,0.04187627241123234,0.4740614573070947,0.9021916195504,0.38934867909067244,0.30398839508208336,0.47048342474991767
2018-01-19,0.2906233271983609,0.23007320113696977,0.40455724953404204,0.45826139855700027,0.028959891960307908,0.4781375546801187,0.9021916195504,0.38721888471638954,0.2952684360406172,0.47627536581671026
2018-01-22,0.29430869627499046,0.23321638733160094,0.40808497915546477,0.46167863929112063,0.02569679586314635,0.4823342673108893,0.9021916195504,0.40675144288774007,0.2819229250641069,0.48251280812757225
2018-01-23,0.2953100914155569,0.23550897536358412,0.40799142589158915,0.4641893994944068,0.02664853816772422,0.4963697388235617,0.9021916195504,0.4105504618432883,0.28298449158339734,0.473379395283314
2018-01-24,0.2950516361361241,0.23352479610384486,0.4090113493611614,0.46013770537440885,0.03167912790265941,0.5003992296715659,0.9021916195504,0.41526402196376844,0.2818473571477125,0.48006239194998157
2018-01-25,0.29532961844219713,0.23335371256002543,0.4124845383942113,0.46009239517881817,0.03317470442936781,0.496930003906902,0.9021916195504,0.4103080798414232,0.2563693991157469,0.4727110903054736
2018-01-26,0.30079512206936715,0.23750412179177657,0.41801324694927144,0.4629884303541354,0.02637660809031919,0.49998379398519266,0.9021916195504,0.41078202243454376,0.22111027709200196,0.48184450314973176
2018-01-29,0.29765107233490345,0.23578182651935875,0.41363736536648527,0.4584789317548788,0.06390210299378911,0.48906207860091766,0.9021916195504,0.3923045078081536,0.21587801241193988,0.49008686039411486
2018-01-30,0.2925952393763921,0.23297292476004072,0.4046848966935673,0.45154929334351734,0.07681848344471354,0.47818264307728764,0.9021916195504,0.3856433577147926,0.2313466564270332,0.49610160519467833
2018-01-31,0.29281960173736166,0.23336774282435518,0.40647494677349744,0.447996122022625,0.059823242597091986,0.4759515264813493,0.9021916195504,0.37491353319012416,0.21982128368557383,0.4947649952389975
2018-02-01,0.29252209240464844,0.2322438222604131,0.4073963981993408,0.45021233829266977,0.0588715132588539,0.46542619427892,0.9021916195504,0.3483063238695992,0.19487410891325382,0.5065716279946173
2018-02-02,0.2827924735576227,0.22588682730398255,0.3909588003963958,0.435437618482842,0.11108088225102193,0.4701213082831105,0.9021916195504,0.3537856527538664,0.2026084309208005,0.5246157561728352
2018-02-05,0.26439158483183833,0.21389223651709804,0.3619424358087173,0.40997611007489626,0.3831407008516694,0.4780234673721306,0.9021916195504,0.34577569740802144,0.2095845427815646,0.5112497097277637
2018-02-06,0.2719021476087831,0.22040015856126516,0.3759423441843867,0.4172638041466519,0.2833446445198212,0.44169489562149916,0.9021916195504,0.30445682435324145,0.1960116049179166,0.5054577686609713
2018-02-07,0.26971075482644247,0.21759695458868256,0.375462859595358,0.4176263410351814,0.2527532109941024,0.42260732234051895,0.9021916195504,0.2926874405784686,0.19055191335071758,0.5223880906172792
2018-02-08,0.25334682867841135,0.20554097336276134,0.3499604809795123,0.3976034391932196,0.33065938881575657,0.4079291514022074,0.9021916195504,0.3040045245813401,0.17925396749639516,0.5239474511949949
2018-02-09,0.2596137738684785,0.20981071481219346,0.35811914538611217,0.4039710430783227,0.2708361462186646,0.3668268266247137,0.9021916195504,0.2705487700081174,0.22376419339022982,0.5190465657280774
2018-02-12,0.26553931360497063,0.2145252691915059,0.3682513014271695,0.4099262633273661,0.22392929703883674,0.37437389560943,0.9021916195504,0.2967334164411803,0.1938884718793343,0.5252840611506756
2018-02-13,0.2666675153514627,0.21590931728219687,0.3692186614649766,0.4117255040856076,0.21522771609063243,0.3839605693617054,0.9021916195504,0.3030891916058758,0.22391569079199516,0.521496981905668
2018-02-14,0.2724695029864692,0.22161708585455042,0.37546633167525445,0.4240302373358003,0.13759346834638342,0.3883755128710295,0.9021916195504,0.3093487178014096,0.2341524316960044,0.5377589988841357
2018-02-15,0.2777643038868517,0.2265659135177934,0.38304327802920884,0.4308737365841158,0.1358259487759302,0.3883755128710295,0.9021916195504,0.3093487178014096,0.23870205414567758,0.5328581134172182
2018-02-16,0.27793012485697915,0.22582190252354975,0.3835126839418716,0.4337516808754793,0.1403126913223951,0.3883755128710295,0.9021916195504,0.3093487178014096,0.23961176169422546,0.5297393922617873
2018-02-19,0.27793012485697915,0.22582190252354975,0.3835126839418716,0.4337516808754793,0.1403126913223951,0.3883755128710295,0.9021916195504,0.3093487178014096,0.23422799961239807,0.5297393922617873
2018-02-20,0.2753355704148599,0.22559553331219584,0.37722575993943147,0.42760609141639006,0.15581236860964803,0.3883755128710295,0.9021916195504,0.3093487178014096,0.24052183081175127,0.5333036146612876
2018-02-21,0.2729084641950882,0.22489012161004715,0.373103195519088,0.42844452366813196,0.14792657789365882,0.3883755128710295,0.9021916195504,0.3093487178014096,0.23885355154744292,0.5444419955508033
2018-02-22,0.2733359949490885,0.22453302460754138,0.3771697244277699,0.42760609141639006,0.13025151185252465,0.4099528917337255,0.9021916195504,0.32980188768510715,0.23915690791995153,0.5386500544840108
2018-02-23,0.28038163986005116,0.2301175196360511,0.3857498607551292,0.43630775127435617,0.09993200840421092,0.4163156691820274,0.9021916195504,0.3301487006983021,0.24188675370355103,0.5284027823061066
2018-02-26,0.2856325446395717,0.23380555133219608,0.39560820471768854,0.4409033337128546,0.0905506411615133,0.4289231896382309,0.9021916195504,0.35111892285966245,0.22452240353701236,0.5257295623947449
2018-02-27,0.27989068595854877,0.22980868245878946,0.3882198598147742,0.4305429002353585,0.12848401821475103,0.41726214599061295,0.9021916195504,0.34318832452495435,0.21451308952014078,0.5366451395504895
2018-02-28,0.27494054501618137,0.22729323813659755,0.37881703344529183,0.4196567246471199,0.1456152241010751,0.4071076924221358,0.9021916195504,0.3450982595080719,0.2164847251569571,0.5277344773282662
2018-03-01,0.2690621162159127,0.22323759209476216,0.36844168714148967,0.4173634976417122,0.18123723439538933,0.41156833157976913,0.9021916195504,0.3554045533768498,0.2272522493206119,0.5134773752833196
2018-03-02,0.2712697815204535,0.2266290818376536,0.3666906497370623,0.42904733183804156,0.14208021089284828,0.4055904754480394,0.9021916195504,0.34757750626399114,0.24734608370177213,0.5252840611506756
2018-03-05,0.2760963703613352,0.22982446918369182,0.37500386992238455,0.43488471238426674,0.1303874768912272,0.4063360280355707,0.9021916195504,0.34932793541430235,0.24196232161994471,0.5306304478616624
2018-03-06,0.2772636261611077,0.23163623684405676,0.3752349561288238,0.44220405167199045,0.1253569001226317,0.41650786416793956,0.9021916195504,0.361244244032311,0.24090075510065356,0.5297393922617873
2018-03-07,0.27704902731345826,0.23271716696447242,0.37319158888645093,0.4477921984805649,0.1171991793292375,0.4109194837363343,0.9021916195504,0.3519685355609368,0.21094946567336437,0.5310759491057319
2018-03-08,0.2790274485003695,0.23409026930696106,0.37550881643065365,0.4466319476601406,0.10061183359772348,0.4161235501025078,0.9021916195504,0.36224694010318437,0.22277819478733235,0.5272889229724604
2018-03-09,0.2867656281427239,0.23991865531204873,0.3863856371628285,0.4580393288071823,0.07477905972953486,0.42195627321170043,0.9021916195504,0.37808746171980984,0.23536549561706085,0.5335264183950587
2018-03-12,0.2861885092517177,0.2411254722469162,0.38250602188857036,0.45981594212953053,0.09027871108410827,0.4280293159596758,0.9021916195504,0.3899215980003441,0.22543211108556024,0.5281799785723356
2018-03-13,0.2833094634946454,0.23773398250402475,0.3782696504049554,0.4557324921459561,0.09802854972773474,0.42291170697460573,0.9021916195504,0.3822766673099394,0.22588732642881212,0.5232791462171544
2018-03-14,0.2807360236423078,0.23711106018803468,0.3721239725416348,0.45222463102065447,0.10999318787408133,0.4170488490275746,0.9021916195504,0.3731072374078041,0.21929050042592826,0.5163733458167158
2018-03-15,0.2803865216167112,0.2364499669849673,0.37497672018652783,0.44873939733124607,0.10129163285855654,0.41696489655742497,0.9021916195504,0.3752712555928767,0.2159539418973115,0.5183782607502371
2018-03-16,0.2811473215631865,0.23646093415342048,0.37677540224286715,0.4530132165248662,0.0905506411615133,0.41036422847490167,0.9021916195504,0.3651333534306577,0.21966942471483056,0.5232791462171544
2018-03-19,0.2747925841313955,0.2304180243357184,0.3684893317934016,0.4459929577223234,0.13433038521556157,0.41327743991420757,0.9021916195504,0.3666982349795412,0.23278750880420462,0.5226108412393139
2018-03-20,0.2754461044985854,0.23129801108258077,0.3713622850143585,0.44592496476703536,0.12318151136875055,0.4168180935942519,0.9021916195504,0.36753693829125794,0.22778303258025748,0.5301848935058567
2018-03-21,0.2746316449179281,0.23046407787512138,0.3702522321374751,0.44995403145114005,0.11855880378358313,0.413805976125466,0.9021916195504,0.35877573070805324,0.22876866961417697,0.5364223889284548
2018-03-22,0.26353811088697915,0.22262870004310184,0.3523660536677461,0.43389668456613023,0.19306593343571296,0.4083737351433162,0.9021916195504,0.3494694055627593,0.21944199782769358,0.5197148707059178
2018-03-23,0.25452706280686543,0.21499510097442007,0.3418802759339051,0.41858261298974153,0.21386811756896637,0.3739498065943071,0.9021916195504,0.3100766556175372,0.23013359250597673,0.5192693163501121
2018-03-26,0.2659538660302893,0.22499146081698465,0.3584080031441612,0.4338286916108422,0.16165873561045857,0.36803032247844086,0.9021916195504,0.32128288614587147,0.21898714405341965,0.5221652868835084
2018-03-27,0.25848719937420644,0.2157031473674276,0.3498925825282046,0.4201643205501045,0.18164512951149692,0.37826774173396466,0.9021916195504,0.34032170646079124,0.18289352082854254,0.5094675985280135
2018-03-28,0.2572484238549103,0.21308944835442564,0.34966318413838166,0.4199196233643932,0.18667573221277187,0.36447600564773924,0.9021916195504,0.32725683267604994,0.190021130091072,0.507017182350423
2018-03-29,0.26307970202987707,0.21810013770222483,0.3559515548407786,0.42735232112679983,0.1472467527001462,0.3763656034432961,0.9021916195504,0.3385388130786513,0.2004852978822182,0.499443076972144
2018-03-30,0.26307970202987707,0.21810013770222483,0.3559515548407786,0.42735232112679983,0.1472467527001462,0.37896668779647613,0.9021916195504,0.34869466294627155,0.19540489217289939,0.499443076972144
2018-04-02,0.2534898681174586,0.20961900356677166,0.34462066321548357,0.41062876499233597,0.19687287672134482,0.3771888841767887,0.9021916195504,0.34728022539854575,0.1903244864635806,0.49743821515035913
2018-04-03,0.2587846690178411,0.21274068382951417,0.3542294032121561,0.41952079406034787,0.16261046494869666,0.36893543030309195,0.9021916195504,0.3383919762143635,0.1882013534249983,0.5090220441722079
2018-04-04,0.2637006773526666,0.21716396563729082,0.3599314264220458,0.4283629763808296,0.14847041211578937,0.3672185795166144,0.9021916195504,0.33210992740813006,0.1950259678839971,0.5099131528838192
2018-04-05,0.2666512825183411,0.21867480019297075,0.3658798226345853,0.43347069127425214,0.13324269083862098,0.3672185795166144,0.9021916195504,0.33210992740813006,0.20700655596870837,0.5197148707059178
2018-04-06,0.2571622588654065,0.21159264406307543,0.35174556405625734,0.42004199961915095,0.16791297179469714,0.3672185795166144,0.9021916195504,0.33210992740813006,0.2056416330769086,0.507017182350423
2018-04-09,0.2585749519268517,0.2131381365846875,0.3528897108287903,0.4205676864060893,0.171719915080329,0.36945182149154393,0.9021916195504,0.32930093555493667,0.21034275292834714,0.5094675985280135
2018-04-10,0.2656807654808764,0.21945346915314654,0.36347940984286425,0.43369729757600967,0.15404484903919483,0.3856280050866392,0.9021916195504,0.3394127079695862,0.20791626351725692,0.511918014705604
2018-04-11,0.263294261188448,0.21834490690908906,0.3580833154505144,0.43522462183690297,0.15091773094707558,0.3911498156119866,0.9021916195504,0.3432639864202734,0.18986963268930668,0.5103586541278887
2018-04-12,0.26683821807825026,0.22146924328294135,0.3653324395942489,0.4399969085058247,0.1271243937604054,0.3824678701523995,0.9021916195504,0.33592891758488463,0.1800121776431777,0.5201604250617234
2018-04-13,0.26558809148249257,0.2199952515587838,0.36229774531811726,0.4364528102888113,0.11244050670536757,0.37590576251728675,0.9021916195504,0.3323315463782564,0.19699724195183613,0.5190465657280774
2018-04-16,0.2690897795036529,0.22217244869924885,0.3675542813879639,0.4425802535401426,0.10088373774244899,0.3608566370386305,0.9021916195504,0.3264549925435642,0.18418251423497067,0.5197148707059178
2018-04-17,0.27373102034776703,0.22764815027351304,0.37282793674063325,0.45018063775289757,0.08307273259529187,0.3472225585297114,0.9021916195504,0.3060378940285653,0.1853959397250051,0.5157050408388755
2018-04-18,0.2740967948955638,0.22826845931889514,0.37187586349903673,0.45188472156801823,0.08783140521916183,0.3548715697996094,0.9021916195504,0.31468569674773944,0.18903549305715248,0.5275117267062315
2018-04-19,0.2715753874251882,0.22576004083899354,0.3698221282403065,0.44747037991188243,0.0927260299153945,0.36294816177868716,0.9021916195504,0.32434323385363056,0.18365173097532508,0.5379817495061704
2018-04-20,0.2678379859665967,0.2217271859440999,0.36483588394572947,0.44307423978730875,0.1052345152502114,0.34869810289430314,0.9021916195504,0.30727663761704443,0.18721571639107878,0.5462241067505536
2018-04-23,0.2678623947498969,0.22095817751707333,0.36448404651622596,0.44216781458027876,0.09789258468903222,0.34760026873899214,0.9021916195504,0.30022433312067354,0.20040936839684653,0.5511249922174709
2018-04-24,0.2620538981060104,0.2156391008172811,0.35400154796895383,0.43816143065587143,0.12073419253746433,0.3665395209289485,0.9021916195504,0.32060184110905204,0.21602987138268315,0.5533526577730268
2018-04-25,0.26284069439892743,0.21548074090248742,0.3554755423316463,0.43688787668456835,0.1182868737061781,0.36313413244041104,0.9021916195504,0.31972618663915625,0.20829554937513717,0.562486070617285
2018-04-26,0.26731778121421257,0.22052300370009129,0.3613644309526278,0.44025073411921906,0.0965329602346866,0.3497822738989569,0.9021916195504,0.2967550592623995,0.2225507679001954,0.5549120183507422
2018-04-27,0.2678005988546149,0.22057212033537088,0.36108912395084114,0.4395029222586585,0.08524812134917306,0.3520214365725045,0.9021916195504,0.2996693619164032,0.23066437576562232,0.5475607167062343
2018-04-30,0.26424691814057105,0.21822383965108638,0.3574339882865527,0.4329947959110398,0.09231814776562669,0.3520214365725045,0.9021916195504,0.2996693619164032,0.2318774396866788,0.5428826349730879
2018-05-01,0.2653442417839614,0.2210503060161302,0.3558513467571015,0.43682442028121976,0.08633581572611367,0.3520214365725045,0.9021916195504,0.2996693619164032,0.22816195686915974,0.5517932971953112
2018-05-02,0.2622343246570395,0.21974300668436064,0.35155349052532087,0.43890016941255305,0.09286199495409701,0.3516934450503377,0.9021916195504,0.3013252136975656,0.22831381583990304,0.5491200772839498
2018-05-03,0.2612686893762348,0.21918368109324848,0.35168113768484605,0.4351158552379637,0.09191025264951914,0.3578127906977627,0.9021916195504,0.31175503000939925,0.25045485377427396,0.5451103005286437
2018-05-04,0.2667455440798664,0.2245124183261899,0.35988720562669835,0.44374498558870223,0.07654656633364827,0.35475778611719144,0.9021916195504,0.3088334251027077,0.2437824598549964,0.544664746172838
2018-05-07,0.2682427748785953,0.22695107104895867,0.36222811082686135,0.4497953627808665,0.07627463625624324,0.3689391497163264,0.9021916195504,0.3268801947994676,0.2506067127450172,0.5460013561285187
2018-05-08,0.2681273590382098,0.22702520653727207,0.3622994813580655,0.45316729331939615,0.07573078906777295,0.37666626866414843,0.9021916195504,0.3342036504137144,0.253942909704656,0.5502339366175957
2018-05-09,0.272332972556302,0.23022806955086916,0.3668012258370968,0.4575453425600161,0.05819170103168106,0.3759362009806954,0.9021916195504,0.33251630216915173,0.2566727554882555,0.5580307395061732
2018-05-10,0.2764426575715703,0.2330821680395548,0.37166498286866134,0.46101691126980193,0.05560841716169235,0.38068171682953267,0.9021916195504,0.3361829128078917,0.2503792858578803,0.5506794378616651
2018-05-11,0.2771985757613856,0.23299046794551562,0.3739276216011593,0.4624128414958627,0.0477226264457031,0.3772149959758226,0.9021916195504,0.32758200286802575,0.240369971841008,0.5506794378616651
2018-05-14,0.2775903466556241,0.23336071698206487,0.3756124965942272,0.4594895870089086,0.051529569731334955,0.3805632269507772,0.9021916195504,0.33092977779904914,0.2289201670159423,0.556025824572652
2018-05-15,0.2745536161895244,0.23074219841261376,0.37084725982972344,0.4594895870089086,0.07464309469083234,0.38618637251016597,0.9021916195504,0.33782442402052265,0.23286343828957626,0.574961008350745
2018-05-16,0.27634347456430647,0.23278954599221321,0.3723908886836718,0.46675459832096683,0.05819170103168106,0.3791743676864665,0.9021916195504,0.3336199100934332,0.2620565175700829,0.5783025332399468
2018-05-17,0.2759646819987495,0.23209512287876863,0.37103417346414713,0.47079727466089,0.058327666070383574,0.37442300704540366,0.9021916195504,0.3276901289951735,0.25727946823327275,0.5814212543953778
2018-05-18,0.2748007203924956,0.23086108080502615,0.3710615643166633,0.4714045640589349,0.05819170103168106,0.3865548221395568,0.9021916195504,0.3310252349576784,0.25401883919002766,0.5720650378173487
2018-05-21,0.2780585587151248,0.23260267572349147,0.37842420618367784,0.4763037635345538,0.05356899344651368,0.3929400678800506,0.9021916195504,0.33938833780097766,0.26660614001975613,0.5716195365732794
2018-05-22,0.27666535299124134,0.23191919835824915,0.37400762410877253,0.4707745919011926,0.05547246508932959,0.3930986363340674,0.9021916195504,0.339429775885507,0.265317146613328,0.5716195365732794
2018-05-23,0.27810408208820675,0.23400296036435334,0.3753014078801747,0.47184870355857095,0.04677089710746506,0.37898756205442474,0.9021916195504,0.3272955434131899,0.2525024188964626,0.5578079888841385
2018-05-24,0.2772050847702657,0.23393585071833026,0.37344837812879006,0.4721251566078586,0.046091084880292225,0.37453739797896196,0.9021916195504,0.32126036353517184,0.27115576246942935,0.552907103417221
2018-05-25,0.2761597935088373,0.23434909019840594,0.37199979746200607,0.47154054996951106,0.05547246508932959,0.3703873677796037,0.9021916195504,0.31081805421271574,0.2617531611975743,0.5417687756394417
2018-05-28,0.2761597935088373,0.23434909019840594,0.37199979746200607,0.47154054996951106,0.05547246508932959,0.36845319699128315,0.9021916195504,0.3123784488352489,0.25583861585610135,0.5417687756394417
2018-05-29,0.2710438315963425,0.23271453227361355,0.3623300549504867,0.4700539993522689,0.10713799985936708,0.363907314954827,0.9021916195504,0.30188563959661474,0.27835930121733043,0.5054577686609713
2018-05-30,0.2765954605239377,0.2356037385534999,0.36989345054817874,0.4810851786311585,0.07885790715989223,0.3393396796643966,0.9021916195504,0.27996850001744183,0.29223559545348704,0.5219425362614737
2018-05-31,0.2735489665445179,0.23471188498764717,0.3636729782970895,0.47456797917966087,0.08552005142657806,0.35613859930389286,0.9021916195504,0.2970803174333233,0.2932971619727782,0.517487205150362
2018-06-01,0.2783203081880762,0.23963438716255234,0.3690893264888351,0.481080642079219,0.05873554822015139,0.34981552089888956,0.9021916195504,0.28569460985097644,0.2866999744009164,0.5337491690170934
2018-06-04,0.28031174739274756,0.24192125598754918,0.373496022780702,0.4835234646510213,0.048946285861346236,0.354806897553165,0.9021916195504,0.28884513598048206,0.29435872849206934,0.5431053855951226
2018-06-05,0.28062548955858235,0.24329872806121838,0.3731575432141333,0.4886266429925044,0.044323578276178784,0.3619625931779433,0.9021916195504,0.30517754789562934,0.2849561272202143,0.5390955557280802
2018-06-06,0.28445393776333766,0.24555271680110657,0.38171052980563586,0.4937569853218202,0.033990481695243116,0.3622653837777868,0.9021916195504,0.3033324533972213,0.2834397069266492,0.5515704934615403
2018-06-07,0.2841320593364028,0.24317633274766084,0.3840565949023116,0.49004973720639794,0.04065261299558923,0.36049911792976547,0.9021916195504,0.2987125908564095,0.27047312023904047,0.5422143299952474
2018-06-08,0.28553987064118785,0.24363431913183553,0.3859113124703125,0.4921888874172757,0.041332425222762016,0.34733163601579187,0.9021916195504,0.28895317412868177,0.27365781979691395,0.5431053855951226
2018-06-11,0.2860226882815902,0.2442669234012257,0.3860540535327207,0.4931814517873517,0.04364377901534578,0.3428653797851105,0.9021916195504,0.2862351525077673,0.2839704901862948,0.5475607167062343
2018-06-12,0.2868111515158058,0.2461909974369813,0.38601504085721794,0.49663492961318373,0.04350781397664324,0.3512659402475505,0.9021916195504,0.29884148001529603,0.27327889550801165,0.5475607167062343
2018-06-13,0.2849871208444034,0.2458361067203167,0.3830637729452641,0.4940244205910331,0.05166552180369773,0.3419370446043421,0.9021916195504,0.2850009838245865,0.28002721891266086,0.552016047817346
2018-06-14,0.2861023442622139,0.2487024790127595,0.3824245726810003,0.4977316687064553,0.04051664795688671,0.34018436600058555,0.9021916195504,0.27802161387614527,0.27760072950156994,0.5451103005286437
2018-06-15,0.2856422684638133,0.24805935740018473,0.380330088706819,0.49736459526598636,0.03861317631407078,0.3332637524735047,0.9021916195504,0.2653144624941565,0.283060421068769,0.5402094150617262
2018-06-18,0.2846815149396687,0.24808786775411282,0.3777867419593622,0.501239529831757,0.04309993182687545,0.3332637524735047,0.9021916195504,0.2653144624941565,0.30467103731247225,0.540654969417532
2018-06-19,0.2828672874706649,0.24714732595799824,0.37069419897428973,0.5016882058833325,0.057239971693443026,0.2977952001503554,0.9021916195504,0.21771354063314313,0.3090688007914022,0.5333036146612876
2018-06-20,0.2836362236782403,0.24960045877036535,0.36964707754552883,0.5078247222385427,0.04962609808851905,0.3002541877366999,0.9021916195504,0.22551357820895185,0.34447978178589045,0.5411004706616014
2018-06-21,0.2807815470153897,0.24659284134358608,0.3648052621299763,0.49964874916751506,0.07477905972953486,0.2878422780540728,0.9021916195504,0.20887746296515183,0.33394004607835054,0.5341947233728991
2018-06-22,0.28161386668138866,0.24570974866034537,0.3677481391821805,0.4981214249066217,0.06295037365555102,0.2921794934174356,0.9021916195504,0.21728024431401957,0.34948425800983757,0.5348630283507395
2018-06-25,0.2754672587774456,0.23865522465409186,0.35964748744384994,0.4853997714684299,0.11135281232842696,0.28272026649823545,0.9021916195504,0.20961173526553872,0.3587353618799273,0.5292938379059816
2018-06-26,0.27644103031935036,0.23995461991328482,0.36039581710819146,0.49039418321097367,0.09218218272692418,0.2781100917472976,0.9021916195504,0.2109216538229866,0.3850470979750691,0.5304076972396277
2018-06-27,0.2726320694521567,0.23484173454851273,0.3563090826234457,0.4776679378970382,0.11923860304441618,0.26836917620538026,0.9021916195504,0.19554240583096313,0.414846890000593,0.5186010113722718
2018-06-28,0.27534370667596,0.23741244311798826,0.3587401172309198,0.479739150476432,0.10482664606678337,0.2601980807675897,0.9021916195504,0.18680996736376934,0.4327420234267772,0.5230563424833834
2018-06-29,0.275678603120655,0.2377028374592378,0.36010695935014236,0.4788553527052953,0.09449353651950791,0.27901482003998596,0.9021916195504,0.21453424538762667,0.45207764766115494,0.5235018968391891
2018-07-02,0.27703438204347813,0.24022046664702001,0.3609901214504614,0.4843029770513541,0.08783140521916183,0.25667230474048325,0.9021916195504,0.19654598169131698,0.4497270877354356,0.5272889229724604
2018-07-03,0.27484136200891746,0.23736812461890697,0.35772212269462333,0.48671863563532364,0.09517333578034097,0.26019527223106576,0.9021916195504,0.20030637788867328,0.4818774396866788,0.5210514806615987
2018-07-04,0.27484136200891746,0.23736812461890697,0.35772212269462333,0.48671863563532364,0.09517333578034097,0.2515637286161255,0.9021916195504,0.18354515658075274,0.46238995648155784,0.5210514806615987
2018-07-05,0.2786438138672311,0.2410425758759908,0.36221378849728864,0.4953568390899411,0.07926580227599977,0.24371508353384638,0.9021916195504,0.1679315326711363,0.4550349203318914,0.521496981905668
2018-07-06,0.2824169751855844,0.2455154241443156,0.3646764093871538,0.5019601777044848,0.05751188880450827,0.2478648101076345,0.9021916195504,0.17236039291574154,0.459205256923685,0.5194921200838831
2018-07-09,0.28637544481162686,0.2484901614859862,0.3725800205913627,0.5067415374772855,0.04826647363417342,0.2689698993959445,0.9021916195504,0.1948180751517054,0.46102539515873603,0.5259523130167797
2018-07-10,0.287947489523398,0.24862176750742437,0.37611247609931114,0.5026716971495295,0.04758667437334037,0.27286093698395514,0.9021916195504,0.1988549891827684,0.44282690536004315,0.528848283550176
2018-07-11,0.28472541106053056,0.24675338612397005,0.3707000822207809,0.4972512921151076,0.0610469020127351,0.25736069981443166,0.9021916195504,0.18249380815161026,0.455110849817263,0.5219425362614737
2018-07-12,0.28867090235789145,0.2514609360812431,0.37624161818212504,0.5002515573374247,0.04677089710746506,0.2759806138109708,0.9021916195504,0.2049974153984538,0.49408545465852705,0.5243929524390643
2018-07-13,0.28916185625939383,0.25155130811972737,0.37857533810583577,0.4988012438118942,0.041332425222762016,0.27396750037440826,0.9021916195504,0.20980449714070618,0.48127108851063954,0.5194921200838831
2018-07-16,0.28869364419989313,0.25066253907000213,0.37968514986605967,0.494930845798063,0.05016994527698937,0.2686378089285805,0.9021916195504,0.2089387842919395,0.5030332021561081,0.5255068117727103
2018-07-17,0.29050140234909533,0.2528296472723003,0.38105623563848895,0.49888284642300074,0.039700883657351145,0.26368931938609036,0.9021916195504,0.2060379424169867,0.5007582101467832,0.526843421728391
2018-07-18,0.2914881919087602,0.2527998088628173,0.38301661052667113,0.5009721498863483,0.04024473084582147,0.26031004269658675,0.9021916195504,0.19793701683886272,0.5122839444572206,0.5292938379059816
2018-07-19,0.28967880650733796,0.2515214697102444,0.3796886219459561,0.505250505631908,0.05071379246545965,0.255735847575713,0.9021916195504,0.19375141838560303,0.5205490497244121,0.5230563424833834
2018-07-20,0.2892463939966776,0.25129775661000026,0.37953107632065625,0.5032110489160905,0.050577827426757135,0.27337269788246216,0.9021916195504,0.20300372445679707,0.5614952902024931,0.5337491690170934
2018-07-23,0.2900835954193366,0.25224838734428173,0.3791896069075101,0.5039361780169537,0.04731474429593534,0.2827843314935395,0.9021916195504,0.20866305826876522,0.5511829813820902,0.5493428279059844
2018-07-24,0.29226522468835714,0.2522001275190376,0.38406966342525506,0.4956831388867589,0.04445954331488133,0.2970925346746094,0.9021916195504,0.22231176035273575,0.5768880047322148,0.5457785523947478
2018-07-25,0.2964383328511276,0.2562128045375974,0.38832035723844266,0.49794920190433384,0.04282800174947043,0.29649712493152297,0.9021916195504,0.22212797233026893,0.5757508702965299,0.5428826349730879
2018-07-26,0.29503536361392396,0.25270067594172096,0.3911096429785623,0.5025538574467113,0.04078857803429174,0.2898367944244629,0.9021916195504,0.21208200816875736,0.5592206597621454,0.5515704934615403
2018-07-27,0.29200839666114436,0.24766629579644284,0.3892329355712174,0.48804198103035273,0.052889181219340844,0.28715327572898414,0.9021916195504,0.20700817425603132,0.5699122544404286,0.5482290216840746
2018-07-30,0.2893715733503832,0.24295392628272067,0.3856718354041236,0.48341469805208204,0.06961250495589713,0.28574050595102324,0.9021916195504,0.19673883154543248,0.592584075634445,0.5515704934615403
2018-07-31,0.2915970987402657,0.24478719987497427,0.3883472658576399,0.49142298467276135,0.05016994527698937,0.2880259715240205,0.9021916195504,0.19645413166955758,0.5942523548987535,0.5491200772839498
2018-08-01,0.2911207901087434,0.2463445377953258,0.386338233627576,0.49072501955973097,0.05452072278475172,0.2718998861480018,0.9021916195504,0.1808316218861886,0.5918258654876626,0.5578079888841385
2018-08-02,0.2933739390972876,0.2505296049930091,0.38614910171988515,0.49654425389819823,0.0414683772951248,0.25433021299865094,0.9021916195504,0.16057842815139822,0.6000909707548547,0.5540209627508671
2018-08-03,0.29550845743008475,0.2509384533216533,0.3895173567827322,0.49258771672132107,0.033990481695243116,0.2457549919269756,0.9021916195504,0.14450273880664738,0.6078252927624015,0.5466696611063592
2018-08-06,0.29714221865898083,0.25302969099531636,0.39049508483689666,0.49754589137215316,0.028959891960307908,0.2347840892003345,0.9021916195504,0.12835138756657752,0.60812864913491,0.5433281362171573
2018-08-07,0.29845088664558056,0.25408166093653534,0.39362410395021424,0.49935420523427365,0.024337184375140458,0.25785910118785155,0.9021916195504,0.15098115662491815,0.6239765790078836,0.5511249922174709
2018-08-08,0.298328961796315,0.2542865242160006,0.3925090840701457,0.4987106234207129,0.023249489998199906,0.246882657294555,0.9021916195504,0.13523248503005206,0.6084320055074187,0.5506794378616651
2018-08-09,0.29765920859600353,0.25443785828850396,0.3906691710650364,0.5005280103867122,0.028959891960307908,0.2625252948564842,0.9021916195504,0.15802351950015991,0.6096450694284752,0.5426598312393168
2018-08-10,0.2943591014047324,0.2521272986660282,0.38582764498947525,0.49867438632900113,0.05465668782345426,0.26281381505453,0.9021916195504,0.16354507827948897,0.5959965636484335,0.5252840611506756
2018-08-13,0.29251395614354836,0.2512762506781116,0.38273045327520816,0.49347145916865365,0.07668251840601104,0.25987942573170536,0.9021916195504,0.16637122602755122,0.617986104181039,0.5297393922617873
2018-08-14,0.2954450342825827,0.2535214571151369,0.3855012212558802,0.5012939131312266,0.0566961245049727,0.258353783148037,0.9021916195504,0.16096949457546,0.6507431688772994,0.5337491690170934
2018-08-15,0.2919352496894007,0.24927628469347,0.3821060575738359,0.49136406482135225,0.07477905972953486,0.24041194095606075,0.9021916195504,0.14261620622370996,0.6471791834615457,0.5241702018170296
2018-08-16,0.2955637046274082,0.2506976254409519,0.39189134318857494,0.4981984909657888,0.058599583181448874,0.23479494381446778,0.9021916195504,0.13534061115719986,0.6844103026910856,0.5284027823061066
2018-08-17,0.29709832253811896,0.2511279797014848,0.394621844687115,0.501461599581575,0.04758667437334037,0.22353187738293886,0.9021916195504,0.12242345402622679,0.6447526940504548,0.528848283550176
2018-08-20,0.2982233094692496,0.2513332713859678,0.3968283996846194,0.5040630354998467,0.045547237691821923,0.2327037986063738,0.9021916195504,0.12756855088686958,0.6410372112329364,0.5177099557723966
2018-08-21,0.2991840629933942,0.25300730683314143,0.39839869604110556,0.5128372801888444,0.050577827426757135,0.24369762506356213,0.9021916195504,0.1397225786224969,0.6260237825610943,0.5223880906172792
2018-08-22,0.298998754685705,0.25432030395164645,0.3962089227631005,0.5148722003527224,0.042284154561000126,0.23772250156196378,0.9021916195504,0.1312261876729089,0.6174553209213934,0.5177099557723966
2018-08-23,0.29821191870370944,0.25385353526460885,0.39431716967620445,0.5123840675853295,0.04445954331488133,0.24083663722232398,0.9021916195504,0.13542797425260894,0.6157114737406915,0.5172644545283273
2018-08-24,0.30109096446078176,0.2568155489772537,0.39761009989463203,0.5162907580146765,0.0387491413527733,0.24233115818505083,0.9021916195504,0.13392802116738298,0.6417198534633246,0.5183782607502371
2018-08-27,0.3046755629670059,0.25997058057062433,0.4040120847669728,0.5175325561224032,0.041060495145357014,0.25833321251565855,0.9021916195504,0.155893725125877,0.583409262818705,0.5232791462171544
2018-08-28,0.3048023695729315,0.260503152268381,0.4043671049363814,0.5175370926743428,0.04568320273052444,0.25742597931201633,0.9021916195504,0.15636133323473825,0.593039290977697,0.5312987528395028
2018-08-29,0.3074879707612146,0.26399728785351395,0.40586212467177996,0.5204059085380232,0.042284154561000126,0.25472538167821596,0.9021916195504,0.15136219344890278,0.5861391086023044,0.5312987528395028
2018-08-30,0.3053892122881793,0.26306156561384847,0.40246348890983924,0.5193181872248264,0.05968727755838947,0.24491364547205843,0.9021916195504,0.14005953799351076,0.5971336980841183,0.5259523130167797
2018-08-31,0.30545263543568135,0.2639907118364922,0.40191784190945107,0.523125184159113,0.050577827426757135,0.24103126121279742,0.9021916195504,0.1321919325856032,0.6156355442553197,0.5243929524390643
2018-09-03,0.30545263543568135,0.2639907118364922,0.40191784190945107,0.523125184159113,0.050577827426757135,0.23962714476358613,0.9021916195504,0.13129824243135804,0.6091902156542012,0.5243929524390643
2018-09-04,0.3046723084625659,0.2631883520788375,0.40161316689854054,0.5197850094841597,0.05465668782345426,0.24890670125164327,0.9021916195504,0.14020734262622703,0.5997120464659532,0.5353085295948088
2018-09-05,0.30335228939950454,0.25897344647167125,0.4021689407986266,0.5171881101178275,0.0648538323320272,0.2345291196277915,0.9021916195504,0.12651984182616846,0.6151806904810458,0.5353085295948088
2018-09-06,0.30163720524868615,0.255795602311108,0.4026844482165806,0.5112147436610261,0.0749150118018976,0.23056688184357801,0.9021916195504,0.11946129082448635,0.6057021597238191,0.5301848935058567
2018-09-07,0.30060163781149934,0.2549098963572593,0.4007257611450148,0.5106301370226787,0.07804214286035666,0.23389613622039754,0.9021916195504,0.11929914562323869,0.6090387182524359,0.5442191918170323
2018-09-10,0.3014876171116803,0.2558583422259505,0.3992574571354859,0.5125743814715712,0.06825288050155151,0.22369325437347964,0.9021916195504,0.10453610218332517,0.6126023420992116,0.5431053855951226
2018-09-11,0.30323683387004047,0.2579776404282731,0.40207191545485454,0.5129958935353139,0.05547246508932959,0.22223661070063042,0.9021916195504,0.10540185902156589,0.6248862865564315,0.552016047817346
2018-09-12,0.30340428209238796,0.2571774655362086,0.4027597730610001,0.511772186311541,0.05438477071238899,0.21953479856454938,0.9021916195504,0.10027215847683103,0.6393692935376053,0.5488973266619152
2018-09-13,0.3058850479463417,0.25978677339777917,0.4063909899526688,0.5111467507057381,0.043915696126411025,0.22900761272801426,0.9021916195504,0.10501083658697812,0.6283743424868136,0.5488973266619152
2018-09-14,0.30601510905670737,0.2596257787921266,0.4066052944396087,0.5145005350365098,0.03983683572971392,0.22747331681559627,0.9021916195504,0.10051717984713746,0.6154836852845765,0.5558030739506173
2018-09-17,0.3033847947548263,0.2546137828090234,0.4043201836344478,0.5062656974378772,0.06172671423990789,0.21819133132297783,0.9021916195504,0.09019918477826952,0.6326965380493498,0.5573624345283328
2018-09-18,0.30590620222520193,0.25725993350211634,0.4088839915416276,0.5096284995487237,0.04962609808851905,0.23316515766023402,0.9021916195504,0.10225951493422848,0.6250381455271748,0.567832510440008
2018-09-19,0.30649792669710973,0.25699365836336346,0.41280478954132377,0.5059847078366501,0.0354860582219515,0.24277240204488784,0.9021916195504,0.11261089801387965,0.6286017693739505,0.5756293133285854
2018-09-20,0.31020445005259945,0.2604237473983499,0.4190075156062758,0.5138026252472836,0.03616587044912432,0.24227301388836492,0.9021916195504,0.11132886878296214,0.6185168874406846,0.5745155071066756
2018-09-21,0.3100288655691519,0.2586132863732889,0.4211437127625459,0.5102403254987081,0.03453432888371339,0.26349006510567197,0.9021916195504,0.12712073804131852,0.6177586772939021,0.5722878415511198
2018-09-24,0.3083544627238339,0.258889222045191,0.4166636687828672,0.5070678372741032,0.04160434233382731,0.26349006510567197,0.9021916195504,0.12712073804131852,0.6259478530757226,0.5745155071066756
2018-09-25,0.30773507496418584,0.25951304401171826,0.4149392988809776,0.5086496001582703,0.044595508353583814,0.2584078284995257,0.9021916195504,0.12209370892895265,0.6386110833908228,0.5798618938176625
2018-09-26,0.3061760482701748,0.25876288540547054,0.41229911968307625,0.5008543101835301,0.050985722542864674,0.2663902206454609,0.9021916195504,0.1281441971439306,0.6332273213089954,0.5707284809734043
2018-09-27,0.30748146175233454,0.26102651325825704,0.413648456732821,0.5003648604883034,0.04445954331488133,0.2617146904905458,0.9021916195504,0.12041533453709062,0.6406582869440335,0.5696146216397582
2018-09-28,0.3074782072478945,0.26121865290869656,0.41410228650928177,0.5031022269933471,0.04051664795688671,0.2709099908828832,0.9021916195504,0.12639192043571046,0.643842986501907,0.5696146216397582
2018-10-01,0.309203054912033,0.2608216285585409,0.4188650638838589,0.4924154937190332,0.03888510639147581,0.2709099908828832,0.9021916195504,0.12639192043571046,0.6344403852300525,0.574961008350745
2018-10-02,0.30901445241082526,0.25916558612211077,0.42189527339012434,0.48473356221897584,0.03956491861864863,0.2709099908828832,0.9021916195504,0.12639192043571046,0.6344403852300525,0.5696146216397582
2018-10-03,0.3093526033599603,0.2602859937649077,0.42323969166001585,0.4916450544225794,0.03358258657913558,0.2709099908828832,0.9021916195504,0.12639192043571046,0.6344403852300525,0.5930051365289629
2018-10-04,0.3054672807056615,0.25389958880401187,0.4182791504013387,0.48059572893593183,0.06906865776742684,0.2709099908828832,0.9021916195504,0.12639192043571046,0.6343648173136582,0.6010247431513113
2018-10-05,0.3028597082457821,0.24990492621644642,0.413824279000909,0.47388816027438835,0.07722636559448136,0.2709099908828832,0.9021916195504,0.12639192043571046,0.6344403852300525,0.6072621854621733
2018-10-08,0.30267436024901445,0.24760182084127863,0.4148051897949785,0.4727143551219497,0.08905505166846517,0.2383138882662456,0.9021916195504,0.09573789945246741,0.627616132340031,0.6090443497736597
2018-10-09,0.302009488805363,0.24769262128478065,0.4134173705263818,0.4692472676402992,0.09259006487669198,0.23971390577025975,0.9021916195504,0.09443699873719417,0.6813771005349775,0.6034751593289018
2018-10-10,0.2866209217623781,0.23383142699526532,0.39287919814243727,0.4481910277846103,0.18789936569573548,0.2412137401804644,0.9021916195504,0.09122075233349863,0.6753110577917392,0.6072621854621733
2018-10-11,0.2773042677775296,0.229752090155951,0.37940048753788547,0.43458104002334225,0.215363681129335,0.19694634655321597,0.9021916195504,0.047382910027756915,0.676448192227424,0.5867676411063647
2018-10-12,0.28360530588606003,0.23711457310917983,0.3864905711330313,0.43517023853743336,0.16546565296341093,0.20423882549735198,0.9021916195504,0.05046309698830025,0.6501364561322822,0.5885498054178512
2018-10-15,0.28094899523773725,0.23421266462051862,0.38428228009557863,0.4380752914928254,0.1653296879247084,0.19217069586654018,0.9021916195504,0.040210866183096244,0.6748558424484873,0.5934506908847687
2018-10-16,0.2905615313030789,0.2436334623218001,0.3978093587020208,0.4579033428966061,0.11529572065276134,0.18540280600125048,0.9021916195504,0.02710275074539064,0.6708373648274376,0.5918912771953169
2018-10-17,0.29044611546269333,0.24351106700824254,0.39554426057959624,0.4546220880730619,0.11230454166666505,0.1901547738934537,0.9021916195504,0.033069439012355366,0.6671215204409406,0.5970149132842689
2018-10-18,0.28387356436789146,0.23659911619188037,0.38746482710729935,0.4415469155264154,0.14847041211578937,0.16677568089742004,0.9021916195504,0.017058634141788015,0.6787231842367496,0.5961238576843939
2018-10-19,0.283710997902204,0.23501500295792244,0.3890669990861679,0.4330673254182673,0.1461590583232057,0.1866884325717063,0.9021916195504,0.03509915733323667,0.6866090036460616,0.601247493773346
2018-10-22,0.2817764331470761,0.23587483324870193,0.38593306119299703,0.43191614770172193,0.1427600101536814,0.21915109175025796,0.9021916195504,0.06762888948880756,0.6804670314174517,0.6008019925292766
2018-10-23,0.2793070580586625,0.23451096303434477,0.38282255983912694,0.42606515749967827,0.15730793217001668,0.20048077590907204,0.9021916195504,0.051968548757779044,0.6940399692810997,0.5941189427508728
2018-10-24,0.2655555861271708,0.22007202173795604,0.3678105883969841,0.3998286732433392,0.21876272929885932,0.20311389275990405,0.9021916195504,0.04927661289496004,0.6871397869057071,0.5847627792845799
2018-10-25,0.2735977444220398,0.22928180854776825,0.37771464807817967,0.4141955459690468,0.2050305715820595,0.20327094308607002,0.9021916195504,0.047862219336708235,0.6913860529828717,0.5874359460842051
2018-10-26,0.26597660787229105,0.2226519410153122,0.3704003742130555,0.40668124559553365,0.20421480728252397,0.20173095419421153,0.9021916195504,0.045637935572224536,0.6951774652857624,0.5742927033729047
2018-10-29,0.2631414582360806,0.21752281910036916,0.36434159479380906,0.4037308824445509,0.21155676377638266,0.18408856272080695,0.9021916195504,0.029198277319409903,0.6910071286939694,0.5765203689284606
2018-10-30,0.2698684395354699,0.22240802861848336,0.37500092829913895,0.417023588189076,0.19320189847441546,0.19215521096246194,0.9021916195504,0.033972147008775155,0.6981347379564989,0.5816440050174126
2018-10-31,0.2746007668148263,0.22873608481596813,0.38095424329153177,0.41918542115965113,0.16437795858647034,0.20295471705474696,0.9021916195504,0.04366584346231296,0.7090537595219191,0.5925595821731573
2018-11-01,0.27925506536577904,0.23435830090628654,0.3874967027296817,0.4343997439171754,0.13868116272332398,0.20402864069640775,0.9021916195504,0.05131987997384034,0.7154231586376659,0.5892181103956916
2018-11-02,0.27644103031935036,0.23097734992683056,0.384782982950641,0.43575938172772033,0.14099251651590772,0.2258668339238724,0.9021916195504,0.0783244022237383,0.6757659115660131,0.6048117692845828
2018-11-05,0.27892016892108407,0.2297428794480704,0.3894956080600477,0.4355463850817813,0.14711078766144373,0.22243275281895467,0.9021916195504,0.07576043174085133,0.6511224547351796,0.6019157987511865
2018-11-06,0.2817065406797725,0.23180952667371735,0.3937747054157213,0.4394394658553099,0.14643098840061067,0.22054397405337328,0.9021916195504,0.07145139882348392,0.6775856882320868,0.6048117692845828
2018-11-07,0.29120691540916865,0.24035470735931705,0.4072381292240625,0.45125021285833644,0.09816451476643726,0.21494322087978393,0.9021916195504,0.06791900006998726,0.6728086388952766,0.6045890186625481
2018-11-08,0.2900592263251149,0.2386056581935437,0.40750774587268557,0.4494599898801697,0.1030591264963302,0.21316792217105035,0.9021916195504,0.0630523125904341,0.6663633102941581,0.6092671003956943
2018-11-09,0.2858617490681228,0.23316682087105278,0.40252227315141886,0.43644373718493235,0.11176070744453451,0.20173877255264316,0.9021916195504,0.05859551902982447,0.6841825142349707,0.5992425788398248
2018-11-12,0.27695472606285443,0.2241285674303286,0.3876556950549384,0.42253013238654386,0.15377294489446935,0.21157851821764806,0.9021916195504,0.07514871411509168,0.7011679401126071,0.5985743269737207
2018-11-13,0.2762979511912245,0.2241285674303286,0.3851696376257725,0.4207218185244234,0.14792657789365882,0.2191523062525386,0.9021916195504,0.08698386215352845,0.7061724163365541,0.5894408610177263
2018-11-14,0.27294910581151005,0.2212999161996945,0.3800836674808373,0.4151518179236069,0.16464988866387534,0.21211418962980527,0.9021916195504,0.08201894617848263,0.7006371568529615,0.5838716705729685
2018-11-15,0.27760173742116423,0.22667995493350576,0.3852382594270586,0.4249457356467093,0.14738271773884876,0.2232843466368648,0.9021916195504,0.09044693349596535,0.6963149612904252,0.5834261693288991
2018-11-16,0.2785885269808291,0.2261903950995264,0.3882986567390901,0.4264912061153605,0.12236572113653552,0.2266857879929902,0.9021916195504,0.09586942797979528,0.6877464996507243,0.5736243983950643
2018-11-19,0.2711852437831697,0.21656604075408364,0.378526680763954,0.4124461519583354,0.1490142722705994,0.23427263192739767,0.9021916195504,0.10006404427522965,0.6868364305331985,0.5698373722617929
2018-11-20,0.263245483310926,0.21131670839117336,0.3649025768137398,0.3999691957058548,0.1813731994340919,0.2163463505458922,0.9021916195504,0.07940368396888518,0.6898696326893067,0.567832510440008
2018-11-21,0.26455252404530577,0.2140993060824045,0.3648790920511071,0.4087026114273973,0.15853159158565977,0.21810297628206088,0.9021916195504,0.08201177589421693,0.6924476195021629,0.5707284809734043
2018-11-22,0.26455252404530577,0.2140993060824045,0.3648790920511071,0.4087026114273973,0.15853159158565977,0.21621548792515266,0.9021916195504,0.08070726804207382,0.678647254751378,0.5707284809734043
2018-11-23,0.26172876517463545,0.21263979444784525,0.3604659338327663,0.40888390753356413,0.1683208669108047,0.19571043866987406,0.9021916195504,0.05752798247424163,0.6822871696525032,0.5691690672839526
2018-11-26,0.26837609049340105,0.2189073170163287,0.3692135015684639,0.41671537927621194,0.13269883068381097,0.19456850290049713,0.9021916195504,0.05565504263877722,0.6947985409968601,0.5731788971509948
2018-11-27,0.2697936653115062,0.21894460967311968,0.37189216298521716,0.4107783052349264,0.13433038521556157,0.1942168285838577,0.9021916195504,0.057389239673174046,0.68213531068176,0.5693918710177235
2018-11-28,0.279811029977925,0.228108321523278,0.38714337037688945,0.4277828509706174,0.1271243937604054,0.2026295340691041,0.9021916195504,0.06837213564189507,0.6971491009225794,0.5669414017283967
2018-11-29,0.2788372584360203,0.227296322652725,0.38646216759054536,0.425521324504982,0.1312032671234423,0.19196711492174695,0.9021916195504,0.05395229807830663,0.6988929481032815,0.5649365399066117
2018-11-30,0.2824738496351279,0.2298170149363838,0.39139088145017203,0.42909264203363223,0.12141399179829739,0.1984169570022926,0.9021916195504,0.06158653932652379,0.690248918547187,0.5600356544396944
2018-12-03,0.2873833886501519,0.23468510967404077,0.39850092950472227,0.4362035212273564,0.09925220914337786,0.21912687761103758,0.9021916195504,0.08471730450450894,0.7027602898915438,0.555357572706548
2018-12-04,0.2727020016085388,0.22226678348414688,0.37876447001352664,0.40528990724521646,0.1577158272861242,0.22259663472044927,0.9021916195504,0.08609118375718584,0.645359406795472,0.5402094150617262
2018-12-05,0.2727020016085388,0.22226678348414688,0.37876447001352664,0.40528990724521646,0.1577158272861242,0.21757444007080246,0.9021916195504,0.08381996322391992,0.6104792090606294,0.5402094150617262
2018-12-06,0.2720338359713688,0.22357536803096956,0.3768040469020126,0.4037761926401416,0.16383412436433978,0.20370026964227822,0.9021916195504,0.06639106967928286,0.6252655724143118,0.5295165885280163
2018-12-07,0.26181330291191923,0.21396770006096633,0.36300903946356367,0.3904879681237518,0.1915703439426648,0.20392009455507507,0.9021916195504,0.06628659467847896,0.6449045530211981,0.5237246474612238
2018-12-10,0.26256759384951445,0.21621684782415448,0.36385617873495735,0.3882264416581164,0.18354858818797312,0.1972958195844717,0.9021916195504,0.056464009066054636,0.6395967204247424,0.5250612574169046
2018-12-11,0.2624147908971471,0.21671300509540645,0.3625471081673446,0.38688041350338986,0.17158395004162655,0.20025131088442258,0.9021916195504,0.06191808799223287,0.6671215204409406,0.5301848935058567
2018-12-12,0.26473787204207344,0.219629393673666,0.3664242158283442,0.3937646863953565,0.1675050766785896,0.20275887856199287,0.9021916195504,0.06305503993782352,0.6580226371105722,0.5361995851946839
2018-12-13,0.2646517070525697,0.21840194903719615,0.36815528877336723,0.38351301951679967,0.15649216787048115,0.21267574512181875,0.9021916195504,0.07296679221409184,0.6428573494679874,0.53731344452833
2018-12-14,0.2564274552653729,0.21139744131675936,0.3558873695860268,0.3735922443108043,0.1698164304711733,0.20014344790062275,0.9021916195504,0.05689554580621731,0.6441463428744155,0.5328581134172182
2018-12-17,0.24764723886603024,0.204513122624039,0.3433562956765372,0.35878576863740014,0.20910944494509642,0.20145958884087978,0.9021916195504,0.053562199422673346,0.6637853234813018,0.5252840611506756
2018-12-18,0.24768299872579205,0.2058370869109972,0.34539720352898345,0.3583507022416431,0.2235214019227292,0.19482962089083591,0.9021916195504,0.04794685508472791,0.6558995040719898,0.5181555101282023
2018-12-19,0.24131040120865946,0.19938487893938228,0.33670668399491727,0.3456833767791167,0.2235214019227292,0.18640795845126973,0.9021916195504,0.03789006951260675,0.6543827222094468,0.5076854873282634
2018-12-20,0.23488251680512484,0.19462864075184738,0.3252488685600754,0.33515525685127223,0.26159073104832975,0.18227439993909272,0.9021916195504,0.038588270444295004,0.6519562327983559,0.5101359035058539
2018-12-21,0.22662417209946484,0.1860558279426059,0.31502137499186234,0.31978680197541387,0.28511216409027434,0.17605083481470984,0.9021916195504,0.03058464958270925,0.6467243296872718,0.5108042084836943
2018-12-24,0.21597281409249636,0.1799111290926977,0.2988943836696509,0.3083794761521763,0.36614546000404785,0.17939504275085982,0.9021916195504,0.035536016799756084,0.662875254363776,0.5012252412836304
2018-12-25,0.21597281409249636,0.1799111290926977,0.2988943836696509,0.3083794761521763,0.36614546000404785,0.1724965179840082,0.9021916195504,0.030111674758017203,0.6573399948801832,0.5012252412836304
2018-12-26,0.23492804017820673,0.1957670199851369,0.3257142719361909,0.3368820234260903,0.28919101152063176,0.1704677678305824,0.9021916195504,0.026255777412557614,0.6574918538509266,0.511918014705604
2018-12-27,0.23836309023650354,0.19686945603744122,0.3321429243110694,0.33779292986125564,0.2830727144424162,0.16573940682645924,0.9021916195504,0.019570169171639933,0.6573399948801832,0.4998886313279497
2018-12-28,0.23786074556946102,0.19709010604180882,0.33025609000402667,0.3405575710017404,0.2610468968261992,0.16910039007536062,0.9021916195504,0.02177289809385251,0.6324691111622128,0.4983292707502341
2018-12-31,0.2412925411233178,0.19931686964282203,0.3368005265987843,0.3453797597419963,0.22134601316884805,0.16910039007536062,0.9021916195504,0.02177289809385251,0.6414924265761877,0.4871909429724549
2019-01-01,0.2412925411233178,0.19931686964282203,0.3368005265987843,0.3453797597419963,0.22134601316884805,0.16910039007536062,0.9021916195504,0.02177289809385251,0.6417957829486962,0.4871909429724549
2019-01-02,0.24180949137126193,0.20066189003640028,0.33726419393495155,0.34871086131307066,0.19143437890396225,0.16020674168697857,0.9021916195504,0.013617909452154651,0.6417198534633246,0.48162175252769707
2019-01-03,0.23170758896755936,0.1917811182801835,0.3209680833877855,0.33734425380968014,0.2217539082849556,0.15991822148893273,0.9021916195504,0.008227791221205425,0.6292844116043395,0.45778568328268665
2019-01-04,0.24537130834640583,0.20386079030358364,0.33941027687426006,0.35996864689371777,0.16641738230164901,0.1756208251009688,0.9021916195504,0.02583145494613467,0.6368668746411428,0.4811761981718914
2019-01-07,0.2482568631123582,0.20757253421745847,0.34183460843860086,0.3711267389793046,0.16668931237905407,0.18128602280182488,0.9021916195504,0.036224320099789244,0.6348196710879328,0.4862998342608435
2019-01-08,0.2522755013814627,0.21079818837799735,0.34815779638662575,0.3807258062642258,0.15404484903919483,0.17922554377631722,0.9021916195504,0.03545402042017778,0.6208674473664039,0.49387393963912246
2019-01-09,0.2539905855322811,0.21343382172790568,0.3504211584691021,0.3862821972092239,0.14738271773884876,0.18478561112350494,0.9021916195504,0.04052433517498199,0.6225357266307122,0.49654710643874783
2019-01-10,0.2558893507385686,0.21470556344320593,0.35345315223864765,0.38928246243154097,0.14085655147720516,0.18191096013160954,0.9021916195504,0.03878375966685188,0.5947831381583997,0.49721541141658815
2019-01-11,0.2558275945323651,0.21406552634675866,0.3533057335130456,0.3901662048788735,0.12304554633004804,0.18773495400566004,0.9021916195504,0.04287385697200831,0.5734758782872044,0.49053241474992065
2019-01-14,0.2536085781513627,0.21118949352116664,0.3511796632564734,0.383562921588134,0.13501018447639462,0.18211795686406707,0.9021916195504,0.037035134084975614,0.5541402540528266,0.4925373296834417
2019-01-15,0.2581100340608695,0.2163620557049047,0.355025184635082,0.38918725016461597,0.12861998325345356,0.1928693383034815,0.9021916195504,0.049481119959691566,0.5580072342721111,0.4927600803054764
2019-01-16,0.2590529274996725,0.21683846350484057,0.3585206046241353,0.39348369679412937,0.1346023152929666,0.19289332472352425,0.9021916195504,0.04885950470227682,0.5457992193002628,0.49721541141658815
2019-01-17,0.2622814752823414,0.21902180825730966,0.3625436360874482,0.39917153709776415,0.12127802675959487,0.18954008392666197,0.9021916195504,0.04254503565368864,0.5495906316031535,0.5012252412836304
2019-01-18,0.26793065996498056,0.22221413250747127,0.37084576490643467,0.4060830293013677,0.11774301355136804,0.20084770741061206,0.9021916195504,0.05254780215170993,0.5643010654714643,0.5090220441722079
2019-01-21,0.26793065996498056,0.22221413250747127,0.37084576490643467,0.4060830293013677,0.11774301355136804,0.20535685075307872,0.9021916195504,0.0565883673091168,0.566120842137538,0.5090220441722079
2019-01-22,0.2617840123719589,0.21620982198186417,0.3633925113987901,0.3947300314537956,0.15853159158565977,0.19577920986151562,0.9021916195504,0.04672795074903297,0.5809068439222425,0.49699266079455345
2019-01-23,0.2627269058107619,0.21644715836167125,0.3676179844093968,0.3932843098040088,0.1411284815546102,0.1961833354954004,0.9021916195504,0.04735678028018744,0.5882622416408868,0.5025618512393113
2019-01-24,0.2633170427195282,0.21853925284536974,0.36706544147254766,0.39788442879444674,0.13256286564510844,0.1995070487055645,0.9021916195504,0.05183877980941209,0.5761297945854322,0.4929828309275112
2019-01-25,0.26696339743195585,0.22254884534780212,0.371607452433711,0.4062416426478371,0.11257647174407008,0.20262513149833677,0.9021916195504,0.05381447905619352,0.573551807772576,0.5021162968835056
2019-01-28,0.2635641469224994,0.21907533746427155,0.3664477005909769,0.4020222620774907,0.1322909615003829,0.201149587133745,0.9021916195504,0.05328563759949264,0.5423111633698807,0.5001113819499844
2019-01-29,0.2629382501539713,0.21655770827648935,0.36772518487619865,0.40107500790300543,0.1358259487759302,0.20030292723135001,0.9021916195504,0.04983695081506117,0.540718813590944,0.4929828309275112
2019-01-30,0.26961161150825713,0.22334814200958025,0.3784629777425212,0.40809526670554824,0.11583955487489188,0.19449570867005092,0.9021916195504,0.042554977274817773,0.5313921418044606,0.48919580479423974
2019-01-31,0.2733587764801687,0.22767623222242342,0.37808794489037634,0.4137514064694108,0.10101970278115151,0.19729270742237756,0.9021916195504,0.04334326864930452,0.5188807704601044,0.4758298114609046
2019-02-01,0.27375380187884724,0.22689229388052992,0.37967357626640497,0.41494335782960734,0.09517333578034097,0.20775799766830744,0.9021916195504,0.06179197017020979,0.5069761118607641,0.4883047491943647
2019-02-04,0.27673528514762347,0.2305627823912,0.38400620152048165,0.42196361663215015,0.08959889885693546,0.20775799766830744,0.9021916195504,0.06179197017020979,0.5403398893020417,0.49565605083887265
2019-02-05,0.27882098591382015,0.2329553815745658,0.38825665421700983,0.42318273198017947,0.08742351010305428,0.20775799766830744,0.9021916195504,0.06179197017020979,0.5403398893020417,0.49075516537195535
2019-02-06,0.2778309815387938,0.2317796882642344,0.3877327559393061,0.4221811498300287,0.08484023919940528,0.20775799766830744,0.9021916195504,0.06179197017020979,0.533515274843043,0.49075516537195535
2019-02-07,0.27367577315044356,0.22796619815865526,0.382281831618592,0.4165658390336215,0.09830047980513977,0.20775799766830744,0.9021916195504,0.06179197017020979,0.5403398893020417,0.4796168375941759
2019-02-08,0.2739732427940782,0.22839830887976073,0.3807214210451443,0.4169102850381972,0.0894629467845727,0.20775799766830744,0.9021916195504,0.06179197017020979,0.5403398893020417,0.47516150648306416
2019-02-11,0.2742853973967715,0.22882382216359357,0.3794073834743464,0.4226162162257857,0.09286199495409701,0.218846403490601,0.9021916195504,0.08296771115420418,0.5403398893020417,0.48162175252769707
2019-02-12,0.2799638329302924,0.23350549645779736,0.38860825052985387,0.43134055884344924,0.08552005142657806,0.22444222274867523,0.9021916195504,0.09116774501730128,0.5764331509579409,0.4867453886166492
2019-02-13,0.281313142533314,0.2337581697372382,0.3915096072932967,0.4334751725023875,0.08851120447999485,0.23973106061497385,0.9021916195504,0.10568493128690194,0.5624809272364126,0.49209177532763604
2019-02-14,0.28012639939597983,0.23404640063314835,0.3889448011631468,0.4344586637685845,0.09626103015728157,0.23930568119117776,0.9021916195504,0.11007684037332811,0.5521686184160097,0.4807306969278219
2019-02-15,0.2849822787768219,0.23604066883105448,0.39990384267620205,0.4453992226562928,0.07845002501012444,0.2277039963425264,0.9021916195504,0.10157860186583113,0.5611163659135908,0.48273555874960694
2019-02-18,0.2849822787768219,0.23604066883105448,0.39990384267620205,0.4453992226562928,0.07845002501012444,0.25008097314424244,0.9021916195504,0.13052376375171443,0.5617986465750017,0.48273555874960694
2019-02-19,0.28565854098601345,0.2366706169893349,0.4001031014835908,0.44776497916892805,0.07804214286035666,0.2504817588968554,0.9021916195504,0.1299787341685732,0.5569456677528198,0.47850303137226613
2019-02-20,0.2864616098011306,0.2367715063710038,0.4016615349004309,0.4510236065565789,0.06634942182507533,0.25221447411937387,0.9021916195504,0.13291204027535475,0.5508796250095815,0.48006239194998157
2019-02-21,0.2848651959951378,0.2354835281055326,0.39909846481022915,0.4482544841879589,0.07233174089824863,0.24928630912073754,0.9021916195504,0.1309553004918771,0.5225206853612291,0.4876364442165243
2019-02-22,0.28775725976997024,0.2384591436774895,0.40357185397010636,0.4548306034908656,0.0594153604473242,0.2655859165101034,0.9021916195504,0.14892746404069448,0.5216106162437033,0.4802851425720163
2019-02-25,0.2883165185756348,0.23964008494928776,0.40505669858247517,0.4542640877364719,0.07763426071058889,0.3144168783632699,0.9021916195504,0.1924753717231526,0.5171369232794018,0.4842949724390586
2019-02-26,0.2879572133476395,0.23941371573793385,0.40421799839416306,0.4491291535314125,0.08198503821835125,0.3082711172912409,0.9021916195504,0.18837264943895166,0.49833172073569165,0.4760525620829393
2019-02-27,0.2877101091446683,0.23964226981487805,0.40242003968780216,0.4507471535072913,0.07559482402907043,0.3120977862583773,0.9021916195504,0.1808707725180688,0.5065212580864902,0.48875030355017035
2019-02-28,0.28642747719358885,0.23867803722128453,0.40071245150541185,0.4482544841879589,0.07668251840601104,0.308096380775613,0.9021916195504,0.18322755257830886,0.49666380304036123,0.4927600803054764
2019-03-01,0.2895487453969723,0.2414338810191601,0.40343629818415044,0.45464023428081984,0.06023112474685979,0.3245905362490598,0.9021916195504,0.19545469081976188,0.5018197766660737,0.5025618512393113
2019-03-04,0.28778004130105045,0.24065388400342946,0.39833354631971585,0.44820458211662456,0.07464309469083234,0.335028196568105,0.9021916195504,0.2149835538752945,0.5112223779379287,0.495210496483067
2019-03-05,0.28726630586846785,0.24060080462173614,0.398012089589306,0.44495961970859627,0.07613867121754073,0.34332059042117496,0.9021916195504,0.2340214944007338,0.5119046585993396,0.495210496483067
2019-03-06,0.28430760413077183,0.2375106978087983,0.3947240781507317,0.43070151358182795,0.08973486389563798,0.35819839517186763,0.9021916195504,0.24345846828387516,0.5121324470554546,0.48852749981639937
2019-03-07,0.280646604148364,0.23380555133219608,0.3897803186115538,0.42472366589689126,0.10129163285855654,0.35954117925590634,0.9021916195504,0.2414422547315188,0.5153927145297217,0.4760525620829393
2019-03-08,0.2796939868853195,0.233221228308301,0.38921268177182167,0.42393054384074,0.09394967636469786,0.3170839253715675,0.9021916195504,0.21311866411357624,0.5178192039408126,0.4736021459053487
2019-03-11,0.28623403262479963,0.23979801645906373,0.3941665682106974,0.43616728413564465,0.07056423429413525,0.33484693210271865,0.9021916195504,0.24380440150758967,0.522748112248366,0.4776119226606547
2019-03-12,0.28757032421006107,0.2412443546393286,0.3917908457649064,0.43659781397946223,0.06295037365555102,0.34520466299041885,0.9021916195504,0.25613869810776196,0.5264635950658851,0.469146814794237
2019-03-13,0.29072409776876634,0.2435422120530295,0.3954507073157206,0.43933977236024957,0.05805573599297857,0.3348338762032017,0.9021916195504,0.2336899017455507,0.5128906572022371,0.47048342474991767
2019-03-14,0.2903274451178678,0.24299385363037052,0.39562474532052844,0.4365117301402204,0.059279395408621684,0.3235583611232962,0.9021916195504,0.21800246349852423,0.5117531611975743,0.47471600523899476
2019-03-15,0.29260337563749217,0.24552155033606873,0.3990549673648601,0.4382792703586897,0.050849757504162166,0.3332171459484849,0.9021916195504,0.22994938879045265,0.5238096787676573,0.46647359488287543
2019-03-18,0.29430381451833043,0.24665995098960916,0.40066553020347834,0.4429881559480669,0.05384092352391871,0.3564320534174538,0.9021916195504,0.25633594690927974,0.5168335669068931,0.46847850981639666
2019-03-19,0.2942436855643469,0.247075396755526,0.40000583502315923,0.43893640650426474,0.060095172674497016,0.35473979630215935,0.9021916195504,0.25600356244356426,0.5094785307572267,0.47115172972775815
2019-03-20,0.29288786695244523,0.2472956183548759,0.3965069429542095,0.4335749213212519,0.0648538323320272,0.35463557682520147,0.9021916195504,0.2524773662059048,0.5154686440150933,0.4535531559053459
2019-03-21,0.29787051325013436,0.2521207226490064,0.40186079370781963,0.44229926393891544,0.0610469020127351,0.3579981541083462,0.9021916195504,0.2587116424433496,0.5022749920093256,0.4539986571494153
2019-03-22,0.28906430050434995,0.24350973895268768,0.390498556916793,0.41669728839225817,0.0997960433655084,0.3588357052436364,0.9021916195504,0.25956028737619546,0.5057630479397076,0.4357317783491627
2019-03-25,0.2886822931234316,0.24328469779688863,0.39085680804943856,0.4198425573052262,0.09775661965032971,0.33983337484147896,0.9021916195504,0.2435674742005034,0.5200941959501382,0.4279349754605853
2019-03-26,0.2919498552703023,0.24565272795248919,0.394335687435652,0.42678126882046663,0.07532290691800514,0.32555128345944295,0.9021916195504,0.2265673900486396,0.5134970083782764,0.42659836550490454
2019-03-27,0.2898218856354638,0.24354088399747464,0.3935421242859933,0.42408915718720946,0.08171310814094622,0.3335184184204775,0.9021916195504,0.23525575106286267,0.5182744192840645,0.41768770328268107
2019-03-28,0.2914589013687999,0.24467225880872473,0.3958104533716548,0.42992200118149515,0.07192385874848083,0.32488224451559233,0.9021916195504,0.2295862996718693,0.5269943783255306,0.4210291750601468
2019-03-29,0.2945411552079815,0.24731095525450963,0.40102551737607206,0.4320249143006612,0.062134596389675695,0.354672315519191,0.9021916195504,0.26205044352167234,0.5360176937395055,0.42659836550490454
2019-04-01,0.29987171596812584,0.25167985104528895,0.4091669178298536,0.4394213749713561,0.057919770954276036,0.3794218984325406,0.9021916195504,0.29455866482444615,0.515544573500465,0.44508799492719187
2019-04-02,0.2998798522292259,0.2525475639883942,0.4072092434482576,0.4381795215398252,0.057375923765805754,0.3814309888302984,0.9021916195504,0.29389741505093697,0.5150893581572131,0.4415237194159552
2019-04-03,0.3008812473697924,0.25460324404558793,0.40817216693953035,0.441619445033643,0.06254247853944349,0.3937033066570438,0.9021916195504,0.3011181112538667,0.5241130351401658,0.44954332603830355
2019-04-04,0.3018550189116971,0.25443785828850396,0.41228310953688724,0.44460156404820206,0.06036708978556231,0.40311653430236444,0.9021916195504,0.3079010242113226,0.5081891757818205,0.4484295198163938
2019-04-05,0.3040252971042561,0.2564957446315389,0.4132795964671587,0.45143150896450324,0.05003398023828686,0.40311653430236444,0.9021916195504,0.3079010242113226,0.5197149100922579,0.44597905052706693
2019-04-08,0.3045178782579785,0.257162107216324,0.41120633075901114,0.4498180455405639,0.05492861790085926,0.40256902149297097,0.9021916195504,0.3021415703564788,0.519942336979395,0.4499888803941093
2019-04-09,0.30166157434290786,0.25520556008022655,0.4065043147826213,0.4410620023831282,0.06988442206696241,0.40096906655100556,0.9021916195504,0.30977673538365047,0.5188052025437101,0.44553354928299754
2019-04-10,0.30328886625200246,0.2576166020996044,0.40666677918777444,0.4509737598090488,0.05656015946627019,0.4016735537801725,0.9021916195504,0.30963799258258284,0.5153171466133281,0.4406326638160802
2019-04-11,0.30330676602642265,0.25687608260625505,0.4063184138381673,0.4498815019439125,0.05275322914697809,0.38551604315764215,0.9021916195504,0.2847117970223613,0.5188052025437101,0.4466473555049073
2019-04-12,0.3064101344553859,0.25849046265471365,0.41296628947983904,0.4524467007704725,0.03902107143017833,0.3851006833776614,0.9021916195504,0.2823639908148219,0.5211557624694293,0.45912229323836745
2019-04-15,0.30611266481175126,0.25813291582693926,0.4122865333934517,0.44989511159973095,0.043235883899238235,0.3817307431744403,0.9021916195504,0.27528467678140106,0.5095540986736203,0.45756293266065196
2019-04-16,0.30635326000584245,0.2591954245315937,0.4139627764101105,0.451535739011503,0.041332425222762016,0.40530127209246064,0.9021916195504,0.29635501898563704,0.5129662251186308,0.46625084426084074
2019-04-17,0.30527867820445376,0.2590133738193211,0.4138857155257428,0.4446514107957322,0.04704282718487009,0.40826116596317885,0.9021916195504,0.30147125875132097,0.5156205029858366,0.46625084426084074
2019-04-18,0.30602324531780745,0.2591002329366603,0.4166016535780507,0.4438129785439903,0.040108765807118925,0.4042451105466543,0.9021916195504,0.2963577463330265,0.49742201318714374,0.45912229323836745
2019-04-19,0.30602324531780745,0.2591002329366603,0.4166016535780507,0.4438129785439903,0.040108765807118925,0.4106487256341429,0.9021916195504,0.30812088360248807,0.5132695814911394,0.45912229323836745
2019-04-22,0.30650118120154973,0.2598552110993571,0.41540446114043356,0.4412251522815371,0.044595508353583814,0.39331405867609687,0.9021916195504,0.2906495842048931,0.5097059576443637,0.465805289905035
2019-04-23,0.3106807586841217,0.2644855410521893,0.4189929521600436,0.45257809480530503,0.04269203671076791,0.3881998654786911,0.9021916195504,0.28167212436739286,0.513572937863648,0.46134995879392326
2019-04-24,0.3096354674226933,0.26366036872734194,0.4175278308904197,0.4539558788236079,0.05438477071238899,0.3891388275544152,0.9021916195504,0.29172706238160506,0.5260083797226333,0.45065718537194965
2019-04-25,0.30945988293924576,0.26439167751281073,0.4141953575398385,0.44828164817579164,0.05588034723909737,0.3649535327632105,0.9021916195504,0.26211889114325165,0.522975539135503,0.4533303521715749
2019-04-26,0.3116886628335682,0.2656077051555588,0.41620144814665677,0.4547580739836381,0.04881032082264372,0.35331700688038314,0.9021916195504,0.25069544059219334,0.5390505343266356,0.4468701592386783
2019-04-29,0.31220077101393084,0.26628548473406566,0.4164745368751763,0.45859223490575757,0.05397687559628145,0.35331700688038314,0.9021916195504,0.25069544059219334,0.5289656523933697,0.4537759065273806
2019-04-30,0.31265596505567145,0.2633699743860924,0.417425597426803,0.45535175372586456,0.05411284063498396,0.35331700688038314,0.9021916195504,0.25069544059219334,0.5316954981769693,0.4477612148385534
2019-05-01,0.3090632302883472,0.26136298255916046,0.41340676139336496,0.4486306307323068,0.07695444848341605,0.35331700688038314,0.9021916195504,0.25069544059219334,0.5327570646962604,0.4482067160826228
2019-05-02,0.30805369888668066,0.26079838758633056,0.41038585899015523,0.4514722826081544,0.07178789370977831,0.35331700688038314,0.9021916195504,0.25069544059219334,0.5329089236670036,0.45734018203861726
2019-05-03,0.3126250472634911,0.2663797980987128,0.4152538114515946,0.4656895597674674,0.05071379246545965,0.35331700688038314,0.9021916195504,0.25069544059219334,0.532832994181632,0.45266204719373454
2019-05-06,0.3104840596108924,0.2645939061014171,0.4136126750205552,0.4661246261632245,0.08565600349894086,0.29737300879504597,0.9021916195504,0.17526264245386308,0.532605567294495,0.44575629990503224
2019-05-07,0.30261260404281093,0.2575955245727335,0.4019244967292525,0.45131820581362453,0.13840923264591895,0.30356856446058145,0.9021916195504,0.18841048038661118,0.5553533179738831,0.4341724177714472
2019-05-08,0.30185990066835716,0.2566988514504316,0.4019798088909357,0.4479915854706855,0.1394969270228596,0.29342223287610614,0.9021916195504,0.1805789463474022,0.5647559192457382,0.4417465231497262
2019-05-09,0.300445580354692,0.2552630306133513,0.3985485741566342,0.4457663514205659,0.13541807959250218,0.28011424822954034,0.9021916195504,0.16929775775533326,0.5693055416954114,0.4361773327049684
2019-05-10,0.30218177909529204,0.2555416009761123,0.4013635147093218,0.4470942333675345,0.09381373725867487,0.30755440913287496,0.9021916195504,0.20155735055093077,0.6030482434255913,0.4357317783491627
2019-05-13,0.29087856766243225,0.2437005719678232,0.38612021594408025,0.42443813974372463,0.15513254341613547,0.29651761965750884,0.9021916195504,0.18966277273308935,0.6004702566127357,0.42459345057138337
2019-05-14,0.29454278246020155,0.24753777429113213,0.3912326124748937,0.4335296111256613,0.12127802675959487,0.29026771501491444,0.9021916195504,0.1838068939511878,0.6415679944925813,0.4277121717268143
2019-05-15,0.29723326540514466,0.2513832876717845,0.39409592102947166,0.435890831086357,0.09925220914337786,0.3073887054779594,0.9021916195504,0.20368714492521373,0.6397482178265076,0.41880150950459083
2019-05-16,0.30135596843817314,0.2547129157301197,0.39939595454468735,0.43995613486217344,0.08361657978376216,0.3126844667663216,0.9021916195504,0.2067763497279317,0.6399756447136447,0.42459345057138337
2019-05-17,0.2986264711290282,0.2511257734156436,0.396959518924041,0.4302211369904802,0.0927260299153945,0.28985880727829966,0.9021916195504,0.18036814878788543,0.6457386926533523,0.4219202306600218
2019-05-20,0.29548893040344454,0.2461291357524251,0.3948830704759884,0.4253264187429967,0.09748468957292468,0.28622395376511267,0.9021916195504,0.17279333731907295,0.6722019261502594,0.42704386674897404
2019-05-21,0.29941167985880374,0.24978516559374772,0.39975767775722926,0.4345221201719331,0.07899387219859474,0.2972190706309742,0.9021916195504,0.18823566621684498,0.6673493088970556,0.4292715854162661
2019-05-22,0.2980965028633239,0.24825500997176939,0.397270848754753,0.42834936672501117,0.07627463625624324,0.2927842396468045,0.9021916195504,0.1840644963110647,0.6673493088970556,0.4219202306600218
2019-05-23,0.29256436127329033,0.24287846273885239,0.3902059859621881,0.4146396854686828,0.10577837540502145,0.2805995177970507,0.9021916195504,0.16319149088729454,0.662875254363776,0.40031188008230356
2019-05-24,0.2931853762851584,0.2432614354044274,0.3925569698387171,0.42040907305961994,0.09123045338868614,0.2807488256711776,0.9021916195504,0.16024006111721562,0.6659843860052558,0.40654932239316544
2019-05-27,0.2931853762851584,0.2432614354044274,0.3925569698387171,0.42040907305961994,0.09123045338868614,0.2929934376646457,0.9021916195504,0.17853387570008697,0.6582500639977091,0.40654932239316544
2019-05-28,0.2893374010537629,0.24196030510491276,0.3866826446639678,0.41583617338081885,0.11366416612101067,0.2984446552449306,0.9021916195504,0.18356635950723166,0.6566577142187724,0.39407438465970535
2019-05-29,0.2861885092517177,0.239326428215577,0.3812172051203534,0.40945944106803267,0.11910263800571368,0.2999324205387213,0.9021916195504,0.1812843615528302,0.6656810296327471,0.38694588674896824
2019-05-30,0.2871379116994007,0.2402217947025749,0.38229051181833307,0.4074562767677311,0.11094491721231942,0.29716806153518704,0.9021916195504,0.17524733411690316,0.6689416586759922,0.3849409718154473
2019-05-31,0.2811554578242866,0.23519574703489107,0.3735293451030412,0.3983738784896734,0.13011554681382217,0.29495781919719727,0.9021916195504,0.17338613947100281,0.6594631279187656,0.3660057880373542
2019-06-03,0.2799183095572105,0.2299258083906293,0.37364638312954956,0.4004087986535514,0.13215499646168033,0.29227931032362614,0.9021916195504,0.1674671797833527,0.6618896173298565,0.35241704408198427
2019-06-04,0.2894804801818887,0.2384407222617283,0.3862977260287845,0.4178937763043942,0.10645817466585451,0.28363562168587947,0.9021916195504,0.1576724834974588,0.660903980295937,0.36088215194840206
2019-06-05,0.29319998186606,0.24056220532964118,0.3914182723026882,0.417091581144364,0.09449353651950791,0.2833675962138195,0.9021916195504,0.15747250734855162,0.6643161067409474,0.36177320754827713
2019-06-06,0.2960188986691488,0.24232001537802653,0.39588944318929825,0.4136924866180016,0.09231814776562669,0.27291475461626624,0.9021916195504,0.14295809241581436,0.6649228194859647,0.3619960112820481
2019-06-07,0.3008715235455508,0.24787160890117668,0.40238990010536796,0.42053598586631713,0.09734872453422216,0.27291475461626624,0.9021916195504,0.14295809241581436,0.6656051001473755,0.3530853490598247
2019-06-10,0.3030482710579113,0.25142803457588353,0.40433402373070165,0.424691965357119,0.09245409983798948,0.28047981341601463,0.9021916195504,0.15438602989322303,0.6654536027456102,0.36622853865938887
2019-06-11,0.30288407734000383,0.2514017090875457,0.4039841634578058,0.42267513607719487,0.09313391206516229,0.30335868328520743,0.9021916195504,0.18374469283491968,0.6816045274221144,0.3655602867932848
2019-06-12,0.30192820557251926,0.25009224631043675,0.4029056968633134,0.42298334499005885,0.09204621768822169,0.2982795588411553,0.9021916195504,0.1762716730089957,0.6666666666666666,0.36266431625988854
2019-06-13,0.30384645811636846,0.25204043954868904,0.4054226172248919,0.4302392831982381,0.0908225582725786,0.29870273697956773,0.9021916195504,0.17599154803841918,0.6715955749742202,0.35464470963754013
2019-06-14,0.3030889126743332,0.25026508631482874,0.4049989270308653,0.42421153344196716,0.08348061474505965,0.28975876265293143,0.9021916195504,0.1632455099613944,0.6745528476449566,0.3550902108816095
2019-06-17,0.30352620694165355,0.2523865693827416,0.4055648278306493,0.4288569626279958,0.08443235704963752,0.2915147811379598,0.9021916195504,0.16060948472005823,0.6773582613449498,0.3535308503038941
2019-06-18,0.3080910859986625,0.257162107216324,0.41428076106062395,0.4367791100856291,0.08171310814094622,0.29230322083727633,0.9021916195504,0.16272212319947232,0.6776616177174585,0.34773890923710155
2019-06-19,0.3095070335645477,0.2586290730981912,0.4152303749122938,0.43920378644967345,0.07056423429413525,0.30089840529018974,0.9021916195504,0.17366001793626815,0.6605246944380567,0.34083316194839924
2019-06-20,0.31401337123071454,0.26143754645249156,0.42138246647875643,0.44278871363414213,0.07627463625624324,0.32244959644745935,0.9021916195504,0.19250959553394226,0.6608280508105653,0.3345956665258011
2019-06-21,0.31340862874104664,0.2605764095264081,0.4205420302504961,0.43650719358828094,0.08511215631047053,0.32707009446778273,0.9021916195504,0.199654629841553,0.6216256575131864,0.349521073548588
2019-06-24,0.3125779363272677,0.2594353956022597,0.42074963169430263,0.4276468650600413,0.08320869763399438,0.328987793568922,0.9021916195504,0.19946098817690508,0.6351985953768344,0.3390509976369128
2019-06-25,0.30803091735560045,0.25412816430120694,0.41632219936972104,0.4235498607444526,0.09707682038949665,0.3208810667520057,0.9021916195504,0.1909906389959385,0.6406582869440335,0.3330363059480856
2019-06-26,0.3074457018925727,0.2552358483149781,0.41604071978145185,0.4239350803926795,0.09612506511857906,0.31908087074651886,0.9021916195504,0.1913807376515718,0.6427054904972441,0.34528849305951087
2019-06-27,0.3092566748571364,0.25777099926798436,0.4157878848523281,0.43511131868602426,0.0908225582725786,0.32545738725187057,0.9021916195504,0.20192589436429292,0.6429329173843817,0.33548677523741244
2019-06-28,0.31199430842738146,0.25945908639973864,0.41759968365494277,0.4441845885363988,0.08076137880270817,0.31988737616726004,0.9021916195504,0.19641498103767738,0.6338336724850346,0.3343729159037664
2019-07-01,0.31566344467088936,0.2631844107526746,0.4205000277284158,0.4441845885363988,0.06689326901354564,0.34041542505947836,0.9021916195504,0.22814036566074322,0.6328480354511151,0.34194696817030906
2019-07-02,0.31707451048011454,0.26397096236517614,0.42220983418407326,0.4414517585832946,0.051529569731334955,0.34011696112400974,0.9021916195504,0.2294970890185513,0.6214741601114211,0.32902650263691136
2019-07-03,0.3207826610878243,0.26665309907975604,0.4266373147319868,0.4466999406154286,0.04663493206876255,0.3311999335667252,0.9021916195504,0.21817455032090102,0.6375495168715316,0.3239028665479592
2019-07-04,0.3207826610878243,0.26665309907975604,0.4266373147319868,0.4466999406154286,0.04663493206876255,0.32808648106389793,0.9021916195504,0.21353128537990915,0.6437670570165352,0.3239028665479592
2019-07-05,0.3199031511074448,0.2662828500432068,0.4255538811343092,0.4482861847277311,0.05628822938886516,0.329892901393573,0.9021916195504,0.22028085431605585,0.6364879503522405,0.3450657424374763
2019-07-08,0.31755244636385677,0.263501130582262,0.4226903314630718,0.4418369782315215,0.06553364455920001,0.3057362233123561,0.9021916195504,0.19713394500110434,0.6531696582883904,0.34194696817030906
2019-07-09,0.3181506798446446,0.26540284187609353,0.4221310854830893,0.4423808112262178,0.06730115116331342,0.30414029140919535,0.9021916195504,0.19826007553608543,0.6442978402761809,0.3464022992814208
2019-07-10,0.32033560330718375,0.2680700700960574,0.4240250568432525,0.4434957518510515,0.052889181219340844,0.30012082020500647,0.9021916195504,0.19531955515556415,0.6499090292451453,0.3479617129708725
2019-07-11,0.3214475325314757,0.26778535212129245,0.42965151409206315,0.4402643437750375,0.051529569731334955,0.3008853493906728,0.9021916195504,0.19411406760944613,0.637701014273297,0.36110490257043676
2019-07-12,0.32370072120909843,0.2698954181954835,0.4356747046923713,0.445739132108929,0.044187626203816055,0.30486162985750626,0.9021916195504,0.19957448101988365,0.6354263838329494,0.3579861814150058
2019-07-15,0.3237868861986022,0.27051180733495367,0.43634457499572016,0.44203182866970264,0.04813052156181064,0.3084806189346523,0.9021916195504,0.2082267706654081,0.6434637006440267,0.35486746025957483
2019-07-16,0.3221189526730857,0.26895926755080035,0.43576362851638506,0.44211343128080915,0.050577827426757135,0.3070598030790821,0.9021916195504,0.20588353936316703,0.6412649996890514,0.36155045692624244
2019-07-17,0.3189293795655401,0.26731025095666056,0.432904949401669,0.43702839914708397,0.06566960959790252,0.3052160368042771,0.9021916195504,0.2075583066181592,0.6400515741990163,0.3479617129708725
2019-07-18,0.3206672452474387,0.26827668983609526,0.43298201028603667,0.43922193265743137,0.05968727755838947,0.29573009083490276,0.9021916195504,0.19428351506338157,0.638155868047571,0.3428380768819204
2019-07-19,0.31765976563222076,0.26561166790197255,0.43128401854669346,0.43572314463600864,0.07219577585954612,0.3028873045875319,0.9021916195504,0.20094114599882082,0.6429329173843817,0.3450657424374763
2019-07-22,0.31902856257280404,0.26814067124297475,0.43172106660365483,0.43430912352599405,0.05968727755838947,0.2913133255721577,0.9021916195504,0.19139965312540155,0.6444496992469241,0.34395188310383024
2019-07-23,0.32235141160607683,0.27021393732614524,0.4360983948863979,0.4389227968484463,0.04717877925723282,0.29534456226719036,0.9021916195504,0.19619160248859013,0.6436911275311636,0.35085763039253254
2019-07-24,0.32464198739568134,0.27328911422421615,0.43414245654475003,0.4504616273541247,0.03983683572971392,0.30260128930043984,0.9021916195504,0.20434206021446363,0.6423265662083418,0.3455112436815457
2019-07-25,0.3220587840300237,0.269649770758333,0.4309576430364303,0.4418641422193542,0.048946285861346236,0.3069789627710266,0.9021916195504,0.2114160075320537,0.6371702310136514,0.35085763039253254
2019-07-26,0.325666164067328,0.27367120865950484,0.43222842427851865,0.44980443588474545,0.041060495145357014,0.3092112938692456,0.9021916195504,0.211792557429688,0.637246160499023,0.35241704408198427
2019-07-29,0.3248711918242324,0.27205333711015195,0.4329419849205641,0.4452995291612325,0.05016994527698937,0.3081137633395048,0.9021916195504,0.21226825960176945,0.6422506367229702,0.3466251030151918
2019-07-30,0.3236047927062745,0.27118825885790565,0.4323659572210823,0.452809237659002,0.06526171448179498,0.3116364272045171,0.9021916195504,0.2163060534223129,0.653017799317647,0.3479617129708725
2019-07-31,0.3182726046939102,0.26688077492641393,0.42412555426692095,0.44782843557227664,0.09490143163561546,0.3054710063768201,0.9021916195504,0.2097754640878512,0.6463454053983695,0.3390509976369128
2019-08-01,0.3139126006603092,0.26406002776835646,0.4171912802571268,0.43701932604320504,0.11869476882228565,0.29808994467258954,0.9021916195504,0.204499718489361,0.6461935464276262,0.3107596503925269
2019-08-02,0.31041579439580885,0.2593638733845543,0.41476149945628193,0.4292694015878596,0.11515975561405882,0.28536431386959327,0.9021916195504,0.19264473119814,0.6571125679930463,0.3020717387923382
2019-08-05,0.2962221067512581,0.24716707542931432,0.39581734930811574,0.40830831867529144,0.2100611742833345,0.27095659740790295,0.9021916195504,0.17897535406137877,0.6885047097975069,0.27533972556979963
2019-08-06,0.30224194773835406,0.2518711124654422,0.4035152880017939,0.4149614487135611,0.1499660016088375,0.2572938262826036,0.9021916195504,0.16769055833243998,0.7722928969051142,0.2762307811696747
2019-08-07,0.3026012132772708,0.25316787303377625,0.40296100902499654,0.4143269400038793,0.14072058643850266,0.2545341734754068,0.9021916195504,0.16366085857511672,0.7540188391900277,0.2639786206141175
2019-08-08,0.31139770219881363,0.2609032397144132,0.4121240689882986,0.42857597302676864,0.10564241036631894,0.2625781257056922,0.9021916195504,0.1730789169844283,0.7794208677366216,0.2711071450807226
2019-08-09,0.3082373799421498,0.2573928675791094,0.4098834200951446,0.4199241599163327,0.12005436734395175,0.2564214341131374,0.9021916195504,0.16189864024576744,0.7681984897986929,0.27511694839189677
2019-08-12,0.30239312343850144,0.2531933202918278,0.40022949483648673,0.41215608925322933,0.16247449990999416,0.2689325534508147,0.9021916195504,0.17841580795181006,0.7812406444026953,0.25395412561411607
2019-08-13,0.309484291722546,0.25990302109933267,0.4096975191506907,0.418809219291499,0.1139360961984157,0.2634200794117498,0.9021916195504,0.1715788759202543,0.7779800153594502,0.26308753845837424
2019-08-14,0.2955490990465066,0.24926838062089338,0.38993313835032806,0.39929391335252185,0.1762066576267939,0.26704218065098995,0.9021916195504,0.17733023571187792,0.7600093140168722,0.24103363352485027
2019-08-15,0.2966870643063188,0.2489472696398746,0.39240144959335677,0.396633557582841,0.16369815932563728,0.26918441086126355,0.9021916195504,0.18122304022604255,0.7524264894110909,0.2294497779471334
2019-08-16,0.3033652677281861,0.2546225651118863,0.3999719822441692,0.41113182434338114,0.12685246368300032,0.27167793585621386,0.9021916195504,0.18583929562998447,0.7528057752689712,0.23167744350268926
2019-08-19,0.3090502122705871,0.2593086091372707,0.40613911949018294,0.41802517033922676,0.1052345152502114,0.2901088429353275,0.9021916195504,0.20998802122632887,0.7663787131326192,0.24482068621398975
2019-08-20,0.30528844171777386,0.25692873358293067,0.40185905766787144,0.41311236120778944,0.11366416612101067,0.28914498356285023,0.9021916195504,0.20996646638405775,0.7723688263904858,0.23657830241373848
2019-08-21,0.3091770188765127,0.26007191977756183,0.4077919259675409,0.41847838294274176,0.0905506411615133,0.2892476090055648,0.9021916195504,0.20942768330622774,0.7797997920255239,0.24014257792497518
2019-08-22,0.3089364236824216,0.2588076323095696,0.4090143392077389,0.41673352548396986,0.10251529227419966,0.2902145046337437,0.9021916195504,0.2119330598097165,0.7819229250641062,0.24749387956948318
2019-08-23,0.2966074083256951,0.24829581554970553,0.39362386283355477,0.3956546028685835,0.14588715417848014,0.29456416864548307,0.9021916195504,0.21301326533381787,0.7973156395938279,0.22922700076923055
2019-08-26,0.3016908251937896,0.2527691136432989,0.4002885201947258,0.40313714737852024,0.13840923264591895,0.28403671106406264,0.9021916195504,0.20471051604887777,0.8066423113803113,0.2330140269025019
2019-08-27,0.3001919671428407,0.2515938701582361,0.3973027243771354,0.39409104151597846,0.15186946028531367,0.29604411558084215,0.9021916195504,0.22027724717918598,0.8485745504612897,0.22076186634694464
2019-08-28,0.30324497013114055,0.2529068458564902,0.40367775240694703,0.40164606020933863,0.13881712776202648,0.2934231437528166,0.9021916195504,0.21764843621158955,0.8569911531302473,0.21541545308008966
2019-08-29,0.30920142765981296,0.2580179961809406,0.4117305183767062,0.4125276992456378,0.11883070792830865,0.29254012468839474,0.9021916195504,0.21624930700082362,0.8523659627641804,0.22655380741373715
2019-08-30,0.3095070335645477,0.2575569252806385,0.41274354590981754,0.4116756573380775,0.1337865250607515,0.2910850750497889,0.9021916195504,0.21329523786230337,0.8434941447519709,0.22432614185818128
2019-09-02,0.3095070335645477,0.2575569252806385,0.41274354590981754,0.4116756573380775,0.1337865250607515,0.30285808062640385,0.9021916195504,0.23165477271936463,0.852669319136689,0.22432614185818128
2019-09-03,0.30622482614769675,0.25366490853531454,0.4057003836166052,0.4014512097711575,0.14303194023108637,0.30473721928013264,0.9021916195504,0.23744044430072594,0.86427062136352,0.21541545308008966
2019-09-04,0.31134729706907166,0.25817108671401656,0.4115631351916998,0.4071072942112159,0.11135281232842696,0.3132126993520099,0.9021916195504,0.24344315994691526,0.8695784539599758,0.2138560925023742
2019-09-05,0.31756058262495684,0.26431051618220697,0.4207647255971857,0.4188862853506661,0.09694085535079415,0.32205822308752136,0.9021916195504,0.2509368548256299,0.8446316407566337,0.23746938456948177
2019-09-06,0.3180011313967173,0.2637068720920135,0.42247602697613185,0.41635737893962194,0.07967368442576755,0.3263301589532994,0.9021916195504,0.2545332582638296,0.8466029148244727,0.23412785968027983
2019-09-09,0.3179556080236354,0.26302120986118094,0.42341546570477195,0.4249955823942394,0.0833446626726969,0.33414646791235636,0.9021916195504,0.2706152820928397,0.8215801721357591,0.2501670729249766
2019-09-10,0.3181116654804428,0.26287733003598557,0.4252405741469895,0.43287241965628204,0.08239292036811906,0.33304582522052134,0.9021916195504,0.26728193570929576,0.8264331509579409,0.26798842392529165
2019-09-11,0.3216133535016032,0.26662897987725936,0.43086032835266685,0.44832695837138226,0.07437116461342731,0.3291936517054914,0.9021916195504,0.2572629810848341,0.8193055416954114,0.27489419776986207
2019-09-12,0.3230179499910268,0.26771646459444587,0.431981520819218,0.4480368956662762,0.06906865776742684,0.3361673997073505,0.9021916195504,0.26321616458327385,0.8224143117679132,0.2878146633032597
2019-09-13,0.3226635265196916,0.26693736722925243,0.4328967996585788,0.4494282893403975,0.06254247853944349,0.3361673997073505,0.9021916195504,0.26321616458327385,0.7940553721195608,0.31276453877017996
2019-09-16,0.3211305358612009,0.26592093348425183,0.4293735065836904,0.452356025055487,0.07518694187930262,0.33601505557752204,0.9021916195504,0.2630621134452464,0.7940553721195608,0.29895299108103907
2019-09-17,0.32238879871805864,0.26734578715287893,0.43021249611199386,0.4494962822956856,0.0720598108208436,0.3196517627248148,0.9021916195504,0.24546834735197223,0.7849561272202144,0.2924927715922743
2019-09-18,0.32255624694040613,0.2669672056387354,0.43110824450193735,0.44498678369642897,0.06539767952049749,0.32199597984563827,0.9021916195504,0.2482169856468065,0.8035335413078094,0.2867008305254818
2019-09-19,0.32256601045372624,0.2672080335194368,0.4298171612371214,0.4418732153232332,0.06675730397484313,0.326230645672679,0.9021916195504,0.25712608584167546,0.7990598483435079,0.28402763716998836
2019-09-20,0.3201730368414963,0.2643473590137294,0.4258736500481028,0.4410982394748399,0.08402446193352997,0.3284598646088039,0.9021916195504,0.25974319560918185,0.8070975267235632,0.27979505668091137
2019-09-23,0.32012588621619437,0.2641188049367852,0.42624202808044614,0.44041388401762793,0.07845002501012444,0.31932840149259295,0.9021916195504,0.2507242097082042,0.8033061144206725,0.2693250073251043
2019-09-24,0.3160324737231262,0.2589058870003796,0.4227305497218719,0.4292376457242832,0.1075458690427951,0.3218965424714104,0.9021916195504,0.25344856581337794,0.8237792346597129,0.2530630434583728
2019-09-25,0.3190025662263623,0.2625798884321949,0.42675362940851674,0.43696947929567487,0.0927260299153945,0.3125970985085077,0.9021916195504,0.24080704672663106,0.8221868848807763,0.27467142059195926
2019-09-26,0.31782395935012825,0.2605303559870051,0.424788480410477,0.429119806021465,0.09422160644210288,0.304407709630115,0.9021916195504,0.22222862024683285,0.8337881871076073,0.26420137123615217
2019-09-27,0.31525051949779065,0.25653697861449276,0.42303869681267886,0.42329603513105823,0.10985722283537881,0.3053652687720114,0.9021916195504,0.22980703885251522,0.8343948998526245,0.2619737056805963
2019-09-30,0.31768088022200247,0.25915637541423014,0.4254232923515384,0.42460582619407305,0.0965329602346866,0.29697685333237794,0.9021916195504,0.22055297320236025,0.8269639342175864,0.2619737056805963
2019-10-01,0.3117488314766303,0.25517925601213964,0.41693497324810663,0.4110366674002603,0.1280761230986435,0.29697685333237794,0.9021916195504,0.22055297320236025,0.8464514174227074,0.25506795839189395
2019-10-02,0.3031913501860371,0.24976453789214537,0.404727574342294,0.40478231134223186,0.15526850845483797,0.29697685333237794,0.9021916195504,0.22055297320236025,0.8463754879373357,0.24437513185818407
2019-10-03,0.30693359371221013,0.25358154091886964,0.4077501645621201,0.40782788676013954,0.1356900096699072,0.29697685333237794,0.9021916195504,0.22055297320236025,0.8465273469080791,0.2310091385248489
2019-10-04,0.3136606147006779,0.2584163271664003,0.4169518031909379,0.4143314765558188,0.1074099299367721,0.29697685333237794,0.9021916195504,0.22055297320236025,0.8464514174227074,0.2263310302358343
2019-10-07,0.31151149078697915,0.25726783757469296,0.4145889081514309,0.41301266771272915,0.11855880378358313,0.29697685333237794,0.9021916195504,0.22055297320236025,0.8463754879373357,0.23479616465812023
2019-10-08,0.304077329486218,0.251454788469239,0.40683662176270746,0.40159621346180846,0.15146159110188565,0.29958234025632524,0.9021916195504,0.22312143061159753,0.8463754879373357,0.23123188914688358
2019-10-09,0.3083593047914154,0.2549625473339349,0.411329541372002,0.4047052452830648,0.12916381747558414,0.303092555472961,0.9021916195504,0.2259871688862802,0.8434182152665993,0.2428157712804686
2019-10-10,0.31140417151861516,0.2570261100434544,0.4150493927476931,0.40737921070856403,0.11461589545924876,0.31019686246998945,0.9021916195504,0.2378376692511509,0.8342434024508592,0.258186679547325
2019-10-11,0.31662907995169404,0.26168760646132444,0.42294832628870827,0.4194074909094691,0.0875594751417568,0.31826502883949526,0.9021916195504,0.24040348729194683,0.8221868848807763,0.27912675170307105
2019-10-14,0.31595928706230403,0.26131954229036547,0.42222661590357263,0.41647521864244014,0.07382731742495705,0.32890444834991267,0.9021916195504,0.25121970714359587,0.8007281276078163,0.27489419776986207
2019-10-15,0.320759879556744,0.26570904436249626,0.42808912636200774,0.4245741256543008,0.059823242597091986,0.323671841180144,0.9021916195504,0.24086748826393825,0.7851076246219804,0.28335933219214804
2019-10-16,0.3197861080148393,0.26463295521878066,0.4275256849521504,0.42537178426239153,0.06172671423990789,0.31983515256919226,0.9021916195504,0.238194423885475,0.7958751487856351,0.2782356961031958
2019-10-17,0.32112890860898086,0.26606614136500206,0.42811579386454546,0.43297664970328187,0.0632222907666163,0.31940612963855425,0.9021916195504,0.23849443209830978,0.8048984641996092,0.280240584480849
2019-10-18,0.3192187526371532,0.2631133383602378,0.42180292570954603,0.430094224183783,0.06947653991719462,0.30722140778880047,0.9021916195504,0.22841512391548902,0.7925385902570177,0.27801291892529306
2019-10-21,0.3225546196881861,0.2663355010198824,0.4232211739005683,0.4377671379037656,0.0660774917476703,0.3076816282467726,0.9021916195504,0.23022238746623752,0.7957992193002628,0.2880374404811626
2019-10-22,0.320810284686486,0.2637608297039931,0.4222448925463607,0.43706917279073515,0.07233174089824863,0.3122706251141917,0.9021916195504,0.2381971512328644,0.7848801977348426,0.2826910272143076
2019-10-23,0.32219698140148945,0.26444036574307256,0.42337693526258807,0.43797106144582565,0.06621345678637282,0.3083034534144631,0.9021916195504,0.23149984179185668,0.7923870928552523,0.2806861122807864
2019-10-24,0.32313499308363236,0.2673361266197298,0.42267523756018877,0.43599052458141735,0.062134596389675695,0.3080857538806574,0.9021916195504,0.2304196362677553,0.7835912043284146,0.2822454994143701
2019-10-25,0.3251280595405237,0.2698506927116354,0.42644128688783495,0.4406223441116275,0.0477226264457031,0.3124416422165851,0.9021916195504,0.23985036364558543,0.7862451206266424,0.2900423288588156
2019-10-28,0.32787053517835024,0.27348609485135567,0.42971671203678474,0.44661385677618676,0.05397687559628145,0.32025180275784626,0.9021916195504,0.25259182681731185,0.7836671338137862,0.3016262109924006
2019-10-29,0.32745923725747156,0.2713303608022775,0.4292411817609714,0.4489433208733062,0.05520053501192456,0.31220845777870115,0.9021916195504,0.2475611905680761,0.7853350515091166,0.2976164076812265
2019-10-30,0.3290654145767845,0.27252055562245814,0.4320862136727613,0.4470307769641859,0.04337184893794075,0.3075883392903405,0.9021916195504,0.24175123679705426,0.7838186312155515,0.2893740238809752
2019-10-31,0.3275681837780556,0.27201079649189414,0.4286182327595561,0.4423173548228692,0.05547246508932959,0.3043983731438325,0.9021916195504,0.23758816095449417,0.7758568823208686,0.2655379811918329
2019-11-01,0.3323394857325353,0.27613620829086233,0.4360532096244126,0.45449971181830423,0.04296396678817294,0.3134583324382705,0.9021916195504,0.25263326490184124,0.763572937863648,0.27378036499208414
2019-11-04,0.3341862582459394,0.27818925365719727,0.43888642681988826,0.4581571685100005,0.05016994527698937,0.31883402315797765,0.9021916195504,0.25856119844219194,0.7622080149718482,0.2867008305254818
2019-11-05,0.33359290652181156,0.27825415701737916,0.4396400128274063,0.45915875066015127,0.05384092352391871,0.32383040963416077,0.9021916195504,0.2649108150805243,0.7569001823753925,0.3045221815257969
2019-11-06,0.3339440357996282,0.2771991239802836,0.4396382767874581,0.4545949240852292,0.04731474429593534,0.31980099469254913,0.9021916195504,0.2579161367951231,0.7412800409585338,0.29293829939221183
2019-11-07,0.33530957823577145,0.2782471311750888,0.4441378512165541,0.4566116980413492,0.04881032082264372,0.31983515256919226,0.9021916195504,0.2630080943711465,0.732484152431696,0.31788817485913207
2019-11-08,0.3365938771281495,0.28003653609352974,0.4442968435418108,0.45881884120751504,0.03983683572971392,0.3153175836171537,0.9021916195504,0.26101255587158084,0.732484152431696,0.3194475354368477
2019-11-11,0.3356070875684846,0.2795526954665367,0.44454991958759404,0.4569652171498039,0.04826647363417342,0.29846302459192536,0.9021916195504,0.2416638737016452,0.7308158731673876,0.32167520099240343
2019-11-12,0.3363922962982602,0.28050945239257136,0.44454991958759404,0.4571238304962733,0.04813052156181064,0.29997098098613184,0.9021916195504,0.2407241705575723,0.7418867537035517,0.31410114872586076
2019-11-13,0.3367499345849569,0.2803344061023382,0.44682389080308726,0.4544317741868203,0.052481299069573065,0.2969924141428487,0.9021916195504,0.24231966878037556,0.7397636206649687,0.3054132371256721
2019-11-14,0.3371709563300771,0.28019928715975484,0.4467836725442871,0.45425501463259293,0.053161111296745875,0.2984319788773763,0.9021916195504,0.2476088751579167,0.7517442087496801,0.2931610765701147
2019-11-15,0.34104492790791435,0.2829108338788,0.4522878836467448,0.45772658334237876,0.03956491861864863,0.2926707595899567,0.9021916195504,0.23872872003695467,0.7496210757110977,0.29739363050332357
2019-11-18,0.3413001683719856,0.2833104929198145,0.4530614341136672,0.45586388618078866,0.04513935554205414,0.2982236158298531,0.9021916195504,0.2447899416835942,0.740142544953871,0.2916016894365312
2019-11-19,0.34099940453483246,0.28421943984587356,0.4505380518256148,0.4585605343659853,0.050577827426757135,0.3059311509283997,0.9021916195504,0.260508964372969,0.7535639854157538,0.2867008305254818
2019-11-20,0.33909413031966484,0.2822923027142414,0.44774977877546496,0.4555330498320314,0.04949013304981653,0.2987988344725238,0.9021916195504,0.2532386480433416,0.7549289083075534,0.27600803054764
2019-11-21,0.3382943160089877,0.2813920952505435,0.4463967285291643,0.45206596235038093,0.05424880567368647,0.2964949236461393,0.9021916195504,0.25012067412461275,0.7611464484525571,0.28358208281418273
2019-11-22,0.33939163965237806,0.2819917765943232,0.44909612597863224,0.4543229522640769,0.04350781397664324,0.2907897232764144,0.9021916195504,0.2368287266749663,0.7559904748268447,0.28402763716998836
2019-11-25,0.34318754281273306,0.28693184337495414,0.45380831707805186,0.46926087729611765,0.0371175997873624,0.29728154159203485,0.9021916195504,0.2367800743166972,0.7636488673490196,0.28179997161443254
2019-11-26,0.34430602073498356,0.28760915170794155,0.4551714460007185,0.4703168427457381,0.03263085724089749,0.29755829629923697,0.9021916195504,0.24136298569932993,0.7615257343104374,0.27645355834757757
2019-11-27,0.3464372448742622,0.29012063328371973,0.45621634915621223,0.47479004892947885,0.0354860582219515,0.2963550281646874,0.9021916195504,0.23876470342670525,0.7592507423011118,0.2824682500364048
2019-11-28,0.3464372448742622,0.29012063328371973,0.45621634915621223,0.47479004892947885,0.0354860582219515,0.29215869506587955,0.9021916195504,0.236399829303245,0.7557630479397076,0.2824682500364048
2019-11-29,0.34438079495894725,0.28837860996023673,0.4534364669658121,0.4704392190004958,0.04731474429593534,0.2866514585678999,0.9021916195504,0.23279805914921453,0.7606915946782832,0.2844731649699259
2019-12-02,0.3399736403000443,0.2841023139140338,0.44681029182349297,0.46277084183245276,0.07845002501012444,0.2878422780540728,0.9021916195504,0.2348728666809691,0.7584925321543292,0.2978391583032612
2019-12-03,0.3366133644657111,0.2820251065047004,0.4398913528332413,0.4605274615745752,0.0927260299153945,0.2906062575256444,0.9021916195504,0.23959900779101972,0.7636488673490196,0.26954778450300715
2019-12-04,0.33979317405993664,0.28404439355564043,0.44352006211165146,0.4656351764679978,0.07695444848341605,0.2885592139316164,0.9021916195504,0.24232873061202423,0.7802550073687757,0.28558699774770385
2019-12-05,0.34055234675419194,0.28422119630644616,0.44421163291435295,0.4660566332079364,0.07314751816412396,0.29519813883598,0.9021916195504,0.2523395911732657,0.7716865457290749,0.2891512732589405
2019-12-06,0.34518223652184443,0.287986448007032,0.45253898253592034,0.47467220922666065,0.06091093697403258,0.2990985129102731,0.9021916195504,0.2595062683020956,0.7678192039408126,0.2991757682589419
2019-12-09,0.34356470812606993,0.28646419645763027,0.4499351155069357,0.4727596653175404,0.09136640546104888,0.2998646361301828,0.9021916195504,0.25929450297415035,0.7606156651929115,0.29627979772554563
2019-12-10,0.3430054890094839,0.28621632131438773,0.4492467756674712,0.47370686416822155,0.08891909959610238,0.3007469720370718,0.9021916195504,0.26286213729633917,0.763572937863648,0.29717085332542076
2019-12-11,0.3444864472860127,0.2878776331325356,0.44997711802901597,0.473806612987086,0.07953771938706504,0.30295478537050025,0.9021916195504,0.25717201085255514,0.759857455046129,0.28759188612535685
2019-12-12,0.34886601803533246,0.2906532264017273,0.45542751189307923,0.47964399353331116,0.06526171448179498,0.3002439403737069,0.9021916195504,0.2556873661042891,0.7632695814911394,0.31142792881449916
2019-12-13,0.3489034051473143,0.29142354146405786,0.45550973267395967,0.47654851604406917,0.04745070933463785,0.3164045631583314,0.9021916195504,0.27085766409470474,0.7493932872549828,0.2940521321699898
2019-12-16,0.3525855197195038,0.2949045464353982,0.45799135355659126,0.4819689210784911,0.04078857803429174,0.32160210157474645,0.9021916195504,0.28469736847488186,0.7133000255990837,0.3103140960367212
2019-12-17,0.35275947695073134,0.29530506228644815,0.45876340910022495,0.48542245422812724,0.04282800174947043,0.33342581262157833,0.9021916195504,0.29801183853522795,0.72065506174875,0.309645817614749
2019-12-18,0.35253511458976183,0.2954972019368876,0.45807502103742853,0.4873123153775501,0.04677089710746506,0.3317536707003071,0.9021916195504,0.29698749964313537,0.7317259422849135,0.3174426470591945
2019-12-19,0.3548484719104466,0.29810648837820725,0.46147442837267955,0.48974152829353396,0.04568320273052444,0.3317605022756357,0.9021916195504,0.29713433650742316,0.7376404876263865,0.31387837154795784
2019-12-20,0.3574251265781457,0.2997621024096197,0.46340345809513017,0.491921507471867,0.045819167769226954,0.32798977631980153,0.9021916195504,0.29111631252427395,0.7417348947328077,0.31588328648147906
2019-12-23,0.35787869336766626,0.3006697641206257,0.4657845815540933,0.49293669927783623,0.04717877925723282,0.314873303501615,0.9021916195504,0.2755054159620469,0.7389294810328145,0.31989306323678507
2019-12-24,0.3577762558559623,0.3009869123552307,0.46489375194400306,0.49469062984048706,0.04799455652310813,0.321069770043861,0.9021916195504,0.2874946591279852,0.7435546713988821,0.31432389934789545
2019-12-25,0.3577762558559623,0.3009869123552307,0.46489375194400306,0.49469062984048706,0.04799455652310813,0.32082110070189884,0.9021916195504,0.2911244065874941,0.7394602642924601,0.31432389934789545
2019-12-26,0.3604634842964654,0.3040362135902324,0.4675094819126338,0.4945365530459572,0.0477226264457031,0.3287412496059509,0.9021916195504,0.29780368034415255,0.7257354674580688,0.3132100665701175
2019-12-27,0.3604813840708856,0.30334442516764665,0.46809881925171853,0.4906207895127312,0.058327666070383574,0.3280202147832102,0.9021916195504,0.29150183627460885,0.7318018717702851,0.30630429272554704
2019-12-30,0.35743651734368576,0.3006846726152417,0.4635775443232699,0.4884091097946259,0.07722636559448136,0.3388984358045596,0.9021916195504,0.3034109306188778,0.7306643757656223,0.31098240101456165
2019-12-31,0.3589792715154966,0.301851990607477,0.4654613887837352,0.4903669638993368,0.06308632572791378,0.34203868326395365,0.9021916195504,0.3092496535059105,0.7237641933902305,0.3163288142814166
2020-01-01,0.3589792715154966,0.301851990607477,0.4654613887837352,0.4903669638993368,0.06308632572791378,0.34203868326395365,0.9021916195504,0.3092496535059105,0.7060205573658109,0.3163288142814166
2020-01-02,0.36337995685459806,0.30709828129476163,0.4736181242570593,0.48959652460288294,0.04527532058075665,0.3529436233354772,0.9021916195504,0.3279930405132938,0.7059449894494172,0.30808643048116535
2020-01-03,0.35964092814378656,0.3039651411977956,0.4678425604660303,0.4869225591773837,0.06634942182507533,0.3525045807610238,0.9021916195504,0.32957771732548746,0.7068546969979651,0.2871463583254194
2020-01-06,0.3614990517336522,0.3061892915282008,0.46953384916224017,0.48800574393864105,0.06403806803249165,0.35238707766537136,0.9021916195504,0.33334884695450534,0.7076888366301199,0.2922699944143714
2020-01-07,0.36001968102026494,0.3060625264834627,0.4665783858204115,0.48576236368076353,0.0632222907666163,0.3590387548436818,0.9021916195504,0.3451308996977967,0.7152716612359012,0.29583426992560813
2020-01-08,0.36259962988148253,0.30872360709142255,0.47056365841485087,0.4881552841812315,0.058599583181448874,0.34725238974197975,0.9021916195504,0.33412367754994116,0.6924476195021629,0.30630429272554704
2020-01-09,0.3661191779879846,0.3119782000109072,0.4757933340888322,0.4887897928909133,0.04622704991899474,0.3559545263019825,0.9021916195504,0.3513579616615018,0.6930543322471802,0.30274004377017855
2020-01-10,0.364599205347254,0.31090037582686986,0.47250628711689574,0.485458691319839,0.046498979996399764,0.3551489317579518,0.9021916195504,0.3497065968066897,0.6979832405547336,0.2953887421256706
2020-01-13,0.3683024345092251,0.3150709415147039,0.47456252998888454,0.49088363290620035,0.043235883899238235,0.36238668219306625,0.9021916195504,0.36415353188627614,0.6658325270345125,0.3005123782146227
2020-01-14,0.3674928566852279,0.31407952662273714,0.47536790785485744,0.49366182837869943,0.044187626203816055,0.35966619708442027,0.9021916195504,0.35952012058746535,0.653245587773762,0.29382935499208696
2020-01-15,0.36849103701043284,0.3144028438895971,0.47760363796815813,0.4966802398087744,0.044595508353583814,0.35444907481872984,0.9021916195504,0.3580382031865887,0.6590082741444916,0.2871463583254194
2020-01-16,0.372964869321278,0.3187208237440225,0.48420632834784455,0.5070225270785126,0.043235883899238235,0.3494872257511526,0.9021916195504,0.35759857238320586,0.651046525249808,0.29182446661443395
2020-01-17,0.37504735527211314,0.3201163102486861,0.48545217812734337,0.5044936206674684,0.04024473084582147,0.3499271792023164,0.9021916195504,0.35642282172152717,0.6421747072375992,0.2978391583032612
2020-01-20,0.37504735527211314,0.3201163102486861,0.48545217812734337,0.5044936206674684,0.04024473084582147,0.35623591129912957,0.9021916195504,0.37097154844400215,0.6274642733692878,0.2978391583032612
2020-01-21,0.3736118806795878,0.31932093349282,0.4816977506226838,0.4982664839210768,0.0504418753543944,0.34266544234715923,0.9021916195504,0.35633457883663766,0.6328480354511151,0.2829138043922104
2020-01-22,0.37376793813639514,0.3198894697918127,0.48145653751654666,0.4976138290036371,0.051257639653929946,0.3453439512207304,0.9021916195504,0.3670237570873091,0.662420400589502,0.2829138043922104
2020-01-23,0.3743840713916032,0.3207102938057304,0.4808101519758305,0.497863118065092,0.052209368992168034,0.3191567771390592,0.9021916195504,0.3318741438273684,0.663103042819891,0.27645355834757757
2020-01-24,0.36949568665543936,0.31686870033099,0.47660392007464975,0.4875389216793076,0.07369136535259425,0.3191567771390592,0.9021916195504,0.3318741438273684,0.6857748640139074,0.26331031563627705
2020-01-27,0.3610682267861333,0.3091653355051754,0.4653962390623455,0.4793403211723867,0.12358938055217858,0.3191567771390592,0.9021916195504,0.3318741438273684,0.685850793499279,0.24638004679170525
2020-01-28,0.36636953669539585,0.31488449965099985,0.4700145393345662,0.48576236368076353,0.09707682038949665,0.3191567771390592,0.9021916195504,0.3318741438273684,0.685850793499279,0.25439965341405363
2020-01-29,0.3659078336447752,0.3151249205469344,0.4703009377026887,0.4816426212816733,0.09857238394986528,0.3191567771390592,0.9021916195504,0.3318741438273684,0.685850793499279,0.2439296040582465
2020-01-30,0.3675757671702916,0.3161676583600219,0.47338698982728816,0.4811894086781583,0.08633581572611367,0.3191567771390592,0.9021916195504,0.3318741438273684,0.685850793499279,0.23590999743589816
2020-01-31,0.3581241703184174,0.3096755658812589,0.4584885843317572,0.4657077059752253,0.13188306638427535,0.3191567771390592,0.9021916195504,0.3318741438273684,0.685850793499279,0.22744486301361222
2020-02-03,0.3619282097398725,0.31504772196274444,0.46203859313251533,0.473933470469979,0.12005436734395175,0.24767109699387155,0.9021916195504,0.25059180139139586,0.685850793499279,0.22744486301361222
2020-02-04,0.36984034661345444,0.32358322069494405,0.47210781772545013,0.4850643985677331,0.09394967636469786,0.2590760324730584,0.9021916195504,0.2785198386589263,0.750227426887137,0.2459345189917677
2020-02-05,0.375871538677012,0.3253691126922398,0.4840386558228468,0.49646270661089587,0.08171310814094622,0.2698957296657591,0.9021916195504,0.29796406596643926,0.732711579318833,0.2561817911696719
2020-02-06,0.3776744150695542,0.32815348826429436,0.48623411945401546,0.4944413407790322,0.07912983723729726,0.28495077584303347,0.9021916195504,0.32461640848731155,0.7139823062604945,0.25506795839189395
2020-02-07,0.3747368279216398,0.3258880825306844,0.4793884799282437,0.4850689351196726,0.0860638986150484,0.2878888845790926,0.9021916195504,0.32553622838912616,0.7117076758201469,0.24036532854700987
2020-02-10,0.3787002189934209,0.33062062992074037,0.48369226762984735,0.49000442701080726,0.08021753161423785,0.2924058462799909,0.9021916195504,0.3360687161333287,0.7350621392445529,0.2334595812583076
2020-02-11,0.3796203309011436,0.33108347870186594,0.48368040469020124,0.4944640235387296,0.08212100325705377,0.2958824349647312,0.9021916195504,0.3396876421822281,0.7220959141259214,0.24303854845837145
2020-02-12,0.3831480152687457,0.33490091013360795,0.4904722269775786,0.49984365492950034,0.06254247853944349,0.30372644975706536,0.9021916195504,0.35519850668052744,0.7079921930026278,0.2519492106805949
2020-02-13,0.3822522724552447,0.3342871771052476,0.4873091621919433,0.5018196552419691,0.06811691546284897,0.2972517103797665,0.9021916195504,0.3483084353643523,0.7126177449376727,0.24905324014719865
2020-02-14,0.38326343110913125,0.33512989261556986,0.48668621319052796,0.4990278501136517,0.06172671423990789,0.3006512540760784,0.9021916195504,0.352992170621445,0.7167121520440941,0.24259302065843388
2020-02-17,0.38326343110913125,0.33512989261556986,0.48668621319052796,0.4990278501136517,0.06172671423990789,0.321362389187104,0.9021916195504,0.3822887204258216,0.7240675497627385,0.24259302065843388
2020-02-18,0.3816589207311169,0.3351983517373987,0.48259031627272225,0.497187835711759,0.07736233063318387,0.3217820756314596,0.9021916195504,0.3881437194182427,0.718911214568048,0.2354644696359606
2020-02-19,0.38423720265103595,0.3389025985634637,0.48545044208739513,0.5012893765792872,0.07124404652130803,0.31880669685666313,0.9021916195504,0.38175715162173135,0.7317259422849135,0.2385832173472597
2020-02-20,0.38213685661485913,0.3359980553839437,0.4822888722250486,0.5028756206915896,0.0872875580306915,0.33582976807333104,0.9021916195504,0.40639600793763664,0.732484152431696,0.22855869579139015
2020-02-21,0.37636900158739445,0.32834824118534184,0.47667008248600923,0.49496254633783526,0.10795376415890265,0.3387880679098059,0.9021916195504,0.41726184791598325,0.7515923497789367,0.2165292858578676
2020-02-24,0.358184299272401,0.3127612815427653,0.4511992901525545,0.4720707733083889,0.21604350632284758,0.33616519842196685,0.9021916195504,0.4301159241412078,0.7544736929643016,0.19558921370212162
2020-02-25,0.34230481801699214,0.30154538113630747,0.4294855776070136,0.44660024712036833,0.2543847655258531,0.33051191802473956,0.9021916195504,0.43765651179923065,0.7561419722286099,0.18511919090218265
2020-02-26,0.3403832712796244,0.3022108654908063,0.4264296650648483,0.437925751250235,0.25044185720151874,0.3227014538579082,0.9021916195504,0.4053563607085842,0.7622080149718482,0.18066383323520277
2020-02-27,0.3180092676578174,0.284036082498297,0.3970247168687626,0.41304890480444084,0.40815769745398267,0.3237589058123878,0.9021916195504,0.4086419345233395,0.7647863633536824,0.1782134170576122
2020-02-28,0.31401988023959465,0.28407511019540965,0.3882033192119343,0.4033320531405055,0.42107409087124686,0.28923948702156294,0.9021916195504,0.35879939704507746,0.7372612017685062,0.1398975217014887
2020-03-02,0.3361305468253088,0.3009557673104437,0.42015166237880874,0.42239414647596774,0.3301155286609465,0.3174165471836793,0.9021916195504,0.39492478481778964,0.7277071030948858,0.13120963665716803
2020-03-03,0.3220100458415803,0.2891954498074898,0.40074726875103983,0.40770551050538184,0.37634260451262075,0.3242460730397117,0.9021916195504,0.4041545682782841,0.734455788068513,0.1138338134567905
2020-03-04,0.34261534536746546,0.30384758686093805,0.4297201358933493,0.4281544609630259,0.3106729949147182,0.33008160468542835,0.9021916195504,0.4049482263686016,0.7050349203318914,0.10982401014561632
2020-03-05,0.3253540094646347,0.291586292530283,0.4057808683575374,0.4044151825779587,0.41441193363822126,0.3487397755038078,0.9021916195504,0.4246195273410197,0.7083714788605081,0.09512140685660034
2020-03-06,0.3169704854052691,0.2844370267543646,0.3994477946264741,0.3910001005786759,0.44595509650217807,0.33718439355460605,0.9021916195504,0.41303841851506407,0.686078220386416,0.04611271152263502
2020-03-09,0.2802613422630056,0.2570217403122738,0.3497273693931335,0.329462879995698,0.6161794350557988,0.3088229567650092,0.9021916195504,0.3703111784599734,0.682362737568897,0.0
2020-03-10,0.30231672196231774,0.2742871265534555,0.37854447517342316,0.34644026174355624,0.5188306975552368,0.3254477471400179,0.9021916195504,0.39688064481178686,0.6933576886196887,0.05546892810066417
2020-03-11,0.279419219394608,0.2570818241160066,0.34237461330915736,0.3071920613439192,0.608565600349894,0.3166660606806329,0.9021916195504,0.3785544539760348,0.7009401516564921,0.07150812806742685
2020-03-12,0.2370316407188236,0.22416935158801385,0.284288066895406,0.2431213977979577,0.9018354722672229,0.3026653542957439,0.9021916195504,0.3552174221543572,0.7039733538126003,0.07796836083412567
2020-03-13,0.2744837237222208,0.2536964819851192,0.3332984035665976,0.28264151469494286,0.661998641724045,0.29145413193032005,0.9021916195504,0.3453182948571334,0.7562938311993532,0.10069057074549002
2020-03-16,0.22166748245913886,0.2111311447577556,0.2592989774242472,0.20436718364548684,1.0,0.26093088108117424,0.9021916195504,0.29325956767760786,0.7400666154684994,0.05101358371161837
2020-03-17,0.24492425056576533,0.23000300697481926,0.28519572644832747,0.2356796269316721,0.9078178302394155,0.2579421427812907,0.9021916195504,0.2887072729688949,0.7290720259866856,0.11093784292339426
2020-03-18,0.22361343797980685,0.21487094920028993,0.2521486628875649,0.18340153651907715,0.9151596830025561,0.24212135291606932,0.9021916195504,0.27310543823831657,0.7393084053217168,0.17086211541310423
2020-03-19,0.22544878003859228,0.22192241011066688,0.2567971027422198,0.21403418856189202,0.8546566670773107,0.23384292583922678,0.9021916195504,0.2722306635579012,0.7697908395776296,0.13811538394587033
2020-03-20,0.20846546613091305,0.21003136481656104,0.2342496570115519,0.19370307780706625,0.7736233711635372,0.24736390382326076,0.9021916195504,0.28396670331136487,0.8162723395393032,0.09779461349002784
2020-03-23,0.19748897519256967,0.2092044360311411,0.21987862187362112,0.18849566941858328,0.7131203033729326,0.22079704596610278,0.9021916195504,0.24265126143555865,0.8064908139785459,0.05903319033396674
2020-03-24,0.23161658191047407,0.23364761982242013,0.2720488405905429,0.23116111055234068,0.7142079718171938,0.24015697138351774,0.9021916195504,0.26338552405826127,0.8038368976803181,0.07061705918961769
2020-03-25,0.2362058300617047,0.23217538455883516,0.2842863790787897,0.23742902094238347,0.7452073263916996,0.2585484071385104,0.9021916195504,0.2921604466796767,0.7816195686915975,0.07997326248971277
2020-03-26,0.2613239762626368,0.25030368560692373,0.3176583232265267,0.26913122042873516,0.705098547618241,0.25336233058736896,0.9021916195504,0.284437918557096,0.8206704645872112,0.06950322641183976
2020-03-27,0.24692057152709673,0.2373554009898812,0.2950570120341325,0.24722747521742533,0.7668252748244886,0.255629502719764,0.9021916195504,0.2803432903361152,0.7900365329295338,0.055691692000632946
2020-03-30,0.2607679719614123,0.249277591328774,0.3121106629020319,0.2591605431514054,0.6518014972154721,0.24786017981768954,0.9021916195504,0.26187835669929554,0.8068700998364262,0.03809311817822072
2020-03-31,0.2539304565782976,0.24602912460104248,0.3019797124442719,0.2567947866387702,0.6036709626873217,0.24881834621072632,0.9021916195504,0.26704500840220946,0.8098270109381854,0.04433058704495077
2020-04-01,0.23538323421994733,0.23113483161133794,0.27793994748479156,0.2200347190065261,0.651529567138067,0.24391403418869465,0.9021916195504,0.2661026658896953,0.7963300025599084,0.030296275455841116
2020-04-02,0.2445519670090885,0.23669430778681383,0.28954267403197687,0.22629814816843355,0.5679129614216254,0.2582520685820329,0.9021916195504,0.2865856606367802,0.8099029404235564,0.028514137700222795
2020-04-03,0.23833379969654325,0.23168319003399693,0.2806316774244883,0.21099768624786325,0.5120326012161882,0.25307510079799633,0.9021916195504,0.28036132602046454,0.7976949254517082,0.019603475477999333
2020-04-06,0.2667878129485083,0.2553792997351557,0.32081425095904154,0.2503048064989094,0.4908225738321863,0.25307510079799633,0.9021916195504,0.28036132602046454,0.8038368976803181,0.03942971485596743
2020-04-07,0.26609365096489657,0.25423957102606043,0.32016907100162273,0.25048156605313676,0.5106730026945221,0.27072743600882365,0.9021916195504,0.30908214158883207,0.8038368976803181,0.05279572146723669
2020-04-08,0.28081730687515155,0.26317299375895287,0.33942040377395793,0.27427069118573405,0.4651257261036808,0.26905036017203726,0.9021916195504,0.3052658787594669,0.7685774140875952,0.05903319033396674
2020-04-09,0.2872939691562081,0.26592268994482443,0.3464768757067732,0.2992290849188306,0.4422841182552488,0.27232587282293824,0.9021916195504,0.31215779763355106,0.7838186312155515,0.05123634761158714
2020-04-10,0.2872939691562081,0.26592268994482443,0.3464768757067732,0.2992290849188306,0.4422841182552488,0.26322454454456584,0.9021916195504,0.2973253388036297,0.7666061400197561,0.05123634761158714
2020-04-13,0.282711190324779,0.2676265423812302,0.33836363767881816,0.2835071662583217,0.43548602191620017,0.25900141648919117,0.9021916195504,0.2905460329830437,0.7612223779379287,0.055691692000632946
2020-04-14,0.29643670559890756,0.2818101757073192,0.3521652999370686,0.2949688753810289,0.38912300695850294,0.2727545921280061,0.9021916195504,0.3132983567160116,0.7737337492822856,0.05635998370053926
2020-04-15,0.2862437961381197,0.2764336070541513,0.3411679690984889,0.27078999404826515,0.43099930530241476,0.2677461365354091,0.9021916195504,0.3080424943597796,0.771231330385823,0.030964580433681506
2020-04-16,0.2888757376922208,0.2825392782069468,0.34199090025727147,0.2681205651747054,0.42107409087124686,0.2704700374317194,0.9021916195504,0.31285511877575883,0.785032056705586,0.02450434766698268
2020-04-17,0.30106984987100005,0.2877060997634476,0.359392916474778,0.2912389445059092,0.3944255656698624,0.27624059320542144,0.9021916195504,0.31800830969962185,0.7943587284920693,0.034528842666984076
2020-04-20,0.29271390972121764,0.2837838376238738,0.3447749778775465,0.28410084600054814,0.4716519442306835,0.28061135919428704,0.9021916195504,0.32643264589076065,0.7893538906991442,0.02829137380025402
2020-04-21,0.278635677606131,0.2707329071645898,0.3291815777227496,0.2712930533993103,0.4931339016920905,0.2726706396578565,0.9021916195504,0.3161047092007636,0.7895057496698875,0.016039199966762688
2020-04-22,0.2888367233280189,0.2809169940859116,0.34046357088950346,0.27873936081753536,0.4464989566569882,0.27794590622023285,0.9021916195504,0.3260443947930363,0.7882923241798531,0.026732013222538546
2020-04-23,0.28859124637726774,0.28088936196226977,0.34143734463045256,0.2844226645692306,0.4383412617962735,0.27624180770770207,0.9021916195504,0.32125693235619807,0.7976189959663365,0.025395403266857765
2020-04-24,0.29492157502575844,0.2870208659376327,0.3478570756889306,0.29302916748407587,0.3642420013275717,0.266923766678627,0.9021916195504,0.3085911310797907,0.7840460581026885,0.021608377133586425
2020-04-27,0.3017070977159898,0.29121649331900235,0.35670880582152065,0.3151595189971432,0.3283480609558524,0.26908960377698066,0.9021916195504,0.3111776241733773,0.7959510782710061,0.034974383744855696
2020-04-28,0.2992539554606978,0.28584566529307165,0.3559130726219267,0.3225015410445643,0.3321549783088047,0.2673885415201515,0.9021916195504,0.31559029629154217,0.7992872752306448,0.02472711156695145
2020-04-29,0.3116285338795847,0.29931244850303934,0.369055955943164,0.3509089313753575,0.30033988536744277,0.2712494442703236,0.9021916195504,0.3167632316268834,0.7938279452324237,0.028514137700222795
2020-04-30,0.3072262212882632,0.298208705815431,0.3619417124587389,0.3282029910040175,0.34004079495747347,0.2829522364338387,0.9021916195504,0.33546694012869827,0.7917803801102351,0.02740030492244486
2020-05-01,0.2939412944749737,0.2857236983845318,0.34658354571692424,0.3054607582171616,0.3813731812812161,0.2829522364338387,0.9021916195504,0.33546694012869827,0.781088785431952,0.031855649311490666
2020-05-04,0.2958969738198832,0.2903632390452446,0.34722723075105427,0.30704246577752464,0.36478586148238173,0.2829522364338387,0.9021916195504,0.33546694012869827,0.7812406444026953,0.030741816533712732
2020-05-05,0.3000749240502351,0.2946803620896346,0.35051919650284397,0.3113661317186749,0.33269883846361475,0.2829522364338387,0.9021916195504,0.33546694012869827,0.7812406444026953,0.03519714764482446
2020-05-06,0.29682034023204595,0.29666627638969556,0.34512560972375267,0.30660739938176756,0.3396328739086864,0.28856665275808535,0.9021916195504,0.3500110919458748,0.7812406444026953,0.047226557578347025
2020-05-07,0.3021476464877502,0.3021617274352758,0.3503414453014802,0.3156354143603556,0.30319509931483657,0.2865093618010644,0.9021916195504,0.34821561757416436,0.8131635694668015,0.029405206578031955
2020-05-08,0.31005001984801206,0.30837617062206596,0.3615861618326795,0.3368049573669233,0.2561522591636267,0.29391440992533774,0.9021916195504,0.36067422842792485,0.7981497792259821,0.04076631153371413
2020-05-11,0.3101134033064356,0.3114917032728044,0.35888676438321154,0.3329979604326366,0.25057782224022124,0.29374650498503846,0.9021916195504,0.35776432472132336,0.7900365329295338,0.05056805591168082
2020-05-12,0.3003480642887266,0.3031658659562683,0.3475980681733243,0.3122861665815233,0.32494901278632804,0.29273786084096237,0.9021916195504,0.3619336470691947,0.8089173033896369,0.03987524265590497
2020-05-13,0.29220021397771356,0.2970514553411117,0.3348378852140031,0.2931197878752572,0.35540445534066484,0.29475697088253555,0.9021916195504,0.36725171054169475,0.7968607858195539,0.03341500988920614
2020-05-14,0.2974836241125559,0.3005850684486259,0.34415525983936807,0.2950686241998933,0.3191026457855175,0.2861422025803467,0.9021916195504,0.35712199042164394,0.8038368976803181,0.026732013222538546
2020-05-15,0.29930436059043974,0.30369271844703866,0.34563865775178004,0.30387905065679865,0.30931337046037266,0.28555673657468306,0.9021916195504,0.3573687713709113,0.8064148844931743,0.03141010823361905
2020-05-18,0.3139694751098527,0.3133556935048273,0.3681549994333759,0.3386404352168765,0.2740992293494864,0.287720372387653,0.9021916195504,0.35342828226690604,0.8113437928007278,0.05457785922285501
2020-05-19,0.30893479643020155,0.3111740837926799,0.3585131782310235,0.3268705171813053,0.29082256605238244,0.29492047325206744,0.9021916195504,0.36529312320030816,0.8169549817696922,0.047226557578347025
2020-05-20,0.3168469333037835,0.3195389916468304,0.36762492856918966,0.34464102098531474,0.2562882242023293,0.29030718633903546,0.9021916195504,0.3558904611069045,0.8090688007914022,0.04032078373377659
2020-05-21,0.31309163207077184,0.3155513120610535,0.36511191429749457,0.34492654713848137,0.2772263733742852,0.28539042566862716,0.9021916195504,0.3466039312249208,0.8047469667978439,0.039652478755936194
2020-05-22,0.3142198338172639,0.3172933353845366,0.3648907138740937,0.3485386383107828,0.25859957799491295,0.26855165517304724,0.9021916195504,0.32494342623719624,0.8212768157632504,0.03519714764482446
2020-05-25,0.3142198338172639,0.3172933353845366,0.3648907138740937,0.3485386383107828,0.25859957799491295,0.26985906687816213,0.9021916195504,0.3238506397235244,0.8327266205883161,0.03519714764482446
2020-05-26,0.32012425896397434,0.31797899761536913,0.37797534341040223,0.3655522018265486,0.25656015427973433,0.27874406193779455,0.9021916195504,0.3439038573094076,0.8375040314941042,0.04433058704495077
2020-05-27,0.327335685155986,0.32114371116213986,0.3916330590229471,0.3851717931363297,0.2512576474337338,0.27571478962429447,0.9021916195504,0.3319461985858176,0.8362906060040698,0.04032078373377659
2020-05-28,0.32629527565121763,0.319241121638022,0.3879880502583565,0.3689966618723058,0.2644459449957235,0.2786429546229308,0.9021916195504,0.3293146602708317,0.8621474883249377,0.045889947622666245
2020-05-29,0.3286655074214459,0.32454396178764333,0.38755519763126994,0.3659918600980493,0.2497620579406857,0.2805485846076562,0.9021916195504,0.3376561202929118,0.8447072086730274,0.03319224598923737
2020-06-01,0.3305220037590915,0.32727170221635765,0.3898244911835693,0.3711267389793046,0.25955130733315107,0.30016089878026775,0.9021916195504,0.3697346524134319,0.8379588852683781,0.0363109804226024
2020-06-02,0.33460081067125813,0.32974282803946825,0.39643238968310035,0.37694597331777185,0.24065260780905331,0.30201612692034635,0.9021916195504,0.37066705330481703,0.8306794170351055,0.04032078373377659
2020-06-03,0.3414367384912314,0.33301237229407077,0.409450133458071,0.3923008185378118,0.22460909629966985,0.3026296023848574,0.9021916195504,0.3702941105440526,0.8103577941978303,0.058364885356126356
2020-06-04,0.33972653609707304,0.3300687585769362,0.4097446815692837,0.39228726420579746,0.22664852001484853,0.30134860610434655,0.9021916195504,0.373077852439157,0.8215801721357591,0.07150812806742685
2020-06-05,0.3529886813792824,0.338766622810845,0.4302169326585282,0.41725473104277294,0.20910944494509642,0.30493905437789737,0.9021916195504,0.3768021772678147,0.8174098355439667,0.09022053466761701
2020-06-08,0.35924098129936943,0.3436215655144585,0.44161051461528633,0.4307332694454043,0.22664852001484853,0.30710671322967203,0.9021916195504,0.37996977131324106,0.7960266461873997,0.08576520355650527
2020-06-09,0.3551426870496412,0.3448937570550274,0.4341999869797004,0.41720942084718227,0.25057782224022124,0.3128091809692654,0.9021916195504,0.38613920706597643,0.7879133998909508,0.07351302972301395
2020-06-10,0.35237254812407437,0.3478153935947538,0.427229641917649,0.39923499350111274,0.25057782224022124,0.30896657165969554,0.9021916195504,0.390789686280708,0.792463022340624,0.05546892810066417
2020-06-11,0.3218035832550309,0.32466944161732836,0.3812606543423905,0.34885132845178213,0.43031950604158176,0.30186036700285357,0.9021916195504,0.3824797227220282,0.7801031483980325,0.0343060787670153
2020-06-12,0.32817780802438357,0.3288843043839928,0.3930470635607626,0.36310943457855044,0.36641739008145285,0.301500950234175,0.9021916195504,0.38320854032763624,0.783211918470535,0.044553350944919544
2020-06-15,0.3322874930396519,0.3349035234042159,0.39693878289132634,0.37758048202745365,0.34343984312699777,0.29226344588758524,0.9021916195504,0.3778535256969571,0.797088212706691,0.04522165592275993
2020-06-16,0.3417407171437461,0.3423546433556074,0.4099461586499396,0.3923778845969788,0.3335145768304708,0.30523470977684203,0.9021916195504,0.3964752378191937,0.8034576118224378,0.05725105257834842
2020-06-17,0.3399118444047622,0.34299776496818213,0.4057396374087675,0.3807167331603469,0.3307953797871386,0.3065157060573529,0.9021916195504,0.3984455263606703,0.7998180584902904,0.052127416489396304
2020-06-18,0.3402126082419154,0.3444243536771309,0.4047641276278702,0.3810792700488764,0.3235893623993029,0.3075883392903405,0.9021916195504,0.40508608938018875,0.7986805624856277,0.04343951816714161
2020-06-19,0.33735142257018474,0.3445590442146965,0.3996127666448858,0.37713634252781764,0.35322906658678366,0.3163902168501413,0.9021916195504,0.4207239954794657,0.8016378351563641,0.044107823144982
2020-06-22,0.34062227891057406,0.3494004064792489,0.40340273474515176,0.3838892213849518,0.3076818418613015,0.31565711291098664,0.9021916195504,0.4238150478400926,0.7886716100377333,0.04566718372269748
2020-06-23,0.34280553543181463,0.3526857160385028,0.4066405939185556,0.3865223578429957,0.30224336997659845,0.3173199183459754,0.9021916195504,0.43206456986146524,0.7857143373669968,0.046781016500475406
2020-06-24,0.3296441607200107,0.3429380881492162,0.3891064939949896,0.3640430237734132,0.33582595655573405,0.3200966500914938,0.9021916195504,0.4338231810539447,0.7781318743301935,0.04121185261158575
2020-06-25,0.33507874655500036,0.3476684506736819,0.39650520691426133,0.37472527581959175,0.313800138939517,0.3200966500914938,0.9021916195504,0.4338231810539447,0.7931453030020349,0.03898418705602988
2020-06-26,0.32293341225374306,0.33627223459527317,0.37848004880201186,0.35907583134250626,0.3479265597407832,0.3200966500914938,0.9021916195504,0.4338231810539447,0.7931453030020349,0.030519039355809886
2020-06-29,0.3301172148470929,0.34140182775573563,0.39280662202793576,0.3783056111283168,0.307817806900004,0.31448936896814594,0.9021916195504,0.4283123557062772,0.7931453030020349,0.030519039355809886
2020-06-30,0.3377659749955035,0.34950082461539833,0.39816640425136895,0.38744239270584413,0.2894629415980368,0.32168946983256036,0.9021916195504,0.4499330942094852,0.7949650796681086,0.0343060787670153
2020-07-01,0.3402971459791992,0.3537060911096662,0.39624277554209053,0.38107025226880153,0.26485384011183105,0.33453230010563895,0.9021916195504,0.4607989341878318,0.7834397069266499,0.04076631153371413
2020-07-02,0.3425974455930453,0.35603113082174037,0.39852388381070414,0.38313233642051225,0.25207341173326936,0.3546135639713648,0.9021916195504,0.47490081583318416,0.7877615409202076,0.037870354278251944
2020-07-03,0.3425974455930453,0.35603113082174037,0.39852388381070414,0.38313233642051225,0.25207341173326936,0.37396597465591824,0.9021916195504,0.4896548854203971,0.7842734849898254,0.037870354278251944
2020-07-06,0.3506786182521162,0.36594635075395215,0.40987329319544674,0.3881267481630561,0.2556084249414962,0.4299514176315824,0.9021916195504,0.5354622684465571,0.7841979170734318,0.04121185261158575
2020-07-07,0.3450863477080991,0.3620086660337411,0.4000749390577643,0.3759443911676211,0.27586674891993956,0.43382408587259824,0.9021916195504,0.5554858371269489,0.7477253695596524,0.033637773789174916
2020-07-08,0.3490887134550034,0.36852800507162997,0.4044475896773136,0.3811110259124527,0.25751188361797234,0.4518890482332749,0.9021916195504,0.5773228278844525,0.7443888110310356,0.0343060787670153
2020-07-09,0.3461804168470494,0.3709517492997827,0.39552969713336406,0.36820353981615456,0.2735553951273559,0.4665498366076947,0.9021916195504,0.6087076459996347,0.7372612017685062,0.02361327878917352
2020-07-10,0.3515434829625155,0.3740089760276119,0.404645642901405,0.378971875701575,0.24677090488726888,0.44563413376877287,0.9021916195504,0.6011850940259611,0.7293753823591942,0.02985074765590357
2020-07-13,0.3466957398427735,0.36406830883734864,0.40490489153367076,0.37031093416345595,0.31339221789072996,0.46427765465339205,0.9021916195504,0.6442392638519885,0.72854124272704,0.03141010823361905
2020-07-14,0.35357230927916866,0.36835604329752425,0.41865220609687587,0.3815007821126191,0.2770904083355827,0.4553647260413048,0.9021916195504,0.630484283198779,0.7318774396866787,0.025840944344729385
2020-07-15,0.35829324579298494,0.37107195974775,0.42426950091262655,0.40416594884030793,0.25316110611021003,0.43878843985112936,0.9021916195504,0.6068508503011365,0.7314225859124048,0.02918244267806318
2020-07-16,0.356506641922643,0.36770898035878663,0.42092670776901986,0.39931205956027976,0.2564241892410318,0.3917769542271549,0.9021916195504,0.5403830189896841,0.7253565431691665,0.025172639366888995
2020-07-17,0.3579957364602718,0.3689969800445087,0.4193770992219165,0.40192251325862627,0.22488102637707488,0.3930298651424258,0.9021916195504,0.5510677982929533,0.7256598995416752,0.02873691487812564
2020-07-20,0.3624029308082533,0.3805738973593843,0.4195973351786795,0.39948876379070297,0.20829365471288136,0.42412734785113937,0.9021916195504,0.5811498241454792,0.7279345299820228,0.026954777122507316
2020-07-21,0.36329053736065425,0.37676918955666805,0.4235362169278362,0.4083536288708821,0.21346022245285884,0.42622479328981416,0.9021916195504,0.5890165497639063,0.7211858450083957,0.024058806589111064
2020-07-22,0.366333776835634,0.377899664717381,0.4276209742559743,0.4095455802310787,0.20639019603640518,0.4300393931405367,0.9021916195504,0.5999049123529525,0.7192145709405566,0.021385613233617654
2020-07-23,0.3597725768172937,0.3671645632622905,0.41889269585303457,0.40957274421891143,0.23031949826177783,0.42753531715702325,0.9021916195504,0.6003075919981563,0.7336216484363588,0.0184896427002214
2020-07-24,0.3565163657468845,0.3628548944652085,0.41438820264408527,0.39930752300834027,0.22705641513095606,0.3876321615688819,0.9021916195504,0.5349199662108052,0.7369578453959983,0.020049003277936874
2020-07-27,0.3603822010636217,0.37044811636097186,0.41722460257946603,0.4070574474636857,0.2121005979985132,0.3902621662576198,0.9021916195504,0.538628982702503,0.7468153004421265,0.02450434766698268
2020-07-28,0.35697318704084513,0.36456183141774173,0.41215097760749586,0.4003091051584911,0.22161794324625309,0.3973301140926214,0.9021916195504,0.5539875556417359,0.7294509502755879,0.018266865522318553
2020-07-29,0.3634758456683434,0.3707407598285643,0.4161086182327596,0.41429977601604656,0.20339904298298842,0.41803441762831844,0.9021916195504,0.590932819231283,0.7343798585831414,0.01782133772238101
2020-07-30,0.3614892882203321,0.3727091095228995,0.41053057720917113,0.4117934970408957,0.21237252807591828,0.41563106942770606,0.9021916195504,0.5827714521158519,0.7348347123574153,0.009356203300095092
2020-07-31,0.3655372170293969,0.3796166691878302,0.4133618172480391,0.4051449035545655,0.20829365471288136,0.4228395959016924,0.9021916195504,0.5981796451817823,0.740142544953871,0.008242370522317159
2020-08-03,0.3693559017208321,0.3865273133688884,0.41919071604414365,0.4170961176963035,0.20584636181427463,0.44085977349077027,0.9021916195504,0.6276103628819282,0.7150438727797863,0.01425707548907844
2020-08-04,0.37129042678688146,0.3882105595239426,0.42324166881662356,0.42181402106575555,0.19877633539782102,0.44201757369618816,0.9021916195504,0.618231982978185,0.7189871440534197,0.003564262233302582
2020-08-05,0.3747465914349599,0.39072118428968544,0.4324523734318375,0.4349707962235086,0.188307260811843,0.4438426669984282,0.9021916195504,0.6272833451320434,0.7139067383441009,0.009801731100032634
2020-08-06,0.3782238706728201,0.3955322583194862,0.43703146813522786,0.4342365940187665,0.18368455322667565,0.44660975863209396,0.9021916195504,0.6184725174221412,0.6850166538671248,0.008242370522317159
2020-08-07,0.3785685306308352,0.3912730556334896,0.4381795692209762,0.4453675221165206,0.17770222118716253,0.43652840291963313,0.9021916195504,0.599136416241776,0.6985140238143792,0.014034298311175595
2020-08-10,0.38006250692512406,0.38940336761473127,0.4470177003739719,0.4523877809190634,0.17661452681022194,0.4443686982987328,0.9021916195504,0.5999300743320936,0.7095845427815646,0.016707504944603078
2020-08-11,0.37570897221132454,0.3812639721618992,0.44443683587430105,0.4480505053220946,0.20244731364475033,0.43225494892600425,0.9021916195504,0.5827191926207129,0.7048834229301261,0.03541991154479324
2020-08-12,0.38329434890131153,0.39132831988077316,0.45159530015407356,0.4517441991055026,0.17865397645808015,0.425718345838785,0.9021916195504,0.5685074252692519,0.6931302617325518,0.03809311817822072
2020-08-13,0.3821693619701809,0.39265577566862564,0.44961713085642224,0.4501761012009581,0.17661452681022194,0.42617226606617625,0.9021916195504,0.5669579400362763,0.6862300793571593,0.04834039035612496
2020-08-14,0.3820751004086556,0.3916380138680702,0.45046398078782457,0.44931044963757927,0.17552683243328135,0.43841384180394277,0.9021916195504,0.5847678704048981,0.6918412683261237,0.046781016500475406
2020-08-17,0.3835609404418444,0.39648246064875,0.4483379105312523,0.4527503178075929,0.16600951311822099,0.46288325422242593,0.9021916195504,0.6075806356751731,0.6962390318050535,0.040989088711616974
2020-08-18,0.38482733955980225,0.40004062136377855,0.44668761166715293,0.44563490206192924,0.16818490187210222,0.46670377477176656,0.9021916195504,0.609917532493155,0.6828935208285426,0.037870354278251944
2020-08-19,0.38240023334003054,0.3972163612845759,0.4445842545999031,0.44667725785573126,0.18218898966630698,0.4533469064084048,0.9021916195504,0.5840327183150307,0.6745528476449566,0.03920695095599865
2020-08-20,0.38413317757619053,0.40241437072636543,0.44574098766206055,0.44315584239841527,0.18463628256491363,0.43959524889744067,0.9021916195504,0.5696245819515323,0.6733394221549222,0.03230117711142821
2020-08-21,0.386027061025818,0.4044696009582906,0.4504469579516657,0.4377988384435378,0.18218898966630698,0.4448136615718043,0.9021916195504,0.5837759957446342,0.6700032251952834,0.03141010823361905
2020-08-24,0.39157384788583177,0.4074491578564104,0.45978313967646967,0.4450457035478381,0.17987763587372327,0.4463541818084106,0.9021916195504,0.6007752001070176,0.6728086388952766,0.03274671818929983
2020-08-25,0.3935799323604832,0.41125476530966376,0.4583011884640145,0.44628750165556486,0.17525492828855582,0.44260455782970265,0.9021916195504,0.601020221477324,0.6731119952677852,0.04076631153371413
2020-08-26,0.3992876187448859,0.41996663838765147,0.4603623501158566,0.441293089913021,0.19211420409747487,0.4289745023595882,0.9021916195504,0.5793075449734085,0.6678041626713295,0.04188014431149206
2020-08-27,0.4002337666881289,0.41822418665915073,0.4643214374410771,0.44327368210123347,0.2084296197515838,0.4353081317531545,0.9021916195504,0.588919245047368,0.647331042432289,0.05502338702279255
2020-08-28,0.40404756962290406,0.42130771745506684,0.4683113876987103,0.4495189097315789,0.18789936569573548,0.45200313554126303,0.9021916195504,0.6174085880034282,0.6505916714755341,0.05123634761158714
2020-08-31,0.40279581577492635,0.42480975711277635,0.4627852349802405,0.4420590479813395,0.23480624080824278,0.4494757562952397,0.9021916195504,0.6090220827599488,0.631786468931824,0.04321675426717284
2020-09-01,0.4070777910801237,0.43201343032594297,0.468108705034757,0.44962767633051814,0.23086335841658792,0.4541173562926893,0.9021916195504,0.617259023791751,0.6191236001857018,0.03853864597815826
2020-09-02,0.4158872980194267,0.43713599764411515,0.47933885811972404,0.4558412587448954,0.23698162956212399,0.4523125299972575,0.9021916195504,0.6206616975863547,0.6038064535723738,0.03386055096707776
2020-09-03,0.3954396832025689,0.4108875793689911,0.45939474896139,0.43426381333040337,0.33256284749223275,0.44614991770608453,0.9021916195504,0.6102959299486982,0.6112374192074119,0.02740030492244486
2020-09-04,0.3908715496411199,0.4045279497217017,0.4554586159421513,0.43001267689648065,0.2938137191057992,0.43694254819733325,0.9021916195504,0.5998715683316433,0.6176827478085304,0.049454223133902894
2020-09-07,0.3908715496411199,0.4045279497217017,0.4554586159421513,0.43001267689648065,0.2938137191057992,0.4174247374834344,0.9021916195504,0.5663011771891174,0.614422118765286,0.049454223133902894
2020-09-08,0.37540824806324985,0.38410973817299054,0.43984394929798887,0.4160944802223486,0.30346700345956207,0.4248325182378392,0.9021916195504,0.5671390007113538,0.6053232354349168,0.04121185261158575
2020-09-09,0.38631968860187116,0.39700138764669285,0.4506973334908629,0.42601531075214816,0.2674370980491403,0.40562152116258837,0.9021916195504,0.5282577603700677,0.6171519645488849,0.045444419822728704
2020-09-10,0.37660308777260554,0.387263870115824,0.44067575354984,0.4175266475401211,0.2796736662728919,0.3994639186933231,0.9021916195504,0.5175459715297485,0.6070670826156196,0.041434616511554515
2020-09-11,0.3768924608442186,0.38436678118361195,0.4439116837899681,0.4127769883070927,0.24106050292516087,0.4073993247822758,0.9021916195504,0.5355731219210942,0.6082045786202817,0.037870354278251944
2020-09-14,0.3838129264014757,0.3932765345392763,0.45200244974526027,0.43076950653711604,0.2271923801696586,0.4131412638459902,0.9021916195504,0.5426938740390445,0.6082801465366754,0.03831588207818949
2020-09-15,0.3866838358974479,0.3991404567405824,0.4520584852569219,0.43130432175173755,0.22365736696143176,0.41838510516185484,0.9021916195504,0.553637135491671,0.5898545914198235,0.04009801983380781
2020-09-16,0.38412992307175053,0.3930053970035725,0.4529666270431623,0.4377308454882497,0.22977566403964733,0.4147300605482521,0.9021916195504,0.5417290089158305,0.5680165482889833,0.04188014431149206
2020-09-17,0.37950003330409804,0.3868554716124484,0.4497469962892146,0.43332109570785754,0.23548604006907584,0.41053615645400554,0.9021916195504,0.5420812766238043,0.5478464228534734,0.04121185261158575
2020-09-18,0.3733972818319383,0.3817228367763602,0.44370871178602345,0.4306834226978742,0.2269204500922535,0.4315709564228232,0.9021916195504,0.5627930166358073,0.5557326038317634,0.04343951816714161
2020-09-21,0.3671531181729514,0.3810875978161112,0.431123531298148,0.4073293639610339,0.253433036187615,0.4249935916028098,0.9021916195504,0.5541812852853318,0.5586898765024999,0.03831588207818949
2020-09-22,0.3727632884913887,0.38919627662917394,0.43459204266800405,0.4126364658445771,0.24092453788645832,0.41173843780545205,0.9021916195504,0.5428235550084634,0.5857598227444243,0.03675650822253994
2020-09-23,0.35997741215162304,0.3746911253372993,0.4216284054714192,0.39201529238464516,0.26430997995702094,0.4134201439321834,0.9021916195504,0.5506290472790509,0.5665756959118119,0.03942971485596743
2020-09-24,0.3615494568633941,0.3764142559995017,0.4229199227462223,0.39217844228305404,0.26335825061878293,0.39584272833079337,0.9021916195504,0.5241911094545653,0.5897027324490802,0.03720204930041156
2020-09-25,0.3699817588002817,0.38699933001739284,0.4317719422188037,0.40264316113135407,0.23439834569213525,0.39467430123041986,0.9021916195504,0.5239712500633998,0.603958312543117,0.03564267544476201
2020-09-28,0.3786205630127972,0.39594725426013444,0.4418974434400596,0.41870045269255973,0.231815087754826,0.3940888352247562,0.9021916195504,0.519174813773861,0.6002428297255981,0.03653374432257117
2020-09-29,0.37599834528293763,0.3945311614741194,0.43865312234018183,0.41615793662569717,0.23290278213176663,0.39621049480265136,0.9021916195504,0.5317668007128582,0.5911435848262516,0.03252394101139698
2020-09-30,0.38047380484600274,0.3981397883002333,0.4467772106178132,0.41749942822848424,0.23426240658611225,0.3942496049641566,0.9021916195504,0.532374911201748,0.5946316407566337,0.039652478755936194
2020-10-01,0.3833674958730552,0.4051149074364557,0.4476463397285509,0.4281544609630259,0.23874914913257717,0.3942496049641566,0.9021916195504,0.532374911201748,0.5751441575515127,0.039652478755936194
2020-10-02,0.3781035730757745,0.39408236437757443,0.44433561510065417,0.4318255273105406,0.2513935865397568,0.3942496049641566,0.9021916195504,0.532374911201748,0.5749167306643758,0.04388504596707916
2020-10-05,0.3878868515569822,0.4053772626692966,0.45583712087419254,0.45115953714335094,0.2558803290862217,0.3942496049641566,0.9021916195504,0.532374911201748,0.5752200870368843,0.0585876625340292
2020-10-06,0.3801437901579678,0.3975734368668308,0.4465564924277313,0.4490430696921706,0.2765465481807726,0.3942496049641566,0.9021916195504,0.532374911201748,0.5752200870368843,0.05413231814498339
2020-10-07,0.389649046644024,0.40678585836750186,0.45965968794681933,0.4643389950608014,0.25723995354056733,0.3942496049641566,0.9021916195504,0.532374911201748,0.5752200870368843,0.06371129862298132
2020-10-08,0.3941017643650874,0.4092592118967045,0.4626731157335854,0.4722747521742532,0.2341264415474097,0.3942496049641566,0.9021916195504,0.532374911201748,0.5751441575515127,0.059255954233935516
2020-10-09,0.39902912377637456,0.41623257457235435,0.4666579060947058,0.47635366560588804,0.21563561120674002,0.4110463233182692,0.9021916195504,0.5667723044559005,0.5747648716936324,0.06148361978949138
2020-10-12,0.4083084303383197,0.4292317108649981,0.47284577937343425,0.4815656105463104,0.2165873405449781,0.4379058003186702,0.9021916195504,0.6045031320725451,0.5023505599257193,0.061929160867363
2020-10-13,0.40468481746789375,0.42868952147459405,0.4689518899929353,0.4760363835891451,0.23018353322307536,0.43830529566261006,0.9021916195504,0.6126571969352885,0.5407947430763164,0.050790819811649596
2020-10-14,0.40090351988844036,0.4245145432150777,0.4648579702317372,0.46914757414523894,0.23467027576954033,0.4324066858046924,0.9021916195504,0.6029688671975815,0.5416288827084699,0.04967698703387166
2020-10-15,0.4000370676148996,0.42210789234713125,0.46436908209298905,0.4769564184519935,0.24242010144682694,0.42973440125530954,0.9021916195504,0.5970093492148825,0.5174402796519103,0.051681888689458756
2020-10-16,0.4001134690910833,0.42025178476743413,0.467137149567075,0.4746586548946463,0.24840243348634003,0.43103240056774944,0.9021916195504,0.5887066879088904,0.5252501695758507,0.05457785922285501
2020-10-19,0.39086504063223987,0.4117991824061599,0.4569921178964018,0.4655128002132401,0.27246770075041526,0.42366750692512994,0.9021916195504,0.5786579963999894,0.5045496224496732,0.058364885356126356
2020-10-20,0.3934986491276395,0.41344909865083695,0.459791241196228,0.4673618877190117,0.27477905454299895,0.42846494274646485,0.9021916195504,0.5951165701266338,0.4924931048795903,0.06638449197847472
2020-10-21,0.39226963712166346,0.4120540833916928,0.4573723588683913,0.4610486671333783,0.2652617092952591,0.42750730769817585,0.9021916195504,0.5828669972534292,0.48832276828779736,0.07061705918961769
2020-10-22,0.3951844427384976,0.4129893343858388,0.46114602748247685,0.473045191470707,0.25791977873407984,0.4236146760759219,0.9021916195504,0.5764047675615988,0.46921457094055663,0.0777455969341569
2020-10-23,0.3971189678045469,0.41484368550496337,0.4604524795231677,0.4776906206567356,0.2503058921628162,0.4128872810565502,0.9021916195504,0.5522857788496938,0.4946162379181726,0.07618623635644142
2020-10-26,0.38664644878546606,0.40653759765974334,0.4443990770054275,0.4616967301750744,0.3170631961376593,0.404530518582606,0.9021916195504,0.5579425612721686,0.49628451718248096,0.06727556085628389
2020-10-27,0.38497363350328956,0.40971409234450085,0.43891309432242603,0.4551251474241071,0.32916379932270845,0.40552451279292184,0.9021916195504,0.565005687179149,0.5156960709022304,0.06215192476733177
2020-10-28,0.36552257175941677,0.3910050026139132,0.4156241666405457,0.4336293046207216,0.42338541873115115,0.41016459466252053,0.9021916195504,0.5756768297454712,0.5104641677911462,0.06282022974517217
2020-10-29,0.3718756819389877,0.39893293735000734,0.419060079038041,0.4419230620707634,0.3868116790985987,0.4112496765438848,0.9021916195504,0.5875291776682509,0.5282833717319588,0.07484962640076065
2020-10-30,0.3653486145281892,0.38691292072532224,0.41517110843739524,0.431453861994328,0.3926580460994093,0.3962646160605326,0.9021916195504,0.5620281276615007,0.517743636024419,0.08041880356758438
2020-11-02,0.3718967965287694,0.3889317793712445,0.4256262643554831,0.44510008684730773,0.38055744291436017,0.39644717093459214,0.9021916195504,0.5786372333682507,0.4988625039953379,0.07796836083412567
2020-11-03,0.3814751999865692,0.397835363694654,0.43932887589002184,0.4658164725741646,0.3590754335875942,0.4107348034832836,0.9021916195504,0.5929688280469496,0.4993177193385891,0.08531967575656774
2020-11-04,0.39355064182052296,0.41670810414200393,0.44840580898256005,0.46616993635881515,0.27777020759641574,0.41271406266877314,0.9021916195504,0.6001274111125593,0.4893843348070885,0.0599242592117759
2020-11-05,0.4044442222738026,0.4298752608825906,0.4618008038829427,0.48655094918497527,0.2507137872789237,0.42598788943869575,0.9021916195504,0.6212770223489843,0.4707309912341224,0.061706396967394224
2020-11-06,0.4042800285558951,0.4300639304523867,0.460151999942132,0.4812075548859162,0.2137321525302638,0.423508634845543,0.9021916195504,0.6162463860997485,0.4352440807542618,0.07150812806742685
2020-11-09,0.41095501716240096,0.4221039510209684,0.4807578296607247,0.5069409797912102,0.22583275571531297,0.4426518475122553,0.9021916195504,0.643519508078029,0.43918735202789577,0.10224994460113956
2020-11-10,0.4101470665906237,0.41508847613207844,0.4872501368337043,0.5214301734478713,0.21291636229804878,0.438429326708021,0.9021916195504,0.630203190459774,0.45260843092080116,0.1053686790345046
2020-11-11,0.41455747575396673,0.4252909844691614,0.4866751218241922,0.521398417584295,0.1945615229287611,0.43284967551155784,0.9021916195504,0.6055931912388276,0.44252354898753454,0.10224994460113956
2020-11-12,0.4087619971278403,0.42192012242787236,0.4788369014580324,0.5084954680399363,0.22039428383060997,0.43175434626720066,0.9021916195504,0.612070729267618,0.45465563447401114,0.08598796745647405
2020-11-13,0.41658792932283994,0.4271712112513552,0.48870416673699235,0.5246162713282947,0.18980285030489116,0.4228700343651011,0.9021916195504,0.6086904901047657,0.4393388494296611,0.08777010521209237
2020-11-16,0.42337670651751125,0.43133170942127325,0.500324157236996,0.5433339186591811,0.18096533025066386,0.4343315201067305,0.9021916195504,0.6173644225715094,0.4353959397250051,0.09066607574548863
2020-11-17,0.42055132039462095,0.43024420328383584,0.4961986511934069,0.5463115564456049,0.18450031752621115,0.4321336505107248,0.9021916195504,0.6067057730158096,0.41901722659238594,0.0830919969230778
2020-11-18,0.41376579770438965,0.42595646882366023,0.4876822178874805,0.5360734438990624,0.1998640297747616,0.43443536005172567,0.9021916195504,0.600010311132711,0.39725511294691734,0.08531967575656774
2020-11-19,0.4160547462417742,0.43047978320307034,0.4887886057911399,0.5427855491125453,0.18993881534359364,0.4393430878614216,0.9021916195504,0.6107535964364303,0.4005916714755341,0.0790821936119036
2020-11-20,0.4120994914310932,0.4282977450859053,0.48336290227300677,0.5433339186591811,0.1979605710982854,0.44389549784763627,0.9021916195504,0.6175076522989273,0.41795566007309476,0.07351302972301395
2020-11-23,0.41535895700594244,0.42942342211041995,0.49145612761822555,0.558271843691222,0.1838205182653781,0.45532464746604345,0.9021916195504,0.6267743869176008,0.4024114481416078,0.07975049858974399
2020-11-24,0.42475852147585463,0.4362739610674945,0.5026895116664296,0.5742385148612462,0.16995239550987587,0.45169723277932544,0.9021916195504,0.6220229958494612,0.4195480098520315,0.08531967575656774
2020-11-25,0.42382213704593175,0.4388012507884259,0.4983990818277607,0.5703816711794294,0.16464988866387534,0.4391064876358734,0.9021916195504,0.5998201886259849,0.42387020541456777,0.08442860687875857
2020-11-26,0.42382213704593175,0.4388012507884259,0.4983990818277607,0.5703816711794294,0.16464988866387534,0.44140910805358474,0.9021916195504,0.594766149976569,0.41424017725557577,0.08442860687875857
2020-11-27,0.42523649704867544,0.44369038021245205,0.4993348073598449,0.575027100365458,0.15907545174046983,0.45340224216856667,0.9021916195504,0.602954438650102,0.4119655468152281,0.0764090002564102
2020-11-30,0.4225183508159921,0.44337850135956475,0.49262573630999884,0.5589606803765692,0.1554044734935405,0.44825761050775226,0.9021916195504,0.6010833023830726,0.4131030428198909,0.07685452805634774
2020-12-01,0.42915432505829604,0.45023825102451986,0.497200346243523,0.5663163674036129,0.15812372240223174,0.4669683085497697,0.9021916195504,0.6245302199108589,0.4144676041427127,0.0969035446122187
2020-12-02,0.43022077059858466,0.44998643455511445,0.49867853603609036,0.5672137195067639,0.16356219428693475,0.4661727336495543,0.9021916195504,0.6273419391114416,0.409159771546257,0.10002227904558371
2020-12-03,0.4298484870419078,0.4512064035240254,0.500795250966275,0.5720494625790342,0.1650577837799829,0.46392013554452705,0.9021916195504,0.6281617269493287,0.4027903724305101,0.09378481017885362
2020-12-04,0.4351156643436285,0.45502520585182404,0.5069367333997208,0.5918775139828149,0.15839565247963677,0.4646803380658186,0.9021916195504,0.6332050321670829,0.3868668746411428,0.1047003740566642
2020-12-07,0.4339516630482961,0.4574695563613283,0.5032709403790836,0.5913336809881186,0.1653296879247084,0.4559819209190503,0.9021916195504,0.6284140505723228,0.3786776988593222,0.09556693465653793
2020-12-08,0.4356244783304726,0.4602253573187021,0.5058410028524101,0.6033574246370842,0.15690006298658865,0.4539845960121362,0.9021916195504,0.6284509137515538,0.3772368464821508,0.09222543632320412
2020-12-09,0.4308401583582327,0.44952932640122606,0.5032467804898044,0.5962737094311927,0.17851801141937762,0.44210281657501094,0.9021916195504,0.6052652936994625,0.37951183849147635,0.09846290518993413
2020-12-10,0.4300728494028773,0.45246235851442335,0.5015295476410352,0.6055871952391433,0.18191705958890195,0.4425106616221302,0.9021916195504,0.6065994944465708,0.38747358738616,0.09111160354542619
2020-12-11,0.42931851877620353,0.45123669175877695,0.5026926944063346,0.6006018566004784,0.19265803831960543,0.4344005190175496,0.9021916195504,0.5907255408296881,0.38914186665046835,0.08777010521209237
2020-12-14,0.42672233708186424,0.4539640037824736,0.49812946517913764,0.601580811314736,0.21182866792110813,0.44121858300830846,0.9021916195504,0.6030670517036002,0.39012750368438853,0.0875473413121236
2020-12-15,0.43438411524803494,0.4607645050334805,0.5064688706336787,0.6223832808808346,0.18694763635749745,0.44063091571726115,0.9021916195504,0.609479661268733,0.3931603442715181,0.09445310187875999
2020-12-16,0.43544889384702495,0.463533972110919,0.5053634471966572,0.6191926464484718,0.18164512951149692,0.4405540984480103,0.9021916195504,0.6083787806918409,0.3845163147154235,0.09378481017885362
2020-12-17,0.43891319475620355,0.4682085991425816,0.509038113310363,0.6306725571027411,0.1738953038342102,0.45233461875748676,0.9021916195504,0.6208815569775202,0.37920848211896774,0.09601247573440952
2020-12-18,0.4367884399367265,0.4678089401015671,0.5059686500119353,0.6270196369629842,0.16900066617163775,0.44923384262221366,0.9021916195504,0.6176608236474743,0.37981519486398496,0.10002227904558371
2020-12-21,0.43443285343647836,0.467233377960284,0.5068920303710545,0.6271737137575142,0.21781099996062123,0.45721471664029806,0.9021916195504,0.6429518679052402,0.3827721059657435,0.09846290518993413
2020-12-22,0.4331876085973807,0.4701024063638366,0.5019307657623988,0.6360340422857539,0.20516653662076206,0.43738250164849707,0.9021916195504,0.6201995441722723,0.3920232098358339,0.09333926910098206
2020-12-23,0.4336346663780212,0.46848761933061117,0.5047533738248576,0.6438383500405689,0.19265803831960543,0.4453226139337873,0.9021916195504,0.6321563231063818,0.38747358738616,0.1015816396232992
2020-12-24,0.4357561666930583,0.469962489285055,0.5064826625066006,0.6424107192747359,0.1684568319495072,0.4393509062198533,0.9021916195504,0.6231968989532308,0.38550195174934304,0.09556693465653793
2020-12-25,0.4357561666930583,0.469962489285055,0.5064826625066006,0.6424107192747359,0.1684568319495072,0.44975091696819847,0.9021916195504,0.6323401111288487,0.37746427336928845,0.09556693465653793
2020-12-28,0.44100707147257884,0.4741163900177004,0.5115220006895936,0.6389210043571921,0.1707681857420909,0.4499753721709403,0.9021916195504,0.6347761602212776,0.3864120208668689,0.09668078071224993
2020-12-29,0.4396545073651172,0.4719580426980143,0.509835630773237,0.6222019847746678,0.18953092022748608,0.4443015211413346,0.9021916195504,0.6281194090753188,0.3824691111622129,0.09712630851218745
2020-12-30,0.44046733969355445,0.47282577706137036,0.5116600158654762,0.6315517629981342,0.18531610775842625,0.4553131096943773,0.9021916195504,0.6489627655935977,0.3782228450850483,0.09512140685660034
2020-12-31,0.4443738166267135,0.47362770841400736,0.5165220368570925,0.6292267801291501,0.18504417768102122,0.4735376272921738,0.9021916195504,0.6732069483485713,0.37230829974357527,0.09311650520101326
2021-01-01,0.4443738166267135,0.47362770841400736,0.5165220368570925,0.6292267801291501,0.18504417768102122,0.4735376272921738,0.9021916195504,0.6732069483485713,0.37951183849147635,0.09311650520101326
2021-01-04,0.4353643561097412,0.4653001146368987,0.5070757612655731,0.6161062973869129,0.24242010144682694,0.4828304673989255,0.9021916195504,0.7053503209538009,0.37973926537861336,0.09311650520101326
2021-01-05,0.43962525651423545,0.47058671823634907,0.5112165541053728,0.6311529336940888,0.22025831879190746,0.49082682632108815,0.9021916195504,0.7341883244809649,0.325523081840415,0.1015816396232992
2021-01-06,0.4430846359776754,0.46715750743164897,0.5220260068428908,0.6668705902087267,0.2165873405449781,0.4977290705011742,0.9021916195504,0.7377955493297742,0.32150460421936533,0.12096236447926378
2021-01-07,0.4521314836066295,0.48148898332934703,0.5272537053602645,0.6845322720899928,0.17987763587372327,0.5056039032888797,0.9021916195504,0.7530019186888884,0.32567494081115833,0.12742258396802855
2021-01-08,0.4555274796116459,0.4873893199571578,0.5286571007650631,0.6821619790254181,0.16886470113293522,0.5037089001991101,0.9021916195504,0.7496586306842153,0.33818631215551515,0.13499666279043937
2021-01-11,0.45145196689299794,0.4801268267350607,0.526452715817494,0.6818674350921766,0.20312711290558333,0.49170392468689184,0.9021916195504,0.7312882744165445,0.33598724963156124,0.14101135447926663
2021-01-12,0.4517087949202107,0.4817060989923186,0.5279341365732982,0.6986136186625338,0.1929299683970104,0.5155950822070027,0.9021916195504,0.7623379807186217,0.3400820183069605,0.14234796443494735
2021-01-13,0.45311501866185433,0.4841855787132744,0.5277312127926855,0.6913667535582334,0.17770222118716253,0.5125829647382167,0.9021916195504,0.7538153720425161,0.3273432200754667,0.13120963665716803
2021-01-14,0.450790310264708,0.4834700566527079,0.5260287845068079,0.7110271738354699,0.19184227402006984,0.5024014884939951,0.9021916195504,0.727211681879913,0.3304519901479685,0.14034304950142618
2021-01-15,0.44635386506584473,0.4784629016463048,0.5216521795740433,0.6964563222438981,0.2066621261138102,0.5025485191763458,0.9021916195504,0.7237495343164306,0.3350775420830133,0.13321452503482106
2021-01-18,0.44635386506584473,0.4784629016463048,0.5216521795740433,0.6964563222438981,0.2066621261138102,0.5118267852557298,0.9021916195504,0.7451522609863821,0.3400820183069605,0.13321452503482106
2021-01-19,0.4513381386157539,0.4871787160504553,0.5245226734050735,0.7091190558306808,0.19170630898136734,0.5025491264274862,0.9021916195504,0.7212531316656425,0.348953474750192,0.13210069225704307
2021-01-20,0.45994443747294755,0.4985876557578898,0.5308893587984674,0.7134156131078025,0.16913663121034023,0.5077451467160503,0.9021916195504,0.74101628265982,0.3387170954151607,0.13165516445710557
2021-01-21,0.4601427637983968,0.501819029125415,0.5305839122142466,0.7047138426022281,0.16560161800211343,0.5196132630025183,0.9021916195504,0.7677946990132413,0.32923892622691203,0.13588771839031447
2021-01-22,0.4582569769207909,0.5023520078079385,0.5261636169427855,0.7171047150154669,0.17362337375680517,0.5151007038723874,0.9021916195504,0.7775362560145158,0.3262057240708039,0.13187791507914026
2021-01-25,0.46051504735507365,0.5064287527968957,0.5252505563766917,0.7146165822480739,0.19102650972053428,0.5205379546764448,0.9021916195504,0.7848750199657225,0.3409161579391147,0.12051681012345805
2021-01-26,0.4595819174295908,0.5059931077343942,0.524683642886938,0.708539041068077,0.18871515592795057,0.5034971213639226,0.9021916195504,0.7526433164966554,0.33932380816017793,0.12051681012345805
2021-01-27,0.4435122064207543,0.49039955065454505,0.5090331945305097,0.6898847394929308,0.3816451113586212,0.5047131417724188,0.9021916195504,0.7581766644550225,0.3279495712515059,0.11472489561253374
2021-01-28,0.4494637425036881,0.49331947357420064,0.5164449759727249,0.6889375959660538,0.2864717626119405,0.48352007697515453,0.9021916195504,0.7130746966342906,0.3419017949730342,0.12430386281259759
2021-01-29,0.43757364866650206,0.4816298000586658,0.5011186848532926,0.6739950790582694,0.3256288120471611,0.4766467531306263,0.9021916195504,0.7048566710763182,0.3163482690246749,0.13232346943494597
2021-02-01,0.4472658804015459,0.4962248735637561,0.5067799593477312,0.6977978138466852,0.2868796577280481,0.4835536276006574,0.9021916195504,0.7230774631323118,0.29996955589205576,0.12875919392370933
2021-02-02,0.45579248358903734,0.5054105625913226,0.5185219548774284,0.709255041741257,0.22324947184532423,0.4923838941512682,0.9021916195504,0.7511334217903003,0.3308312760058487,0.13499666279043937
2021-02-03,0.45641996792070694,0.5053122864802616,0.5194137489541565,0.7129985822721951,0.18721956643490242,0.4872920933396619,0.9021916195504,0.7418982716139751,0.3224143117679132,0.14078860385723188
2021-02-04,0.46317786701227653,0.5126471373098487,0.5276173575060822,0.7323598114166423,0.171719915080329,0.4824887368197089,0.9021916195504,0.7304378699047377,0.3245374448064955,0.14257074161285022
2021-02-05,0.4656310092675685,0.5160934414747551,0.5298982728813681,0.7463686838057599,0.1594833468565774,0.4807697606542402,0.9021916195504,0.7215512923205684,0.3332574038479617,0.1494764889015525
2021-02-08,0.47030642240830295,0.5218551462388374,0.535762712273079,0.7719434400407803,0.16451392362517284,0.4919989728346961,0.9021916195504,0.7451847252182109,0.329466353114049,0.14724882334599662
2021-02-09,0.46959761515471105,0.5227351758262015,0.5355175448537266,0.7761311200713544,0.1698164304711733,0.514086822187226,0.9021916195504,0.7777020083526334,0.31604491265216633,0.14658051836815625
2021-02-10,0.46937813455040156,0.5211923179954484,0.5370476229514126,0.7686258928017202,0.17471106813374576,0.5301295623442354,0.9021916195504,0.8075831782667716,0.3055807448610201,0.14123413165716941
2021-02-11,0.47043481657737,0.5235278536304562,0.5368722829166436,0.7699312026365998,0.16464988866387534,0.5301295623442354,0.9021916195504,0.8075831782667716,0.3230210245129304,0.14680329554605914
2021-02-12,0.47343419962056643,0.5265855087633031,0.5375562344329057,0.7717621992584176,0.1472467527001462,0.5301295623442354,0.9021916195504,0.8075831782667716,0.32279359762579346,0.15615951212408824
2021-02-15,0.47343419962056643,0.5265855087633031,0.5375562344329057,0.7717621992584176,0.1472467527001462,0.5301295623442354,0.9021916195504,0.8075831782667716,0.3230210245129304,0.15615951212408824
2021-02-16,0.4730700523249897,0.5244811404758475,0.5391450485488394,0.7642976903086305,0.1675050766785896,0.5301295623442354,0.9021916195504,0.8075831782667716,0.3230210245129304,0.1782134170576122
2021-02-17,0.47286521699066036,0.5208834808181868,0.5413738345023472,0.7566928801915442,0.16804893683339966,0.5301295623442354,0.9021916195504,0.8075831782667716,0.3229450950275588,0.17865894485754974
2021-02-18,0.47004304568313154,0.5164909156501793,0.5384189016171694,0.7395976034170637,0.1815091644727944,0.5364314628657199,0.9021916195504,0.7900326978159358,0.323324380885439,0.17554019714625063
2021-02-19,0.46886281155467746,0.5168901034456744,0.5384431097297806,0.7614877942963593,0.17552683243328135,0.5429018755786439,0.9021916195504,0.7950480257282116,0.3457687751923185,0.18846068923551643
2021-02-22,0.46395168497651196,0.5019128926647936,0.5391188632796206,0.7544086709662114,0.1945615229287611,0.5261971557722902,0.9021916195504,0.7512496419806683,0.3447072086730274,0.1940298531244061
2021-02-23,0.46474340271516756,0.4989364202828013,0.5395055179547521,0.745453185494851,0.18993881534359364,0.524306858878858,0.9021916195504,0.7428081498946606,0.327494717477232,0.1922477153687878
2021-02-24,0.4719060510296572,0.5047608435414752,0.5499868109187268,0.7695050986971134,0.16587354807951846,0.5018340882097561,0.9021916195504,0.7092413658890047,0.32741878799186036,0.19826243361348314
2021-02-25,0.45628506474275976,0.48376792666151636,0.5361639303944428,0.7313400830587337,0.2685247924260809,0.508353915984224,0.9021916195504,0.7054701482810387,0.32211095539540463,0.22699933521367469
2021-02-26,0.45332795056820524,0.48696682692869975,0.5245683409003778,0.7317389676865831,0.2557443899801987,0.4847338960982672,0.9021916195504,0.6765196196793246,0.3204430377000742,0.2140788696802771
2021-03-01,0.4680678790006604,0.5043598992854076,0.5394600915761073,0.7653990766014499,0.19320189847441546,0.49789166199399565,0.9021916195504,0.7080413330376654,0.3387170954151607,0.21096012196897793
2021-03-02,0.4629421535748454,0.4942683478479095,0.5359049228788365,0.7455438058860323,0.20339904298298842,0.4845818555940089,0.9021916195504,0.6984719508377157,0.32757064696260363,0.20405434812440745
2021-03-03,0.4547211562920887,0.4784300001409453,0.532906781888281,0.7347936162083698,0.2383412540164696,0.5058199328820496,0.9021916195504,0.7148026031739021,0.3323476962994138,0.2163065352358329
2021-03-04,0.4463896249256065,0.4663976882922521,0.5243651760031056,0.7072065119215606,0.2641740149183185,0.48299586742827094,0.9021916195504,0.6682861978054443,0.33030049274620316,0.23412785968027983
2021-03-05,0.4583333783969746,0.4750258081892789,0.5384920081883218,0.7277325284383717,0.2110129036215726,0.48252858767579254,0.9021916195504,0.66794835864495,0.3319684104415336,0.23501894183602307
2021-03-08,0.45498616026948013,0.4613830790385409,0.5460506778994881,0.7326136370300367,0.22202581242968106,0.457476138256207,0.9021916195504,0.6185337507699807,0.3522141037934371,0.24437513185818407
2021-03-09,0.4637793549975044,0.4817671038668394,0.5467988146705021,0.751684858793182,0.20244731364475033,0.43816228801906404,0.9021916195504,0.5835705649009483,0.37412807640964896,0.23323680408040473
2021-03-10,0.46757855235137796,0.4815481889027935,0.558262031118516,0.7700942972112045,0.18246089381103248,0.43768035833282537,0.9021916195504,0.5914643000564253,0.3597209989138468,0.22744486301361222
2021-03-11,0.47416737596838004,0.4960178254187006,0.5629178973662827,0.7940511641179543,0.17362337375680517,0.46227046191544774,0.9021916195504,0.6187644315717558,0.35919021565420123,0.22900422359132772
2021-03-12,0.47481764183112984,0.49256055408534094,0.5701534225304229,0.8005094437180429,0.15703602802529115,0.4673227914029331,0.9105124667281336,0.621526618624589,0.35016690024022645,0.2530630434583728
2021-03-15,0.47897931953928163,0.498695570981849,0.5744697965216511,0.8038540996211315,0.14806254293236135,0.45702221802881576,0.8597251173870155,0.5875661288264299,0.3543372368320194,0.24682557459164278
2021-03-16,0.47796653363317504,0.4992158688758485,0.5713214880755756,0.7854310515472906,0.14479945980153955,0.46534937700966916,0.8798035715364426,0.598636431880034,0.354640593204528,0.2499443223029419
2021-03-17,0.4798214424076792,0.5015685407115644,0.5759983796960484,0.7930766906318322,0.13718557323027583,0.46498191416338136,0.8896549749117206,0.6136652597219927,0.35926614513957283,0.25439965341405363
2021-03-18,0.4702852681294427,0.4836249250666073,0.5722190207287993,0.7618957520280877,0.16913663121034023,0.4704281978281511,0.9084002052077392,0.6275527366709585,0.35744636847349914,0.2742258927920217
2021-03-19,0.4699016334963043,0.487971008290194,0.5664333300380723,0.7709418578906295,0.16057104123351798,0.45226835247679903,0.8466891011019513,0.5953075724228404,0.35911428616882957,0.27467142059195926
2021-03-22,0.4743705840504894,0.495090885481898,0.5689820777987014,0.7615558425754514,0.13242690060640588,0.464325551587085,0.8696268606460017,0.6092688637092162,0.3547165226898996,0.2639786206141175
2021-03-23,0.4694821993143255,0.4885176102522804,0.561376245668942,0.7247775734116453,0.15173349524661117,0.454398134038696,0.8476788950820618,0.5954219450552994,0.36025178217349235,0.2537313484362132
2021-03-24,0.4660065076396069,0.4768568540754405,0.5612999563578847,0.7014734167461393,0.1639700894030423,0.44057808486805305,0.8107658888893612,0.5774110707693421,0.3667730402599826,0.24838493516935825
2021-03-25,0.4693196328486381,0.47754954214856343,0.5662237032143261,0.7236128966868898,0.14507136394626505,0.43949922731087715,0.8096937612327857,0.5786552690526,0.36654525180386766,0.24838493516935825
2021-03-26,0.4798897076227628,0.4846146263385033,0.5774182674803551,0.740998070195064,0.13215499646168033,0.45651759233120753,0.8608478086601156,0.6100535479468331,0.38944486145399904,0.2586322073472625
2021-03-29,0.4793288612539568,0.48114548818615327,0.5798500736611395,0.7125362965648011,0.1577158272861242,0.46179475655339736,0.8649210883169631,0.6101958978847706,0.38618459397973187,0.2722209778585005
2021-03-30,0.4772902714239835,0.48051988833880255,0.5772721507847142,0.7293596015181294,0.14235214097025325,0.46844203116094046,0.886846233133622,0.6207527557975817,0.40756742176732025,0.2733348106362785
2021-03-31,0.4796214491409314,0.48935856930203014,0.5751633444809602,0.740563003799307,0.1394969270228596,0.46384984622503467,0.8655992224837161,0.610863482142539,0.40931163051700026,0.27779016830325837
2021-04-01,0.4872588582128804,0.49959050906382924,0.5794016931211828,0.7556911873937852,0.11135281232842696,0.47144238313888265,0.8942003308113424,0.6289735087029436,0.39429784027618087,0.26286478783633954
2021-04-02,0.4872588582128804,0.49959050906382924,0.5794016931211828,0.7556911873937852,0.11135281232842696,0.4770580898718024,0.9174680962597019,0.6418492277493872,0.40430715429305375,0.26286478783633954
2021-04-05,0.49669418254255443,0.5094819953580603,0.5886354002657106,0.7606719894805106,0.11923860304441618,0.4770580898718024,0.9174680962597019,0.6418492277493872,0.4058995040719898,0.27199822723646583
2021-04-06,0.4960487984364646,0.5091657039334906,0.5862415940704591,0.7580705535622388,0.12209381699180995,0.47661593513525496,0.9077448917882673,0.6383113303116377,0.40544428872873794,0.25774115174738743
2021-04-07,0.4970258244828094,0.5087471950716972,0.586637218285323,0.7417096449639128,0.10904145853584325,0.47557745977891047,0.8909747747961403,0.6289391969132058,0.38466781211718887,0.257072846769547
2021-04-08,0.49982521425925797,0.5149094156868295,0.5880521872897764,0.7505699734921525,0.106186270521129,0.47648537614008557,0.8948556442308144,0.629896935741628,0.38656351826863417,0.2523947384805325
2021-04-09,0.5049671725181946,0.5180188649863166,0.5953859916043179,0.7509642109204542,0.10265125731290217,0.46657655565786893,0.8596333869322584,0.6139841834086572,0.39338813272763296,0.2599688173029433
2021-04-12,0.5048355635337659,0.5158170773978353,0.5940230073516469,0.7465726073478199,0.10564241036631894,0.454845829941899,0.8194992993806852,0.585372373756918,0.3949045530211981,0.2619737056805963
2021-04-13,0.5070464039645897,0.522226273505673,0.592340881088497,0.7443699454097895,0.10210739715809211,0.4497219966326406,0.8157833210317573,0.5883084072110889,0.39179578294869627,0.2503898501028794
2021-04-14,0.5042942045025216,0.5161610009460468,0.5936648044423334,0.7528903644853929,0.10673010474325953,0.45601797645550696,0.8345650197768623,0.6071995108722404,0.3877769437586686,0.2537313484362132
2021-04-15,0.5117332078708642,0.5240977179850038,0.6011977711175999,0.7571279465873013,0.10101970278115151,0.45050550241644205,0.8200584076890705,0.6019985473795888,0.3767819927078769,0.2296725285691681
2021-04-16,0.5141798808063547,0.5246934580026207,0.6052638660162947,0.7596658707784203,0.09666892527338912,0.4590960565794105,0.8279440945387491,0.6056445709444861,0.37162565751318644,0.23925149576923194
2021-04-19,0.5105692065755317,0.5186584308372444,0.6022258925535942,0.7457658756358503,0.11080897810629642,0.4749308132208593,0.8833134919613918,0.6414158434513156,0.36389133550563973,0.24548896463596206
2021-04-20,0.5059653528433995,0.5130213062523099,0.5958970624757376,0.7259196780243117,0.12970767763039415,0.47349747281051996,0.8816410891581986,0.6399834581981885,0.362526774182818,0.2368010795916414
2021-04-21,0.5122209072679266,0.5202135838920056,0.6036994046829678,0.7492238346898177,0.11366416612101067,0.4734943606484258,0.888683750755378,0.6444204125060139,0.3543372368320194,0.237246607391579
2021-04-22,0.5059718618522796,0.5144312728465719,0.595763676739717,0.7460423840089421,0.13011554681382217,0.47106307889535853,0.8843308050779295,0.6496717879358955,0.3478919082309008,0.23501894183602307
2021-04-23,0.5133182309113169,0.5231347920267143,0.6013829487120753,0.7638309786969053,0.11135281232842696,0.4738798892161382,0.9055044313640296,0.66250246176094,0.34811969668701576,0.2379149123694193
2021-04-26,0.5145293828319513,0.5284854850168129,0.5998541726443505,0.7756824440197789,0.11556762479748685,0.46361977394924486,0.8788323473800999,0.6510240243673533,0.35122846675951824,0.2385832173472597
2021-04-27,0.514383088888464,0.5263551982257864,0.5999371167752093,0.7771599215331421,0.11447993042054624,0.4640675457588404,0.8849172087899254,0.6545942980579835,0.3437215716391079,0.2501670729249766
2021-04-28,0.5138075972496778,0.5246360088897468,0.5958743010630834,0.7784696572723527,0.1106730130675939,0.46856332957621993,0.8980769493225035,0.6666934269300304,0.3419017949730342,0.24972154512503902
2021-04-29,0.5184066089142285,0.5260187289248829,0.6017995018529815,0.774526729751294,0.11515975561405882,0.4741068493298338,0.9186639481637913,0.6726123866176805,0.3387170954151607,0.25417687623615076
2021-04-30,0.5134807973770044,0.520760185854092,0.5972192497896257,0.7613790276974199,0.128755948292156,0.4653889242401827,0.9000243197571515,0.6703142005368388,0.3336366897058419,0.25217198785849776
2021-05-03,0.5153487241692687,0.5177964371011254,0.6031049074473702,0.7663643663360848,0.12467707492911918,0.4653889242401827,0.9000243197571515,0.6703142005368388,0.335380536886544,0.24682557459164278
2021-05-04,0.5107968631300198,0.5063195095173816,0.6035937955861185,0.7531487266507267,0.14058462139980013,0.4653889242401827,0.9000243197571515,0.6703142005368388,0.3348497536268984,0.24348407625830892
2021-05-05,0.5112731320724636,0.5040786942317877,0.6059963784277748,0.7500125308416377,0.13609787885333527,0.4653889242401827,0.9000243197571515,0.6703142005368388,0.3348497536268984,0.24170193850269067
2021-05-06,0.5168053133515756,0.506290549338185,0.6138526343200631,0.7500351029537269,0.12576476930605981,0.4636540077322806,0.8714460321768062,0.6497762189472255,0.3350016125976417,0.23657830241373848
2021-05-07,0.5218416192834469,0.5115284861276244,0.619512413891213,0.7637266380022972,0.10265125731290217,0.45668648405460976,0.8416305021213227,0.6248400817658747,0.32757064696260363,0.24014257792497518
2021-05-10,0.514661071194537,0.49615778533798394,0.6186496984836173,0.7370188502584895,0.14303194023108637,0.45952196734795436,0.8399672723636052,0.6234130632285784,0.30353354130780946,0.24571174181386485
2021-05-11,0.5087550187956066,0.4956124685909506,0.6069548653725132,0.7344310239960362,0.17267164441856708,0.4638312491588623,0.8540067303305854,0.6278113067992639,0.29109809944882425,0.25061260072491415
2021-05-12,0.49427683983610277,0.47991845053445026,0.5901283946211695,0.7018676541744411,0.25084975231762624,0.47032929179867106,0.8638534353167173,0.6366473844672551,0.30110705189671855,0.26642906334757616
2021-05-13,0.5023173708787518,0.48401186047859607,0.6008387966349759,0.7180972240617387,0.1902107194883192,0.46000389703419303,0.840219419247779,0.6233842941125676,0.32150460421936533,0.2604143451028808
2021-05-14,0.5122908394243088,0.4973913775864578,0.6097441028893009,0.7424256456370929,0.1314751712681678,0.47891977005524694,0.8941132987457314,0.6496123141670168,0.31824397517612024,0.2530630434583728
2021-05-17,0.5105741280212703,0.4951571168976348,0.6084024333493274,0.7435542512415492,0.1438477045306219,0.4873891017093285,0.9282039154585281,0.6719331011598221,0.3070215972381915,0.25417687623615076
2021-05-18,0.5048095274982457,0.49184897335093736,0.6018069282460933,0.7361939723387618,0.16587354807951846,0.49093036264051315,0.9293997673626174,0.6713979252188619,0.30861394701712824,0.2546224040360883
2021-05-19,0.5028343608157745,0.4916779112273688,0.5977423764940191,0.7283805914800677,0.1772943520037345,0.48531837532082783,0.9223754518563895,0.6744475394949595,0.2979982818242167,0.2637558434362146
2021-05-20,0.5098962385598588,0.5020309182471706,0.6023868620354587,0.7347800065525514,0.15676409794788612,0.48406850066125856,0.9288545304888539,0.679010567635334,0.3054292474592548,0.25284026628046996
2021-05-21,0.509366230605076,0.49919042161779703,0.6054408456443481,0.7381836376308533,0.14969407153143252,0.4777321386375607,0.9049086308737415,0.6684123596169415,0.30535331797388315,0.2523947384805325
2021-05-24,0.5160623338013635,0.5075333522945394,0.6100367220672378,0.7436539447366095,0.12590073434476234,0.48106511242761474,0.9147325151125925,0.6764439577840056,0.3048225347142376,0.24704835176954562
2021-05-25,0.5146122536279365,0.5073578775992885,0.608023976640618,0.733869044793582,0.13188306638427535,0.5072004424431809,0.9893695589577362,0.7070602797880112,0.29352458885991517,0.237246607391579
2021-05-26,0.515890083200513,0.5109037859308108,0.6082854435461509,0.7535928661503628,0.11176070744453451,0.5109376177735122,0.9903363084577493,0.7023061613724821,0.28723075766056194,0.2394742729471348
2021-05-27,0.5166849760654516,0.5108283438071934,0.6117813457685232,0.7643793482435411,0.10333105657373523,0.5157536506610194,0.9984191039187474,0.7116314899705539,0.27259625327762277,0.24749387956948318
2021-05-28,0.5172100625744958,0.5113749457692798,0.6133814923674521,0.7625211323100863,0.10360298665114025,0.5132445648555983,0.9905654108618255,0.7076395331819421,0.2659994272747389,0.24103363352485027
2021-05-31,0.5172100625744958,0.5113749457692798,0.6133814923674521,0.7625211323100863,0.10360298665114025,0.5178149646568451,0.9953673883019507,0.7205675117235247,0.2549289083075535,0.24103363352485027
2021-06-01,0.5168735785666593,0.5108371261100563,0.614513776200339,0.7742004299544762,0.11910263800571368,0.5206846817332254,1.0,0.7240270199185658,0.25614197222860996,0.2486077123472611
2021-06-02,0.5178619953785442,0.511707902149038,0.615132770888539,0.7756008967324766,0.11339223604360564,0.5121128005428218,0.9763062472690613,0.708092712743324,0.2650137902408194,0.24326129908040614
2021-06-03,0.5153796022723705,0.5054864331199577,0.6145565020723976,0.7671801711519335,0.12100612261486936,0.5080927220874926,0.9604156239785199,0.6993737350551811,0.2645585748975675,0.25083537790281696
2021-06-04,0.5214010705116864,0.5142593110724661,0.6189847541936215,0.7704251335599618,0.09898027906597283,0.510465024573556,0.9727824554094904,0.7092638884997042,0.2816954981769692,0.2363555252358357
2021-06-07,0.520853202471562,0.5172085797358343,0.6158700091865448,0.7852769194289565,0.09898027906597283,0.5128590362878859,0.9706518477981446,0.708515187651838,0.27532609906122296,0.23836044016935687
2021-06-08,0.520973460379529,0.5191032866076265,0.6151189790156171,0.7964169206305896,0.10781779912020013,0.5068180260375625,0.9497990543708779,0.6953962947929968,0.2768425193547874,0.22922700076923055
2021-06-09,0.5197200792793313,0.5185259680057708,0.6113492647147469,0.7888799374973791,0.11896667296701116,0.5103281653478058,0.9517831169874287,0.6955242161834547,0.2792690087658783,0.2205390891690418
2021-06-10,0.5229113193281755,0.523289232035596,0.611820792454013,0.7817554486478364,0.09462950155821043,0.516378587990804,0.9678294583182407,0.7113071115891105,0.26941155371974934,0.2138560925023742
2021-06-11,0.5242540802332384,0.5254427383785821,0.6121507364908364,0.7928139025621671,0.08851120447999485,0.5098151899470181,0.9463992104916372,0.7029872943882496,0.2738096787676572,0.21452439748021454
2021-06-14,0.5255074613334362,0.5300366539049096,0.6100310317140742,0.788435797997743,0.09857238394986528,0.5098151899470181,0.9463992104916372,0.7029872943882496,0.27790408587407855,0.22321230908040335
2021-06-15,0.5241158828617727,0.5255936654663187,0.6076997229569583,0.7856803406087455,0.10713799985936708,0.4994960195067284,0.9197591203004643,0.6914646915627441,0.27752516158517626,0.22276675472459764
2021-06-16,0.5203947936144598,0.5241380737376714,0.6011405782459728,0.7832419992650785,0.12250168617523803,0.4876098374988358,0.8803215130065954,0.657463643469536,0.2834397069266492,0.23836044016935687
2021-06-17,0.5200956173404482,0.5294755718532248,0.5959501081408217,0.7709010289231741,0.11706321429053498,0.48987017805590216,0.8901270511544949,0.6733592399076379,0.277145875727296,0.22543997463595922
2021-06-18,0.5110878634538529,0.5237301036393135,0.5827809913270338,0.7483718481060615,0.15717199306399368,0.48971472176397957,0.890392845740474,0.6833862885953198,0.3155900588778924,0.21185120412472117
2021-06-21,0.5205719656610489,0.5286039390042077,0.5972715238813996,0.7702801851931149,0.11896667296701116,0.49098319348972125,0.8848576958607416,0.6885773104668422,0.3191536827246681,0.21942525639126387
2021-06-22,0.5240915137675509,0.5335079769228499,0.5989655130841955,0.7747487995011121,0.10224336219679463,0.4997602496591613,0.8994148715650581,0.6935322848207589,0.3296178505158143,0.21675206303577044
2021-06-23,0.5233436921497573,0.5343178337683143,0.5972041076634108,0.7781569671313534,0.0976206546116272,0.5024994077403722,0.910975369925432,0.7068242322704054,0.3405368720812344,0.22009356136910424
2021-06-24,0.5273510190314787,0.5386160641514237,0.6051687696057984,0.7918213935158952,0.09286199495409701,0.5026330788976358,0.9149068029766309,0.7015061687979054,0.3350016125976417,0.22009356136910424
2021-06-25,0.5296610821586449,0.5382071944025286,0.6110208638245442,0.7921748019767416,0.08810332233022708,0.5153525612828362,0.953396006861438,0.7212404626971239,0.33348519230407664,0.2310091385248489
2021-06-28,0.5312720618564608,0.544354078118027,0.6073032307221203,0.7867091420705332,0.09000679397304301,0.5149825935255946,0.9587980357153644,0.7344225244406617,0.3147559192457382,0.21808867299145124
2021-06-29,0.53146550642525,0.5455745183324575,0.6075259260688098,0.7805907719230809,0.09354180718126984,0.5046633471789124,0.9307468626506477,0.7208756139995798,0.3214286747339937,0.21853420079138877
2021-06-30,0.5323921670309314,0.5445050052057636,0.6127163961739609,0.7813657477714742,0.09095852331128111,0.5102659980123152,0.9460967237237553,0.7354612918802337,0.327494717477232,0.21029181699113755
2021-07-01,0.5360401489955791,0.5453134911551715,0.6159513137241192,0.7898907033990171,0.08619985068741115,0.5095136138494553,0.9486718884414481,0.7243963555424604,0.3222628143661479,0.21853420079138877
2021-07-02,0.5413072866082212,0.5504439411256693,0.6197245001048858,0.77919484169702,0.08062541376400567,0.48774350865609933,0.8806101283398555,0.6912277642556578,0.3309068439222424,0.20761862363564415
2021-07-05,0.5413072866082212,0.5504439411256693,0.6197245001048858,0.77919484169702,0.08062541376400567,0.49258132667826565,0.8827499089966769,0.6955476185836348,0.33431897036725283,0.20761862363564415
2021-07-06,0.5398767334614345,0.5515103697362358,0.6145647000388198,0.7650274112852372,0.09925220914337786,0.49131900337031975,0.8815173649106848,0.6909521262114316,0.327267290590095,0.1940298531244061
2021-07-07,0.5422485527948042,0.5515726598258096,0.6171428158085727,0.7552154026781811,0.09598912601255606,0.49861300044230655,0.9078138014957434,0.7154927100423703,0.33886859281692605,0.18311427596866148
2021-07-08,0.5361831884346263,0.5469541966919679,0.6107267979466505,0.7456208166213952,0.13405845513815653,0.4898390564349606,0.8838815495824363,0.7103440940238056,0.33386411659297893,0.17576297432415353
2021-07-09,0.5441050491324498,0.5531896745651271,0.6217937632764861,0.7675200806045697,0.09571719593515103,0.4894006970180401,0.8752582156368208,0.7068720048391941,0.3472096275694899,0.19091110541310705
2021-07-12,0.5465565641355218,0.5545636551379021,0.624905229096994,0.7683449585242973,0.09558123089644852,0.4967848708843649,0.9042488427979399,0.7354450157748453,0.33879302490053237,0.19247049254669063
2021-07-13,0.5440498019351263,0.5521250024151333,0.6222537174160975,0.7488749627809108,0.10849762431371271,0.5025926966968043,0.9085514485916802,0.7379468731204123,0.3362146765186982,0.20405434812440745
2021-07-14,0.5448772398444652,0.550690488213357,0.6233509911100288,0.7323327027526138,0.09775661965032971,0.4907717941864964,0.881508191865209,0.7259675715756031,0.3308312760058487,0.19091110541310705
2021-07-15,0.542557413203979,0.5462237661367854,0.624679061670408,0.7268623956468575,0.10700203482066456,0.5019926566637729,0.9128401829507987,0.7361486714013125,0.331437627181888,0.17776788925767464
2021-07-16,0.5372139138042317,0.5411398409512099,0.6172925010307737,0.7146029725922555,0.12658055953827488,0.4941296652733036,0.8868645792245734,0.7183900327594012,0.3252200870368844,0.1784361676796469
2021-07-19,0.526050487305979,0.5344604069582057,0.5993719393254038,0.6998463436663815,0.18164512951149692,0.4940737222620014,0.8954422716756268,0.720254042731639,0.3389445223022977,0.1519269316350112
2021-07-20,0.5365473754192817,0.5442825773205725,0.6129503757803137,0.7286797826128569,0.14398366956932446,0.4933492716515963,0.8933803500389407,0.7219161410181126,0.3474370544566269,0.15816440050174127
2021-07-21,0.542339599540968,0.5501201954537916,0.6200121040563056,0.7466904470506383,0.11923860304441618,0.501392844349919,0.9094403390715581,0.7400468426313078,0.3432667178648339,0.17398083656853516
2021-07-22,0.5437685651246134,0.5524298554257303,0.6206380429042984,0.7310273929177343,0.11624744999099941,0.5051464913674316,0.9129730802437882,0.744514501592001,0.3304519901479685,0.17063933823520136
2021-07-23,0.5509718947446034,0.5591150300459717,0.6265192640155086,0.735636529688247,0.1095853186906533,0.4975807494101504,0.8843261066887834,0.7234675617879451,0.33249919370117914,0.17531744652421594
2021-07-26,0.5526804301974632,0.5592782095172145,0.6285625830345496,0.7389313941676097,0.11475186049795127,0.4717874535993711,0.8092125119445357,0.687636727533289,0.34061280156660606,0.17308978096866007
2021-07-27,0.5492925704535468,0.5513761504441896,0.6264444214044081,0.727560360759888,0.13895309280072896,0.4449681310806239,0.7294895737151528,0.6392392442766724,0.3415984386005256,0.16373356439063091
2021-07-28,0.5491592945278196,0.555850755173087,0.6232941840250569,0.7425752412034875,0.12467707492911918,0.43887740214318666,0.7336912760086602,0.6385888159137729,0.3628297689863486,0.1697482826353263
2021-07-29,0.5521683617061791,0.5565386022695099,0.6270866597385814,0.7494051861197887,0.11638341502970193,0.4544634135362807,0.7748335036312954,0.6772286420216225,0.3474370544566269,0.17153042039094454
2021-07-30,0.5482846266150218,0.5519069442611227,0.6234062550483801,0.7431599031656392,0.1237253455908811,0.4499987513398427,0.7569176508859707,0.673434901802957,0.321580172135759,0.16484739716840885
2021-08-02,0.546967901745479,0.5522750298523327,0.6210036722067238,0.738287867677853,0.1403126913223951,0.4708081093228155,0.8130799574102211,0.7027098087861144,0.325523081840415,0.15036757105729573
2021-08-03,0.552818627568929,0.5557941628702485,0.6278734716217748,0.7419498609214887,0.12100612261486936,0.4657402190248594,0.8134097395817136,0.6971926489541876,0.3259023676982953,0.15081309885723326
2021-08-04,0.5494876819636346,0.5566382064361256,0.6198805508068969,0.7295952809237659,0.12005436734395175,0.47482818777814473,0.8337495136607902,0.7200026868770734,0.33212026941227685,0.1525952366128516
2021-08-05,0.5537859297910321,0.5616651109138449,0.626585908660187,0.7475832626018497,0.1106730130675939,0.4715107747985615,0.8199208120069348,0.7093828360374617,0.3290870672561687,0.15994653825735952
2021-08-06,0.5549921602659279,0.5590610510137413,0.6301477804005913,0.7529085106931508,0.09530930081904349,0.4689239608471791,0.80749894230311,0.7053449542379702,0.3253715844386497,0.17620850212409098
2021-08-09,0.5543142708045163,0.5601323206010077,0.6275143042458232,0.7470394296071534,0.1030591264963302,0.4802411485365893,0.8368240500248679,0.7156179920643868,0.3422051513455428,0.18222322036878638
2021-08-10,0.5550295473779098,0.556969834760329,0.6315343940858906,0.7491015690826682,0.10401088176724779,0.4912163779276052,0.8632119933318672,0.7260819442080622,0.34425235489875344,0.187792384257676
2021-08-11,0.555949698974711,0.5559630401282267,0.6369736001369543,0.7540778346174541,0.09558123089644852,0.49205279046700723,0.8504692907692091,0.7228008573196572,0.3440249280116165,0.18489641372427978
2021-08-12,0.5589441605721689,0.5582056118743932,0.6373410619259916,0.7512361827416065,0.0876954401804593,0.4896027598349825,0.8312293872159516,0.712062058942288,0.3389445223022977,0.19336154814656573
2021-08-13,0.5601097494306428,0.5584969272864307,0.6377244374145543,0.7417368642755497,0.08579196853764337,0.4869786758448628,0.8186882679209426,0.7027881980288229,0.3390204517876693,0.17776788925767464
2021-08-16,0.5620133963935904,0.557218566713607,0.6404408577001811,0.7355595189528842,0.09490143163561546,0.4873020370770847,0.8164384107184128,0.6933025717874124,0.3375795994104979,0.1688572004795831
2021-08-17,0.5568714381346538,0.551183111143213,0.6334752867479873,0.7209161931778889,0.11923860304441618,0.4654249797766394,0.7689363540544973,0.6623934558443118,0.3354564663719156,0.1690799776574859
2021-08-18,0.5490991258847576,0.5454683595690708,0.6240290111564678,0.7125816620841959,0.16900066617163775,0.4773359831748927,0.7949808674881986,0.6717142095370852,0.34417642541338184,0.1724214759908197
2021-08-19,0.5499980835136201,0.5461649889683566,0.6223853671121699,0.7006349291705932,0.17036029062598337,0.4712013803425671,0.7802724483999413,0.6747097167601348,0.34273593460518903,0.16551570214624925
2021-08-20,0.5558293616885869,0.5537485717512216,0.6279643243790644,0.7165790282285285,0.1280761230986435,0.45931800687119845,0.7377189141709457,0.6536438614822491,0.350697683499872,0.16952550545742343
2021-08-23,0.5619841058536301,0.5637502009755039,0.6332883731135636,0.7350247590620668,0.10890549349714074,0.4748001783192974,0.7682398737967929,0.6790808628148223,0.3491053337209353,0.1684116726796455
2021-08-24,0.5630733329249988,0.5671346434558542,0.63404268247106,0.74527183406488,0.10985722283537881,0.48640998515195055,0.7923003246139434,0.690582702608589,0.34030944519409745,0.17620850212409098
2021-08-25,0.5646924885729934,0.5681024103908437,0.6350114892088239,0.749060740115213,0.10401088176724779,0.49446539924750954,0.7967769945389057,0.6936412907373872,0.3326510526719224,0.187792384257676
2021-08-26,0.5604348823620178,0.5638887899987306,0.6302615874638626,0.7375989756687016,0.13188306638427535,0.4824281635184617,0.7525371860720952,0.6682321787313444,0.33644210340583514,0.187792384257676
2021-08-27,0.5668351431668907,0.5719470455412099,0.6362534328984393,0.7662283804255087,0.09857238394986528,0.4887996702019057,0.7641894148872264,0.6701637565356812,0.3406887310519777,0.18110938759100845
2021-08-30,0.5699921712300359,0.577930278539946,0.6348717379929931,0.7611705676034204,0.09585316097385355,0.4906632480451637,0.7578799257296542,0.6689448082105122,0.3333333333333333,0.1750946693463131
2021-08-31,0.5689989123505695,0.5776385775633924,0.6339061139951343,0.76469657493648,0.0997960433655084,0.4955722662635329,0.7543700053047051,0.6603870959341365,0.3290111377707971,0.17932724983539014
2021-09-01,0.569228077090042,0.5798381374457816,0.6327160586106376,0.7707197881408114,0.09476546659691294,0.5027730502854801,0.7836264270518033,0.6590996999873883,0.3248408011790041,0.17888172203545258
2021-09-02,0.5713187389910558,0.5807944659667985,0.6359576309805973,0.7784062561928083,0.09884431402727031,0.5120817548282728,0.7836036063045223,0.6557888762145438,0.3243859474047302,0.17709958427983427
2021-09-03,0.5710716347880845,0.5822131720234216,0.6341125098556435,0.7729813146064469,0.09884431402727031,0.5073216649520678,0.7715298648631416,0.6470069055996005,0.3216561016211307,0.18333705314656432
2021-09-06,0.5710716347880845,0.5822131720234216,0.6341125098556435,0.7729813146064469,0.09884431402727031,0.5197986264131018,0.8130752590210749,0.6800466077275166,0.3190021853229028,0.18333705314656432
2021-09-07,0.5685680477139721,0.5826874163780181,0.6274685885271871,0.7655305259600865,0.12236572113653552,0.5368148660544412,0.840155207929449,0.6941278143200782,0.3226417386550502,0.1940298531244061
2021-09-08,0.5675991579287274,0.5788405535215599,0.6257666906979604,0.7538013262443624,0.11991840230524924,0.5363795428932222,0.8306702789075664,0.6927926458045413,0.3293144941433064,0.18601024650205772
2021-09-09,0.5642193947568326,0.5771564505564702,0.6220213774030289,0.75352935442321,0.1313392062294653,0.5419572964298719,0.8296988310184071,0.6937341085275751,0.32567494081115833,0.1782134170576122
2021-09-10,0.558578386024372,0.5713324557028141,0.6153139941697991,0.7437491016797303,0.16057104123351798,0.5450602738505286,0.8496354385621855,0.7003413275257844,0.3208219619889765,0.18756960707977322
2021-09-13,0.5602284197754683,0.5708977102908497,0.6217806465302107,0.7497450955724249,0.1390890578394315,0.5488720651647271,0.8396191441011612,0.6943917511642145,0.31255685672178424,0.18378258094650185
2021-09-14,0.556053684360478,0.5679225231239106,0.614569618818673,0.7357861252546416,0.1403126913223951,0.5324652020427018,0.8054828858938026,0.6872070383510352,0.3181680456907486,0.17331253159069476
2021-09-15,0.5621743752961363,0.5733521711587718,0.6204167942575657,0.7468762243849404,0.12290958129134552,0.5304815402864449,0.7826458061171684,0.6791195735519622,0.3086898765024999,0.17932724983539014
2021-09-16,0.5610445066083457,0.5742466379952325,0.618859566424023,0.74617825927191,0.12984364266909668,0.5152064414771961,0.7553278054920589,0.654058242327543,0.3034576118224378,0.18534194152421735
2021-09-17,0.5544183355684403,0.5681949458746675,0.6147500705266229,0.7479730741258203,0.1586675566243623,0.517345483618983,0.7774314890962694,0.6631781400819287,0.3225661707386565,0.1940298531244061
2021-09-20,0.5421835420841606,0.5537152418408444,0.5995800712258612,0.7231958658512823,0.2252888955605029,0.517345483618983,0.7774314890962694,0.6631781400819287,0.3290870672561687,0.18044108261316807
2021-09-21,0.5416080504453745,0.5551409737397578,0.5983300260164875,0.7249996431614633,0.2069340561912152,0.517345483618983,0.7774314890962694,0.6631781400819287,0.3289355698544034,0.18378258094650185
2021-09-22,0.5483464621993824,0.56174098144248,0.6066872258804977,0.7396747248000348,0.1594833468565774,0.5218599404089275,0.7617746665989502,0.6557654738143638,0.32969378000118593,0.18645577430199528
2021-09-23,0.5570177320781411,0.5685577620841595,0.6191928860940789,0.7580207621385129,0.12902785243688158,0.5261287641126113,0.7761761242629961,0.6657006724802862,0.32575087029652994,0.20294051534662957
2021-09-24,0.5580744141051096,0.5683585965914297,0.6200121040563056,0.7530490331556665,0.11706321429053498,0.5170656926560793,0.7744486831869487,0.6630420366493024,0.323551807772576,0.2140788696802771
2021-09-27,0.556063447873798,0.5649486640125262,0.6217742810504007,0.7679732932080847,0.1307953720073348,0.5076636991568546,0.7872508986787906,0.661820448955692,0.329466353114049,0.21942525639126387
2021-09-28,0.5413544372335232,0.5463794913607202,0.6077160224431387,0.7447597569337601,0.19184227402006984,0.5136922607588013,0.7902108838408302,0.6590754177977277,0.32211095539540463,0.23056361072491133
2021-09-29,0.5424647788946736,0.544877460528154,0.6099561891029737,0.7427339098737611,0.18246089381103248,0.4931938153596737,0.7673465086605855,0.6379221114454848,0.3243859474047302,0.2321229713026268
2021-09-30,0.534024340696686,0.542075991595893,0.5964555851057417,0.7332436645115832,0.19034668452702175,0.5031056720975919,0.7822151204454431,0.6586420334996561,0.33242362578478546,0.2294497779471334
2021-10-01,0.5420713807482151,0.5472577644875117,0.608369641483639,0.7501302598968477,0.16261046494869666,0.5031056720975919,0.7822151204454431,0.6586420334996561,0.314149206500721,0.21831142361348593
2021-10-04,0.5328733574191137,0.5336049678188577,0.600381350108623,0.7391806832290646,0.18789936569573548,0.5031056720975919,0.7822151204454431,0.6586420334996561,0.31430106547146425,0.21875695141342352
2021-10-05,0.5402311569327697,0.5414289286571555,0.6080785654523228,0.7441162304440034,0.1653296879247084,0.5031056720975919,0.7822151204454431,0.6586420334996561,0.31392177961358403,0.2294497779471334
2021-10-06,0.543129650338325,0.5444155113975655,0.610604792916957,0.7380431151683376,0.16125084049435104,0.5031056720975919,0.7822151204454431,0.6586420334996561,0.31392177961358403,0.22833594516935543
2021-10-07,0.5490161757106153,0.5510883479532972,0.6189489724813556,0.7539645314665754,0.14140041163201522,0.5031056720975919,0.7822151204454431,0.6586420334996561,0.31392177961358403,0.2388059679692944
2021-10-08,0.5476473787700321,0.5478210314047868,0.6187343786544244,0.7462599172068206,0.13093133704603727,0.510567574109878,0.8113386448995518,0.668115078751496,0.31392177961358403,0.24638004679170525
2021-10-11,0.5427460157051867,0.5437263362455877,0.6125570662853809,0.7406173317749725,0.1476546478162538,0.5104245664663319,0.8142024249505047,0.6639204184665877,0.31172271708963006,0.24838493516935825
2021-10-12,0.5410325588065883,0.5428366675453253,0.6096505496254253,0.746794677097638,0.1456152241010751,0.49650500401506864,0.7902153584971598,0.6429996404740288,0.3172583381422007,0.24081088290281558
2021-10-13,0.543170291954747,0.5474744517454656,0.60963743287915,0.7502843920151817,0.12916381747558414,0.5011127497614452,0.8159985520012117,0.6626123474670487,0.31604491265216633,0.23390510905824513
2021-10-14,0.5552749846395825,0.5585201468383902,0.6228405953652556,0.7648823522707822,0.10496261110548588,0.5000307800421752,0.8038561245851714,0.6615582716905168,0.2998180584902904,0.2272221123915775
2021-10-15,0.5606576174707673,0.5617624873743686,0.6322773227370598,0.7610164354850864,0.09734872453422216,0.504411565674856,0.812332913535992,0.6682799513001331,0.30922065976214547,0.23991980074707234
2021-10-18,0.5631107200369807,0.5672228092084973,0.6313847088636895,0.7620090551789664,0.09748468957292468,0.5030963356113095,0.7860639960873606,0.6623366214438744,0.306035960204272,0.24170193850269067
2021-10-19,0.5685030370033285,0.5719290525304663,0.6362906613106619,0.7656664012230544,0.08919101670716768,0.510872262369535,0.8080305314750682,0.6758276652529476,0.3015619056709925,0.2530630434583728
2021-10-20,0.5711951472004917,0.5716039788030338,0.640044365465343,0.7719479765927197,0.08633581572611367,0.5089601803414436,0.802284625282211,0.6715466096410586,0.26584792987297357,0.2532858206362757
2021-10-21,0.573404400068174,0.5757285337919666,0.6398897614632888,0.7748530295481119,0.07980964946447007,0.5113790893525268,0.8104589274651497,0.6708808729411991,0.27426453254193117,0.2621964828584991
2021-10-22,0.5726110947663768,0.5702230152284703,0.6417154003621572,0.7726277954979922,0.08552005142657806,0.5075921953350816,0.8249885840330391,0.6752016070586566,0.27343039290977694,0.25751837456948456
2021-10-25,0.5761192917964173,0.5762115176089242,0.6432987652415868,0.7823128912983512,0.08293676755658935,0.5160676754069589,0.8340564750850017,0.6845619512780504,0.2674402796519103,0.2530630434583728
2021-10-26,0.5774702286516589,0.5766063356732387,0.6436871559566665,0.7748077746763253,0.09299794702645978,0.5122682568347444,0.8265327879323888,0.6806070336265657,0.26804663082794955,0.24949876794713619
2021-10-27,0.5737133398555058,0.5766120334599741,0.6371148944994056,0.7550521974559681,0.10659413970455703,0.5012837668638386,0.7967769945389057,0.6662546759161281,0.26562014141685863,0.2294497779471334
2021-10-28,0.5809865222537209,0.5859244875322787,0.6430353694027782,0.7756688343639605,0.10047586855902096,0.48763777105129064,0.7811888580162462,0.6528591772446322,0.27327889550801165,0.23813766299145403
2021-10-29,0.582443111436028,0.5881297452014033,0.6452347391238303,0.7753107787035664,0.09680489031209163,0.49662941459244225,0.8016384849082148,0.6714682203983502,0.2723688263904858,0.23568724681386347
2021-11-01,0.5837907937868295,0.5924082689536982,0.6475625758010498,0.8029251023020124,0.09884431402727031,0.4957401712038321,0.7933541061795675,0.6737340302263113,0.2832119184705343,0.23969705012503764
2021-11-02,0.5865511691990762,0.5947631256550044,0.6509893257654851,0.8046201130132541,0.09367777221997235,0.48366118695888705,0.7700590453275974,0.6647915860101331,0.2767669514383937,0.23390510905824513
2021-11-03,0.5914151451519398,0.6018689940026296,0.6535805582815133,0.8238453562471252,0.0810333088801132,0.4814568653195154,0.7614721798310683,0.663936694571976,0.2788141549916044,0.24058810572491274
2021-11-04,0.5945836036697038,0.6075161861054801,0.6527571931127437,0.8230068686715792,0.08565600349894086,0.49026504310989705,0.7832966448803108,0.6808276848282635,0.28434941447519707,0.22833594516935543
2021-11-05,0.5974235953734958,0.6088884102176825,0.6577870795226854,0.8387107517719384,0.0997960433655084,0.47928981371888113,0.7712045573479785,0.6724808580903527,0.27691844884015904,0.21251948254669342
2021-11-08,0.5981015642130644,0.6093608981117064,0.6603615303192143,0.8412758952746943,0.10985722283537881,0.48148479887197027,0.7738759271767581,0.6766466612803022,0.2780559448448218,0.2223212269246601
2021-11-09,0.5954273141012428,0.605157388078011,0.6575903283285552,0.8342737826799094,0.11747110940664253,0.4840871736338235,0.7732161391009565,0.682328605681918,0.27327889550801165,0.207841400813547
2021-11-10,0.5891619961633957,0.5935835124387611,0.6516636808387002,0.8171831531049766,0.1303874768912272,0.4795664925196907,0.7615088720129711,0.6772790539588525,0.27335446342440534,0.2363555252358357
2021-11-11,0.5895781758409344,0.5971618938706252,0.6477450528889392,0.8260479075375474,0.11583955487489188,0.4921056213162153,0.7970013985538358,0.6938431144442033,0.2706249792097838,0.2363555252358357
2021-11-12,0.5950371704592243,0.6040352239746415,0.6521665537436978,0.8272444507734876,0.09721278542819917,0.49406749793781307,0.7922911515684677,0.6943503130796851,0.2716865457290749,0.2412564107027531
2021-11-15,0.5950289945090458,0.6037233022812525,0.6518490513265033,0.8223270497663068,0.09993200840421092,0.4922641897702321,0.7895463973758825,0.6881358321055504,0.26342144046188265,0.2503898501028794
2021-11-16,0.5979714634136202,0.6089880143842983,0.6532013299994937,0.824180729147822,0.09830047980513977,0.48868558289391756,0.7899770830476078,0.6861160114163243,0.26607535676011057,0.25284026628046996
2021-11-17,0.5959832787133889,0.606694119717011,0.6479875198017057,0.8114862396974629,0.1083616592750102,0.4935296252402722,0.7910906012752323,0.6948736998416071,0.2728996096501314,0.24615726961380238
2021-11-18,0.5985632275746064,0.6098587904232801,0.6465035914326429,0.8054041619655264,0.11488782553665379,0.48834977301331906,0.7690372575547301,0.6829808816027265,0.26213244705545524,0.2428157712804686
2021-11-19,0.5974935275298778,0.6126545615688055,0.639862659950764,0.7961449488094373,0.11923860304441618,0.500680614668713,0.7930654908463074,0.6985953853018234,0.2682744192840645,0.2310091385248489
2021-11-22,0.5950517760401259,0.6037632296289023,0.6402890506513766,0.7907925920541076,0.13636980893074024,0.5074305147189706,0.8033017146659323,0.7173495057408683,0.2691841268326124,0.25083537790281696
2021-11-23,0.5963133330905023,0.6002704006790733,0.6450925767414047,0.7892108844937445,0.1392249969454545,0.5096097113424114,0.8037370987268037,0.712346758818163,0.2677436360244189,0.2601915944808461
2021-11-24,0.598062510159784,0.6033451920126284,0.644859947388345,0.7908423834778335,0.12834805317604847,0.5107332777647936,0.8052537834897263,0.7107674487218001,0.27267218276299443,0.2552907090139287
2021-11-25,0.598062510159784,0.6033451920126284,0.644859947388345,0.7908423834778335,0.12834805317604847,0.5080833856012101,0.7959887838264442,0.7053936065962392,0.27343039290977694,0.2552907090139287
2021-11-26,0.5806939343667463,0.5878345313037046,0.6225142198549924,0.7520836327734233,0.26485384011183105,0.5018372003718502,0.7793513403944902,0.7008187892768267,0.26903262943084705,0.2189797285913263
2021-11-29,0.5905535746350592,0.600607769630514,0.6283559942807129,0.7502889285671213,0.18789936569573548,0.5014049893727255,0.7753603944141075,0.7037945012365661,0.27358225188052027,0.2296725285691681
2021-11-30,0.5762038295337011,0.5898538183546446,0.6122523912744703,0.7307690307524004,0.24541128043292326,0.5017749571299671,0.7664757405388426,0.7024909171633775,0.26979083957762956,0.21029181699113755
2021-12-01,0.5674317493954585,0.5774108802964837,0.600853360081208,0.7074331182233181,0.29884432180707415,0.5058168207199555,0.7718918645602073,0.7023575410781406,0.25174420874968,0.20828692861348452
2021-12-02,0.5778457667127758,0.5829940686896894,0.6161058212795096,0.7341319435108552,0.2557443899801987,0.5048685980643415,0.7775323925965021,0.699772807563515,0.25485297882218183,0.2114056497689155
2021-12-03,0.5715593341851469,0.5700154958378953,0.6146315375768258,0.7128218780417719,0.2927260247288586,0.5153121031756123,0.7980873976450331,0.7111683687880429,0.26114644845255774,0.1880151614355789
2021-12-06,0.5802143315417055,0.5761431013275972,0.6306050340336165,0.7328402433317942,0.24527531539422076,0.5096784066276604,0.7942385220031157,0.6986377031758333,0.26091902156542013,0.20828692861348452
2021-12-07,0.595671163799774,0.5964003182706558,0.6427625217909181,0.7556413959700592,0.1733514436794002,0.511475490471053,0.8077463907981377,0.6936115538529478,0.26054009727651783,0.21853420079138877
2021-12-08,0.5980218685433621,0.6007902701680552,0.6436345925249013,0.7637629304178131,0.14629502336190822,0.524683050960288,0.841575687581285,0.7176918318277129,0.25409476867539926,0.22499442028015348
2021-12-09,0.5925336627632689,0.5889623931938095,0.6436331458249445,0.7404224813367913,0.16913663121034023,0.535711111200512,0.8794966101122311,0.7342153340180149,0.23695784539599757,0.22009356136910424
2021-12-10,0.5997792215628224,0.5939296208525628,0.6489735904922879,0.7366155397263087,0.12984364266909668,0.5336311242321214,0.8686968033278915,0.730944100771791,0.26182909068294596,0.2205390891690418
2021-12-13,0.5927807669662402,0.5843961097911239,0.6410717153280272,0.7224254265548284,0.15186946028531367,0.5382108605196506,0.8818379740367016,0.7400369889891267,0.2493177193385891,0.20605926305792865
2021-12-14,0.5871103883156623,0.5766909885047367,0.6384355386666731,0.7129758995124977,0.1733514436794002,0.5321325043241975,0.8662133690649557,0.7332162450840113,0.25348805593038204,0.20917798421335962
2021-12-15,0.5994264650327857,0.5910773002447006,0.6478981137443729,0.7290921662489166,0.13800136346249092,0.5278107738649129,0.8461438642281878,0.7232549166705194,0.2542462660771646,0.21474717465811743
2021-12-16,0.5927319493996397,0.5741812633895311,0.6471626114863154,0.7097173274486509,0.1554044734935405,0.5363267120440142,0.859353944644474,0.731056713825289,0.2542462660771646,0.20561373525799112
2021-12-17,0.5849239169790602,0.5737096751460443,0.6340224286716643,0.7194477887684048,0.16900066617163775,0.523063208543477,0.822711207694082,0.70896115293948,0.25477704933681017,0.20115837759101124
2021-12-20,0.5763696505038285,0.565429934209413,0.6233245647241504,0.7040114515848666,0.18667573221277187,0.5110122337573794,0.788648333850529,0.6820808569642222,0.2599333845315006,0.20494543028015072
2021-12-21,0.5895716668320544,0.5812292113787628,0.6371644680845934,0.7326000273742183,0.1613868055330536,0.5208152407283947,0.8038013100451337,0.6928737623946392,0.26038823830577457,0.22009356136910424
2021-12-22,0.5972659503535468,0.5891606590360021,0.6436133742588677,0.7411883840813056,0.12902785243688158,0.52003492301308,0.8042411687623346,0.702094484023485,0.25735539771864435,0.21341056470243666
2021-12-23,0.6020177649704649,0.5949285328323394,0.6484691744406696,0.7501076877847586,0.11991840230524924,0.5264770226415865,0.819953029532508,0.7086350149790758,0.25621790171398157,0.22143017132478499
2021-12-24,0.6020177649704649,0.5949285328323394,0.6484691744406696,0.7501076877847586,0.11991840230524924,0.5186152457533979,0.8073980388028773,0.6947971581568076,0.2559904748268446,0.22143017132478499
2021-12-27,0.6126495959507932,0.6044870627468122,0.6571557396615204,0.7591175012317845,0.1161114849522969,0.5179673087866735,0.8064724561410966,0.6952764674657589,0.25432219556253627,0.21875695141342352
2021-12-28,0.6118627996578762,0.6005590599800011,0.6595218656642643,0.7523419949387571,0.11420802627582073,0.5223642624809656,0.8232611429569916,0.7062872967504844,0.2567486849736272,0.21875695141342352
2021-12-29,0.6129536142923865,0.599879095535904,0.6617543165909963,0.7535792564945444,0.106186270521129,0.5120693061798962,0.7900504674114136,0.6897061683492127,0.25477704933681017,0.23256849910256436
2021-12-30,0.6106240241385801,0.5987972871852021,0.6595185864776955,0.7533753329524843,0.11135281232842696,0.5189684381978881,0.8074758978230125,0.7025359623847767,0.25485297882218183,0.2263310302358343
2021-12-31,0.6085838467454653,0.5945600188361119,0.6580426631817272,0.7517981619440608,0.10985722283537881,0.5253701556255632,0.816117801592396,0.7080422128271459,0.2584925321543292,0.2256627252579939
2022-01-03,0.6135225969222925,0.6027998752655951,0.6641351989332999,0.7641482053898442,0.10142759789725905,0.5253701556255632,0.816117801592396,0.7080422128271459,0.24545037755032678,0.25150368288065733
2022-01-04,0.6130316430207902,0.5935839408437789,0.6694334964085673,0.7624758774382998,0.10564241036631894,0.5230538720571946,0.8057623281815869,0.702092636465576,0.24560223652107008,0.2604143451028808
2022-01-05,0.5979194707207367,0.5706603739110426,0.6597415711643765,0.7285437967022809,0.14398366956932446,0.5115034240235079,0.7830125042033803,0.6781691369762278,0.24499552377605285,0.268656728903132
2022-01-06,0.5971830001794045,0.5698132886695398,0.6555283951034029,0.7341500897186132,0.14235214097025325,0.5086741650543516,0.7601526036794651,0.6694979318568736,0.24476809688891588,0.27489419776986207
2022-01-07,0.5940909828269029,0.5634540874272681,0.6554096692602782,0.7221127364138291,0.1307953720073348,0.5066407846109808,0.762049634230405,0.6617628227447223,0.26592349778936725,0.28335933219214804
2022-01-10,0.5929953261248111,0.5637580836278296,0.6513903509935212,0.71818784445292,0.1394969270228596,0.5109873364606261,0.7719833712821479,0.6674672897570377,0.26160166379580896,0.28536422056980104
2022-01-11,0.5999498846005313,0.5729977088471249,0.6559123492719482,0.7285437967022809,0.12603669938346482,0.5028787119838963,0.750777751203291,0.6509248720929062,0.25985745504612895,0.27779016830325837
2022-01-12,0.6021088117166288,0.5745304563194602,0.6568580088104027,0.7204131891506479,0.11529572065276134,0.5122029773371597,0.7726845499289984,0.6687493189879553,0.25909924489934644,0.27311206001424376
2022-01-13,0.5911647864445286,0.5577910443387626,0.6524952439738919,0.7128807425693768,0.15186946028531367,0.499091817966451,0.7361838833170717,0.6432663046655545,0.2474979426725154,0.26999331230294465
2022-01-14,0.5917858411454753,0.5616050056898613,0.6475124235358793,0.7142494534838008,0.13664173900814527,0.4885207901157125,0.7182268637335145,0.6443681530108749,0.2478768669614177,0.28358208281418273
2022-01-17,0.5917858411454753,0.5616050056898613,0.6475124235358793,0.7142494534838008,0.13664173900814527,0.49486648862569277,0.7368069792109704,0.6635574173269524,0.24287239073747055,0.28358208281418273
2022-01-18,0.5778473542759173,0.5446344263616114,0.634097174836101,0.6842331916048119,0.18558803783583128,0.503646656957227,0.7579166179115571,0.6660636736199216,0.23923283740532317,0.30429940434789404
2022-01-19,0.5706375156470471,0.5373241231395387,0.625706893766411,0.6690732521467573,0.1999999948134641,0.49999965842123356,0.742809506944331,0.6494690844395989,0.2434031739971161,0.29583426992560813
2022-01-20,0.5625043502950927,0.5291540110469375,0.6179724500104886,0.651515800312491,0.22365736696143176,0.4990296506309605,0.762571826624071,0.6486681240965937,0.23680634799423225,0.29717085332542076
2022-01-21,0.5487203333192007,0.5122602018978599,0.6068613121086375,0.6351457632864819,0.26798095820395035,0.48892810381808394,0.7423193083434219,0.6334653618743492,0.2337731458381248,0.27801291892529306
2022-01-24,0.550702009010552,0.5160421185536344,0.6093088390956196,0.6558077103900649,0.28225695014288066,0.48940692134222846,0.7457238506118086,0.6381725875105702,0.23240822294632435,0.27533972556979963
2022-01-25,0.5419754919344698,0.5021866434711054,0.6076602762714685,0.6424470116902518,0.2993881560292047,0.4610983154018397,0.6961048340383528,0.6023246853399931,0.2264181096884577,0.28603252554764147
2022-01-26,0.5409155554030612,0.5023107952452355,0.6044594043936278,0.6299519092300132,0.3102650997986107,0.468128006415001,0.7116195861972066,0.6110103190068268,0.22391569079199516,0.3005123782146227
2022-01-27,0.5371081820990091,0.4940047074000155,0.6042789526856779,0.609480331336476,0.2902787058975724,0.44903177980527126,0.6692676352358603,0.5766444222160745,0.21868378768091104,0.2913789388144965
2022-01-28,0.5542329875716726,0.5123326023458517,0.6182212824030651,0.6263488911615908,0.25180148165586436,0.43883071971177434,0.643557826095614,0.5702677960406922,0.2545496224496739,0.28580974836973855
2022-01-31,0.5678397531228185,0.5329205908030782,0.628255207517053,0.6535144280608531,0.21332425741415625,0.43883071971177434,0.643557826095614,0.5702677960406922,0.2424931048795903,0.28580974836973855
2022-02-01,0.5728777259959883,0.5375759396089442,0.63500502728235,0.6636165546968195,0.17430317301763823,0.43883071971177434,0.643557826095614,0.5702677960406922,0.24893843348070885,0.2898195516809128
2022-02-02,0.5798420479850287,0.5407147346521439,0.6405378830439532,0.6539993965279445,0.1760706925880914,0.43883071971177434,0.643557826095614,0.5702677960406922,0.24893843348070885,0.2822454994143701
2022-02-03,0.5616443673413536,0.5170813862860785,0.6277441366456332,0.636555247844557,0.20679809115251271,0.43883071971177434,0.643557826095614,0.5702677960406922,0.24893843348070885,0.29583426992560813
2022-02-04,0.5653980016330666,0.5266969369084075,0.6272152231414125,0.6416901267258123,0.19143437890396225,0.43883071971177434,0.643557826095614,0.5702677960406922,0.24893843348070885,0.3187792304590072
2022-02-07,0.5626896982918604,0.5230847971611484,0.6272495581537215,0.6463310193599012,0.1865397671740693,0.46001634568256966,0.6757787076610815,0.5818525999824657,0.24893843348070885,0.3156605093035762
2022-02-08,0.5688135643538018,0.5309276506607269,0.6364257830866308,0.6611828052288962,0.1672331725338641,0.46718282001508865,0.664177042462475,0.570029109154645,0.24347910348248777,0.3241256437258621
2022-02-09,0.5794844493874105,0.5439092651881468,0.6439631863084316,0.6784638040138747,0.14711078766144373,0.4756769730595309,0.6840127465060205,0.5885786785394843,0.2536395533321474,0.3185564798369725
2022-02-10,0.5659751602131514,0.5305411436537558,0.6309644907495594,0.6638068685830611,0.20081575911299968,0.4775299999142258,0.6784225583534339,0.5796381698601631,0.2503792858578803,0.34127866319246863
2022-02-11,0.5520854909101939,0.5132354230801576,0.6185321300004581,0.654284922681111,0.24772263422550692,0.4703914591341616,0.6608000193305154,0.5609272470846086,0.24370653036962472,0.3243484209037649
2022-02-14,0.5493267030610887,0.5132253127217398,0.6142881874537357,0.6500428593510673,0.26091093178749664,0.4597986461487639,0.6380226762158816,0.5518128040250017,0.24408545465852702,0.33348186030389126
2022-02-15,0.5606087999041668,0.5285284540400885,0.6247240058157338,0.675273169581512,0.2251529564544799,0.46514951547811045,0.6602044425730438,0.571850713273925,0.24620858769710932,0.3443974374596359
2022-02-16,0.5612493022535965,0.5278410353486833,0.6233766459225968,0.676564869760573,0.20598232685297715,0.47128692684696005,0.66840178923608,0.5746192348110175,0.23263564983346133,0.3448429387037053
2022-02-17,0.5458461296297099,0.5099702485567357,0.6080133675076012,0.6533512781624442,0.25791977873407984,0.4719740315122352,0.6735199011458923,0.578812047538017,0.23081587316738764,0.3281354470370363
2022-02-18,0.5407432254240537,0.5025718224225215,0.6022641818791186,0.6448490052945987,0.2530251410715075,0.47903795630843227,0.6836370991071494,0.5821255106793026,0.23096773213813093,0.319224784814813
2022-02-21,0.5407432254240537,0.5025718224225215,0.6022641818791186,0.6448490052945987,0.2530251410715075,0.4789913497834125,0.6758796111613142,0.5831597911925243,0.2221718436112931,0.319224784814813
2022-02-22,0.533572361470307,0.49526546052661174,0.590349353927911,0.6316333656092407,0.2674370980491403,0.46858815096658063,0.6483139383083607,0.5674795672192375,0.22975430664809648,0.32278903377018137
2022-02-23,0.5206873815014345,0.48017335151998314,0.5788721044903156,0.6152814194671853,0.29748469735272853,0.4785373536496287,0.670720108680453,0.5902616278366447,0.22300598324344728,0.3292492798148143
2022-02-24,0.5309616138841445,0.4993044630335094,0.5811452559091665,0.6388122377582529,0.28796735210498864,0.4601344560293624,0.627772580961635,0.5634371984933957,0.2131485281973183,0.3274671420591959
2022-02-25,0.5465598186399618,0.5090007680016753,0.6017597658275003,0.6591705678247155,0.25084975231762624,0.4668035157715646,0.647979457747722,0.577912902688993,0.22414311767913211,0.3312541681924673
2022-02-28,0.5448187381427018,0.511491643296102,0.5976575034298844,0.6624155855565481,0.285655998312405,0.4701925084793133,0.6517504743695042,0.5817697238134071,0.2159539418973115,0.2985074632811016
2022-03-01,0.5338162111688382,0.5018870170017243,0.582901260316779,0.6444773953021903,0.3287559301392804,0.47843791627540083,0.6691806031702493,0.5847345263835888,0.21019125552658183,0.2691022567030696
2022-03-02,0.5468670914859951,0.5115188041742242,0.5976266404974719,0.6673012307001526,0.2936777540670967,0.476995239378779,0.6503530391977658,0.5719705406011628,0.2125418154523011,0.30429940434789404
2022-03-03,0.543119966203162,0.5021274378976589,0.5952392962286943,0.6553091875909592,0.2901427408588699,0.4760376802368826,0.6379951570794544,0.5588948454058119,0.21868378768091104,0.29962129605887944
2022-03-04,0.5374918961103046,0.4922789206267034,0.5907985060411779,0.6410284540282977,0.3105370298760157,0.4656344814200507,0.6127023859091282,0.5425560110274573,0.21838043130840243,0.27288928283634095
2022-03-07,0.5167191086729934,0.4711131423221017,0.5711098840952218,0.6185626742907294,0.37131202774402533,0.442381393035634,0.5468810862317733,0.5022828557491449,0.2164847251569571,0.2789040010810363
2022-03-08,0.5117787709330246,0.46955974572791304,0.5665486320246325,0.6238562218422583,0.35336505755816566,0.41771667346914454,0.5068387291349572,0.4726494345527025,0.21845636079377406,0.30585876492560954
2022-03-09,0.5292025939233858,0.489739335681764,0.5826864735965201,0.6480034026352498,0.3169272570316363,0.406169337597552,0.4889503955260596,0.46027730700487063,0.21716700581836798,0.32278903377018137
2022-03-10,0.526217895839248,0.4842298757921048,0.5799167183058179,0.6459095626199628,0.2867436926893455,0.4185126279013226,0.5194163168790525,0.48404138864036056,0.21640879567158613,0.33682333208135695
2022-03-11,0.5172426076188961,0.47167683764439444,0.574240928588479,0.6314067593074831,0.2938137191057992,0.4227596664703474,0.5256846391983921,0.49092609324070496,0.2195934952294589,0.33526397150364146
2022-03-14,0.5121705021381846,0.4601573694423927,0.5742667762943745,0.6142073078098069,0.3076818418613015,0.3959527925999769,0.4653114573351587,0.45635476560626664,0.23316643309310692,0.3655602867932848
2022-03-15,0.5266942441598489,0.47627473733738657,0.5890588011197457,0.6265573512555903,0.2813052208046425,0.3463435625040942,0.3778173834581352,0.40893208909399326,0.2527298457835995,0.3700156179043965
2022-03-16,0.5422046566739424,0.49767956564186616,0.6018672074109617,0.6545432295226408,0.2383412540164696,0.37953036866748074,0.4567523347078732,0.45070880459440144,0.25621790171398157,0.3762530602152584
2022-03-17,0.5509523677179632,0.505498299938948,0.6121793811499818,0.6700884439527265,0.22474506133837235,0.39331314779938636,0.4941510648451534,0.4767458223526442,0.24264496385033357,0.3771441158151335
2022-03-18,0.5593164441288457,0.5177402732033047,0.6189486831413643,0.6796602366022066,0.20027192489086912,0.40451533730409794,0.507072306195363,0.4802305805057743,0.23832276828779733,0.367342397993035
2022-03-21,0.5590010747107909,0.5153108311884165,0.6139626799634467,0.6705053641407256,0.1956492173057017,0.40532988880244836,0.5037961865636362,0.4848242253200685,0.24946921674035444,0.40454446057138055
2022-03-22,0.5671992507733888,0.527171181263004,0.6202456978760034,0.6806573928480263,0.18762746155100996,0.4072482710611205,0.5022152904823836,0.47934137727787945,0.24514702117781817,0.4174648995489101
2022-03-23,0.5581980058956737,0.519001925980438,0.6091606970200392,0.6642827639462735,0.19619305152783223,0.41072114033262636,0.5119384949538182,0.4874378159296531,0.25333655852861675,0.40588107052706135
2022-03-24,0.5685892416819108,0.530813137999495,0.6177885262226424,0.674810883874118,0.17036029062598337,0.4042634798936491,0.5003871696389198,0.4781449515634101,0.25788618097828997,0.4103364016381731
2022-03-25,0.5723119978705222,0.5298243363781363,0.6215734790963912,0.6759620615906634,0.1586675566243623,0.39244257738334115,0.4652244252695477,0.4571746414231017,0.25409476867539926,0.44397418870528205
2022-03-28,0.5775888989964845,0.5379663879420781,0.6239104782066708,0.6759983540061792,0.14262404511497884,0.39314524285908714,0.45326545876302154,0.44611243243271775,0.2532606290432451,0.4406326638160802
2022-03-29,0.5867056390927422,0.5495801480884761,0.6322632415241466,0.7009431934072614,0.13269883068381097,0.38986198775614705,0.44669934806494604,0.44117003906837154,0.25743096563503803,0.42347964434947366
2022-03-30,0.5819668424935842,0.5417991562734539,0.6306489172656407,0.6818946544038136,0.1385451976846214,0.40934381883998183,0.5016655789522906,0.47438816250292365,0.25166827926430835,0.41412342777144445
2022-03-31,0.5702555479552073,0.5320712778554834,0.617057942744438,0.6724042983940274,0.15526850845483797,0.40486663208877466,0.4872321274954879,0.4612755161493937,0.23885355154744292,0.4072176273710059
2022-04-01,0.5727671522231842,0.5338690366717694,0.6205125657947085,0.6819128006115714,0.14262404511497884,0.41435569022024316,0.5117736038680719,0.4711566077622682,0.23331829206385019,0.41835600826052144
2022-04-04,0.5787463912829368,0.5457596321406066,0.6230707171050569,0.6838751359444177,0.128212088137346,0.41435569022024316,0.5117736038680719,0.4711566077622682,0.25091006911752584,0.42615281114909886
2022-04-05,0.569395565001468,0.531354042174846,0.6161401562918186,0.6614864775898207,0.16165873561045857,0.41435569022024316,0.5117736038680719,0.4711566077622682,0.2511374960046628,0.45823123763849233
2022-04-06,0.5622474825788014,0.5175200730242057,0.6125682540983804,0.6482979465684913,0.1762066576267939,0.4145764260097505,0.506128377442631,0.4661998738293906,0.25166827926430835,0.47003787039411193
2022-04-07,0.5653460089401833,0.5178920571010767,0.6147177608942535,0.6450620572643418,0.16872873609423272,0.40004748703917326,0.4810463625854296,0.4481015484690761,0.2481802233339263,0.4796168375941759
2022-04-08,0.5634065624283954,0.5097193317378673,0.6181139372662675,0.6381551016126779,0.16342622924823225,0.4047578582282643,0.49097562498084285,0.44695289532339544,0.2490902924514528,0.4932056346612822
2022-04-11,0.5510921526525705,0.4966008418072917,0.6079157634838463,0.6317013032407246,0.20707002122991774,0.3784172773272691,0.431088167062189,0.4073978242190296,0.25235055992571925,0.5081309885723327
2022-04-12,0.5486407170276555,0.4948290014945766,0.6057499572017929,0.6347015684630416,0.20557443173686965,0.3927814994260338,0.4676989102198242,0.428674477056432,0.25591454534147295,0.49587880146090735
2022-04-13,0.5566291759992641,0.5067621375816717,0.614249126554901,0.6519961769038386,0.17239971434116205,0.3845392037920405,0.44926533973716315,0.411718558336487,0.2531087700725018,0.4874136935944896
2022-04-14,0.5478505868521414,0.49393012208643355,0.6114502443717343,0.6428775415340693,0.18436437842018816,0.3966087756443105,0.4730139070081396,0.4249123212801148,0.25477704933681017,0.5188238151060427
2022-04-15,0.5478505868521414,0.49393012208643355,0.6114502443717343,0.6428775415340693,0.18436437842018816,0.3921332588337393,0.4717218499929636,0.41896186512906447,0.26251137134435687,0.5188238151060427
2022-04-18,0.5477042929086541,0.49310891250799993,0.6104740112408586,0.6361473454366326,0.177158386965032,0.38724412809021563,0.461471754738717,0.42282669233775066,0.25705204134613574,0.5263978673725854
2022-04-19,0.5591684832440599,0.5057123739262939,0.6228070319262569,0.6545659122823382,0.16628144319562602,0.38678087137654193,0.44704747632739,0.41758798587638757,0.25401883919002766,0.5377589988841357
2022-04-20,0.5587198379002779,0.4984042984103132,0.6289694915090769,0.6579287143931847,0.15200542532401617,0.3734178545953844,0.41767202872192405,0.3958680950987324,0.2738852466840509,0.521496981905668
2022-04-21,0.5480245837724476,0.48619038567461603,0.619882769080164,0.6367500982827381,0.18409244834278313,0.3512684451585043,0.38332501420144055,0.3681247256431492,0.2930693735166633,0.5386500544840108
2022-04-22,0.5282109226070608,0.4714785718022018,0.5956525701830316,0.6137269312184592,0.259279377255746,0.3534789911220642,0.39130690616220587,0.3651895719784587,0.31703054968608646,0.5361995851946839
2022-04-25,0.5321678443590404,0.47874145058881484,0.6015304156610093,0.6198633922498653,0.24309992664033955,0.30422735604143913,0.3004265242413388,0.304610963470217,0.35570215972381913,0.5183782607502371
2022-04-26,0.5125103200286182,0.45618815411287883,0.5815489816437888,0.5909801618796638,0.33147517904797164,0.2911441302231853,0.2863184921661073,0.28905769311895974,0.3993782459855003,0.5063488773725826
2022-04-27,0.5139343641665249,0.4561087278225968,0.5830736105049706,0.5880660358203929,0.30537048806871775,0.3134832297350237,0.3373716360932044,0.3292615209862123,0.3981651820644432,0.5165961495504868
2022-04-28,0.5307665023740568,0.4728929081276443,0.5982448636123616,0.6034298988205076,0.2834806095585238,0.3188309109958835,0.34908796436025724,0.3271011099380096,0.4005916714755341,0.5266206179946201
2022-04-29,0.5054760658831956,0.44934022842641225,0.5750561922374903,0.5790289477379257,0.3298436504489005,0.3410860580375723,0.3926769340639254,0.3624634562943241,0.4504852978822182,0.5319670578173432
2022-05-02,0.5092882018766722,0.45817449681795747,0.5771373183487367,0.5875539033654688,0.3154316675385882,0.3410860580375723,0.3926769340639254,0.3624634562943241,0.4369882895039418,0.556248628306423
2022-05-03,0.5125558037126215,0.45939142411124273,0.5787987085791718,0.5947826222620111,0.2734194300886533,0.3410860580375723,0.3926769340639254,0.3624634562943241,0.4369882895039418,0.5482290216840746
2022-05-04,0.5328262067938118,0.47698717488182557,0.6018167658057998,0.6179236843529123,0.22134601316884805,0.3410860580375723,0.3926769340639254,0.3624634562943241,0.4369123600185702,0.5386500544840108
2022-05-05,0.5079047993551874,0.4485966886776881,0.5755687098088669,0.5822241187222281,0.29993201618401477,0.3475219333418905,0.38991394564679704,0.3647102626695074,0.4369882895039418,0.571842287195314
2022-05-06,0.5040795659657936,0.4410060800525327,0.5731342995681601,0.5679071480678549,0.286199858467215,0.32693953547261334,0.3434566093694381,0.3434038729476656,0.47270262687093867,0.5845399755508088
2022-05-09,0.4826045596619276,0.41813250798536244,0.5569949148496517,0.5327921890755182,0.3481984898181882,0.3277416383225871,0.3290780843190815,0.3394173708538326,0.4810433000545246,0.5747382577287103
2022-05-10,0.48419934621570043,0.4231519582157736,0.5548972481355654,0.5326607950406856,0.324269213525495,0.33759762795559567,0.34851979487280454,0.3526706075663391,0.5297242241091302,0.5555803233285826
2022-05-11,0.47349107407010993,0.4067700930628504,0.5468326192261602,0.5128780538324956,0.31842284652468444,0.34470504711471833,0.3744311872806999,0.37039502239746064,0.532605567294495,0.5395411100838858
2022-05-12,0.47266200890855103,0.40706487855553136,0.5442695491359585,0.5225042851052497,0.3076818418613015,0.3435515735736752,0.3663301575951586,0.36907876935575346,0.5228236801647598,0.5163733458167158
2022-05-13,0.48791233889099167,0.4261056394508242,0.5557841234324403,0.5466560024501806,0.26825288828135535,0.3526582152995255,0.38001220238781086,0.3749274338639153,0.5722628143661479,0.5426598312393168
2022-05-16,0.48533080246663257,0.4198670770615374,0.5564448313027291,0.5424683224196065,0.24921819778587556,0.34938429668286786,0.36532212939050485,0.36894363369155575,0.5738551641450846,0.5297393922617873
2022-05-17,0.4984726898408749,0.43398092321024273,0.5670905658284647,0.5682425209685517,0.2305914283391829,0.3555869875493021,0.38793446955298405,0.3812671088811185,0.5716561016211307,0.5500111328838249
2022-05-18,0.4716215597147042,0.4091350601225744,0.5383381757595778,0.5385797228742133,0.29666890712051347,0.3531867515107839,0.38152877528432527,0.3792779048658121,0.5345768413623341,0.5317442540835722
2022-05-19,0.46790043077831284,0.40783433680782655,0.5324880586974395,0.5392006219280766,0.27477905454299895,0.35660056560889336,0.385052455277488,0.3830598559054395,0.5476189959663365,0.5248385067948699
2022-05-20,0.4679931047766967,0.40634807127991185,0.5327045814576467,0.5378636668772291,0.27586674891993956,0.37202497229226905,0.4207924303133803,0.4014807120892884,0.5163027836472475,0.5096903491500482
2022-05-23,0.47976127376461714,0.41427292149987854,0.5479716061021804,0.5466967760938318,0.26295035550267537,0.372115149086607,0.4099695790489431,0.40088790993735857,0.5010615665192911,0.5257295623947449
2022-05-24,0.47451525074175666,0.40239243638945904,0.5491660980332114,0.5340385237351845,0.27613867899734457,0.34850750194263436,0.3665179812945941,0.3664706334409477,0.4690627119698133,0.503675657461221
2022-05-25,0.4805708515886144,0.4098628345666471,0.5538982535920355,0.5495973478210886,0.26145479194230675,0.35986514773926853,0.3775286562584669,0.37343099993661116,0.4714892013809049,0.5012252412836304
2022-05-26,0.4934315021523437,0.4232827074271764,0.5666609441646152,0.5673088764498848,0.24962609290198315,0.36473097522028225,0.38204660488806985,0.3791644120228335,0.5008341396321542,0.502784601861346
2022-05-27,0.5097531991208115,0.44041252490050614,0.5808769412905046,0.5898154298311041,0.22542486059920538,0.3669477455080305,0.3858313810780655,0.3779724732347145,0.5357902668523685,0.4998886313279497
2022-05-30,0.5097531991208115,0.44041252490050614,0.5808769412905046,0.5898154298311041,0.22542486059920538,0.37279914158978805,0.3985328049360829,0.38848516571560693,0.5053078325964557,0.4998886313279497
2022-05-31,0.5055117860538789,0.43823048678334103,0.575374948461314,0.579001783750093,0.231815087754826,0.384417905376761,0.42717060544561203,0.40806540847679806,0.47702446086449696,0.5223880906172792
2022-06-01,0.5004852436353279,0.4344169966777619,0.5710074577382775,0.5748231214995938,0.22501699141577738,0.3830903025712304,0.42334913707371347,0.4101959946616134,0.4856688519895701,0.5417687756394417
2022-06-02,0.5127736173756325,0.44856203071175593,0.5817490120244878,0.5942433258192542,0.21182866792110813,0.3872254551176507,0.42627712844299637,0.41713656589396664,0.49590559289357866,0.5377589988841357
2022-06-03,0.5016736140248821,0.4352184996253812,0.5731424010879184,0.5876173597688173,0.21278042319202578,0.3872254551176507,0.42627712844299637,0.41713656589396664,0.47619068280132076,0.5475607167062343
2022-06-06,0.5037691179934773,0.4373522564970513,0.5735394720027391,0.5907173184861946,0.2165873405449781,0.39994493750285126,0.46133885744572745,0.4450475352455763,0.47626625071771445,0.5656048448844522
2022-06-07,0.51014985177171,0.44234715911994815,0.5800665964213465,0.6041641563490538,0.2023113486060478,0.4016207229309644,0.46731386604266095,0.44481782221222976,0.47141363346451054,0.5509021884836999
2022-06-08,0.5028489663966761,0.43844456077068694,0.5734189136730025,0.5912249143891792,0.20149555837383273,0.4084701362618424,0.4859537181821172,0.4536187083010029,0.484152431696005,0.563599929950931
2022-06-09,0.4869255890204054,0.42387844744479325,0.5576637724630308,0.5730284172932917,0.2304554633004804,0.40074704035282505,0.4657284953050787,0.4335573966518996,0.49400988674213336,0.5669414017283967
2022-06-10,0.46791182154385297,0.4057075629379451,0.535936268044568,0.5501049437240731,0.2530251410715075,0.41501174917096934,0.4947421669462954,0.4537890355444188,0.5001518589707433,0.5918912771953169
2022-06-13,0.44332685842398656,0.38242255069177344,0.5143063194265282,0.5112691269604959,0.3382732753870203,0.40590821960721324,0.47199681762441836,0.4505601201722047,0.5131180840893741,0.6386723069737263
2022-06-14,0.44102655881014047,0.3832612820354311,0.5105556051184245,0.5082054053348302,0.3201903142297786,0.4162802208967111,0.48709923020249835,0.4527655764418067,0.5476949254517082,0.6647360417742926
2022-06-15,0.4498880584423269,0.3951409531763169,0.5180540438880543,0.5187698176781905,0.2784500327899283,0.4214102785301577,0.512717532620804,0.46303315957344465,0.5370792602587966,0.6451325530183593
2022-06-16,0.4298566233030079,0.37526621623306294,0.49974716507087624,0.4819236108829004,0.323725353370685,0.4151826903669702,0.49981441362872925,0.46422237101417424,0.5164542810490128,0.6255290642624258
2022-06-17,0.4311685457940476,0.3819452218210495,0.4988017466490812,0.4891070195838521,0.29898026091309715,0.4249485032056408,0.5268393242642491,0.480454838844342,0.5097059576443637,0.6103809597293405
2022-06-20,0.4311685457940476,0.3819452218210495,0.4988017466490812,0.4891070195838521,0.29898026091309715,0.42452562869279853,0.5366403877558189,0.4945080681314252,0.519032629430847,0.6103809597293405
2022-06-21,0.4457913914448187,0.39383144755870614,0.5146398802132436,0.5019511046006059,0.286199858467215,0.42181759223252924,0.53441335130057,0.4888080880454601,0.5006067127450172,0.6255290642624258
2022-06-22,0.44499479194950303,0.39311990966480437,0.5134764923312847,0.5002515573374247,0.26934058265829597,0.4095303208464534,0.5092351313322819,0.4728341023646498,0.49833172073569165,0.5918912771953169
2022-06-23,0.45082118836780977,0.40097724325398115,0.5182720615715501,0.5099457815654667,0.2707001811799621,0.42599312697978103,0.5428031081857797,0.4969946171400323,0.5079617488946836,0.5722878415511198
2022-06-24,0.4696805256397748,0.41744684575452984,0.5386001248984296,0.5344509626950482,0.2459551146550538,0.43519616982415754,0.5661212135178473,0.5124270923956232,0.5050804057093188,0.5849855299066146
2022-06-27,0.46778989669458737,0.41380266131194665,0.5370589554344078,0.5371702383161382,0.24214819730210146,0.44434941807502754,0.5887976531322482,0.5249983163028817,0.49863507710820026,0.600356438173471
2022-06-28,0.4550186656248019,0.3987552777891662,0.5249293407629413,0.5222595325957342,0.2613188269036042,0.45368301991457344,0.6099943238984459,0.5391533372328535,0.5000759294853716,0.6030296580848324
2022-06-29,0.4545764896008214,0.39859513999354906,0.5269618577556379,0.5134354964830105,0.25859957799491295,0.43885561700852754,0.5783048077721201,0.5133703146976178,0.5126632303151001,0.5778569788841412
2022-06-30,0.44913860957231316,0.39205215299868307,0.5206934515126453,0.5082779348420577,0.26607747359479467,0.4503905042317434,0.6074694990644612,0.531361393720265,0.5069761118607641,0.5509021884836999
2022-07-01,0.45563317162778993,0.3963999498423405,0.5286395474722535,0.5172379568653577,0.23874914913257717,0.44697661422724144,0.5990891389575438,0.528132566326999,0.5057630479397076,0.5324125590614127
2022-07-04,0.45563317162778993,0.3963999498423405,0.5286395474722535,0.5172379568653577,0.23874914913257717,0.45250776123887126,0.612518924999614,0.5430776382104184,0.5075068951204097,0.5324125590614127
2022-07-05,0.4566182942461562,0.40492760876271616,0.525443642597598,0.5233880275525822,0.2501699530567932,0.4520725139840449,0.6095452921357691,0.5382902637525282,0.5060660427432383,0.5145912346169657
2022-07-06,0.4588438593251172,0.4066652195145169,0.5271684947328066,0.5171427999222369,0.2391570183160052,0.43693731065624797,0.5795008834090258,0.5237154072824838,0.5213831893565664,0.5377589988841357
2022-07-07,0.46819794011102606,0.41804914036891755,0.5357328620306363,0.5362003567057596,0.23031949826177783,0.43975100881493345,0.5884358771679989,0.5349334269898561,0.512056517570083,0.5589217951060482
2022-07-08,0.46767118666068325,0.41866154534172306,0.5345872203348145,0.5360915901068203,0.21074097354416763,0.4371642707699436,0.5817046516513608,0.5278415319668648,0.5075068951204097,0.5796391431956277
2022-07-11,0.4603638319658478,0.4071368077580036,0.5305303360925117,0.5191641104302964,0.23154315767742098,0.42395048595652035,0.5477243352170891,0.506228887526877,0.5028057752689712,0.5551347689727769
2022-07-12,0.4545716078441614,0.4024047316134671,0.5257772033843134,0.5174283260754035,0.24677090488726888,0.4139670494904366,0.528937938082838,0.49019630786666846,0.5201697638665319,0.547783467328269
2022-07-13,0.45180472342303457,0.4016523667213783,0.5206282535679237,0.5164584444650249,0.24038067773164828,0.4148438442306701,0.532530192184252,0.49646841505177275,0.5247953158015767,0.5357540839506145
2022-07-14,0.4499514419007505,0.4018107480564228,0.517106937649643,0.5080604016441792,0.23467027576954033,0.4140510019605862,0.5328096344720364,0.5049270630326493,0.5204731202390405,0.5482290216840746
2022-07-15,0.461783034036173,0.4106384190106954,0.5333554035448971,0.5247658115708851,0.20516653662076206,0.39736123571356297,0.49911323498187876,0.48765037306813075,0.5489839188581362,0.541546025017407
2022-07-18,0.4565305416935109,0.4065862644697543,0.5280309208004108,0.5220692187094926,0.2197144586370974,0.4129193135542022,0.5193017656770144,0.4986090308366653,0.5499695558920558,0.5482290216840746
2022-07-19,0.47373655102086115,0.4220763188973266,0.5466583401046928,0.549669822004512,0.2088375148676914,0.4133327756743695,0.5086485038874695,0.4951963274419844,0.539202393297379,0.5613722643953751
2022-07-20,0.47750971233921446,0.4301700892157733,0.5478382685894917,0.5626453010560982,0.20040786399689212,0.4211957670648387,0.5152741275147289,0.5022549664226146,0.5402639598166701,0.5651592905286464
2022-07-21,0.48385794076212535,0.4372750579128613,0.551839599553452,0.5666063747849149,0.18993881534359364,0.41102271643018917,0.49339954631459476,0.4916306286566525,0.5487564919709993,0.5370906939062953
2022-07-22,0.4777909491497275,0.4273826719680931,0.5484419282581492,0.5530961358425113,0.18885112096665307,0.4103915547762162,0.49439381495103496,0.48611971533003695,0.5568700998364262,0.5087992935501731
2022-07-25,0.4786379537747851,0.42512604853734604,0.5506825771513031,0.558031627733646,0.19333786351311794,0.40430386209448055,0.4826684255049146,0.4768917794274515,0.5454202950113605,0.5170416507945562
2022-07-26,0.4711940289607039,0.4154705705673672,0.5450408331062818,0.5523573970858296,0.21142079873768013,0.41271406266877314,0.49794490221421656,0.4874296338874849,0.5446617232956,0.5096903491500482
2022-07-27,0.4878668552069883,0.43608224982207267,0.5558070777384222,0.5718863126806253,0.19170630898136734,0.412191750781703,0.4883501203794419,0.4866306090813366,0.5543676809399637,0.4978837163944284
2022-07-28,0.49580332148571343,0.44179263166503424,0.5640052852771756,0.5830761606297885,0.17933377571891315,0.41431219585731754,0.488638735712702,0.489245871290934,0.5506521981224446,0.4860770836388088
2022-07-29,0.5052094346535843,0.4517991018660166,0.5717950411947813,0.5886053322631497,0.1657375830408159,0.40518999332099653,0.46317637506748344,0.4746692552419287,0.5418563095956068,0.47738917203862
2022-08-01,0.5033138842626582,0.4508467146711625,0.5706412497558694,0.5877351994716355,0.18626783709666433,0.40727931677566953,0.47168985620020687,0.48790806340695575,0.5398846739587898,0.4693695654162717
2022-08-02,0.49885306996957324,0.44995965924150805,0.560710088562149,0.587345387947665,0.2010876891904047,0.38436818668964706,0.4342727799719752,0.461434934003252,0.558462449615363,0.499443076972144
2022-08-03,0.5092540692691305,0.46397133079349134,0.5709894222121489,0.5993465041607372,0.17416723391161523,0.37734153193218734,0.4159262415549252,0.44902409571828017,0.54640593204528,0.5010024375498595
2022-08-04,0.5087289827600863,0.46627092324751396,0.5688739610885934,0.5982270269839641,0.1672331725338641,0.38522942061940985,0.43176182657261236,0.45649799533368457,0.550348841749936,0.48496327741689904
2022-08-05,0.5076316591166959,0.46350586874175775,0.570766437525468,0.6051883659350978,0.16329026420952977,0.3970409866434353,0.45713268049589034,0.47487556587509516,0.5433727298891718,0.521496981905668
2022-08-08,0.506797712198477,0.46293163465602954,0.5714841935973882,0.61397616495611,0.1651937488186854,0.40011899086094627,0.45308199785350733,0.4778431837716144,0.5533061144206725,0.5047895167948672
2022-08-09,0.5039381934680449,0.4563280711916604,0.570048970793539,0.6011412083670392,0.171719915080329,0.4033835729913214,0.4568485398189599,0.4804503519179917,0.5449650796681086,0.511918014705604
2022-08-10,0.5182066553365593,0.4721589646513167,0.5832608134793857,0.6266842640622875,0.14411963460802696,0.3979706122328769,0.43551919549258916,0.47075841504341476,0.5463300025599084,0.5094675985280135
2022-08-11,0.5177237980070785,0.46887365509206275,0.583931407132713,0.6294080762353169,0.15037389672494506,0.41402921682592714,0.47391666892263923,0.4933279185223443,0.5244160299436965,0.5321898084393779
2022-08-12,0.5295716229756225,0.4805988862240669,0.5944094691334508,0.6481529428778403,0.14126444659331272,0.4125430455663797,0.47282149678596624,0.4884053204213083,0.5401880303312985,0.5235018968391891
2022-08-15,0.5323336653291679,0.4841460797706422,0.5981473560352706,0.6502966296406574,0.14697484855542073,0.41229437622441756,0.47031524177574946,0.4920837202390863,0.5388231074394987,0.5105814047499234
2022-08-16,0.5336439605679876,0.4830274285884179,0.6040624299254709,0.649925019648249,0.1434398353471939,0.4128508459881308,0.4667227639415189,0.49297477102489007,0.5617227170896301,0.5179327063944313
2022-08-17,0.5285783640961562,0.475814116262353,0.599823309711938,0.6348693102371942,0.14629502336190822,0.4174057608852993,0.48464778973231937,0.504267572838101,0.5733999488018328,0.5333036146612876
2022-08-18,0.5301552905645873,0.47700820956819473,0.6002854821248165,0.6409513879691306,0.14167231577674075,0.4127451842897147,0.46775842314900806,0.49722793731024867,0.5677131919164746,0.5304076972396277
2022-08-19,0.5211718263940568,0.46559708499516994,0.5930684747201238,0.6212910230156983,0.15581236860964803,0.40669483755310887,0.45445661227796474,0.48292423195808015,0.5712768157632504,0.5546892677287075
2022-08-22,0.5064612281906405,0.45139901441998437,0.577189399547183,0.6024328532222962,0.19932016961995153,0.412822912435676,0.4683539999064797,0.4961792282495475,0.5948590676437707,0.5653820411506811
2022-08-23,0.504955821441733,0.451387147600994,0.573386604040633,0.603973787139008,0.20353500802169086,0.412334758425249,0.4590433587486355,0.49162702151978266,0.6192750975874671,0.5691690672839526
2022-08-24,0.5069131280388625,0.4535906916500478,0.5748591517033687,0.6112931817505359,0.1859959070192593,0.3933628664865003,0.42300089694486126,0.4593061073973975,0.6084320055074187,0.5807529494175375
2022-08-25,0.5163988971873571,0.46270393738912075,0.582823042072446,0.6245949605989398,0.17185588011903152,0.4030167173961739,0.43849752674558024,0.4599944546869047,0.6273127759675224,0.5629316249730907
2022-08-26,0.4934022116123834,0.44087665889668487,0.5579257698252146,0.5952222252097077,0.22324947184532423,0.39989825507143895,0.43451553007785676,0.45600161810881246,0.6195784539599758,0.5649365399066117
2022-08-29,0.4890048204668005,0.4354351868833351,0.5533726192743835,0.587567457697483,0.23208699189955154,0.4013004738608367,0.42625419582930707,0.452258377806325,0.6366394477540058,0.5816440050174126
2022-08-30,0.48177870931573025,0.42953352219996943,0.5457650028813441,0.575172104056109,0.23208699189955154,0.3971000418168317,0.41996305276268636,0.447990782973487,0.6640886798538105,0.5816440050174126
2022-08-31,0.47671315253297736,0.426596977165627,0.5388408557712479,0.5699737687715051,0.22746431024706362,0.3893023299239471,0.42136059980083307,0.43402676433972176,0.6669700230391753,0.5867676411063647
2022-09-01,0.4786395810270051,0.42523396376130523,0.5424454051603788,0.5603203181871141,0.22324947184532423,0.3839670973114639,0.4052775662881182,0.42471137736277914,0.6503638830194192,0.616172900796133
2022-09-02,0.47171586096530804,0.41846636401565784,0.5341005504693336,0.5543968538016472,0.22202581242968106,0.3844334661872318,0.39605395719588504,0.4238104729347943,0.6629511838491476,0.6001336875514363
2022-09-05,0.47171586096530804,0.41846636401565784,0.5341005504693336,0.5543968538016472,0.22202581242968106,0.38860968409201646,0.3923057613213839,0.4216753998236286,0.6580226371105722,0.6001336875514363
2022-09-06,0.4691034067487686,0.41469584293335426,0.5298256967668667,0.5464973337799071,0.2416043371472914,0.4021461469801287,0.40919065324836557,0.4325870768339069,0.68387951943144,0.6328803659069339
2022-09-07,0.48075619958538207,0.42553097696007824,0.540590157135727,0.5644808342298556,0.21074097354416763,0.4030291660445505,0.4104277838570956,0.4370258786996412,0.6990448070740247,0.616172900796133
2022-09-08,0.4850332931339194,0.42861185164488463,0.5453613253700538,0.5712382496389292,0.19673691168264226,0.3997024165786848,0.4025008183027763,0.4278222249867163,0.7082955493751365,0.6221875924849601
2022-09-09,0.49497913808081456,0.4395869027503902,0.5546743116722164,0.5875266840538317,0.18558803783583128,0.4079291514022074,0.42821073930943077,0.4396123717932278,0.701622793886881,0.628647838529593
2022-09-12,0.5019776323664753,0.4463470910892313,0.5603439288030728,0.5980593405336158,0.20027192489086912,0.4079291514022074,0.42821073930943077,0.4396123717932278,0.6781164714917324,0.6377812513738512
2022-09-13,0.4730862851581113,0.41858524640807027,0.5288299331865737,0.5642859284678703,0.24649897480986385,0.4084732484239366,0.43614676604281755,0.4437276750669993,0.6777375472028301,0.6511472447071864
2022-09-14,0.4752516815940102,0.4223627504921624,0.5295735851877214,0.567408569944945,0.23140719263871848,0.40030868093590455,0.4151840079362505,0.43033217639550336,0.6770549049724413,0.6489195791516306
2022-09-15,0.4679914775244767,0.4150226731213594,0.5252955005220176,0.5614125760522505,0.23290278213176663,0.3886121130965777,0.3976622605471565,0.40800593470791935,0.7050349203318914,0.6593896550633058
2022-09-16,0.46343636198078786,0.41046208750540913,0.5218536566546993,0.5491576895495879,0.23331065131519466,0.3657538138597634,0.3543893134467674,0.3840905292817913,0.7292994528738226,0.6569391857739789
2022-09-19,0.467754097145747,0.4142619543314253,0.5267240685060652,0.5557972652558433,0.22596872075401553,0.3623960186793487,0.35224494626720815,0.3791842072861437,0.718683787680911,0.6662954023520081
2022-09-20,0.460607681664379,0.40943772826758107,0.5189848988636172,0.5443128733734387,0.24500338531681573,0.3645132756864765,0.35446269781057305,0.3861103499710175,0.7388535515474429,0.684339530530226
2022-09-21,0.44987829492900683,0.4004508191682285,0.5060853986984523,0.532828481491034,0.2562882242023293,0.36288720894547727,0.34112430662403515,0.37931661560295205,0.7476494400742807,0.6707507334631199
2022-09-22,0.44468593154032826,0.3937222042791921,0.503441072294008,0.5147679703057226,0.24758666918680447,0.36031595580456566,0.32536669249289146,0.3708408997061547,0.7709283355822923,0.7148585433301677
2022-09-23,0.4341581256348454,0.38499760757217866,0.49143490935219186,0.4954066858374713,0.28252888022028566,0.3539298750937539,0.3192633731257063,0.3611093723049574,0.792690449227761,0.7124081271525772
2022-09-26,0.4279497218356203,0.38214571536933417,0.48329698097830676,0.48466103271174826,0.3143439472289681,0.3423825392221614,0.31040165186413066,0.35715885360087496,0.831210200294751,0.7527289108863537
2022-09-27,0.4266898317265425,0.3833117481465164,0.48019043393765204,0.4876658344860048,0.3189666548141355,0.35563678214280864,0.33588705698944676,0.37630852739033194,0.8468303417116096,0.7718868452864815
2022-09-28,0.43835397563961753,0.39305671992469327,0.4937392612667787,0.5115637262175414,0.2860638934285125,0.34046734503197595,0.30674977296712447,0.35149582467308893,0.8686683848424499,0.7141902383523274
2022-09-29,0.42558111731761206,0.3792762585607639,0.4824278518675691,0.49329475493823044,0.30863357119953955,0.3392640768974264,0.3060303600957308,0.35327423112887857,0.885501951749343,0.7235464549303565
2022-09-30,0.4166643704881021,0.3721743743798034,0.4700802195126068,0.4886674166361556,0.3056424181461228,0.3340376181454535,0.2958353031143384,0.340586787031252,0.8285562839965231,0.7362441432858513
2022-10-03,0.43175213400485535,0.3826945021970109,0.48897773769883085,0.5086767641461031,0.2849761990515719,0.3340376181454535,0.2958353031143384,0.340586787031252,0.821807599022896,0.7021608549746731
2022-10-04,0.45004086139469424,0.3985302366333672,0.5093578822241566,0.5389966983860165,0.2709721112573671,0.3340376181454535,0.2958353031143384,0.340586787031252,0.8217320311065023,0.6945868027081302
2022-10-05,0.4487972438078166,0.39731198128452705,0.5083097481054258,0.5330686421248059,0.26390208484091343,0.3340376181454535,0.2958353031143384,0.340586787031252,0.821807599022896,0.726219674841718
2022-10-06,0.44249616601020764,0.39400735065897474,0.4997439341076393,0.5284549688023537,0.29068660101367993,0.3340376181454535,0.2958353031143384,0.340586787031252,0.821807599022896,0.7411450287527688
2022-10-07,0.42544942895502635,0.3755426231504845,0.48418530297513845,0.5056311887281953,0.3021074049378959,0.3340376181454535,0.2958353031143384,0.340586787031252,0.821807599022896,0.7538427171082636
2022-10-10,0.42101623826060314,0.37070387415654016,0.4818666769543108,0.5009948326460457,0.3169272570316363,0.3184173729693237,0.2573690318432206,0.31747946824292095,0.821807599022896,0.7549565764419096
2022-10-11,0.41718782974492635,0.3656190921609293,0.48276314869423276,0.5014480452495607,0.3329707685410198,0.32017096244979076,0.2604619142982497,0.3224965557341577,0.8510769693577522,0.7663176548417236
2022-10-12,0.4152679102597786,0.3652202899299502,0.48206342814844105,0.4991094527247582,0.3321549783088047,0.3343858766744286,0.2864055242317183,0.3459805123990711,0.8592661451395729,0.7580752975973407
2022-10-13,0.4303670645420719,0.3754000499605932,0.5025038518386351,0.5175325561224032,0.30999319565388517,0.33154105689480157,0.27190786145658563,0.34410568101622374,0.8666211812892393,0.76921362537512
2022-10-14,0.41624981806278344,0.3610216208729549,0.49253165258947235,0.4966802398087744,0.3110808900308258,0.3488370874990445,0.3130546756019587,0.37149766255331357,0.8631331253588572,0.782134170576122
2022-10-17,0.43167410527645167,0.37656912441340107,0.5061357920802823,0.5208591211415381,0.30224336997659845,0.35286339027856206,0.31485997569814145,0.3751499326235221,0.8786776988593222,0.7832479236862955
2022-10-18,0.4385067785919849,0.38080686400801084,0.5144806467713273,0.5300185301549587,0.2904146709362749,0.35162596426736936,0.311130237781,0.37744187219905273,0.8828480354511151,0.7794608975530242
2022-10-19,0.4344718678006802,0.3767757441534389,0.5120118532949797,0.5163315316583277,0.2939496841445018,0.3402527576602644,0.2828406774003231,0.3629859632667657,0.8867153772393774,0.8081977991532157
2022-10-20,0.42969568408954045,0.3738948917713978,0.5097842729247692,0.5066463805341646,0.2833446445198212,0.3373519948693351,0.27294340879766654,0.35740844987647974,0.906961070591281,0.8302517040867397
2022-10-21,0.44383408484768916,0.3846374474737963,0.5282766186764142,0.523800466512446,0.27940176212816636,0.33855829925958625,0.26742660500888554,0.3532318252759207,0.8982407499808368,0.8273557335533434
2022-10-24,0.45108293784076114,0.3887124360021809,0.5385739396292109,0.5265922716407635,0.2815771508820476,0.31947763346032726,0.21724411733712307,0.33301918983617923,0.9187142317888553,0.8320339215099624
2022-10-25,0.46112467160140164,0.399526492502034,0.5468975760542223,0.5482377100105436,0.2626784254252703,0.31907965624423823,0.21453146880370286,0.3280831309560923,0.9331968772010512,0.8039652186641386
2022-10-26,0.4564899000770891,0.3895187370859985,0.5469560709558106,0.5519404215740265,0.24663493984856638,0.3262990373323579,0.22802557803051135,0.3441651547851024,0.964968304863392,0.7832479236862955
2022-10-27,0.4527020934887556,0.3816960614627538,0.5517501934961192,0.5528423102291169,0.24813050340893505,0.3211378580779697,0.2162222176978475,0.3380218487799365,0.8649529020249309,0.7658721535976543
2022-10-28,0.46794432689917476,0.3952857112317985,0.5722066755558342,0.5712427861908687,0.22583275571531297,0.3003160514466202,0.17507092889614478,0.3066433651490137,0.907415924365555,0.782134170576122
2022-10-31,0.4632168813764784,0.390271530383105,0.569025285904079,0.5712155668792318,0.22760024935308662,0.2933360791205728,0.16011964783559754,0.30621094861937054,0.9252351283063676,0.7970595244871727
2022-11-01,0.4606353449521192,0.38600307414872603,0.5670562308161557,0.5732686332508675,0.22664852001484853,0.31687837086056825,0.21761059169051844,0.3365903433162899,0.963451523000849,0.7914903340424149
2022-11-02,0.44496228659418124,0.36994495466768046,0.5545767558717934,0.5450561486820598,0.22732834520836107,0.32750230546690745,0.23760671216348067,0.3494966790366534,0.9443433256536082,0.7930496946201303
2022-11-03,0.43849213332200476,0.3619670250660204,0.5509593790763785,0.5407914025923185,0.2197144586370974,0.3257736132831936,0.22390173475713915,0.3461227743580605,0.9535185000383263,0.8075295472871116
2022-11-04,0.4467277758747416,0.36777127044836055,0.5608841747902887,0.5499191110659669,0.20951731412852445,0.3484671197418029,0.2785518311747964,0.37741750203044416,0.9626933128540665,0.8146580983095849
2022-11-07,0.4526208102559119,0.37168740639618114,0.5713474322281349,0.554424073113284,0.20679809115251271,0.35064973215290796,0.2822770944356082,0.37924640840241186,0.8673793914360218,0.8275785903988507
2022-11-08,0.4560851111650905,0.3739545685903637,0.5795897641155721,0.5540252438092386,0.2229775677005987,0.34650524312020514,0.2703775289918577,0.37340847732591154,0.9080982050269658,0.807975048531181
2022-11-09,0.44315456813405757,0.36241577932206365,0.5636178590287338,0.5320308228829433,0.2304554633004804,0.34143112849806073,0.25431284157009426,0.3655129825914736,0.9228086388952766,0.8135442389759387
2022-11-10,0.47693588764172684,0.3957989832835077,0.5932816218470983,0.5807647874166227,0.1956492173057017,0.33768772884354104,0.24121731235584615,0.3522930899002763,0.9171974499263122,0.7418133337306092
2022-11-11,0.48287928746356057,0.4049754187626918,0.5940837687498343,0.5874768373063016,0.18191705958890195,0.3535940652131554,0.288297856393512,0.37312377745003666,0.8755689287868204,0.7382490582193725
2022-11-14,0.4770789270807741,0.39939925621177635,0.5888701514453738,0.5777373028826689,0.19836844028171344,0.35238457275441754,0.2908546750202534,0.3707535366107456,0.8158174857650293,0.7498329403529574
2022-11-15,0.4826842156425514,0.4065143352672821,0.5902583082772938,0.5904045730213912,0.20938137502250145,0.3681416771562976,0.3238224885935417,0.39218336079669514,0.7898846739587898,0.7351303370639414
2022-11-16,0.47732928578818534,0.3988482845185094,0.5892930700660901,0.5740753649628373,0.20353500802169086,0.3637577793615225,0.30935234495483616,0.3817535444848615,0.7672128527647734,0.7112942678189311
2022-11-17,0.475341101087954,0.3971505582738568,0.589107699578287,0.5677077057539301,0.2010876891904047,0.3623431119237481,0.30214479227191055,0.3804824246435016,0.8007281276078163,0.7297839503529548
2022-11-18,0.47839410407625393,0.39719879667885005,0.5940302408514312,0.5725162848383676,0.1900747803822962,0.35668763024113714,0.2943141436950862,0.3767868689308547,0.8530482434255913,0.7393629175530185
2022-11-21,0.47589055669121993,0.3918665679450144,0.59290904838488,0.567716778857809,0.17974167083502068,0.35289572640178424,0.2794498947001499,0.37264631569899426,0.8247648716936324,0.7409222781307341
2022-11-22,0.4846106441365791,0.3984424992857417,0.6027313695185141,0.5773701741183959,0.1651937488186854,0.35410802739704605,0.2796515898342073,0.3607958153341236,0.8591142861688296,0.7259968711079471
2022-11-23,0.48846020693111614,0.40330798075279073,0.6051005818144993,0.5787661043444566,0.15241332044012373,0.35658409392171214,0.28146606297586574,0.35808228063955944,0.8402335157087258,0.7144130420860983
2022-11-24,0.48846020693111614,0.40330798075279073,0.6051005818144993,0.5787661043444566,0.15241332044012373,0.35422211470503423,0.2738048920075255,0.3566291323546936,0.860327711658864,0.7144130420860983
2022-11-25,0.488274898623427,0.40072148545841285,0.6088775296151537,0.5813357843991519,0.1544527441553024,0.35807117605797,0.28249702379420877,0.3519074781709933,0.8485745504612897,0.7110715171968964
2022-11-28,0.47816648721084437,0.3929628563853147,0.596592346474995,0.5640094754185827,0.17770222118716253,0.3508766922666036,0.2630049733567775,0.34513362704518613,0.8638913355056398,0.7137447371082579
2022-11-29,0.4771406832869777,0.39007981913768325,0.5966681535527334,0.5665429737053704,0.1733514436794002,0.37301365305510703,0.31578097183718423,0.36855080768853304,0.891643923977953,0.7237692055523912
2022-11-30,0.49705186051832967,0.41132189637593775,0.6148708217496871,0.589217158213134,0.15554043853224298,0.37350803138972233,0.3178979317467246,0.37030669153362306,0.8554747328366822,0.7137447371082579
2022-12-01,0.4964763688795435,0.4119558072806319,0.6100621839864782,0.5869964607149538,0.1454792590623726,0.3779011897643873,0.33701880944161433,0.384330183936267,0.7923870928552523,0.6749833139521969
2022-12-02,0.4956846511408879,0.4110367499961551,0.6109230669074618,0.5920542735370422,0.13487421943769212,0.3750003510670655,0.3261043395888283,0.3803328604318244,0.767743636024419,0.6698596778632447
2022-12-05,0.48384008067678375,0.4013172254760297,0.5990031272830734,0.5682062285530358,0.15785179232482674,0.3923089062260776,0.36089579934925076,0.3896625879772984,0.7527298457835995,0.6905769728410879
2022-12-06,0.4744794908819948,0.3914445461620758,0.5903426991081094,0.5556794255530251,0.177158386965032,0.3925327541776791,0.3706647571816556,0.39646177704014274,0.7049589908465198,0.6714190384409602
2022-12-07,0.47328623873578063,0.38897299193394747,0.5903817600069442,0.5531052089463903,0.18409244834278313,0.3885189000465382,0.3661926737794312,0.39825813120133363,0.730740305250994,0.6480285235517553
2022-12-08,0.4780965947435407,0.39438858828422807,0.594913885185069,0.5582673071392824,0.17878994149678265,0.3878131224086981,0.3665317408628077,0.39564823570756696,0.7138308088587292,0.6665181529740428
2022-12-09,0.47336101295974425,0.39099403544546,0.5873828474430783,0.5484643163123011,0.18613187205796178,0.390797837669777,0.384429247517181,0.40571944982716757,0.7090537595219191,0.6834484218186146
2022-12-12,0.48249402557820215,0.3970970504871458,0.6004336242003969,0.5584123108299334,0.21563561120674002,0.3821202947809573,0.3639016497386689,0.3964896663666731,0.7016987233722526,0.6932501927524494
2022-12-13,0.48722305866404003,0.4020572523036087,0.6029915826174178,0.5646439841282644,0.18232492877232997,0.38127773382375946,0.3603459759527494,0.3896941724196467,0.7167880815294657,0.6687458185295987
2022-12-14,0.48326784354243757,0.39828805927686006,0.5994784164422272,0.5592462065297358,0.16315429917082724,0.38133990115925004,0.3645660243372083,0.38952384517623084,0.6916894093553804,0.6691913728854043
2022-12-15,0.4670810894409955,0.3824795713996296,0.5806117129650838,0.538470956275274,0.18613187205796178,0.3788898705272253,0.36323727514012943,0.3927941986329743,0.6966183176629338,0.6573847401297847
2022-12-16,0.4600273479580113,0.3778680912675763,0.5736550151059587,0.5333995337973673,0.18327668404324757,0.37864363018982444,0.36426364943573464,0.38711128646293,0.7135274524862206,0.6645132911522579
2022-12-19,0.4543862598473937,0.3708763071761653,0.5696324176526328,0.522141692892916,0.1805574351345563,0.35975948604085234,0.3363085696156964,0.37176617430274816,0.713451523000849,0.6865671960857819
2022-12-20,0.455030056390342,0.3709236887711232,0.5719088482580527,0.5264200486384757,0.16777700675599463,0.3493905210070562,0.3068918433055897,0.35594808731787425,0.7183804313084025,0.7095121566191809
2022-12-21,0.4642670543945668,0.37804180950225463,0.5849142950833902,0.5395269217248945,0.14860637715449188,0.3477239961588329,0.30758832356329413,0.3526120135869409,0.7048834229301261,0.7095121566191809
2022-12-22,0.45515519605496907,0.3678094413354378,0.5762975572471228,0.5291710247993378,0.1744391380563407,0.3433774443091877,0.3101038634853948,0.3493885529095056,0.7198968516019675,0.706170631729979
2022-12-23,0.4588015904564753,0.3687631565858468,0.5806539566038236,0.5322710388405193,0.1594833468565774,0.3407147998716575,0.3065252570857861,0.3469858478383858,0.7217166282680412,0.7244375105302316
2022-12-26,0.4588015904564753,0.3687631565858468,0.5806539566038236,0.5322710388405193,0.1594833468565774,0.34683885171541995,0.3135220534555869,0.35863909940173877,0.7260388238305775,0.7244375105302316
2022-12-27,0.45627041947277963,0.36241843543317337,0.5815830273161063,0.5270998675437482,0.1700883605485784,0.3561684305161612,0.33384806796644995,0.3701265106480261,0.7051867793026346,0.7487190810193114
2022-12-28,0.44878748029449655,0.35627943437000065,0.572550122125588,0.514636520947086,0.1767504918489245,0.3536282230897986,0.32624640992729353,0.3614805554867609,0.7035185000383263,0.7547338258198749
2022-12-29,0.4595266305431888,0.3678958506275084,0.5810705097447298,0.5346821055487452,0.1672331725338641,0.3493687358723971,0.31957492107265567,0.3602084678769725,0.7176222211616199,0.74314994368629
2022-12-30,0.457936725746076,0.36738656274246384,0.5792545155122403,0.5324160425311703,0.17036029062598337,0.35420655389456346,0.32641588753577766,0.3619724457852827,0.7066272701108282,0.7529516615083884
2023-01-02,0.457936725746076,0.36738656274246384,0.5792545155122403,0.5324160425311703,0.17036029062598337,0.35420655389456346,0.32641588753577766,0.3619724457852827,0.6564302873316354,0.7529516615083884
2023-01-03,0.45543968736992213,0.36389900317435264,0.5789859115535869,0.5276482370903839,0.18708360139619995,0.3626789218043466,0.33387088871373094,0.37108416149750023,0.6565817847334007,0.7337937271082607
2023-01-04,0.46012649127619665,0.3670478657354684,0.582279565121993,0.5375328305284718,0.17498299821115085,0.3648584220533575,0.33618484536818255,0.3691238145771527,0.6694724419356378,0.7150813470639388
2023-01-05,0.4528321545991213,0.36031316749518055,0.5738924667922081,0.5287631223914134,0.18110126935668686,0.3747143357799735,0.37083893317928585,0.390442785288565,0.649530104956243,0.7175317632415293
2023-01-06,0.46697218260949,0.37189668224732875,0.5911888256895333,0.5467149223015898,0.1630183341321247,0.37546671994283337,0.37647934934917243,0.3936608792501695,0.6447526940504548,0.6838939761744203
2023-01-09,0.46648611046464766,0.37480782286412145,0.5883997810660732,0.5481244068596649,0.1744391380563407,0.38120000567779816,0.391247393233022,0.40108612650730485,0.6113133486927835,0.6723100940408353
2023-01-10,0.47090140138465075,0.37950087131154525,0.593003373222066,0.5602433074517513,0.15554043853224298,0.3791572887481449,0.39324051702864027,0.40618881751498975,0.5609645069428475,0.6954778583080053
2023-01-11,0.47908826605986565,0.3877938071227218,0.5996428580039881,0.5699420682317329,0.16247449990999416,0.37677261352009744,0.38983150010392387,0.400121261384091,0.5658174857650293,0.6805524512852184
2023-01-12,0.4812926371708879,0.39083959543657837,0.6049996021575119,0.5844494080961519,0.13174710134557277,0.3772731402725085,0.3934238660717462,0.40248974264442106,0.5594480866492825,0.6571619363960136
2023-01-13,0.4838807222932056,0.3942640081050802,0.6077807381545414,0.5894211370789983,0.12522093508392923,0.38717884859263096,0.4193169123886901,0.41479333459172557,0.5357902668523685,0.6709734840851546
2023-01-16,0.4838807222932056,0.3942640081050802,0.6077807381545414,0.5894211370789983,0.12522093508392923,0.3972157231590631,0.44844960988827454,0.4313222034978582,0.5084925321543292,0.6709734840851546
2023-01-17,0.48256066354106575,0.39496372202049346,0.5981081022431083,0.5881793389712716,0.13895309280072896,0.3961735283894842,0.448119827716782,0.4326537648765253,0.5317714276623409,0.6763199239078777
2023-01-18,0.4724636825831018,0.38890543246265585,0.5829509303486305,0.5746146614055941,0.1522773554014212,0.39622635923869226,0.4449443878524715,0.43356461092563925,0.5620260734621386,0.6406772219072475
2023-01-19,0.467585061360258,0.3843106172857912,0.5767190291678823,0.5664522979903849,0.15472467423270744,0.40116057837938485,0.45672011718229993,0.44280785516518467,0.5428419466295263,0.6455781073741649
2023-01-20,0.479575965456928,0.3969518211861447,0.5848897976307877,0.58049735214741,0.1456152241010751,0.408787273169876,0.46841351283566357,0.44887637906451194,0.5646044218439729,0.6649587923963273
2023-01-23,0.4872490946995603,0.4067775473101584,0.591162881536974,0.59111614779024,0.14507136394626505,0.408787273169876,0.46841351283566357,0.44887637906451194,0.5697603954696854,0.6740922583523219
2023-01-24,0.4867841371444996,0.4054553180635219,0.5937406115200717,0.5887775552654375,0.1367777040468478,0.408787273169876,0.46841351283566357,0.44887637906451194,0.5700637518421939,0.6616173206188616
2023-01-25,0.48666546679967404,0.40453806008011944,0.593984525132795,0.5909121689243758,0.1351461495150971,0.408787273169876,0.46841351283566357,0.44887637906451194,0.5704430377000742,0.66005790692941
2023-01-26,0.4938525238974639,0.4132701110344409,0.5990601272613729,0.5966861483910565,0.1303874768912272,0.408787273169876,0.46841351283566357,0.44887637906451194,0.5699878223568223,0.6669637073298484
2023-01-27,0.49549934283319874,0.4180649485140708,0.5997679493269229,0.600493090001539,0.1273963238378105,0.408787273169876,0.46841351283566357,0.44887637906451194,0.5696844659843137,0.67253284466287
2023-01-30,0.4869174527593053,0.40806726061595133,0.5933240583791656,0.5888274020129677,0.14683888351671823,0.4101894919592738,0.47749527532224795,0.4594295418615052,0.56960889806792,0.6798841994191143
2023-01-31,0.4964812506362035,0.41643478174070986,0.6024335422207326,0.6097748752697174,0.1394969270228596,0.40594548964595056,0.45710963601579285,0.45073581413145136,0.5433727298891718,0.6749833139521969
2023-02-01,0.503408185513262,0.42660224654734474,0.6026044457089673,0.6228591762440471,0.11869476882228565,0.41503968272342423,0.47501184105931227,0.4648737671455024,0.5477708549370798,0.6455781073741649
2023-02-02,0.5132515532593748,0.44346975162833535,0.6016410399843757,0.6411734577189486,0.1303874768912272,0.4152728671613081,0.46823944870444156,0.4624422049794237,0.5380648972927161,0.645355303640394
2023-02-03,0.5062157115508108,0.4349649266954032,0.5984824117452747,0.6340625785252245,0.12494900500652416,0.40835195000865715,0.45013118573694344,0.45551421473664094,0.5310132175155583,0.6756516189300371
2023-02-06,0.5020865391979807,0.42972262017478324,0.5976184425310498,0.6214587094660468,0.13990482213896707,0.40066931220686375,0.42504447249059596,0.4427447742594361,0.5633909963539384,0.6983738288414016
2023-02-07,0.5106895438616559,0.4396518489510739,0.6041779730286905,0.6282070517712414,0.12943574755298912,0.4035888238767505,0.4284123225770799,0.4440348975535738,0.5784047865947578,0.707284491063625
2023-02-08,0.5031887049089526,0.43073464134810147,0.5990502897016664,0.6146061371138521,0.14262404511497884,0.3986204468594148,0.4201233573256948,0.43742046428162484,0.5762816535561756,0.7026064093304786
2023-02-09,0.4972778104424406,0.4254291879278722,0.5928991143785097,0.6022515571161294,0.15730793217001668,0.41051900160929145,0.4451963110038287,0.45497094473246064,0.57400666154685,0.7092894059971462
2023-02-10,0.4987343996247477,0.42229433421083534,0.5970814275070707,0.6038242468964176,0.15486063927140997,0.40750005256517685,0.4339474724568123,0.44853669234610866,0.5675613329457314,0.7228781499525161
2023-02-13,0.5063473999133965,0.42991300336465016,0.606381297062958,0.6139444644163377,0.1522773554014212,0.41480338612344614,0.4510200762168213,0.46085752816723,0.5892478786748063,0.7168634582636889
2023-02-14,0.5061587974121887,0.4329118813290683,0.6025133036116864,0.6133870217658229,0.13283479572251344,0.41763894532318324,0.45180828692928277,0.45917554663849813,0.5995601874952092,0.7266651760857875
2023-02-15,0.508023469700013,0.43775671367426405,0.603470826089787,0.6229316504274705,0.12358938055217858,0.41366236123077965,0.4419110183266262,0.4564223334383655,0.6025933896513174,0.7373580026194974
2023-02-16,0.4987262633636476,0.42833548756796486,0.592824368214073,0.6144293775596249,0.1499660016088375,0.4038810634880308,0.4280732554937034,0.4422799814769123,0.6223082997435753,0.7449320548860401
2023-02-17,0.49688603954820215,0.4253278273006838,0.5960301588717669,0.616310220928973,0.14792657789365882,0.39610513672980535,0.4010483448581836,0.42501587250196426,0.6282228450850489,0.7415905831085744
2023-02-20,0.49688603954820215,0.4253278273006838,0.5960301588717669,0.616310220928973,0.14792657789365882,0.4167248805442124,0.44640155968621026,0.4464898621198325,0.6266304953061115,0.7415905831085744
2023-02-21,0.48359623097825255,0.41238789658148645,0.5788184801452487,0.5899558969698157,0.18667573221277187,0.42175542489703866,0.45137760125755744,0.44779344619302114,0.6239765790078836,0.7698819303529604
2023-02-22,0.48257368155882585,0.41303585917076124,0.5767321459141577,0.5928882245606487,0.17878994149678265,0.4169766620482687,0.43424078617921846,0.44162409841923383,0.6379284411604339,0.7627534324422232
2023-02-23,0.48603147345912434,0.4166914391868153,0.5794189570740012,0.5989657657406458,0.16315429917082724,0.41583563715560223,0.43272857607262544,0.44019883946089844,0.6521840212544708,0.7529516615083884
2023-02-24,0.47915815852716925,0.40811686991700125,0.5710985998355584,0.5909892349835428,0.17036029062598337,0.40951787219807684,0.4132091183651754,0.4314736152674443,0.6640886798538105,0.7685453203972795
2023-02-27,0.4811414614707405,0.4112771708920896,0.5728804519490666,0.5936088171095725,0.16057104123351798,0.4066792767426381,0.40532343151549677,0.42377088240817384,0.7004852978822181,0.7625306287084523
2023-02-28,0.4791760186125109,0.41077529441385136,0.5671426470269111,0.5939351169063902,0.15717199306399368,0.41338879459206423,0.41706258052983064,0.43114474995965063,0.6920686952132606,0.7611940187527715
2023-03-01,0.47612627012865105,0.40743866193347666,0.5672695708364578,0.5945877718238298,0.15554043853224298,0.4235680695509021,0.4434001839531217,0.44290340030276193,0.6832728066864228,0.778569841953149
2023-03-02,0.4809967947794732,0.41110169619683873,0.5757070143247407,0.5965048522848897,0.14208021089284828,0.42303945743325116,0.43918483395780894,0.4370645894367812,0.6345163147154235,0.7961684157755613
2023-03-03,0.4914481595196939,0.42101730169356644,0.5852720157593848,0.6081070838701126,0.1271243937604054,0.4285550436344102,0.4450542406653635,0.4372817214805573,0.6692446534795229,0.7718868452864815
2023-03-06,0.49190009905699444,0.4204351849555125,0.5862712996429063,0.5951905246699354,0.128755948292156,0.42657768210873426,0.43518449119913405,0.436467300358501,0.6639368208830672,0.7761194257755584
2023-03-07,0.4818128816123506,0.41405623424192467,0.5720748329664341,0.5856549137883628,0.14208021089284828,0.415095701641119,0.4076190420789969,0.4153591272066055,0.6810737441624696,0.7743372614640719
2023-03-08,0.48272973901563326,0.41605971314771145,0.5706412497558694,0.5859993597929385,0.13555404463120463,0.41452048299844824,0.4008651076814859,0.41443209303105116,0.7053382767044,0.774560065197843
2023-03-09,0.4707502256845034,0.405634305679918,0.5572210822762377,0.5620289385541744,0.183140719004545,0.41229437622441756,0.3943311026425754,0.4127834555236285,0.6969216740354425,0.7631989336862927
2023-03-10,0.46152783326118024,0.396884261714853,0.5486975119171908,0.5376053047118952,0.21291636229804878,0.3979892852054418,0.370179033237076,0.40040050656518705,0.7070065559687084,0.7119625727967714
2023-03-13,0.4605800580657172,0.3990755105398987,0.5464630356105195,0.5247341110311129,0.23630183030129093,0.4099966897222213,0.38921746538909263,0.4060293116821834,0.6627237569620107,0.6718645927967659
2023-03-14,0.4709079103935308,0.4095737468607016,0.5547654055461654,0.5395042942890012,0.19836844028171344,0.40272447778489356,0.3782251365161713,0.39806088239981585,0.6167730402599826,0.6992648844412767
2023-03-15,0.4664600744291274,0.4098325463318956,0.5478316137696901,0.5254773310159299,0.2311352625613135,0.4083209042941081,0.3792331647208251,0.39777794210290185,0.6364120208668689,0.6667409567078137
2023-03-16,0.4775715082344965,0.42225749137931295,0.5570159402223578,0.5369436320143807,0.188307260811843,0.3969974163741171,0.3573538851315448,0.381946394338977,0.6632545402216562,0.687458251685657
2023-03-17,0.4704770854460119,0.41845098427552235,0.5475207661722972,0.5163904515097368,0.2225696725844912,0.404353656687987,0.3663668497770614,0.38558150851431666,0.6568851411059093,0.6451325530183593
2023-03-20,0.47615556066861137,0.4204264026526496,0.556967282880476,0.5250468011721122,0.2040788422438215,0.39949094136906743,0.3573218913387881,0.38279591906130334,0.6482407499808368,0.664290487418487
2023-03-21,0.4844952282961936,0.4285232574872238,0.5647699144276975,0.5398895139372281,0.16641738230164901,0.4059392653217623,0.37716207003866326,0.3990230201756403,0.64187135086509,0.6921363334188034
2023-03-22,0.47378207439394304,0.4201816120255345,0.5516719270284541,0.5170566607591909,0.17838204638067517,0.40907951278115634,0.38497907091368233,0.40530049407657537,0.6458901900551176,0.668523067907564
2023-03-23,0.4756922303657707,0.42533356792792104,0.5535271750531059,0.5138524719948138,0.183140719004545,0.4155775554209651,0.4031469586767725,0.41506272613064055,0.6430088468697527,0.6475829691959498
2023-03-24,0.47931258873175664,0.42693738779269325,0.5567931966523363,0.5204829745971902,0.17131201996422146,0.4090483911602148,0.3976301548879915,0.41766901448753735,0.5969062711969814,0.6417910812408936
2023-03-27,0.48037577976760515,0.42451934135127595,0.5615967227423644,0.5289807109130962,0.15581236860964803,0.40461788684041994,0.3909540795106158,0.4189051187075752,0.633758104568641,0.6747605633301622
2023-03-28,0.47935811210483853,0.42220484040263734,0.5606626850268965,0.5285093521018233,0.1472467527001462,0.4027461870131601,0.3850111765728473,0.4113834465233821,0.6469517565744087,0.6827801168407742
2023-03-29,0.48854962642505995,0.4314242877455987,0.5686462987387187,0.5371067819127896,0.1356900096699072,0.401092186719706,0.3880490207550222,0.41277624124988876,0.6385351539054511,0.68322567119658
2023-03-30,0.4922919096403115,0.4352509298852213,0.5721382948712075,0.5356474506071843,0.13433038521556157,0.4076804061538527,0.40289033713626915,0.41925553885764,0.6478618256919352,0.6798841994191143
2023-03-31,0.5017987933785877,0.4443949351045653,0.5823876818321009,0.5511019893222845,0.12997960770779918,0.4112901346511088,0.40857203201079645,0.4259736113303864,0.6363360913814979,0.6671864579518831
2023-04-03,0.5042697560301428,0.4429709596662245,0.5904614249512341,0.5510249785869216,0.12794015805994097,0.4186089531134563,0.4267353332511488,0.44066011308550046,0.6345163147154235,0.6529294090186729
2023-04-04,0.5003828458127025,0.44020196383430543,0.5855537364643135,0.536223039465457,0.13405845513815653,0.4236333490484868,0.4324811275775978,0.4379628544963247,0.6415679944925813,0.6322120609290935
2023-04-05,0.4987213816069876,0.43452229863111314,0.5875373549984689,0.5282827458000657,0.1351461495150971,0.4236333490484868,0.4324811275775978,0.4379628544963247,0.6427054904972441,0.6210737331513141
2023-04-06,0.5011013768905359,0.4385187176792512,0.5876008169032423,0.5293387112496861,0.12590073434476234,0.4236550582767533,0.4295166677592286,0.43857809128000613,0.6424780636101072,0.6212965368850851
2023-04-07,0.5011013768905359,0.4385187176792512,0.5876008169032423,0.5293387112496861,0.12590073434476234,0.4283249713586204,0.4417230827607824,0.4477160247187412,0.6397482178265076,0.6212965368850851
2023-04-10,0.5017662483341874,0.4383608075897261,0.590100232195343,0.537487465009077,0.13365056002204895,0.42450391946453203,0.4332601652445836,0.4390844101260074,0.635501951749343,0.6495878841294711
2023-04-11,0.5017386247355257,0.43605855902459373,0.5925265409162915,0.5439004344135748,0.13541807959250218,0.4239473737944262,0.43112485924409183,0.4395547455822581,0.6444496992469241,0.653820464618548
2023-04-12,0.49897662207105886,0.4315602634982174,0.5915811707178285,0.5380585173154102,0.13528211455379965,0.42817885155298024,0.4298144561379644,0.4401276644919297,0.6477858962065629,0.6509244940851517
2023-04-13,0.507799147028122,0.4419540546757045,0.6010422990955714,0.5484733894161801,0.11774301355136804,0.42543665721606777,0.4168426511712301,0.4271843776133872,0.6388385102779598,0.6578302413738542
2023-04-14,0.5064043140520185,0.44007648400462046,0.5975060821677353,0.5414349844058793,0.10781779912020013,0.4315895534889956,0.4273905348042125,0.4326123267919959,0.6343648173136582,0.6734239533744814
2023-04-17,0.5086281725006023,0.44157898608270607,0.5999926700535521,0.5512651392206934,0.106186270521129,0.44634552847966097,0.4536822730001251,0.43760249272513074,0.6363360913814979,0.6887948616413377
2023-04-18,0.5092053310806871,0.441389930948394,0.599732167614657,0.547961256961256,0.10455471598937834,0.4487457645181792,0.45947851907669046,0.43804573066538344,0.6427054904972441,0.6845622811522607
2023-04-19,0.509148416942065,0.4415575229913192,0.5977663917133027,0.5497242053039816,0.09952411328810337,0.44153253184785535,0.4423097102055948,0.42902489720649684,0.6397482178265076,0.6912452778189284
2023-04-20,0.5051281514207405,0.43727283020676927,0.5950408089946159,0.5453099189716499,0.10917742357454577,0.44056874838177057,0.43702200882089004,0.42515012837668154,0.6474825398340543,0.6785475894634335
2023-04-21,0.5057345211626284,0.43783875323515403,0.5955923874648271,0.5461302603394381,0.10373895168984276,0.4201200216697569,0.4001594543783058,0.4011112884864458,0.6376250847879253,0.684116726796455
2023-04-24,0.5063067582969746,0.43629195407823795,0.5972327523225562,0.544933772427302,0.10537048028891391,0.41208290101480016,0.37728120776343926,0.38909142864658774,0.6530937288030186,0.6718645927967659
2023-04-25,0.49567326037534776,0.4258494532502382,0.5887251921096984,0.5254818675678693,0.1307953720073348,0.4088059461424409,0.3681308711686035,0.3739562342564422,0.6549135054690923,0.645355303640394
2023-04-26,0.4931307383151905,0.42827054136728115,0.5830721638050138,0.5184389813294332,0.13188306638427535,0.4085665373803687,0.366554673476497,0.3772598437555468,0.6827420234267773,0.6533749102627423
2023-04-27,0.5060320304953416,0.4408999212891461,0.5960170421254916,0.527870306840202,0.10727396489806959,0.41533814665889285,0.3799296449785295,0.38008150457725876,0.6783438983788693,0.6747605633301622
2023-04-28,0.5115804049184969,0.4445997983840306,0.602732816218471,0.5359239036564719,0.09027871108410827,0.42696321067644666,0.39856491059524785,0.3910428017142346,0.6756899820806415,0.6578302413738542
2023-05-01,0.511318695134624,0.4439864937606879,0.6015856795993606,0.5360235971515322,0.0943575714808054,0.42696321067644666,0.39856491059524785,0.3910428017142346,0.6671974499263122,0.6850077823963301
2023-05-02,0.5034683541563242,0.4381918874912461,0.5925201754364814,0.519209420625887,0.11747110940664253,0.42696321067644666,0.39856491059524785,0.3910428017142346,0.6671215204409406,0.6549342708404577
2023-05-03,0.4987815502500496,0.4357712277792208,0.5858465485355779,0.522458974909659,0.12508497004522673,0.42696321067644666,0.39856491059524785,0.3910428017142346,0.66681852563741,0.6469147173298457
2023-05-04,0.4939809577556096,0.4331860605403978,0.5787727644266125,0.5131817261934202,0.1488783072318969,0.43541690561366486,0.39909638790079777,0.38520495861668236,0.66681852563741,0.6353308351962607
2023-05-05,0.5061783244388289,0.444987162201037,0.5922695105572929,0.5317951434773069,0.1094493536519508,0.43045475292051744,0.39297013591992336,0.37682654743642324,0.663103042819891,0.6564936845299095
2023-05-08,0.5064823427804221,0.4459307670930282,0.5908945669183121,0.5293432478016257,0.10659413970455703,0.4492649642431552,0.4139467654611122,0.3808715555307064,0.6659843860052558,0.6732011496407104
2023-05-09,0.5034016765043821,0.4425366426592779,0.5894901106002117,0.5271723970509757,0.11651935413572492,0.4376585731981663,0.3980103888096005,0.37179494341875896,0.6675008062988208,0.6732011496407104
2023-05-10,0.5064043140520185,0.448103166097295,0.5887375372826634,0.5316274570269585,0.10605030548242649,0.4256822143959358,0.3838015651005444,0.3731616963766442,0.6734912811256655,0.6549342708404577
2023-05-11,0.5052630942877663,0.4490713185968005,0.5832608134793857,0.524919888365415,0.10591434044372397,0.4226974991348569,0.3809560192741347,0.37337249393616095,0.6831968772010512,0.6455781073741649
2023-05-12,0.5041999032519177,0.4471512073074586,0.5830413008726012,0.5231704943547038,0.10727396489806959,0.41113467835918616,0.35671702966943253,0.36103995691494956,0.6949500383986255,0.660280710663181
2023-05-15,0.5061831665064105,0.4506813074938276,0.5842259552439256,0.5325520284417464,0.10849762431371271,0.4230674668920985,0.38472703589591684,0.37662384394012666,0.7022295066318982,0.6703051791073141
2023-05-16,0.501894682192333,0.4497091708276575,0.5759186183050945,0.5210540269035233,0.12032629742135678,0.4169269433611548,0.3752513917859181,0.3694742347272175,0.697907311069362,0.6794386450633085
2023-05-17,0.5098393244212367,0.456619386603698,0.5860078073574337,0.5384211095277438,0.1050985761441884,0.4148251712581052,0.36698535914822233,0.3687373230583893,0.7168640110148373,0.6865671960857819
2023-05-18,0.5162249002670509,0.46487852125897783,0.5888506692192884,0.5431163854613026,0.09394967636469786,0.41889504430694086,0.3651067865546421,0.3675841829863583,0.7324082229463243,0.7014925499968325
2023-05-19,0.5152381503964646,0.46352124848189324,0.5861524773531177,0.5380675904192892,0.1042827859119733,0.41461065979278616,0.3598236716926752,0.3687625730164783,0.7612223779379287,0.7112942678189311
2023-05-22,0.5153438027235301,0.46627970555037684,0.5826945751162785,0.547884190902089,0.10972125779667631,0.41863073824811536,0.37118258678540017,0.3719769718622649,0.7398391885813624,0.7173090126194946
2023-05-23,0.507695082264198,0.4592374553478805,0.5769894656131476,0.5444080303165595,0.12766825391521547,0.40301360523407975,0.34545890621053216,0.3616652232987082,0.7580376783800553,0.7126308777746119
2023-05-24,0.5027628410962508,0.45589949481195097,0.5706788639547472,0.5350220150013815,0.14806254293236135,0.3901138451665959,0.32067009320932865,0.3533543799505479,0.7773733026144329,0.7173090126194946
2023-05-25,0.5086216634917223,0.46528430649174546,0.5698079988040614,0.5294021676530347,0.13596191381463277,0.3890287632852317,0.316734073635392,0.35121473193408387,0.7799516509962672,0.7384718088414072
2023-05-26,0.5174279556156638,0.4774622760464574,0.5779234551052835,0.5377503637263503,0.11978246319922624,0.39252341769139665,0.316940243425779,0.3523922421747235,0.7932971619727782,0.737580753241532
2023-05-29,0.5174279556156638,0.4774622760464574,0.5779234551052835,0.5377503637263503,0.11978246319922624,0.39530607013553315,0.3091461751644492,0.3445038737350772,0.7761602386933765,0.737580753241532
2023-05-30,0.5174393066921253,0.479293321932619,0.5766751459358581,0.5351534643600181,0.11312030596620061,0.39616419190320173,0.3108919623314481,0.34877956263113535,0.7894298201845159,0.7130764321304176
2023-05-31,0.5132629837139935,0.47568996448822287,0.5733540050682722,0.5271587873951572,0.11964649816052372,0.39005478999319954,0.29292576970241524,0.3419596985155004,0.7945102258938347,0.699042133819242
2023-06-01,0.5199590869102809,0.48295858390207314,0.5771390543886848,0.5354480082932596,0.08851120447999485,0.3900764992214661,0.2967426515515759,0.3457480720183352,0.8186228994650225,0.6925818877746089
2023-06-02,0.5299325554558378,0.4890909446874715,0.5944517127721906,0.5639868479826894,0.07423521254106459,0.39798617304334766,0.3219255699090101,0.3603580320886497,0.8051258910867461,0.7110715171968964
2023-06-05,0.5285377224797343,0.4885934807809155,0.589516054752771,0.5530190697833443,0.07600270617883821,0.3987229963957368,0.31387029358443913,0.3556742088526089,0.7981497792259821,0.711517071552702
2023-06-06,0.530173150649929,0.4906548800450956,0.589773374451761,0.575086020216867,0.06553364455920001,0.38718818507891345,0.29733364178630967,0.3401219062697801,0.8142251359860926,0.7128536283966466
2023-06-07,0.5275184275647476,0.48313054567617886,0.5920384243508536,0.590064663568755,0.06526171448179498,0.38794056924177334,0.2887103078406942,0.3342993715091878,0.8246893037772388,0.7317888121747395
2023-06-08,0.5318118333245637,0.48899224017139287,0.5962009659133378,0.5865885583070296,0.06131881912380034,0.3928623397340893,0.3028458590523528,0.3355651246347169,0.8322717668140421,0.7161951532858486
2023-06-09,0.5326132351983823,0.48989681736627133,0.5972668944415377,0.5797586133907284,0.06376613795508662,0.39840274732560904,0.31041082490960636,0.34196691278924013,0.8189262558375312,0.7231009005745508
2023-06-12,0.5391273242804993,0.49879251903735505,0.6019468723552517,0.5831577079170909,0.07980964946447007,0.3976006444756352,0.31395273912731225,0.34915708029719816,0.8313620592654943,0.7275562847973989
2023-06-13,0.544017256890726,0.5036795064362928,0.6055465511878613,0.5936359810974052,0.07437116461342731,0.39910541280135503,0.3233367646489621,0.3565642918699842,0.8442523548987535,0.7440409992861651
2023-06-14,0.5445992575383922,0.5060115719906572,0.5997988122593354,0.5835610737730756,0.0644459501822594,0.39765036316274915,0.322929011590926,0.3591408433424417,0.8608584949185096,0.7344620320861011
2023-06-15,0.5532559218362494,0.5128699936000575,0.6103843158435346,0.590440865436907,0.07287558808671893,0.40510915301294104,0.351099434246827,0.37701306280627944,0.8579012222477731,0.7193138744412795
2023-06-16,0.5506142167688282,0.5087792397670213,0.6076946112837774,0.5841819728269391,0.059823242597091986,0.411436254456749,0.3684425309819611,0.3881473265551126,0.825523443409393,0.7284473403972739
2023-06-19,0.5506142167688282,0.5087792397670213,0.6076946112837774,0.5841819728269391,0.059823242597091986,0.40598905991526874,0.35357828198702485,0.38522114674312274,0.829845277402952,0.7284473403972739
2023-06-20,0.5472198480160317,0.5078018337191335,0.6016393039444274,0.5802072894423039,0.0644459501822594,0.4011854756761381,0.35052209171389853,0.38804096000692573,0.8562329429834648,0.7195366781750505
2023-06-21,0.5434775648007802,0.5005595612138719,0.5991122084598192,0.5785349614907597,0.05520053501192456,0.38798406360469895,0.3229335981136639,0.36581387059378884,0.871701586998558,0.7182000682193698
2023-06-22,0.5461111732961799,0.5061927444726435,0.5989934826166944,0.5718138384972018,0.051257639653929946,0.38798406360469895,0.3229335981136639,0.36581387059378884,0.8698818103324844,0.7351303370639414
2023-06-23,0.54065543318233,0.5001348833198236,0.5935793526982159,0.5597810217443573,0.05846361814274636,0.38798406360469895,0.3229335981136639,0.36581387059378884,0.869957739817856,0.7217643437306064
2023-06-26,0.537483720160126,0.49325893994519926,0.5932653223609179,0.5605197605010389,0.06947653991719462,0.37328418343812086,0.2980392950894898,0.3490273113488312,0.869957739817856,0.7173090126194946
2023-06-27,0.5455454451707138,0.5029052072072975,0.5985003508247395,0.572606960553353,0.06254247853944349,0.3853537552903909,0.3144109439354647,0.35855710302216043,0.9139368208830672,0.7282245366635031
2023-06-28,0.5452934195220039,0.5044879923857005,0.5966713362926385,0.5765861251661235,0.058327666070383574,0.385335082317826,0.31228950936959476,0.35389404281785836,0.9004398125047908,0.7153040976859735
2023-06-29,0.5484764836206695,0.5044695709699394,0.6033318464472666,0.5869556317474987,0.059823242597091986,0.3831586942309092,0.3036019641056493,0.3529192360735154,0.9191690855631293,0.7473825241753669
2023-06-30,0.5572453092544721,0.5130937067003016,0.6103730315838712,0.5901915763754522,0.060503054824264796,0.3892775085335864,0.313045502556483,0.36292736928736746,0.9255384846788761,0.7395856681750532
2023-07-03,0.5580922741904512,0.5143593008035978,0.6106413462025332,0.5938399599632694,0.06023112474685979,0.40231093975833376,0.3361527397090176,0.3687805207218796,0.9184108754163467,0.7482735797752419
2023-07-04,0.5580922741904512,0.5143593008035978,0.6106413462025332,0.5938399599632694,0.06023112474685979,0.4027369264332702,0.3389615933535245,0.37227064559084044,0.9164392397795297,0.7482735797752419
2023-07-05,0.556666563111246,0.5132573574170639,0.6074358448848306,0.5830217773303189,0.06852481057895651,0.39577243901130105,0.3251238305206017,0.36317151086819344,0.8964969028001348,0.7676542647974044
2023-07-06,0.5509393497002031,0.5083172906364329,0.598389822948037,0.5691171903120052,0.08565600349894086,0.3903688147391389,0.3131829863722104,0.35768232834174507,0.9214437160034769,0.789039864753088
2023-07-07,0.5488845667261867,0.5075136028232233,0.5937632764860622,0.5792827733513202,0.07736233063318387,0.3875830501329083,0.30537057201992923,0.3504912810443066,0.9235668490420591,0.7910448327983455
2023-07-10,0.5506044532555081,0.5085998237456076,0.5989363861917312,0.5931465314021785,0.08062541376400567,0.3897873717722799,0.31390698576634196,0.3553814149135138,0.8948286235358264,0.7812430618645106
2023-07-11,0.5554375511052699,0.5118996133944599,0.6067638045315465,0.6013542050129784,0.07749829567188636,0.39528124874517245,0.325435378467551,0.3631156442361846,0.9094631279187656,0.775451120797718
2023-07-12,0.5607860513289129,0.5188422594303405,0.6088873671748603,0.6104275301871571,0.059823242597091986,0.38743374225878147,0.3134991208418976,0.35325795502349017,0.8932362737568897,0.7489418847530823
2023-07-13,0.5669440499983961,0.5284762743089324,0.6100653667263832,0.6183632873006087,0.06077497193533007,0.3999790953794944,0.3386912122448075,0.369130149061412,0.8599484258009837,0.7266651760857875
2023-07-14,0.5661929738761623,0.5273852552503498,0.6128773656558253,0.6093896556214905,0.05710400665474049,0.4003583996230185,0.33900287205816515,0.36776797100882513,0.8483471235741528,0.7395856681750532
2023-07-17,0.5690167724359111,0.5331430186882693,0.6147617405729414,0.6185355103028968,0.05900746533121665,0.3916310621406923,0.324372311990043,0.361465247149801,0.8409917258555084,0.7346847827081359
2023-07-18,0.5742497774410116,0.5379110808542927,0.6238126812895883,0.629775149675786,0.05656015946627019,0.38795924221433825,0.318768476135651,0.3580958293975584,0.8639672649910114,0.7329026715083856
2023-07-19,0.5759957793840103,0.5381032205047322,0.6265108731557589,0.6337725158201183,0.0628144086168485,0.3882763791223718,0.3169036631102844,0.35446432235908865,0.8705640909938953,0.7224326487084467
2023-07-20,0.5709805880419208,0.5251746853590058,0.6305593183149804,0.6257370652116063,0.06594152670896779,0.3791604009102391,0.30444957588088645,0.34397951920472664,0.9058995040719898,0.7473825241753669
2023-07-21,0.5712195162947133,0.5238366908077178,0.6306213335197969,0.6226098871825921,0.06063901986296734,0.3786100795643216,0.3036339578984061,0.34343088248471554,0.868440957955313,0.7435954449303593
2023-07-24,0.574194530243688,0.5249799324379583,0.6351531693579304,0.6250663194102127,0.0648538323320272,0.37749387606201584,0.2959865464982794,0.33781017143093933,0.8695025244746041,0.7480508291532072
2023-07-25,0.5762786037576647,0.5287390151062892,0.6358156614914995,0.625261169848394,0.06417402010485439,0.3984369811086447,0.3463433220340803,0.36244990753632506,0.8751137134435685,0.7603029631528964
2023-07-26,0.5761631879172792,0.5279809952679667,0.6378415236643945,0.6317194494484826,0.055064569973222045,0.39579733630805425,0.3426272318187442,0.35773731518427343,0.8372762430379893,0.7467142191975266
2023-07-27,0.5713935132150194,0.5245956531370792,0.6319799776725973,0.6201806742666083,0.07165192867107582,0.39381989887598573,0.3404920376846607,0.3536642418055638,0.8483471235741528,0.7825796718201914
2023-07-28,0.5786797136309948,0.5362888395737593,0.6363395597692031,0.6322542646631041,0.056968041616037995,0.4122445816309111,0.38190912107234243,0.36957699413853456,0.8658629711424567,0.7730007046201275
2023-07-31,0.5797737827699451,0.5375767964189796,0.6388145740553652,0.6420617920420247,0.0610469020127351,0.4169425041716256,0.3919391751015803,0.3771004259016885,0.8125568567217842,0.7707730390645716
2023-08-01,0.5777855980697137,0.5348521405063927,0.6405712535896243,0.6379783420584505,0.0651257624094322,0.416914191087208,0.38431928283788075,0.37343557484190953,0.8071730946399568,0.7912675834203802
2023-08-02,0.5674886635340805,0.5212326737481159,0.6319750588927441,0.6255874696452117,0.09449353651950791,0.4078171894732104,0.3714436829822332,0.36991571308850935,0.868440957955313,0.7972822751092074
2023-08-03,0.5656191491786747,0.5206303362932264,0.6303299681484893,0.6231265561894557,0.09218218272692418,0.41365393562120767,0.3875175434494723,0.37525445161380006,0.8789810552318308,0.8220093999540928
2023-08-04,0.5617402561550989,0.5184158679162213,0.6266197614391771,0.6213408697632286,0.10822569423630768,0.41602342957074706,0.39466558320321404,0.3819787705918577,0.8580527196495384,0.793272445242165
2023-08-07,0.5683095924345393,0.5221517310325927,0.6366812702990088,0.622011615564622,0.09014275901174552,0.41003745145501547,0.3807223303473206,0.37359772004315717,0.8340915434801158,0.7972822751092074
2023-08-08,0.5652110660731575,0.5173226639920485,0.6327643783891961,0.6167906528441248,0.09313391206516229,0.4074845676610986,0.3759478720436225,0.3694013001792879,0.8804215460400242,0.7856983929756224
2023-08-09,0.5600625988053409,0.5102027439598427,0.6280453395766473,0.6092446519308395,0.0927260299153945,0.40246950821235056,0.3703761418483955,0.36408596405417726,0.8981651820644432,0.7825796718201914
2023-08-10,0.5602446922976685,0.5109033575257931,0.6293487197910965,0.6055509581474315,0.09123045338868614,0.4056004191854622,0.3741104662882748,0.3650561958932219,0.8927814199826157,0.7977277763532767
2023-08-11,0.5594675801399145,0.5068174018289553,0.6319473787002365,0.6066794531042795,0.07749829567188636,0.3852947001169945,0.33219848591053774,0.34331290271538667,0.8974069719176606,0.8173313182209464
2023-08-14,0.5636407279917635,0.5131116997110451,0.632595018047582,0.6045856130889924,0.07722636559448136,0.381930604705999,0.3192129213755899,0.33847230099392894,0.8804215460400242,0.8208955406204468
2023-08-15,0.5552099739289389,0.5062120226984401,0.6236759199203351,0.593373137703936,0.09952411328810337,0.38123105139234714,0.3149196004937336,0.33167865460481155,0.9297088212706691,0.8291379509765662
2023-08-16,0.5497591552608275,0.49935008816789467,0.6192155510600694,0.5823918051725765,0.10387491672854528,0.37313176340189985,0.30199366075437784,0.3226542140090551,0.9480588084711272,0.8373802551092129
2023-08-17,0.5442367374950355,0.49243198973952845,0.6120328786676857,0.5726658804047622,0.11896667296701116,0.37736331706684645,0.3078449451037975,0.32850648565408674,0.9598119696687015,0.8485186359987286
2023-08-18,0.54413108516797,0.4912848496236269,0.6126706804553247,0.576907943734806,0.11094491721231942,0.36747939388138307,0.28626345389325303,0.311748783504088,0.947224668838973,0.8358208945314974
2023-08-21,0.5490178426519139,0.5003573112050146,0.6117579092292224,0.5753624732661548,0.10863356341973571,0.35536313959770066,0.2613188109853708,0.29930548098728743,0.947452457295088,0.8560926882652713
2023-08-22,0.5470312455148241,0.5007205558195245,0.6074404743246925,0.5730193441894128,0.10645817466585451,0.3638666291284253,0.2744555070378513,0.3042010695512735,0.8847437416025605,0.8529739671098403
2023-08-23,0.5549092100917856,0.5101593465315495,0.6119872593957134,0.5817165228192436,0.09299794702645978,0.3508300098351913,0.24623004610909616,0.28418920207097165,0.9563239137383195,0.8240142617758778
2023-08-24,0.5452040397171387,0.4988824412505708,0.602763968490875,0.5709527234857625,0.1095853186906533,0.3520239414834584,0.2585099573408639,0.2935217449427831,0.8638913355056398,0.8322566721319972
2023-08-25,0.5499834779327185,0.5044397539807073,0.6088742504285849,0.574283825056837,0.08891909959610238,0.34637468412503575,0.26188239395008567,0.28219551112931496,0.9442677577372146,0.833147674620136
2023-08-28,0.5544703282613238,0.5094618174817265,0.6141353194916296,0.5812542371118495,0.08076137880270817,0.3571228774959635,0.27188504070930464,0.29144605762154807,0.9537459269254632,0.8271329829313087
2023-08-29,0.5649265747582045,0.5199301939727955,0.6213619715627012,0.5932779807608152,0.07219577585954612,0.36870437124419914,0.2890631344922842,0.31143082758585194,0.953821856410835,0.8070840460430422
2023-08-30,0.5677292587281716,0.5232444637112461,0.6222894991283633,0.5967540860225404,0.0644459501822594,0.3690930119740057,0.28832996205267697,0.3139100743417712,0.9464664586921906,0.8061929373314308
2023-08-31,0.5665571608608176,0.5239314539976335,0.618133419492353,0.5951542875782236,0.06023112474685979,0.36372665774058094,0.27768128678587,0.30811815625509864,0.949651158250064,0.800623746886673
2023-09-01,0.5678755526716589,0.5237928221339051,0.620992580840388,0.6047396898835223,0.05370495848521618,0.3678835954216604,0.28969540343165867,0.31221999874981915,0.9294054648981604,0.8184450713311199
2023-09-04,0.5678755526716589,0.5237928221339051,0.620992580840388,0.6047396898835223,0.05370495848521618,0.3815046939374551,0.3160238338094741,0.325553384283995,0.8408402284537431,0.8184450713311199
2023-09-05,0.5647965533369174,0.5233164357542202,0.6161596385179041,0.586438962740635,0.06621345678637282,0.37445010562754055,0.3029054838479449,0.3191542354979131,0.9407797018068325,0.8396079737765051
2023-09-06,0.5597000787619841,0.5168027945030667,0.6112517571376559,0.5836426763841822,0.07219577585954612,0.3756035791685836,0.29910694808973565,0.31685692920655173,0.9646649484908834,0.8445088061316862
2023-09-07,0.5573689010450362,0.5113788870954427,0.6126724164952729,0.575249170115276,0.07151596363237328,0.36449467862030416,0.2745654717171516,0.2994001463353843,0.9741431176791321,0.837825862576755
2023-09-08,0.558401213977783,0.5119360278209646,0.614545410706062,0.5733366262061558,0.06390210299378911,0.36274420130193125,0.26609785581180667,0.2958361191500653,0.9831664330931069,0.8373802551092129
2023-09-11,0.5632732865026682,0.5187953062404003,0.6166966535418832,0.5749681805140487,0.06335825580531881,0.37084660145447274,0.2787214206496888,0.30489020865131305,0.9108280508105653,0.8440633048876168
2023-09-12,0.5591180781143179,0.5124659648278623,0.6162588821349434,0.5750497278013512,0.06920460983978959,0.369068190583645,0.27554150612904865,0.30413438150865507,0.9529877167786808,0.8387168650648937
2023-09-13,0.560018702684479,0.5142198121298339,0.614519273660175,0.568487218154263,0.05900746533121665,0.3647185265719056,0.2645674114806705,0.29349288784782424,0.9551867793026346,0.835375393287428
2023-09-14,0.5661409811832788,0.5191532814731923,0.6227060522692694,0.5801755889025317,0.05003398023828686,0.3658004962911757,0.26312869760429136,0.28824239220742304,0.9384287803121353,0.8440633048876168
2023-09-15,0.557235545741152,0.5096022058060276,0.6155737250353839,0.5712926329383988,0.0632222907666163,0.36306133820996483,0.2517973016479936,0.2834675987391033,0.9438125423939626,0.8516373571541596
2023-09-18,0.5577573777457562,0.5096860018274901,0.6157234102575849,0.5655232453474617,0.0660774917476703,0.36560769405412324,0.2604710873437254,0.28846313138806895,0.9422961221003976,0.8509689990645828
2023-09-19,0.5562000576821223,0.5082800193998929,0.6130921523760842,0.5620017745663416,0.06757306827437869,0.3653061179565604,0.25716744857557144,0.2817685492944506,0.9549589908465198,0.861216271242487
2023-09-20,0.549412907739671,0.49910881046192473,0.6111946607126926,0.5545554671481164,0.08157715606858348,0.36020968685500915,0.25038140851889545,0.2769693856575223,0.9587504031494104,0.8576520488429867
2023-09-21,0.5376755771657737,0.48835443078103763,0.6020479484589029,0.5417431379949392,0.11420802627582073,0.35278907792026504,0.23514609864782599,0.26879007083668993,0.9514709349161377,0.886834504798984
2023-09-22,0.5360596760222193,0.4878205096074752,0.5994164012374107,0.5393275347347738,0.1095853186906533,0.3676292331002577,0.2656121318672271,0.2865442225522508,0.9670155084166027,0.8774783413326911
2023-09-25,0.5388850621451096,0.49043116694485145,0.6004790505790416,0.5428353958600755,0.10550644532761642,0.3623981440583398,0.2544640849540352,0.2813081554593291,0.9601912555265818,0.9006459993763886
2023-09-26,0.5284954139220139,0.4813192064208316,0.590899196358174,0.5325791924295792,0.13324269083862098,0.35825244052335636,0.24451636460126225,0.2758604110174101,0.9695934952294589,0.9042103279993615
2023-09-27,0.5286547258832613,0.48260189388433417,0.5892052071553779,0.5404152560479706,0.12345341551347602,0.3598203629676697,0.24800335241252214,0.27983969883750337,0.9702002079744761,0.9193584325324469
2023-09-28,0.5327498450067066,0.4873586033173885,0.5920710233232145,0.5473992777588017,0.11148877736712948,0.3608025916871418,0.24297227256832074,0.28030906652532556,0.9682289339066371,0.9128982395995503
2023-09-29,0.5308558821789221,0.48814999590659003,0.5881492126335485,0.5432251520602419,0.1139360961984157,0.3608025916871418,0.24297227256832074,0.28030906652532556,0.9620110321926555,0.9075517997768271
2023-10-02,0.5309112087544027,0.49203014583292365,0.5863184620614992,0.530408286355125,0.11515975561405882,0.3608025916871418,0.24297227256832074,0.28030906652532556,0.8586594323945557,0.932056173999678
2023-10-03,0.5213295507921627,0.4811375626933258,0.575677598092285,0.5169615038160701,0.14466349476283702,0.3608025916871418,0.24297227256832074,0.28030906652532556,0.8710193063371472,0.9585654100443136
2023-10-04,0.5269055488139797,0.48888214008184333,0.5788175156786107,0.5178044726197514,0.12834805317604847,0.3608025916871418,0.24297227256832074,0.28030906652532556,0.8819383279025673,0.943640056133263
2023-10-05,0.5260016697393786,0.4881723586485141,0.578571094452629,0.5189375041285389,0.1271243937604054,0.3608025916871418,0.24297227256832074,0.28030906652532556,0.8864879503522405,0.9396302262662206
2023-10-06,0.5341803981534934,0.497451011564922,0.5856821069738172,0.5253051633374461,0.11298436686017761,0.3608025916871418,0.24297227256832074,0.28030906652532556,0.8845163147154235,0.9545555801772713
2023-10-09,0.538595728762575,0.4997716815458155,0.5905478411619894,0.5300321398107771,0.11638341502970193,0.3565888001180496,0.2407774536386451,0.28007750593407005,0.9624658859669295,0.9574515507106676
2023-10-10,0.5422664922583029,0.5032197421712946,0.5938724541094718,0.5390782456733189,0.10727396489806959,0.3498475533965416,0.22813095618707374,0.27494956496829615,0.9548074934447545,0.925818731688816
2023-10-11,0.5453081044810627,0.507467977688838,0.5954914078078397,0.5378772765330475,0.09449353651950791,0.3510029245973982,0.23290552635718004,0.27808918170824415,0.9582955493751365,0.9124526321320082
2023-10-12,0.5408634833320208,0.5037189625384231,0.5912019424358087,0.5201793022362656,0.10265125731290217,0.3600022346841964,0.24886472375597282,0.28562079551356634,0.9611009630751297,0.9385163669325746
2023-10-13,0.5373146446855585,0.49639336525721844,0.5921685309003055,0.5135895732775404,0.13840923264591895,0.35384592262360426,0.23100849580624022,0.276592835759888,0.963224096113712,0.9200267906220235
2023-10-16,0.5447683330129598,0.5034452545726131,0.5999274721088305,0.5259849822427186,0.10972125779667631,0.3494038805321433,0.2141420618366182,0.26367743820787587,0.8620715588395661,0.9385163669325746
2023-10-17,0.5446984802347347,0.5019436093045628,0.6002511471125075,0.5345914851575638,0.11883070792830865,0.3524156943753591,0.2200069938878432,0.26505580438690307,0.969138641455185,0.9685899316001831
2023-10-18,0.5351720694698183,0.49231662026826123,0.5920398710508105,0.51771385222857,0.13704960819157327,0.3447081592768125,0.20680161186070306,0.2539260275644203,0.9709584181212587,0.9812875668439419
2023-10-19,0.529222120950026,0.4866961606385154,0.5858449089422936,0.5058804224658461,0.16668931237905407,0.32813126583549673,0.17150149554201177,0.2393683269892447,0.9723233410130584,1.0
2023-10-20,0.5204695678384236,0.4778184519781752,0.5787614801669492,0.49595057415597177,0.1709041248481139,0.32118765267147614,0.16098571756819433,0.23173500951998202,0.9705794938323564,0.9857428979550534
2023-10-23,0.5193120755519711,0.47933282087525114,0.5740488068342106,0.4891931587468981,0.15268525051752876,0.3075793064296282,0.14432992804528888,0.21872776194621046,0.9737641933902298,0.9665849635549257
2023-10-24,0.5242931342865188,0.48466462120406917,0.5791095561765649,0.4953659121938201,0.13365056002204895,0.31471564592430873,0.15023613880115455,0.2239457933547829,0.9727781947873324,0.9670305710224677
2023-10-25,0.5143911854604856,0.4706858511574454,0.5765059784875717,0.4826442587556282,0.15023793168624253,0.3184062147296203,0.15817686392368743,0.22794663601714726,0.968911214568048,0.9922031971114226
2023-10-26,0.5063376364000763,0.4607886670764789,0.5702931737462537,0.48516862861473287,0.15690006298658865,0.3228165279489994,0.16261225514400898,0.23135115736965997,0.9739916202773667,0.9681443241326412
2023-10-27,0.5031090886174074,0.46286801651090076,0.5612389538430379,0.47607715723279626,0.16492181874128037,0.33198374297609684,0.18472063713736547,0.2497962957431694,0.9733849075323496,0.9681443241326412
2023-10-30,0.5111479527187579,0.469293492009411,0.5738648830463643,0.4807679519382197,0.1442555996467295,0.3331555858641347,0.19451711410619746,0.2639540440205306,0.8549439495770366,0.9748273739110451
2023-10-31,0.5155339927878793,0.47200281102236413,0.576924267668426,0.487561604439005,0.12236572113653552,0.33229063252113744,0.18935772349174437,0.25817109978655867,0.9712617744937673,0.9748273739110451
2023-11-01,0.5226966807914475,0.4812253000409512,0.5823982909651176,0.49092440654985153,0.1050985761441884,0.3336293935663715,0.18867958932499138,0.2548315068977035,0.9738397613066235,0.9556694395109174
2023-11-02,0.5356889800286839,0.4914344486558086,0.5963359912426429,0.511096903958208,0.08864716951869737,0.32937893920968236,0.1809633800837969,0.24654670531816464,0.9741431176791321,0.928937452844247
2023-11-03,0.542282685402346,0.4995102259635118,0.6018232277322737,0.5321667534697153,0.07845002501012444,0.3360300091368525,0.19468659171468158,0.257278289421794,0.9727781947873324,0.9042103279993615
2023-11-06,0.5435247154260822,0.5012869072529269,0.6026760091334991,0.5218516301878099,0.07817810789905917,0.34461517394595054,0.21689587720827086,0.2768882690674245,0.9609494656733644,0.9273780922665317
2023-11-07,0.5455405237249752,0.5065985297054112,0.6040769933717031,0.51968077943716,0.07709041352211857,0.3442604633736095,0.21100790067694838,0.275530665920136,0.9382772829103699,0.9071062985327577
2023-11-08,0.5462558002983686,0.507061335646035,0.6030811815680781,0.5110334475548594,0.07219577585954612,0.3427379329520353,0.20702612774204143,0.2751342327802434,0.9454808216582711,0.8964134188873115
2023-11-09,0.5404961212210825,0.5014040331847668,0.5976412039437041,0.49887377331912175,0.08361657978376216,0.3430196215747525,0.2078325726790461,0.2733324239242737,0.9463908907757969,0.9202495412440582
2023-11-10,0.551532780802488,0.513540747336274,0.6072990835155774,0.5070678372741032,0.068388845540254,0.3385707479079629,0.19576341776040318,0.26850809830820443,0.9486655212161444,0.9198039337765163
2023-11-13,0.550932840691323,0.5122084505717215,0.6086513621885677,0.5071494398852098,0.07641060129494576,0.34092217613607767,0.19251929192143308,0.2694351324837588,0.8724597971453406,0.9206950424881276
2023-11-14,0.5646128722814482,0.5265376987633276,0.6207453880410959,0.549216609400997,0.06825288050155151,0.3438873834542737,0.19373360178288207,0.27094229984272444,0.9537459269254632,0.8781465931987952
2023-11-15,0.5657800487030636,0.5269526947039758,0.624782548940654,0.5505309370159512,0.06852481057895651,0.3490997995236267,0.2052757540523047,0.277464883092914,0.9257659115660131,0.8990866387986731
2023-11-16,0.5666514621114215,0.527383927194795,0.6236531585076808,0.5380857366270471,0.07042826925543273,0.3422880357634487,0.18928903751708478,0.2663333466914703,0.920988862229203,0.8790377019104065
2023-11-17,0.5675910613567059,0.5279020402232042,0.623697909759679,0.5489673756633462,0.06335825580531881,0.3433588472430153,0.1873233209914854,0.2686117375090019,0.9173493088970556,0.8781465931987952
2023-11-20,0.5730142564261554,0.5348793442250168,0.6287287606362586,0.5531867562336926,0.05805573599297857,0.3476957589808079,0.19110351065874323,0.2724865063388172,0.8936155596147699,0.8739140127097181
2023-11-21,0.5715202801318666,0.5311702564222518,0.6271794414291466,0.5423912563604395,0.057239971693443026,0.3475757509742016,0.19327998349746744,0.27017925842632673,0.8616167050652921,0.8730230102215794
2023-11-22,0.5745164086706229,0.5340603195121735,0.6317407899463998,0.5479567204093165,0.0504418753543944,0.34001372843015487,0.17648671015883463,0.2574377952546003,0.8005007007206792,0.8725774027540374
2023-11-23,0.5745164086706229,0.5340603195121735,0.6317407899463998,0.5479567204093165,0.0504418753543944,0.34568628905108734,0.1843220571248051,0.26440713560296436,0.8515318231320262,0.8725774027540374
2023-11-24,0.5749585450055249,0.5334018181594632,0.6346324538201318,0.5533771254437384,0.04513935554205414,0.33919318032679374,0.1735496576104843,0.255983679201306,0.7996665610885251,0.8850523935992338
2023-11-27,0.5735101317733964,0.5329705856686441,0.6332330127285485,0.550499236476179,0.04826647363417342,0.3363104073508965,0.1616042269393552,0.25112337019548614,0.7967092884177887,0.8665627110652102
2023-11-28,0.57423517186011,0.5347578057214947,0.6352949459537007,0.5467194588535292,0.04826647363417342,0.3384401889127935,0.16461925037424907,0.2554377698286843,0.833409262818705,0.8547560783095904
2023-11-29,0.5735345008676181,0.5337370022453135,0.6356268189237999,0.5517047974921941,0.052209368992168034,0.33319725847363935,0.1507769010185884,0.24741338593535983,0.7829844915833973,0.8402762256426092
2023-11-30,0.5763338509549882,0.5323213378643161,0.6484773724070917,0.5540660174528899,0.05139360469263244,0.33568023248002654,0.15439208773369173,0.24583953053377575,0.7944342964084631,0.8583204069325636
2023-12-01,0.5806955219298878,0.5357786520381775,0.6557513797900838,0.5783672750404112,0.04745070933463785,0.3362905198760509,0.14828876836650656,0.2452674914135846,0.7917803801102351,0.8302517040867397
2023-12-04,0.5766557293819231,0.530534589056985,0.654737628906994,0.5871505375094839,0.05356899344651368,0.3335787640025471,0.13786919550377583,0.23985036364558543,0.7814680712898322,0.8440633048876168
2023-12-05,0.5762331200736613,0.5324832321205059,0.652765294632502,0.5753760829219732,0.0504418753543944,0.31784093982437234,0.10768271643856733,0.22272596524013347,0.837124745636224,0.8179995700870505
2023-12-06,0.5733328803486503,0.5288333498911872,0.651033787677492,0.5735677690598527,0.05207341691980528,0.3167954051735216,0.11012957038600847,0.22839172151530893,0.845010565045536,0.8068611891975349
2023-12-07,0.5792259147298207,0.5373122991610502,0.6525880256644573,0.5809097911072738,0.05329707633544839,0.31594753076884596,0.10631727505958564,0.22718992908500882,0.8442523548987535,0.8086434066207577
2023-12-08,0.582278957407199,0.5401189946345271,0.655809922915004,0.5866066491909834,0.04364377901534578,0.3169900291639951,0.1100653590676785,0.23025388392963778,0.8474370544566269,0.8344842845758167
2023-12-11,0.5852165048660348,0.5413701514887267,0.659687753925982,0.5879028859219838,0.04745070933463785,0.3237927600634608,0.11922486870798997,0.23734313958418773,0.8306034875497345,0.833147674620136
2023-12-12,0.5886727092031918,0.5457969462176485,0.6639594731118758,0.5868106280568477,0.03983683572971392,0.32752340744403363,0.12259271879447389,0.23668092204225005,0.8666971107746109,0.8257963729756279
2023-12-13,0.5989777403108466,0.5545952285877067,0.6766082601745202,0.616831426487776,0.0414683772951248,0.3167418911667807,0.09638801266417234,0.22328991029710446,0.8680620336664107,0.7872577535533378
2023-12-14,0.6010033121230598,0.555805986848737,0.6805121317847214,0.6408516944740703,0.04541127265311941,0.31370275102225037,0.08830063068043638,0.21800607063539407,0.8648014046231662,0.7643127930199388
2023-12-15,0.6009448104212963,0.5581029660321517,0.6819147556162098,0.6338812824190577,0.04269203671076791,0.3085947062426404,0.08353075889947617,0.2150655502548728,0.7854109809944883,0.7638672386641331
2023-12-18,0.604418874843795,0.5620901743724092,0.6819359738822435,0.6326530939671494,0.046498979996399764,0.30493935800346755,0.07794985565877345,0.20552133003406414,0.7880648972927161,0.7696591797309257
2023-12-19,0.608939857779942,0.5664072974167992,0.6881555298900267,0.6501153335344907,0.046091084880292225,0.305434039963653,0.08008963631559482,0.20641774753569866,0.834698256225133,0.7625306287084523
2023-12-20,0.5975569506773799,0.556524593425431,0.6764048541605885,0.632843407853391,0.06159074920120537,0.29601929419048145,0.0633468147270784,0.19462496136074575,0.7858658347687622,0.752506160264319
2023-12-21,0.6054251517410214,0.5646810822384694,0.6843638257498126,0.6483523851917651,0.06131881912380034,0.30118199157272046,0.07863716287100214,0.2035123307554475,0.8362906060040698,0.7562931863975904
2023-12-22,0.6067061564398809,0.5659576435102187,0.6839099477500199,0.656011633932125,0.052889181219340844,0.2999569383035119,0.08155128280566322,0.20028887007801224,0.8396271645326866,0.757852546975306
2023-12-25,0.6067061564398809,0.5659576435102187,0.6839099477500199,0.656011633932125,0.052889181219340844,0.3012124300361292,0.08623412252101242,0.2034393962075179,0.7977708549370798,0.757852546975306
2023-12-26,0.6099770127802703,0.5695373529976377,0.6878445858459699,0.6674461790669994,0.05234533403087055,0.2950149767107802,0.07585124184018452,0.1945177150230784,0.837352172523361,0.7545110220861039
2023-12-27,0.6110873544414207,0.5706169336422476,0.6905899401307335,0.6706277403954833,0.04473147339228633,0.29990691599082775,0.08115270279310285,0.19762495551014572,0.842584075634445,0.7329026715083856
2023-12-28,0.6113751002608138,0.5704397024864242,0.6919128990179318,0.6670610147425767,0.04527532058075665,0.3123714288034853,0.11697512337186833,0.22008536509349896,0.8409161579391147,0.7464914154637554
2023-12-29,0.6091771984695931,0.5667639445940363,0.6914052037797448,0.6528889924550503,0.04500339050335162,0.31866148792773347,0.12456760836554899,0.22762058603569105,0.8157415562796577,0.7500556909749921
2024-01-01,0.6091771984695931,0.5667639445940363,0.6914052037797448,0.6528889924550503,0.04500339050335162,0.31866148792773347,0.12456760836554899,0.22762058603569105,0.7866244064845227,0.7500556909749921
2024-01-02,0.6047879038960318,0.5559981693396784,0.6920348076009616,0.6464216950748869,0.05520053501192456,0.31472558966173153,0.1040583566779883,0.2165087569186095,0.7866244064845227,0.7678770685311754
2024-01-03,0.5986071236954683,0.5483768440747537,0.6850018204307791,0.6221294552674402,0.06662133893614061,0.316271195626638,0.10036978559907929,0.21015834846974477,0.80254790427389,0.7591891569309867
2024-01-04,0.5959849456546874,0.5447835541482736,0.6852523888633038,0.6214632460179862,0.06784499835178372,0.31226106090873157,0.08605088534431474,0.19974296070539058,0.8095995840510477,0.7779015369753086
2024-01-05,0.5973765241263509,0.5453876480637357,0.685888647504322,0.6184765904514875,0.057239971693443026,0.3044356431825698,0.07783071793399747,0.19084116276320937,0.8180165482889833,0.7892626153751227
2024-01-08,0.6081546490501665,0.5594124288092607,0.6912440414045528,0.635639749533648,0.05356899344651368,0.2914886693389259,0.05810497856975217,0.17564103990940633,0.8047469667978439,0.7803519531528992
2024-01-09,0.6070101747814741,0.5600239769720308,0.6873466317208254,0.6261358945156517,0.04921821593875127,0.29326457529879985,0.06105579068631608,0.17780321053656997,0.8028512606463986,0.7841390323979068
2024-01-10,0.6113913727830139,0.5649346551684473,0.6915580717418509,0.627142013217742,0.04826647363417342,0.288430476689868,0.05401312908913672,0.17339511332370344,0.8116471491732363,0.7865895016872337
2024-01-11,0.6108695407784098,0.5649583459659263,0.6919355639839223,0.6204344445561986,0.044867425464649106,0.2912125218828641,0.06250826413090875,0.18520505539352522,0.863815767589246,0.7747828158198777
2024-01-12,0.6114531289892176,0.5650710593260838,0.689021138697536,0.618394987840381,0.048402438672875935,0.28975967352964194,0.0572389088371554,0.1800140335220027,0.8127842836089212,0.7687681241310504
2024-01-15,0.6114531289892176,0.5650710593260838,0.689021138697536,0.618394987840381,0.048402438672875935,0.2911006358602597,0.05574974321065988,0.17710140246801184,0.8108885774574759,0.7687681241310504
2024-01-16,0.608551301701065,0.5638247434485841,0.6832964505216559,0.6076720174743555,0.06390210299378911,0.29349434394901946,0.06489549328275779,0.17963660383488797,0.8081590932428543,0.7946090551978457
2024-01-17,0.6041993942394854,0.5599322982982424,0.6809644666378935,0.6012681211737365,0.07681848344471354,0.2747233003249325,0.031996477550537326,0.15870764380016092,0.8229450950275587,0.8035197174200692
2024-01-18,0.6109832896774968,0.5687073611163412,0.6859503733691472,0.6060177804067649,0.06784499835178372,0.2785055640524328,0.0529134822961341,0.16656715514484832,0.8214286747339937,0.8119848783982233
2024-01-19,0.620553596563275,0.5799078817826635,0.695707785898051,0.6154174053777614,0.05656015946627019,0.2743079405449517,0.050645390869061044,0.1611634881559001,0.821807599022896,0.8124303796422927
2024-01-22,0.6222800714796336,0.5820714984840675,0.6991152465297285,0.6330881603629065,0.055064569973222045,0.25069756077084765,0.027331872059731293,0.13346340434275525,0.8158174857650293,0.8008464975087077
2024-01-23,0.6245836255979197,0.5849514940560732,0.696736100227373,0.6298658253907714,0.04636301495769725,0.2552480730972488,0.033302294133926914,0.1439797039605175,0.8807249024125329,0.8115393771541539
2024-01-24,0.6252257155104909,0.5874072401390483,0.6942903092803391,0.6233350162834552,0.05438477071238899,0.27073024454534766,0.05400406791006925,0.15171938797796708,0.7934486593745436,0.819558930664766
2024-01-25,0.6293890998490198,0.588661010263856,0.7002836014148726,0.629689065836544,0.058599583181448874,0.2972625649938998,0.08415844131611276,0.16739776439334492,0.7967848563341823,0.8093116584868618
2024-01-26,0.6288705223488557,0.5862421070124032,0.7017724485637886,0.6307994145856342,0.056016312277799886,0.2985416636145971,0.07998884468177027,0.1589392043914164,0.7961025756727714,0.8155491007977237
2024-01-29,0.6348789725704115,0.593817335897423,0.7073035682854435,0.645796259469084,0.06063901986296734,0.290189683243383,0.06630679988911801,0.14267154498203052,0.8002729122645643,0.8001782456426036
2024-01-30,0.6343977821822292,0.588634706195769,0.7106086025601767,0.6389164678052527,0.0566961245049727,0.2737632362720822,0.03930940839002536,0.12413279700780079,0.7986805624856277,0.7930496946201303
2024-01-31,0.6215029593218796,0.5734609431927664,0.7027815700070165,0.616754360428609,0.07083616437154028,0.2607114357003401,0.025705334483916632,0.10943538586312913,0.8059600307189003,0.7725551502643219
2024-02-01,0.6313447395048508,0.5821307040575139,0.7119056172948157,0.6290273931390294,0.0644459501822594,0.25517467161566226,0.026786635185967834,0.11192554200860601,0.8109645069428475,0.7493873859971518
2024-02-02,0.6398664609356821,0.5938572632450729,0.7152284942023499,0.6237293090355611,0.06403806803249165,0.242555385668615,0.009338160294271298,0.09528489584898167,0.8017137646417357,0.7872577535533378
2024-02-05,0.6372979425290831,0.5924854675378882,0.7084559130243986,0.6121769241978685,0.06159074920120537,0.23386008068394087,0.01886425615438638,0.0870812548490147,0.8199878223568223,0.816440209509335
2024-02-06,0.6391544388667287,0.5929820746344088,0.7119431350470298,0.6196050854083356,0.05329707633544839,0.26100306806048007,0.06984871410682392,0.13173637759262413,0.8168790522843205,0.799955495020569
2024-02-07,0.6457920403612528,0.5994588302135381,0.7157948290121209,0.6181230713430329,0.05016994527698937,0.2735048509118749,0.0844837488312757,0.154066226417078,0.8105096531685736,0.8044108261316807
2024-02-08,0.6462553706640934,0.6010850556607361,0.7170038843893841,0.6314203136394975,0.04962609808851905,0.2847620725511782,0.09424353361820487,0.1641887322633891,0.8112678633153562,0.8177768194650158
2024-02-09,0.6509209806024292,0.6097249995362516,0.7156548849029626,0.6451481411035838,0.051529569731334955,0.2847620725511782,0.09424353361820487,0.1641887322633891,0.8157415562796577,0.8215637924865509
2024-02-12,0.6501455353859737,0.607614462216541,0.7187581527570485,0.661132958481366,0.0651257624094322,0.2847620725511782,0.09424353361820487,0.1641887322633891,0.8703366641067583,0.8182223207090852
2024-02-13,0.6389821088877212,0.5950263376978808,0.7058048835768209,0.6243819639530008,0.09123045338868614,0.2847620725511782,0.09424353361820487,0.1641887322633891,0.8803459781236306,0.8503007471984787
2024-02-14,0.6466959194358539,0.6039558405248613,0.7095459532185457,0.6461044130581438,0.07124404652130803,0.2847620725511782,0.09424353361820487,0.1641887322633891,0.8776920618254027,0.8393852231544704
2024-02-15,0.6514282070261318,0.6060185250040945,0.7181592189749166,0.668484053632666,0.06621345678637282,0.2847620725511782,0.09424353361820487,0.1641887322633891,0.867986104181039,0.8333704252421706
2024-02-16,0.6475005758141126,0.6002928062614992,0.7145758396284875,0.6610785751818963,0.0693405748784921,0.2847620725511782,0.09424353361820487,0.1641887322633891,0.8588868592816926,0.8456226654653323
2024-02-19,0.6475005758141126,0.6002928062614992,0.7145758396284875,0.6610785751818963,0.0693405748784921,0.2986414805207877,0.11205859472970503,0.17155186638320435,0.8245374448064955,0.8456226654653323
2024-02-20,0.6426138183301687,0.5939375463453903,0.712991028049101,0.6424968584377818,0.08538408638787556,0.30243027219804647,0.1152843744777237,0.1718788841330891,0.8841370288575433,0.8411673343542205
2024-02-21,0.6436363677495954,0.5917480539809172,0.7141869666800889,0.6382366488999802,0.08429639201093499,0.31120611386520586,0.13637096869821286,0.17818609491846352,0.8784502719721852,0.8523056090202636
2024-02-22,0.6607432337587602,0.6119605454401277,0.7254672720302264,0.6468929985623556,0.07341943527518924,0.3228348213896016,0.15002538248802974,0.1842924497654503,0.8772368464821515,0.8527512164878056
2024-02-23,0.6610309795781533,0.6099952374214183,0.72700848971758,0.6481846434176125,0.062678443578146,0.3279720901303396,0.1514321025716521,0.1866050643937716,0.8811797561868068,0.837825862576755
2024-02-26,0.6578983206092297,0.60909284509213,0.7254702618768039,0.6537501074664895,0.06254247853944349,0.31931033577116835,0.13476266534694137,0.1863050561809368,0.882013895818961,0.846513667953471
2024-02-27,0.6593045840399518,0.6116832817126707,0.7230797348681213,0.666050359488547,0.058327666070383574,0.3312677179752638,0.1537460592261037,0.20463670171146767,0.8834547481961323,0.850077996576444
2024-02-28,0.6579357077212116,0.6078421594834498,0.7225022122453507,0.6588895782234885,0.06390210299378911,0.31335016582890046,0.13334218569510542,0.18459421755724603,0.8842888878282865,0.8409445837321858
2024-02-29,0.6622453860032277,0.6141671311648071,0.723671820937124,0.6654747706302743,0.057919770954276036,0.33117131685673756,0.16350125749029504,0.21012051752208524,0.8832273213089954,0.8360436451535321
2024-03-01,0.6688797329933117,0.6221959981230719,0.7259183530767691,0.6752414137179356,0.05397687559628145,0.33485535771229064,0.1734534524993976,0.2195178128996581,0.8765545658207399,0.8200044319088354
2024-03-04,0.6678832196094053,0.6192379043163391,0.723509790541958,0.674298806742998,0.05914343036991917,0.3386751951040984,0.17486017258301997,0.21983224965997236,0.8830754623382521,0.8286923435090242
2024-03-05,0.6593809458270571,0.6074846126556754,0.7135191699800114,0.664962582851546,0.07233174089824863,0.3413139290279784,0.1861502898346771,0.2179006718556357,0.8854263838329494,0.8104255178205079
2024-03-06,0.6636255340202726,0.6115183457808553,0.7153921641908004,0.6714798376268478,0.07287558808671893,0.3388695154690017,0.17952466620741778,0.21599531177781656,0.8832273213089954,0.8030742161759998
2024-03-07,0.6721765459910642,0.6221275390012431,0.7186093355548215,0.679025783216329,0.0720598108208436,0.3349737716846536,0.16975112185227503,0.20441596253082178,0.8831513918236238,0.8004009962646383
2024-03-08,0.6667029457918727,0.6138684043459632,0.7169140925453963,0.6781057483534806,0.07613867121754073,0.34076239317978024,0.17671122604017303,0.21359885321200803,0.8804215460400242,0.7997327443985343
2024-03-11,0.6657681886141698,0.6109800548761123,0.7180737672307993,0.6704781448290887,0.08266485044552409,0.3477380388414529,0.19703265402829817,0.23274131272772525,0.8750381455271748,0.8030742161759998
2024-03-12,0.6750881367925369,0.6217879851842122,0.7238964452170894,0.670296904046726,0.06390210299378911,0.34384540721919893,0.2008036706500803,0.23715750400381194,0.8739765790078836,0.8144353476875502
2024-03-13,0.6734689811445423,0.6179332396754283,0.7248305311558891,0.6731204097148158,0.062678443578146,0.3400833345921143,0.18928903751708478,0.2348548309966198,0.8718534459693014,0.8226776518201969
2024-03-14,0.6710581077578922,0.6157731787356714,0.721431654277289,0.6547517449404444,0.07151596363237328,0.33834189013445376,0.18464277811723018,0.2303890195938355,0.876099712046466,0.8462909173314364
2024-03-15,0.665629991242704,0.6089577261495467,0.7167184987112315,0.6584408468481088,0.07165192867107582,0.34344150930449174,0.1882030384258875,0.23555391171778853,0.8803459781236306,0.8476275272871172
2024-03-18,0.6708857777788847,0.6146729489692082,0.7185865741421672,0.6518330270054298,0.07056423429413525,0.35285906361418723,0.20357124558994652,0.2481737879833162,0.8824691111622128,0.8556471870212018
2024-03-19,0.6756148108647225,0.6174515839140257,0.7264956828062121,0.6568047559882763,0.0636301729163841,0.3459661559203836,0.1917036739389527,0.24311614219703054,0.8841370288575433,0.8460681667094017
2024-03-20,0.6831108077498442,0.626340259742819,0.7364055775105669,0.6745570582607237,0.05302514625804336,0.35122988471109384,0.1952547612021343,0.24497918440083982,0.8847437416025605,0.8407217268866786
2024-03-21,0.6858597527074723,0.627762907125605,0.743053260258911,0.6852892123782365,0.05139360469263244,0.35042990724011114,0.19328915654294315,0.24183859989246334,0.8844403852300519,0.8402762256426092
2024-03-22,0.6846649526871952,0.628946504508513,0.7355110347039208,0.6732518590734524,0.05329707633544839,0.34138884863741575,0.17675250474481372,0.23130250501139085,0.8848956005733037,0.8284695928869895
2024-03-25,0.6820654767993374,0.6270009459611195,0.7315048331834392,0.6742307584639058,0.055064569973222045,0.3346333315141101,0.1679366487106166,0.2184241465965058,0.9075674217673202,0.8362663957755668
2024-03-26,0.6796904029615276,0.623984074985958,0.7307317167265038,0.6724179080498459,0.055744382200394856,0.33624231931678783,0.1761797487346231,0.2208403124466765,0.8926295610118725,0.8320339215099624
2024-03-27,0.6869912883365615,0.6276611180933989,0.7425275294945953,0.6924454570913554,0.04949013304981653,0.32432129627471923,0.15741169769132343,0.20039338906829018,0.8996816023580082,0.8235687605318084
2024-03-28,0.687943905599606,0.6267811313465366,0.743695209253093,0.6970682035176866,0.05261726410827557,0.3297700848504428,0.1657372432582031,0.21124480049915736,0.9058235745866182,0.8257963729756279
2024-03-29,0.687943905599606,0.6267811313465366,0.743695209253093,0.6970682035176866,0.05261726410827557,0.33925382953443345,0.1733067956381945,0.21646371169721024,0.9063543578462637,0.8257963729756279
2024-04-01,0.6862239396921277,0.6275431353515236,0.7377566988235918,0.6872289755989935,0.06131881912380034,0.3505125693015876,0.1999605335311728,0.23864584386789592,0.9016532379948252,0.853196717731875
2024-04-02,0.6800529230048843,0.6206829572815509,0.7279641797090687,0.6700975170566055,0.07437116461342731,0.34976018513872764,0.1931012209770994,0.2332295958893772,0.9087808472573546,0.861216271242487
2024-04-03,0.6809763291061256,0.6223065266176392,0.7269000836674808,0.6751553298786938,0.07056423429413525,0.3479994604573618,0.18719959674397157,0.22942952118645243,0.9108280508105653,0.8589886587986675
2024-04-04,0.670526512239968,0.6122878040331505,0.7138102460113277,0.6650170214748198,0.09802854972773474,0.3479994604573618,0.18719959674397157,0.22942952118645243,0.9123444711041304,0.8487413866207633
2024-04-05,0.6798139153739347,0.6210369483476783,0.7213916289118164,0.6693859422877566,0.09367777221997235,0.3479994604573618,0.18719959674397157,0.22942952118645243,0.9119655468152281,0.8641122417758833
2024-04-08,0.6794969583927384,0.6212756127830402,0.7211141518600944,0.6740268349218457,0.08225695532941654,0.3410838567521886,0.17281648517087705,0.2159016141981482,0.9100698406637828,0.8743595139537875
2024-04-09,0.6807194613898343,0.6235866008105337,0.7208887560068188,0.677240152113906,0.07940175434836252,0.34154529171244136,0.1714785629283225,0.22079984213057563,0.9087808472573546,0.8614391280879944
2024-04-10,0.672709808450287,0.6176082087884976,0.7104654757111133,0.6534872640730203,0.0905506411615133,0.33495327695866767,0.15829141512572553,0.20719433771009538,0.9095390574041365,0.9046558292434309
2024-04-11,0.678955599361494,0.6295334193827652,0.7104053894395725,0.6599273974653509,0.07845002501012444,0.33710203511869974,0.15807607228986287,0.20744745314362198,0.9101457701491544,0.9082201578664039
2024-04-12,0.6666574621078692,0.6178156853385709,0.698656739090074,0.6420572554900854,0.11108088225102193,0.3325092429316537,0.14506310048489612,0.20091237688280997,0.9134819671087933,0.891067085288061
2024-04-15,0.656644939509032,0.6050906854167547,0.6925303505595112,0.629611999777377,0.13718557323027583,0.34429401399911236,0.1786220161593264,0.21365744719140625,0.9132545402216562,0.9198039337765163
2024-04-16,0.6549526765783724,0.6042234222989181,0.6941070606191394,0.6258820689022573,0.12590073434476234,0.32865205959471605,0.16122399301774626,0.1943213460110411,0.9143161067409474,0.9267097341769548
2024-04-17,0.6502057040290358,0.596244593046721,0.6929796955661057,0.6170308134778967,0.12331745047477355,0.3486477769560489,0.1860998380845607,0.21474477901029929,0.9137093939959302,0.9102250196881887
2024-04-18,0.6484028673255722,0.5926530595808134,0.6935246192165155,0.6147692870122612,0.1204622624600593,0.3495320105227514,0.1881160063602765,0.21429793393317673,0.914619463113456,0.9240365142655933
2024-04-19,0.6412678029206658,0.5786374467026673,0.6987347644410795,0.6168994194430641,0.13011554681382217,0.34674495550784756,0.1752220604136775,0.2055276645183234,0.9140886798538105,0.91690796324312
2024-04-22,0.6483183295882884,0.5860644046110602,0.7049957925142922,0.6258775323503178,0.10605030548242649,0.3403196311920924,0.17029177220330063,0.2018951897114251,0.9161358834070205,0.9186901806663428
2024-04-23,0.6580641415793572,0.5968267097847749,0.7115069067867106,0.6418170395325093,0.08905505166846517,0.33328773889354746,0.1589833088606921,0.1968501249147099,0.9184864433327403,0.913120990221585
2024-04-24,0.6582397260628048,0.5975334495424784,0.7104509122648811,0.6385493943647836,0.09286199495409701,0.340390224137155,0.16603973002608502,0.20297539523552646,0.9200032251952834,0.9251503735992396
2024-04-25,0.6544665647444515,0.5931031418924114,0.7011890426945269,0.6320638954530583,0.08470427416070277,0.3429017389471373,0.1700077433927784,0.20417815543425508,0.9197757983081465,0.9371797569768938
2024-04-26,0.6628452467362356,0.6069718118494857,0.7049878838878615,0.6415269768274033,0.08008156657553533,0.35401253715523034,0.1947462165102737,0.22214486428829364,0.9155291706620039,0.928937452844247
2024-04-29,0.6654804427947767,0.609392471561511,0.7086032835266687,0.6478855629324316,0.07518694187930262,0.3616009751238811,0.21290940588421783,0.2410503085179766,0.9200787931116771,0.9166852126210853
2024-04-30,0.6523970968113765,0.5951237569989063,0.6945256391399851,0.6287962502853325,0.08851120447999485,0.3590458900445806,0.20396523907976902,0.23324490422633712,0.9148468900005929,0.9327244258657821
2024-05-01,0.6495847287062463,0.5928276774660288,0.6966827652222976,0.6316605295970734,0.0849762042381078,0.3590458900445806,0.20396523907976902,0.23324490422633712,0.9171215204409406,0.9124526321320082
2024-05-02,0.6570319080247675,0.6031578504983871,0.7046422190448405,0.6479218000241433,0.07532290691800514,0.3590458900445806,0.20396523907976902,0.23324490422633712,0.9165151692649014,0.9071062985327577
2024-05-03,0.6673694841768226,0.6169927192995647,0.7157533569466915,0.6568092925402157,0.05914343036991917,0.3590458900445806,0.20396523907976902,0.23324490422633712,0.9153776732602386,0.8912898359100957
2024-05-06,0.6759774102862364,0.6254558604242744,0.7201134212766163,0.6681169248683929,0.05914343036991917,0.3702061033142173,0.2284746097931881,0.2505503633068665,0.9137093939959302,0.8888393666207688
2024-05-07,0.6771088665371685,0.6247236734085193,0.720903319453051,0.6699207021785739,0.05560841716169235,0.3723881084741821,0.22899243939693267,0.24980535757481806,0.8923265662083418,0.8830474255539763
2024-05-08,0.6771039450914299,0.6234163954970006,0.7251532416929283,0.6656106458932421,0.052481299069573065,0.36640053632420716,0.21580070507159785,0.2379025977148084,0.9002123856176538,0.8895077247103456
2024-05-09,0.6813973508512459,0.6253246828078539,0.7333349086288419,0.6739905425063298,0.04826647363417342,0.3744345448170698,0.2315354984554605,0.25134859630248235,0.9043071542930531,0.8799287043985454
2024-05-10,0.6827954383317895,0.6250882460785839,0.7364231308033766,0.6677136143362122,0.04636301495769725,0.3745051377621323,0.23232359730151375,0.2462287493999286,0.9004398125047908,0.892180944621707
2024-05-13,0.6825905633083815,0.6271663102979527,0.7344151112632825,0.6687741716615764,0.06063901986296734,0.3724760839831363,0.23159501138464436,0.24101071799135615,0.9058235745866182,0.8870572554210187
2024-05-14,0.6866970335082884,0.6325595010658074,0.7375408511900313,0.6794563130601466,0.05819170103168106,0.371777441546195,0.22809437587157916,0.24059721693554278,0.9107521213251937,0.8790377019104065
2024-05-15,0.6966899497023284,0.642702418264928,0.7461797717589701,0.6902291854975064,0.04500339050335162,0.3637335652223021,0.21389461334159057,0.2329223734028027,0.9107521213251937,0.8592114094207022
2024-05-16,0.6948936220077448,0.6407691121010408,0.745226203594085,0.6842422647086909,0.044595508353583814,0.36451046714995256,0.22044696447145248,0.23477732154339181,0.8996816023580082,0.8638894911538486
2024-05-17,0.6958966444005313,0.6402273511156545,0.7485399180685591,0.6840020487511149,0.0387491413527733,0.37434307761405866,0.2376799846608781,0.24426294778480226,0.899150819098362,0.8734685114656487
2024-05-20,0.6966866951978884,0.6450045811490568,0.7436803564668694,0.6870748434806595,0.04092453010665447,0.3796656338589876,0.2436320606441223,0.24799272730823876,0.9034730146608989,0.8772554844871838
2024-05-21,0.6988456223139858,0.6466606235854869,0.7453153203114263,0.6851985919870551,0.03698163474865988,0.3755681308832673,0.23685060711018416,0.24176205820766383,0.9102972675509191,0.872131901509968
2024-05-22,0.6965046017055607,0.6452971817761475,0.7403291242401812,0.6776525357499656,0.04282800174947043,0.37574658681212963,0.24064914286839342,0.24278815667871728,0.9147709605152213,0.8765872326210797
2024-05-23,0.6901368859450882,0.6424233552363967,0.7253722720663939,0.6625605339233949,0.049354180977453775,0.36264066498250624,0.22110216602451618,0.22914754865796694,0.91681852563741,0.8857206454653379
2024-05-24,0.696132397527041,0.6505285211283143,0.7254791349698725,0.6721958383000278,0.0379333770532377,0.3540856350112467,0.20263190335995232,0.21860160013471336,0.9177282331859579,0.8839385342655877
2024-05-27,0.696132397527041,0.6505285211283143,0.7254791349698725,0.6721958383000278,0.0379333770532377,0.3650210135461789,0.21831624499369856,0.22609441522394755,0.9177282331859579,0.8839385342655877
2024-05-28,0.6963469566856119,0.6548755468429399,0.7201279847228484,0.6709178584243936,0.05139360469263244,0.360521813941135,0.2061554714867068,0.2155808429535747,0.9177282331859579,0.9006459993763886
2024-05-29,0.6899922589428995,0.6505193532609355,0.7099723439191584,0.6570222891861548,0.06988442206696241,0.3609714075041515,0.20814870714873332,0.21773676707542713,0.9203821494841857,0.9189129312883775
2024-05-30,0.6848762573413261,0.6424694516163014,0.701823083062278,0.6662724292383649,0.07246770593695115,0.35495833080628303,0.19934661068274978,0.21501056341234445,0.9237187080128018,0.90331921928775
2024-05-31,0.6917088909677808,0.6423790581575662,0.7160160776588537,0.6724042983940274,0.05139360469263244,0.3534457441221316,0.19275298084824719,0.21317813788245493,0.9116621904427196,0.8944085570655267
2024-06-03,0.6926664296765639,0.6464873765963282,0.7131695508237751,0.6676682488168174,0.05397687559628145,0.3508577156684685,0.1967989651014841,0.21372950194985543,0.9173493088970556,0.8694586815986066
2024-06-04,0.6939571978887434,0.6477324072587747,0.7166325647337951,0.656002560828246,0.05465668782345426,0.35480940246411885,0.20913380273969784,0.22263226766046512,0.918107519043838,0.8547560783095904
2024-06-05,0.7041484800973112,0.6622463408535122,0.71900380240972,0.6695672937177275,0.04745070933463785,0.34678913302830605,0.1995665400413503,0.21581152375534973,0.918107519043838,0.8442860555096515
2024-06-06,0.7039745625551622,0.6615979070187179,0.720950481871644,0.6630273561827283,0.04677089710746506,0.34162514523739385,0.19840268193001773,0.2109826232339821,0.9216711428906138,0.8425039443099014
2024-06-07,0.703004085206776,0.6598436741522303,0.7187978887825297,0.652653368373218,0.04187627241123234,0.34239779640706197,0.19009089593135162,0.20338528915446996,0.9196998688227748,0.8756961239094684
2024-06-10,0.7052474706820001,0.6624494048319031,0.7205027764583338,0.6549465953786257,0.048946285861346236,0.34239779640706197,0.19009089593135162,0.20338528915446996,0.9217470723759854,0.884384035509657
2024-06-11,0.7076095265020498,0.6690745170686626,0.7175246963738465,0.6516562674512024,0.0504418753543944,0.335174012748175,0.1757810568556545,0.20398618536962002,0.9217470723759854,0.869904182842676
2024-06-12,0.7150404332983709,0.6806948318118315,0.7166553261464494,0.6664990355401225,0.039428953579946115,0.33810377178105466,0.17634933820951548,0.2046700457327769,0.9216711428906138,0.8456226654653323
2024-06-13,0.717106726105163,0.6832883957890015,0.7150477531544087,0.6582550695138066,0.03806932912560049,0.33544575763346945,0.1681061263191007,0.19893126693072374,0.9151502463731016,0.8329249239981013
2024-06-14,0.7167588116427078,0.6842236896236492,0.7136171597904214,0.6434123567486908,0.04785859148440563,0.3366005215831857,0.17516254748449364,0.20307630708893454,0.9253866257081328,0.8273557335533434
2024-06-17,0.723526434558519,0.6915997101754374,0.718282188471248,0.6505957654496426,0.04908225090004875,0.33139524071473153,0.17272028005979037,0.2056889299300906,0.9274341908303214,0.8420583368423595
2024-06-18,0.725769820033743,0.6918283070928833,0.7196835584961072,0.6520550967552479,0.04296396678817294,0.33585838478331875,0.17702288585353063,0.2090420715769448,0.927964974089967,0.8282468422649548
2024-06-19,0.725769820033743,0.6918283070928833,0.7196835584961072,0.6520550967552479,0.04296396678817294,0.33206617731839566,0.16930667661233614,0.20008713435014416,0.9262207653402871,0.8282468422649548
2024-06-20,0.7235166710451989,0.6856585893899414,0.7270882511085338,0.6485019254343554,0.05628822938886516,0.328144928986154,0.15763621357266183,0.1865536846881131,0.9289506111238865,0.8364892526210741
2024-06-21,0.722126759514834,0.6842446814695166,0.7274725910637344,0.6506048385535215,0.05520053501192456,0.3258755555683753,0.1541264050141209,0.18619244312743868,0.9310737441624688,0.8371575044871782
2024-06-24,0.719403771214569,0.6757982481404973,0.7339138779515693,0.654584058490096,0.056968041616037995,0.31498154601737754,0.14550754572483504,0.1735194275772916,0.9311496736478405,0.8351526426653934
2024-06-25,0.7228875197722308,0.6854857708058003,0.7265302107118488,0.6507498422441724,0.050305910315691864,0.31090764992973724,0.13684282120817062,0.16686355622081325,0.9300121776431777,0.8329249239981013
2024-06-26,0.7242856072527742,0.6893247081694309,0.7269163831536612,0.6488327617831128,0.04636301495769725,0.31791214002057516,0.1470883299396794,0.1792068266736862,0.9328179529121489,0.8503007471984787
2024-06-27,0.72509359751363,0.6916725390284468,0.7278116010869539,0.6579967073484728,0.04214818952229761,0.30961921482275745,0.13511090547579357,0.16681041693619383,0.9344103026910856,0.8440633048876168
2024-06-28,0.721453712121004,0.6861415732068991,0.7266956167402474,0.6622342341265771,0.044867425464649106,0.3163196998114713,0.13856567576148024,0.16672032649339535,0.9372157163910788,0.856315438887306
2024-07-01,0.7238287859588137,0.6925771590638271,0.7279464335229314,0.6542486302655952,0.04187627241123234,0.3248159782349046,0.14613522814147162,0.17126716650732945,0.9361541498717862,0.8866117541769493
2024-07-02,0.729343027774427,0.6991337264977543,0.731954467530025,0.6559708602884738,0.0392929885412436,0.32552517166040906,0.143207348638597,0.16347434320526047,0.9369882895039419,0.8770327338651491
2024-07-03,0.7338965557549745,0.7061325792719574,0.7313655642009274,0.65721719494814,0.040108765807118925,0.3209749629595781,0.13936753417574704,0.15876799735852007,0.9388839956553872,0.8589886587986675
2024-07-04,0.7338965557549745,0.7061325792719574,0.7313655642009274,0.65721719494814,0.040108765807118925,0.31326150716241336,0.1313031966721086,0.15096620020375046,0.9382772829103699,0.8589886587986675
2024-07-05,0.7388011733242599,0.7133471768130754,0.7330413249842671,0.6527349156605203,0.04541127265311941,0.3108880660804618,0.12454467575185972,0.15292293998722808,0.9361541498717862,0.8404989762646439
2024-07-08,0.7397213249210611,0.7155836223674886,0.7322738988804953,0.6581463029148674,0.043915696126411025,0.3023432075658027,0.11111925249971083,0.14088689202092966,0.937670570165352,0.8398307243985398
2024-07-09,0.7403927053735927,0.7167044155748015,0.7309697470927359,0.6539767137682471,0.045819167769226954,0.31382275902885665,0.1285539678231938,0.1538590359944311,0.9371397869057071,0.8467365247989784
2024-07-10,0.7496476428413161,0.7262748123082646,0.7415715501631154,0.664074303852274,0.0504418753543944,0.3076020024409978,0.1235869874309141,0.15307338398838571,0.9406278428360892,0.8422811936878667
2024-07-11,0.7416217173795687,0.710304901420364,0.7423712858992566,0.6972902732675046,0.05139360469263244,0.3172474277410994,0.1415485935372091,0.16867169956104225,0.9427509758746715,0.8229004024422316
2024-07-12,0.7466303997127781,0.7153515125288975,0.7484734663172082,0.7078183931953491,0.04513935554205414,0.3175297236149569,0.1434867909263814,0.16720500251817744,0.9278131151192237,0.8220093999540928
2024-07-15,0.7492103485739957,0.7186031066132583,0.753678692761919,0.7253803815815548,0.05411284063498396,0.3183741822319683,0.14525092418433166,0.1624788614081268,0.9237187080128018,0.8309200621763163
2024-07-16,0.7550594868343041,0.7202161371859112,0.7720177365414709,0.7601190833819353,0.055064569973222045,0.3190870950707072,0.1553451895318995,0.1692716280077638,0.9309222467607036,0.8171084613754391
2024-07-17,0.7422280871214566,0.6977369547780375,0.778032246942038,0.7492419808975757,0.0726036580093139,0.3149056396248372,0.15685728777208427,0.16549865082083698,0.932211240167131,0.8124303796422927
2024-07-18,0.7351271553240919,0.6922226967521802,0.7648708458613531,0.7304880964749775,0.09231814776562669,0.31934487317977417,0.16572348368998954,0.1694797861988392,0.9313011710496059,0.8220093999540928
2024-07-19,0.7286911743485358,0.6858932696586387,0.7555505296127425,0.7241703393374045,0.10033990352031845,0.32095416460802206,0.17401244894137463,0.1716329829733022,0.9309222467607036,0.833147674620136
2024-07-22,0.7383492734760378,0.6982041732903438,0.7587086756185245,0.7406218683269119,0.07845002501012444,0.3153288177632496,0.1629696683183369,0.16862304720277313,0.9385806392828786,0.837825862576755
2024-07-23,0.7369398349190327,0.6977558045988165,0.7572926457007694,0.7508735905292728,0.07586675410647546,0.3001416185565625,0.12858596161595054,0.1449076179255523,0.9413860529828717,0.833147674620136
2024-07-24,0.7160321046146958,0.669024479362595,0.7448433103388412,0.7291647510799483,0.12100612261486936,0.2959701068481153,0.11863835312958583,0.13468411224688512,0.9425994784729055,0.8436176974200749
2024-07-25,0.7114949285345057,0.6619752461583102,0.7468481471390302,0.7416778891003365,0.12671649864429788,0.29124113859285183,0.10997832700206751,0.13302650088676182,0.9326660939414055,0.8369347538651435
2024-07-26,0.7212293894491129,0.6697031585916391,0.7630022881970984,0.7584875843978464,0.09857238394986528,0.29253298948749595,0.11456954812906789,0.14405985278218686,0.9090842036298633,0.8244597630199472
2024-07-29,0.7219511750313864,0.6702435486809688,0.7617823343468271,0.7472751090127898,0.10142759789725905,0.2928277340097301,0.10606982656455799,0.13662563167235092,0.924249491272448,0.819558930664766
2024-07-30,0.7175456079356248,0.6604705163741325,0.7668043121303381,0.7508146153540596,0.11624744999099941,0.28892735993543706,0.0962825226412017,0.13247513681936132,0.9304670314174517,0.8117621277761886
2024-07-31,0.731503542453666,0.6802983001274462,0.7692600370837422,0.7559540861110585,0.09816451476643726,0.3074107942381886,0.12959410168701255,0.15819683802780934,0.9247043450467219,0.804188075509646
2024-08-01,0.7192103266457798,0.6625205200648416,0.7570427523948913,0.7249905700575844,0.12848401821475103,0.3054327495549798,0.11914242316511683,0.15094367759305083,0.899302316500128,0.774560065197843
2024-08-02,0.702934153050394,0.6441838428161427,0.7419641845314018,0.6901612478660226,0.19374573269654607,0.2970228526062574,0.10316018128622653,0.14013009710984317,0.9187142317888553,0.733570976486226
2024-08-05,0.6768861314284189,0.6189119737788711,0.7164345597330356,0.6583683726646854,0.40013594169929095,0.28314374826221805,0.0843417903592187,0.12585076192628322,0.8538064535723738,0.7320116159085107
2024-08-06,0.6856159030089412,0.6262279319471775,0.7237031661028556,0.6697621441559086,0.2524812809166974,0.2851913991073864,0.0841859604525399,0.13204993456345793,0.8257508702965299,0.7549565764419096
2024-08-07,0.6790271190810176,0.6187246322646299,0.7179204170353742,0.6565328394909281,0.2543847655258531,0.28598424137747025,0.08350323976304905,0.1307634184061901,0.8531241729109629,0.7727779008863566
2024-08-08,0.6985042168604108,0.6390889076216123,0.7347848877722508,0.678880724201874,0.19918423051392853,0.2860050397290263,0.08416761436158848,0.13045980305648544,0.8713226627096557,0.7792381469309895
2024-08-09,0.7025440094083755,0.6428300829602033,0.7360453492213137,0.6772944800895715,0.15268525051752876,0.28360890263570526,0.07898529113344611,0.1257291750200845,0.8663178249167307,0.7669859598195641
2024-08-12,0.7025813965203572,0.6443790241422078,0.7325756804914922,0.6687560254538184,0.15730793217001668,0.28236866808798855,0.07634155230750196,0.12390660313237607,0.8607066359477663,0.7596346581750559
2024-08-13,0.7172188874411085,0.6622335743839847,0.7426648695438314,0.683761832793539,0.12209381699180995,0.28539725724395576,0.08024994087860325,0.1271273364624219,0.8665452518038677,0.7469369698195613
2024-08-14,0.7205969836717048,0.6624524893480306,0.7486584510183563,0.6788354693300874,0.09585316097385355,0.2800209592731082,0.06872613470013203,0.11827867780486014,0.8505461860981067,0.7398084187970879
2024-08-15,0.7349044995934995,0.6800833264895632,0.7623533950431237,0.7020172497408357,0.08280080251788684,0.2883235245827786,0.08371399607617386,0.12360483534058037,0.8387170954151607,0.7634217374200637
2024-08-16,0.736697572783643,0.6817161493740339,0.7647410286518926,0.7049404489039857,0.07695444848341605,0.2889677421362685,0.08540015844758063,0.12178050387391104,0.8660903980295936,0.7558476320417848
2024-08-19,0.7454761619307657,0.6924661164832386,0.770586950284156,0.7165336627091337,0.0749150118018976,0.2933964247026424,0.09059624124393656,0.12241386432088984,0.8589627887670642,0.7502784947087632
2024-08-20,0.743666816218422,0.6898414503017835,0.7690669508628359,0.7050628251587434,0.09163833553845391,0.2849976859936234,0.07947560160076356,0.11304173092245795,0.8411435848262516,0.7393629175530185
2024-08-21,0.747524515274059,0.6943182827367729,0.7704377472952739,0.7179205198313156,0.09694085535079415,0.2818646496415207,0.0744078295746593,0.1109588293274832,0.834698256225133,0.730452255330795
2024-08-22,0.7393620593821444,0.6811734458976085,0.7660500992195054,0.7086160518034398,0.11434396538184373,0.27943579689301473,0.07051308870536334,0.10487143394380019,0.8345467588233678,0.7491646353751171
2024-08-23,0.7497613917404031,0.6925108419670868,0.7774643689856463,0.7397381258795793,0.09136640546104888,0.28117564731643196,0.07695088863318714,0.10664979641011581,0.8441008574969882,0.7369124482636917
2024-08-26,0.7468725824700108,0.685841946737518,0.7790801399441092,0.7393846067711246,0.09530930081904349,0.28153384958282984,0.0755900337769433,0.10779668997683559,0.8286322134818948,0.7393629175530185
2024-08-27,0.7483291716523177,0.6871163659841789,0.7793265611700909,0.7326227101339157,0.08552005142657806,0.2794230446190679,0.06693459417216285,0.09960831332435449,0.8241585205175932,0.7427043893304842
2024-08-28,0.7428637474033049,0.6783956677628266,0.7753988672339338,0.7261145284624928,0.1083616592750102,0.27590910998919776,0.05830656183740128,0.09736146295969715,0.8279495712515059,0.7444865536419707
2024-08-29,0.7428279478544645,0.6766584854160436,0.7814141492078113,0.7326136370300367,0.08851120447999485,0.27145590965803335,0.05426516410690223,0.10417411280159239,0.8288596403690318,0.7502784947087632
2024-08-30,0.7520031896524857,0.6853089252144927,0.787044223206514,0.739253157412488,0.07967368442576755,0.2773968752829885,0.0743116244635726,0.12165530983084244,0.8070215972381916,0.7600802125308617
2024-09-02,0.7520031896524857,0.6853089252144927,0.787044223206514,0.739253157412488,0.07967368442576755,0.2677028698916611,0.04845974498486112,0.10577502172970044,0.8044436104253353,0.7600802125308617
2024-09-03,0.7325814184485732,0.6599827344209765,0.7715844016810653,0.7082443864872272,0.15744389720871912,0.26519818665700734,0.05231779367225425,0.11440927569087558,0.8230210245129305,0.7451548586198111
2024-09-04,0.7311410224103092,0.6577015633827151,0.7725235992930459,0.7064360726251068,0.16560161800211343,0.25938383289480943,0.04257176845353863,0.11064263298820805,0.825902367698296,0.7282245366635031
2024-09-05,0.728432719069103,0.6596036816613136,0.7671110125211881,0.7004672980440491,0.14629502336190822,0.2606386414698939,0.04513776012575574,0.11275254412023274,0.8194570390971767,0.7199821794191199
2024-09-06,0.712990492391936,0.6404405254524632,0.7569795798301092,0.6820486758745393,0.18001357497974627,0.253640907047992,0.033036611414356085,0.10204167905886807,0.8038368976803181,0.7153040976859735
2024-09-09,0.7231720110871838,0.648940937813713,0.768934143806798,0.6849356932697818,0.1401767522163721,0.24452530836782205,0.015441479661456451,0.09596057416997031,0.8012589108674618,0.7124081271525772
2024-09-10,0.727150047428945,0.6551387588858162,0.7666471040683613,0.6847815611514477,0.1351461495150971,0.2469205345844326,0.01672906202030286,0.0969119345246592,0.8207460325036049,0.7010469956410269
2024-09-11,0.7366780457570028,0.6713547456158852,0.7697272247231378,0.687686724754448,0.11624744999099941,0.23995703394556647,0.012316491547262326,0.0997542703991618,0.8262057240708038,0.7026064093304786
2024-09-12,0.743445668672814,0.6789944922965709,0.7755309027166614,0.6992798279119878,0.10781779912020013,0.23850448921791442,0.00605745413980661,0.09514707682686856,0.8253715844386497,0.7086211010193059
2024-09-13,0.7483649712011581,0.6840087159857662,0.782864224797884,0.723327315209919,0.10088373774244899,0.2344523782649332,0.0,0.08877854471470649,0.8230210245129305,0.7019381043526384
2024-09-16,0.7495142875374319,0.6799793954322686,0.7885009536163882,0.7263547444200688,0.10876952845843822,0.2344523782649332,0.0,0.08877854471470649,0.8048984641996092,0.6954778583080053
2024-09-17,0.7497565496728216,0.681555583173399,0.7881084156947656,0.7337466685388242,0.11515975561405882,0.2344523782649332,0.0,0.08877854471470649,0.8047469667978439,0.7001559400411519
2024-09-18,0.7471034141507817,0.679153344877135,0.7855633811306925,0.7341364800627947,0.12358938055217858,0.23855360065388803,0.0053884930185293285,0.08956234916284292,0.8047469667978439,0.7097349072412156
2024-09-19,0.7626090639754508,0.6984853783439635,0.7984539599794569,0.7551518909510284,0.09775661965032971,0.24438040306446251,0.016857372790554537,0.09815248168157331,0.7960266461873997,0.7219870943526411
2024-09-20,0.76080614789383,0.6956049543669401,0.7993963403313425,0.743903123150456,0.09530930081904349,0.2446266434018634,0.01915298335405472,0.0970299582834621,0.7854109809944883,0.7193138744412795
2024-09-23,0.7634104658492694,0.6967433121799788,0.8009095884861973,0.7404542372003676,0.09177430057715642,0.2483899305312286,0.024518543758894777,0.09777228065759513,0.77320296602264,0.7217643437306064
2024-09-24,0.7657449774488144,0.7011411467297038,0.8029729684113064,0.742135638255791,0.0849762042381078,0.28389863733603177,0.08827769806674711,0.12951297361762087,0.7735063223951486,0.7210960387527658
2024-09-25,0.7640103265822773,0.7014785585216462,0.7957271234541409,0.7301073580548859,0.08524812134917306,0.2942146956142273,0.11101387434314841,0.1387049261304558,0.7575068951204097,0.7311205071968991
2024-09-26,0.7677672947565876,0.7062198025335615,0.802155486489028,0.7357363338309156,0.08470427416070277,0.32675075627436545,0.1768991616060168,0.17284198967734204,0.7590992448993464,0.733348172752455
2024-09-27,0.766596784452375,0.7031183215674037,0.8055600537207918,0.7424574015006693,0.106322209627152,0.3536683775714524,0.24946041237985267,0.2267349899446661,0.7414315383602992,0.7239920092861623
2024-09-30,0.770548784758616,0.7061707073185329,0.8059834545748269,0.7448458407730019,0.10319509153503272,0.4310756672114974,0.39341469302627047,0.3181677275534801,0.7424175369631966,0.7357986420417819
2024-10-01,0.7618140917323551,0.6939396583821276,0.8017075881823903,0.7299170441686442,0.13759346834638342,0.4310756672114974,0.39341469302627047,0.3181677275534801,0.7478768669614178,0.7226553993304814
2024-10-02,0.7619425255905008,0.6945871497258829,0.8026841106532574,0.7290015458577352,0.13269883068381097,0.4310756672114974,0.39341469302627047,0.3181677275534801,0.757658392522175,0.7320116159085107
2024-10-03,0.7603818716442698,0.6942959199948489,0.7981181326961424,0.722266757884555,0.1543167791165999,0.4310756672114974,0.39341469302627047,0.3181677275534801,0.7631940135747457,0.7464914154637554
2024-10-04,0.7686938759841118,0.7039193532695036,0.8065414949715121,0.7370642157778842,0.1369136431528708,0.4310756672114974,0.39341469302627047,0.3181677275534801,0.7688052025437101,0.7756738714197527
2024-10-07,0.75973160578152,0.6945336847796737,0.7967021027783873,0.7281314130662212,0.18354858818797312,0.4310756672114974,0.39341469302627047,0.3181677275534801,0.7478768669614178,0.7856983929756224
2024-10-08,0.7687036394974319,0.7058965281072034,0.7998163655521451,0.7289879362019168,0.16696124245645907,0.478731674014532,0.5025819885685955,0.4051356215279383,0.7490902924514521,0.7872577535533378
2024-10-09,0.775354259009716,0.7106650186782446,0.8104734325608759,0.7315305075925835,0.15934738181787483,0.40693667531974237,0.36506550785000147,0.320694746878188,0.7784348691337242,0.7948318058198804
2024-10-10,0.773405048984608,0.7102452674418999,0.8090443823435093,0.7260148349674326,0.16029911115611295,0.420327094308607,0.38422307772679404,0.3128812485233283,0.7953443655259889,0.8012921049762497
2024-10-11,0.779091620779229,0.7129163727272739,0.8191609622483647,0.7468580781771824,0.15390888400049235,0.3941519893433497,0.3335364081530923,0.2759135503020295,0.7953443655259889,0.7961684157755613
2024-10-14,0.7863779005733613,0.7199243933688558,0.8241325948733775,0.753307284673392,0.14357580038589643,0.41485409159366304,0.36752153484291833,0.2999370818553053,0.7840460581026885,0.8017376062203191
2024-10-15,0.7791290078912108,0.7117165816346968,0.8161132476726214,0.7538421552118177,0.15635620283177865,0.3890387070226545,0.3192496135574927,0.2764342097165622,0.8007281276078163,0.7883716128869839
2024-10-16,0.783552514450471,0.713975389931034,0.8244407419641845,0.7705475098147194,0.14194424585414572,0.38955358008325564,0.3080694609851359,0.2672900297725159,0.8239310936304562,0.7834706743083302
2024-10-17,0.7833899479847836,0.7142618215258698,0.828424567858667,0.7679053555766008,0.13555404463120463,0.37911812104959414,0.2881970647596875,0.2606900250480464,0.8243859474047308,0.8012921049762497
2024-10-18,0.7871614423618383,0.7193480172580391,0.8293346385781832,0.7657480591579651,0.12087015757616684,0.4077777181490894,0.35097570999931316,0.30266495711840086,0.8278740033351123,0.7961684157755613
2024-10-21,0.7854236163690183,0.721561585984507,0.8208335402917993,0.7492601271053335,0.12549286516133426,0.4098132998778438,0.35554399851262425,0.31286594018636843,0.8110404364282191,0.8204500393763774
2024-10-22,0.7849717165207962,0.7233057941735803,0.8206678449234093,0.7455528789899113,0.12318151136875055,0.4153341236200882,0.36589029887795754,0.32084791822673503,0.8240825910322216,0.8253508717315585
2024-10-23,0.7762288475443568,0.7100083594671104,0.8105462497920369,0.7375355745891571,0.13732153826897833,0.4205997500706119,0.3729603677451558,0.32237048190160866,0.8268880047322148,0.8338160327097126
2024-10-24,0.77825116485213,0.7160990792847881,0.8070750379155947,0.7398378193746397,0.1351461495150971,0.41359176828571714,0.3526252920552253,0.3102388887977329,0.8296178505158143,0.8244597630199472
2024-10-25,0.7779683404784754,0.7206227792287142,0.800656512440414,0.7348842365995512,0.15214139036271865,0.4196349798214241,0.3652670911176506,0.326283961468564,0.8246133742918672,0.8315883140424204
2024-10-28,0.7804718481744308,0.7227539228297762,0.8074012205325303,0.7512361827416065,0.14493539890756255,0.426629905706802,0.3688135918580943,0.3322335378301339,0.8256749408111583,0.8418355862203248
2024-10-29,0.7819999570762616,0.7291394709806367,0.8035860798530153,0.7485259802243955,0.13868116272332398,0.4155020285603874,0.3507099154133341,0.3193902830155189,0.8312861297801226,0.8409445837321858
2024-10-30,0.7788705526117781,0.7245411428826268,0.8013266238604224,0.7462372344471232,0.15241332044012373,0.4092312496598445,0.33458112853964894,0.3182659120594988,0.8332574038479617,0.8391623663089631
2024-10-31,0.7612776541468493,0.7020461951701018,0.7919917441655796,0.7297447658425522,0.19061861460442672,0.4134552885919296,0.3353097144565183,0.3237046826487171,0.8216561016211307,0.8431721961760055
2024-11-01,0.7650735176181258,0.7083970425145284,0.7991205993195688,0.7358540628861255,0.17321547864069764,0.41102704309456395,0.33484233660289014,0.3114776323862121,0.8244618768901019,0.8603252687543482
2024-11-04,0.7624545940817848,0.705767578196875,0.7927606169693082,0.7398877214459739,0.17457510309504326,0.422901763237183,0.3599244633264998,0.33018037311959847,0.8268880047322148,0.8487413866207633
2024-11-05,0.7738455977563684,0.7171378757717127,0.8033102423945778,0.7588365669543615,0.1543167791165999,0.44677364053358853,0.4056579120761354,0.361157144873746,0.8087654444188935,0.8442860555096515
2024-11-06,0.7976258648088976,0.7410156292003773,0.8405445378637546,0.8186968123862474,0.09694085535079415,0.44578458023878786,0.39636091862009654,0.35766156531000637,0.8121020029475103,0.8748051214213296
2024-11-07,0.8047885528124659,0.7535616415057974,0.8405299744175224,0.8140604563040977,0.08239292036811906,0.4727888866361558,0.45199622249512655,0.3817860087166902,0.8687443143278216,0.8558699376432365
2024-11-08,0.8084365347771135,0.7543213749641907,0.8469407841596,0.8217423878041551,0.07885790715989223,0.4670793596020562,0.43291181324932315,0.3750995206862921,0.8416743680858972,0.8480731347546592
2024-11-11,0.8093810554681365,0.7548469422399079,0.8544501214022381,0.8377589610455137,0.07926580227599977,0.472603902757535,0.44532003525134256,0.39553835000145826,0.8697299513617411,0.8485186359987286
2024-11-12,0.8065589238496862,0.7540854094804402,0.8450147442837268,0.8182119545667643,0.07573078906777295,0.45765026752069454,0.42452216823052175,0.3888617156132412,0.8946771261340611,0.8761417313770103
2024-11-13,0.8067848340847187,0.7518621588005722,0.8461803986622848,0.808023744091556,0.06634942182507533,0.46303157531344974,0.4360460862754012,0.39290047720221316,0.9102213380655482,0.8803743118660874
2024-11-14,0.8008983087124284,0.7464632274054802,0.8410612990883379,0.793325979693287,0.07029231718306996,0.4445512531727923,0.4033898206490623,0.36393552005301966,0.9040793658369382,0.8730230102215794
2024-11-15,0.7881287445839416,0.7277079984544861,0.8335092359736411,0.778324708905506,0.09517333578034097,0.4292813919046288,0.370953484381324,0.33791645000017817,0.9084015613994737,0.875250622665399
2024-11-18,0.791867773294753,0.7326077523229513,0.8321417187277721,0.7794577404142934,0.0875594751417568,0.4271432606395523,0.36249951617778436,0.319452396152839,0.9097664842912742,0.872131901509968
2024-11-19,0.795665303707328,0.7411911038956281,0.8291625777299831,0.7878376370273812,0.09802854972773474,0.434033359796832,0.37464653011656257,0.3374542965860957,0.913103042819891,0.8643350986213906
2024-11-20,0.7956864182971097,0.7402553816559627,0.8326075561138746,0.7881548637203201,0.10904145853584325,0.44086690869166906,0.37871544698348875,0.3449633877807183,0.9151502463731016,0.8703497903102179
2024-11-21,0.8008235344884648,0.7405308460823453,0.8440116025336538,0.8055990124037076,0.1050985761441884,0.4416177747266782,0.38033292338023594,0.34430477737565046,0.9196239393374032,0.8761417313770103
2024-11-22,0.8041772616248393,0.7419008853289575,0.8545336442130796,0.8249284856845784,0.08293676755658935,0.4095278159354996,0.32369876434602785,0.3099658901219481,0.9118136878444848,0.8712407927983566
2024-11-25,0.8071083794529521,0.7441464987507496,0.8653988431222679,0.840954132029816,0.07423521254106459,0.40846079977556,0.3156298403196515,0.308326226467226,0.918107519043838,0.8389396156869284
2024-11-26,0.812677868465889,0.7493870916512987,0.8684539840911228,0.8329232179732434,0.06743711620201596,0.4072162385634685,0.31200536869266426,0.30046231617513636,0.9162118128923927,0.8471820260430478
2024-11-27,0.8089567792185762,0.7443939454889744,0.8650405437662905,0.8337752045569996,0.06743711620201596,0.42276869933105976,0.34264099138695775,0.3214416001681454,0.9256899820806415,0.8338160327097126
2024-11-28,0.8089567792185762,0.7443939454889744,0.8650405437662905,0.8337752045569996,0.06743711620201596,0.4183907222349028,0.32683751202843553,0.3094091593387168,0.9212922186017115,0.8338160327097126
2024-11-29,0.8144254579720291,0.7513115726718211,0.869696892247376,0.837645657894635,0.0594153604473242,0.42795378909909815,0.3470122831553576,0.32555153672608605,0.918789799705249,0.819558930664766
2024-12-02,0.8168265678453592,0.7594614640475869,0.8665205178221379,0.837378222625422,0.05710400665474049,0.4396210570709044,0.3612394529553651,0.33859934259490654,0.9171215204409406,0.8235687605318084
2024-12-03,0.8172703711215596,0.7628376383110955,0.8646324779317978,0.8293156633528814,0.05656015946627019,0.4442300173195616,0.3631914099127509,0.33472818090196105,0.940021130091072,0.8295834522206356
2024-12-04,0.8232219865826506,0.773989449326905,0.8722496425445523,0.8339429463311522,0.058599583181448874,0.43982873696089475,0.3534179774240164,0.32485694293126766,0.9498030172208073,0.8200044319088354
2024-12-05,0.8213719198757279,0.7724602147757148,0.8661183352341363,0.8201697533476711,0.059823242597091986,0.4411361486660097,0.3493078937188578,0.32760294185766053,0.9340310168332053,0.8200044319088354
2024-12-06,0.82383645289656,0.7794576966538612,0.8630766967982119,0.8259799699060635,0.049354180977453775,0.45208678438584254,0.37292826208599084,0.34173359261902375,0.9311496736478405,0.8135442389759387
2024-12-09,0.8177532284510406,0.7740583368537516,0.8571364503287625,0.8186606306183398,0.06866076265131929,0.4516073596105577,0.36991793704024306,0.3363570231460735,0.9388080661700149,0.8242370123979125
2024-12-10,0.8148367955819864,0.771889065206114,0.853331629442273,0.8140967487196136,0.06852481057895651,0.4578650826115837,0.3832378702694213,0.3436471347390111,0.9313771005349775,0.8291379509765662
2024-12-11,0.8228480360846752,0.7871400267933066,0.8508806303753945,0.8192587915887016,0.06036708978556231,0.460921073975258,0.3801175805443733,0.3468759621322771,0.9231879247531568,0.8402762256426092
2024-12-12,0.8174931062303092,0.7813471341439356,0.8450922874014134,0.8042665939047995,0.06498979737072968,0.46994065106886446,0.39829452948653093,0.3566696906497426,0.9325901644560339,0.852082858398229
2024-12-13,0.8174670701947889,0.7823947557742249,0.8429673745048066,0.797839959520679,0.06349422084402133,0.44829427329534927,0.3546184158508436,0.33468225589108136,0.9375190727635874,0.8687904297325023
2024-12-16,0.821204511342459,0.7932377724532746,0.840237162346258,0.8046789775408592,0.07545885899036792,0.4465696800568326,0.34484039683937123,0.3221461355840929,0.9432061912179234,0.8683448222649603
2024-12-17,0.8173890414663852,0.7903937629027559,0.8336304694300243,0.7920298536098949,0.09150237049975139,0.4388447623943943,0.3495094769865069,0.31885871421142864,0.9487414507015162,0.8656717085770714
2024-12-18,0.7883791032913527,0.7589675130621761,0.8059025358239077,0.7455438058860323,0.2512576474337338,0.4452877728996113,0.35860936183122627,0.323078536475478,0.9504093683968465,0.889953225954415
2024-12-19,0.7875532529451553,0.7580936525070668,0.806281956999255,0.7410071432989429,0.20326307794428589,0.4415023970100168,0.3602451843189249,0.3289128604151084,0.9510160811418638,0.906883547910723
2024-12-20,0.7979201196371708,0.7668599330223027,0.8185783279524133,0.7504657434451527,0.1253569001226317,0.4408918059884223,0.35212580854243214,0.3286957283713324,0.9585989057476451,0.8966362757328188
2024-12-23,0.8049461978324147,0.7752950564588547,0.8202248653966249,0.7482313256435459,0.10387491672854528,0.4356647399853091,0.35479717837121166,0.3188560748429873,0.9585989057476451,0.9133437408436197
2024-12-24,0.8156707425002053,0.7869750908614912,0.8298561256892922,0.758387890902786,0.06974846999459965,0.4488073246025295,0.37776234518528096,0.33093083354642566,0.9598119696687015,0.9115616296438694
2024-12-25,0.8156707425002053,0.7869750908614912,0.8298561256892922,0.758387890902786,0.06974846999459965,0.44875198884236756,0.3786512356651588,0.3247749465516893,0.9579921930026278,0.9115616296438694
2024-12-26,0.8152724229080083,0.7865025601269655,0.8305664553681007,0.7676061644438116,0.07600270617883821,0.45022161250834114,0.37949895930680416,0.33115966679029174,0.9599638286394448,0.908888409732508
2024-12-27,0.8044211113233705,0.7734152152411768,0.8223300067271548,0.7514718621472429,0.09259006487669198,0.4508637046828399,0.3765435606675024,0.3298993683595415,0.9600393965558386,0.9177990719547314
2024-12-30,0.7940331300415734,0.7630955381317522,0.8119975791887389,0.7438533317267301,0.11230454166666505,0.4530972502833396,0.3848004202597225,0.33090655135676517,0.9604186824137187,0.9013143574659652
2024-12-31,0.789918563269645,0.7553746515407137,0.8112689246438104,0.7449319246122438,0.11162474240583199,0.4358220180306527,0.3554111012196347,0.3077938658526033,0.9606461093008558,0.9075517997768271
2025-01-02,0.7877921811979479,0.7540585913263321,0.8075172458690688,0.7456162800694557,0.11951053312182121,0.40808802348179435,0.3029420641634395,0.27837476137359946,0.9606461093008558,0.9079973010208965
2025-01-03,0.7998091610192167,0.7690130109602711,0.8159084914053967,0.7622945260083289,0.09503737074163845,0.3921907199728923,0.28221288311727827,0.2611729414938676,0.961025395158736,0.9126754889775156
2025-01-06,0.8051591694278442,0.7796862935713071,0.8152771515442316,0.7614696480886013,0.09381373725867487,0.39078948796659757,0.2793766222027525,0.2601396287490744,0.9769488929481033,0.9175763213326967
2025-01-07,0.7943728685538499,0.7632223460169921,0.8108773511888256,0.7538330821079388,0.11801494362877307,0.39785371638836475,0.29181236334119903,0.27032970242748433,0.9789960965013139,0.932056173999678
2025-01-08,0.7958717662938775,0.7627486157484169,0.813515263890128,0.7489202176526973,0.11638341502970193,0.3980166115067563,0.28865526956783993,0.26545399710575657,0.9821048665738158,0.9342837864434975
2025-01-09,0.7958717662938775,0.7627486157484169,0.813515263890128,0.7489202176526973,0.11638341502970193,0.3921792581076187,0.2843755963877889,0.26827926506433836,0.9859722083620781,0.9342837864434975
2025-01-10,0.781044085308777,0.7488312789813317,0.7963122653633508,0.7263819637317057,0.14140041163201522,0.3788507028286745,0.2626567332279253,0.2520576186447802,0.986427062136352,0.9527734689775211
2025-01-13,0.7825364740399244,0.7456055605600401,0.8051679980324881,0.7287250374846435,0.13664173900814527,0.3764352096052556,0.25808844471461423,0.25207917348705133,0.9861237057638433,0.9587881606663483
2025-01-14,0.7836240341699946,0.7436881053818081,0.8106285187962492,0.7399828783890947,0.13011554681382217,0.4013657533584214,0.30300627548176945,0.285321667090212,0.9846832149556499,0.9554466888888827
2025-01-15,0.8010186459985525,0.7641677502100577,0.8279924868048908,0.7599469157034515,0.09490143163561546,0.3970680093191796,0.2917756711592962,0.27585856345950116,0.9855173545878041,0.9253731242212743
2025-01-16,0.7989751347228407,0.7565810400705635,0.8263031270419567,0.761533159815754,0.10142759789725905,0.3998398071491829,0.2937687949549145,0.27954954426684964,0.9849106418427869,0.9149031014213351
2025-01-17,0.8086186282694412,0.7693867514977146,0.8345669665354188,0.765652791567236,0.09286199495409701,0.4016396995290995,0.2992490184282009,0.28497485407701706,0.9855929225041978,0.9155714595109118
2025-01-20,0.8086186282694412,0.7693867514977146,0.8345669665354188,0.765652791567236,0.09286199495409701,0.40243466717817455,0.3071942182070634,0.29354066041661286,0.9802850899077421,0.9155714595109118
2025-01-21,0.8171663857357928,0.7749396516561688,0.8478498904124783,0.7847285498823208,0.08048946169164288,0.40188905202859454,0.30853683883876404,0.29798122186130815,0.972171843611293,0.9077745503988618
2025-01-22,0.8232024595560103,0.7860191479049902,0.8510823967960418,0.7782702702822322,0.0810333088801132,0.3928728907226524,0.2922292894447108,0.2907901745638697,0.940248918547187,0.9133437408436197
2025-01-23,0.8284598336553325,0.7879642780473659,0.8611644487952607,0.7832012809452316,0.07994561450317259,0.3980153970044757,0.2953084123315264,0.2863126619609953,0.940248918547187,0.9220316524438084
2025-01-24,0.8256198419515406,0.7836046572252199,0.8576875465656548,0.780092193800171,0.07763426071058889,0.40499908874375756,0.30865139004080216,0.2968136532417977,0.951622793886881,0.9193584325324469
2025-01-27,0.8111578561360798,0.7567363797299823,0.8648311580592037,0.7693420041225086,0.11910263800571368,0.4043695211240279,0.30142090474418726,0.284501879252325,0.9189416586759922,0.8975272782209578
2025-01-28,0.8201673563421307,0.7739223611011329,0.8682081415451238,0.7715355929566601,0.09884431402727031,0.4043695211240279,0.30142090474418726,0.284501879252325,0.9247043450467219,0.902650967421646
2025-01-29,0.8155520721553798,0.7694798010675596,0.8648297113592469,0.7689250839345094,0.10088373774244899,0.4043695211240279,0.30142090474418726,0.284501879252325,0.9243250591888417,0.9035419699097847
2025-01-30,0.8207314175262982,0.7716482159051617,0.86899273515505,0.7799607444415344,0.0910944883499836,0.4043695211240279,0.30142090474418726,0.284501879252325,0.8627542010699549,0.8939630558214573
2025-01-31,0.8157503587917505,0.769265684239712,0.8606605149769613,0.7710052589701739,0.09911624410467534,0.4043695211240279,0.30142090474418726,0.284501879252325,0.8717775164839304,0.9066606910652157
2025-02-03,0.8082788103790076,0.7589355540478555,0.857629775014045,0.7577397172134817,0.1288919133308586,0.4043695211240279,0.30142090474418726,0.284501879252325,0.8754929993014487,0.9008688562218958
2025-02-04,0.8153195735333102,0.7704317170168942,0.8609414641085796,0.7721473635828404,0.10972125779667631,0.4043695211240279,0.30142090474418726,0.284501879252325,0.8824691111622128,0.894185806443492
2025-02-05,0.8191561579991656,0.7721123499013405,0.8687742834615673,0.783939964378109,0.09014275901174552,0.39780521220353143,0.291340398964833,0.2852360635737638,0.8725357266307129,0.8739140127097181
2025-02-06,0.8227472258251912,0.7764843087879963,0.8656718836274555,0.7798112595227481,0.08647178076481618,0.41060576261596504,0.31321967855411326,0.30590372613279604,0.9397181352875413,0.8779238425767605
2025-02-07,0.8133867154085594,0.7647016285431183,0.8547036796813402,0.767388631245933,0.10061183359772348,0.4208683827938122,0.3360702941661444,0.3223335307434296,0.9528358578079374,0.8883938653766994
2025-02-10,0.8199624813187228,0.7730748046141105,0.8588272567916535,0.7711185621210527,0.09068660620021582,0.42662117647165987,0.3399009355835187,0.32731102770804593,0.9520776476611549,0.8897304753323803
2025-02-11,0.8202973777634178,0.7699860044364767,0.8618700525875435,0.7655712442799336,0.09354180718126984,0.42534238147653264,0.3316898293522689,0.3206776789622672,0.9654990881230375,0.8995322462662153
2025-02-12,0.8176101890119932,0.7702531578055158,0.8563125064800102,0.7565930760488757,0.09177430057715642,0.43414995201577394,0.34851520835006666,0.33430473822501855,0.9675462916762483,0.9218089018217737
2025-02-13,0.8278680694943461,0.7832247476555214,0.8647781123941196,0.768508053098902,0.0810333088801132,0.4298276143053491,0.34177033513162314,0.3268939195153627,0.9687597171662827,0.8968590263548535
2025-02-14,0.8277965497748225,0.7867837651805853,0.8606955251159168,0.7675110075006907,0.07654656633364827,0.4342553859950125,0.3572897856796231,0.33796061543209693,0.95359406795472,0.8850523935992338
2025-02-17,0.8277965497748225,0.7867837651805853,0.8606955251159168,0.7675110075006907,0.07654656633364827,0.4370865426239823,0.36113407479880266,0.3417083426609347,0.926448192227424,0.8850523935992338
2025-02-18,0.8302269501881129,0.7874194325458521,0.8609488905016914,0.7722108753099931,0.08443235704963752,0.4273428185455409,0.34527108251109656,0.32605064129834754,0.926448192227424,0.9010916068439305
2025-02-19,0.8325955150170425,0.7880770342480252,0.862708077649209,0.7686349659055992,0.0833446626726969,0.4357524118686932,0.35781667646243515,0.34004985151133094,0.9458601075161512,0.8990866387986731
2025-02-20,0.8282663890865433,0.7839581770458278,0.8515741783347037,0.7592444140384816,0.08864716951869737,0.4355173297709957,0.35265728584798206,0.342022779421249,0.949423731362927,0.8912898359100957
2025-02-21,0.8112960535075456,0.764728361016223,0.8330902716661402,0.7291556779760694,0.12331745047477355,0.44432550756137734,0.3753567699424805,0.35975440852611024,0.9283438983788693,0.8734685114656487
2025-02-24,0.8064385865635622,0.7543279724014633,0.8339097789683583,0.7214147713007988,0.1337865250607515,0.4424336166337018,0.37136123743936,0.359003948099283,0.9241735617870763,0.8674538197768216
2025-02-25,0.8018867255243133,0.7428984692531792,0.8378589805105404,0.717702986633437,0.13990482213896707,0.4340426962831144,0.3511681202214865,0.3474237190628078,0.9223537851210026,0.8462909173314364
2025-02-26,0.802018413886899,0.7450422936427651,0.8332162310090491,0.719556555367344,0.13541807959250218,0.4446678453917343,0.3668799809916599,0.3565364025434538,0.9223537851210026,0.835375393287428
2025-02-27,0.7866574704425758,0.7217550536905014,0.8284356592250028,0.7039161839941375,0.1630183341321247,0.44710785637994366,0.370628176866161,0.3540012011765777,0.9302396045303146,0.8433949467980402
2025-02-28,0.8017648006750477,0.7350410928235005,0.8432846840286736,0.7145259618568925,0.14262404511497884,0.4262254005409545,0.3348560961711037,0.32550833906259574,0.9509401516564921,0.8313655634203857
2025-03-03,0.7847311213267051,0.7132344206124162,0.8272440606938856,0.6869570037778413,0.18545207279712878,0.4249904794407156,0.33413209677697214,0.32896327235233846,0.9490448070740247,0.8200044319088354
2025-03-04,0.7730961885754333,0.7103816715995362,0.8106953563342552,0.6766645632556333,0.19537728722829673,0.427255450287727,0.33264293115047666,0.33165252485724206,0.9501819415097096,0.8266874816872393
2025-03-05,0.7835784711078342,0.7221196263605661,0.8226850268965633,0.6862817214245083,0.1738953038342102,0.43277574268522356,0.3405928293184852,0.33435699772015753,0.9356233666121421,0.8389396156869284
2025-03-06,0.7666536985909971,0.7009104077871694,0.8121296146714665,0.6707818725138174,0.21386811756896637,0.44494262653273037,0.3651846455747774,0.3514102211566408,0.9246284155613503,0.8436176974200749
2025-03-07,0.7718038328001122,0.7064800157413139,0.8176266887208038,0.6748290300818759,0.1934738285518205,0.4422837015084346,0.3595808097203854,0.3464534872237631,0.9246284155613503,0.8505234978205134
2025-03-10,0.7465019658546325,0.6745479909368348,0.7956520879497128,0.6492632916269303,0.25452073056455554,0.44029920478185985,0.35261153248701177,0.344829131906001,0.9120414763005997,0.8273557335533434
2025-03-11,0.739594478626057,0.6731345114214277,0.783844412241975,0.6513118214466267,0.24174030218599393,0.4445477614787355,0.3583940189953636,0.34802373548847737,0.9310737441624688,0.8440633048876168
2025-03-12,0.7440211603116001,0.682450007169358,0.7818062048961149,0.652617075957702,0.20516653662076206,0.44209036792663436,0.35189211961561806,0.3464084420023639,0.9310737441624688,0.8507462484425481
2025-03-13,0.7313767755368189,0.6672960364781731,0.768538616038598,0.6377607535367679,0.2110129036215726,0.43798785512900634,0.3447212591145953,0.3367651574860561,0.914392036226319,0.8409445837321858
2025-03-14,0.7504653172373349,0.6870843212888548,0.7851952442150085,0.6606072163706234,0.171719915080329,0.4569016027710691,0.38824154284360385,0.3585768982854707,0.914392036226319,0.8485186359987286
2025-03-17,0.7563470005420436,0.6894782485277754,0.7939217383546682,0.671588604225787,0.15458870919400497,0.45894333291761935,0.3837648729186416,0.35673189176601067,0.914392036226319,0.8480731347546592
2025-03-18,0.7465182383768326,0.676118438050728,0.7874943397864189,0.6632539624844859,0.1707681857420909,0.4600719850683017,0.3887730201491537,0.36186071252126506,0.9110554776977023,0.8425039443099014
2025-03-19,0.7563746241407054,0.6869395203928714,0.7969586509040669,0.6778202775241181,0.14629502336190822,0.4590366218740514,0.38989559955584563,0.3586444661175695,0.906961070591281,0.8369347538651435
2025-03-20,0.7543588158418123,0.6843443284766342,0.7966794378123968,0.6717244794887549,0.14493539890756255,0.4536015723553776,0.37377598572763615,0.34967510034328947,0.9090082741444916,0.8318110646644551
2025-03-21,0.7551179885360676,0.6883986678831655,0.7974703004554694,0.6664445969168487,0.1378653984237884,0.4398850595041597,0.3461507999454987,0.33238310204181104,0.9224297146063744,0.8360436451535321
2025-03-24,0.7713762226679548,0.7061452600604814,0.8122343557483417,0.6901928930819906,0.11339223604360564,0.44150087888216605,0.35538369394961583,0.33309845886836814,0.9230360657824136,0.8536422189759444
2025-03-25,0.7728523388769021,0.7097981839654257,0.8123375536785963,0.6838479166327809,0.10890549349714074,0.44148471082055496,0.3542152493155454,0.3289173473414587,0.926448192227424,0.8482958853766939
2025-03-26,0.7623749777902397,0.6934421944755716,0.8090608747230172,0.6740812735451195,0.12494900500652416,0.44108703723003606,0.34828610594599047,0.32844349272728623,0.9294054648981604,0.8552015795536598
2025-03-27,0.7593040750275196,0.689275098868381,0.8052316528305891,0.6703965975417864,0.12984364266909668,0.44265776821087344,0.35426558919925355,0.3306308253335909,0.9294054648981604,0.8621073799540985
2025-03-28,0.7410364622274624,0.6681725531443922,0.7875582839245112,0.6511668177559757,0.1700883605485784,0.4356802248893873,0.34636614278136135,0.325156071354622,0.9342584437203423,0.8367120032431088
2025-03-31,0.746061417082872,0.6671328141664286,0.7978754728900483,0.646018329218902,0.17865397645808015,0.43084217914804335,0.3336006194714223,0.31587675574637797,0.93387951943144,0.8347070351978514
2025-04-01,0.7495110330329918,0.673739504987427,0.7975841075187408,0.6461678694614925,0.171719915080329,0.4347873379939352,0.3337700970799064,0.3158164021880188,0.9292539674963951,0.8146580983095849
2025-04-02,0.7556723655850721,0.6803707005754379,0.8033952119053762,0.6611782686769567,0.16818490187210222,0.4353133692942398,0.33226258536245945,0.3166686542577346,0.9391114225425241,0.8235687605318084
2025-04-03,0.7110559673258867,0.6342892291652824,0.7619304764224074,0.6000807063654795,0.2838885046746313,0.43278910221031064,0.32177432652506915,0.3033902555660871,0.9374431432782158,0.792158585908519
2025-04-04,0.658638045655002,0.5920516217764611,0.7068445786124701,0.5622283808680991,0.49177430317042437,0.43278910221031064,0.32177432652506915,0.3033902555660871,0.9374431432782158,0.7765649270196279
2025-04-07,0.6567148716654142,0.5927302581650034,0.698221282403065,0.5545736133558744,0.5144799200474744,0.3564811648534274,0.19711509957117132,0.21318895929306453,0.947907311069362,0.8144353476875502
2025-04-08,0.6437940921477013,0.5780189155381086,0.6903200823654508,0.5321712900216549,0.5872195819945101,0.37170753175866533,0.22521224972967482,0.218610573987414,0.9682289339066371,0.8382713638208243
2025-04-09,0.7208717114733377,0.6594856989194383,0.7634741052763558,0.6012635846217971,0.33283477756963775,0.38453609162994634,0.24172138239137717,0.22898989038306958,0.9915074678456708,0.869013180354537
2025-04-10,0.69017101855263,0.6271255261402674,0.7384186122771781,0.5642043811805678,0.42936777670334364,0.3959863432254797,0.2638664565666365,0.2483368129740443,1.0,0.8676765703988563
2025-04-11,0.7056652379226803,0.6419158666524265,0.7537031902145215,0.5772614075194565,0.3864038099151707,0.4005222815245131,0.27092276586562114,0.2555261006925219,0.9727026268709387,0.8897304753323803
2025-04-14,0.712592252177896,0.6466106715604228,0.7614085070779796,0.5866338685026203,0.2957171777822754,0.4081648407510452,0.2748724331413631,0.2600179538639276,0.9557175625622802,0.8609935206204523
2025-04-15,0.7110738274112284,0.6462460988903582,0.7575610567660951,0.5875584399174082,0.2852481291289769,0.4096740116475323,0.27583012146230873,0.2576575666668177,0.9711102770920013,0.8518601077761943
2025-04-16,0.6914147155176646,0.6236094347979773,0.740288423748062,0.5787479581366987,0.31951051496894556,0.4122675812678508,0.2811407554607028,0.25014680387218224,0.9711102770920013,0.8420583368423595
2025-04-17,0.6925526807774769,0.6227009162769359,0.727272657129699,0.586516028799802,0.27885790197335636,0.41361605833133,0.28086578782924804,0.2487341259034173,0.9711102770920013,0.8540878264434864
2025-04-18,0.6925526807774769,0.6227009162769359,0.727272657129699,0.586516028799802,0.27885790197335636,0.4124933268792658,0.2810032716449754,0.2507702226980319,0.9711102770920013,0.8540878264434864
2025-04-21,0.6723131557993886,0.6044712974421608,0.703278077432204,0.5682515387486264,0.33555402647832905,0.4170650170891857,0.28666662042855123,0.26193061619443453,0.9711102770920013,0.8701270396881832
2025-04-22,0.6933751972410772,0.623313749654759,0.7283775501100698,0.590894078040422,0.291366400274513,0.4196527419172786,0.2862405212795638,0.2587341650540492,0.9613283899622667,0.8665627110652102
2025-04-23,0.7076973187437736,0.6411959748606795,0.7387373685010018,0.603973787139008,0.2625424863192473,0.41859498633722886,0.2875830300448562,0.26465761166804963,0.9710343476066303,0.8661172098211408
2025-04-24,0.7254024579228048,0.6612873133808838,0.7507573233157399,0.6213997896146376,0.2356220051077783,0.41888510056951805,0.2864284568454076,0.2594792587650457,0.9514709349161377,0.8478502779091519
2025-04-25,0.7319766362698267,0.6708024458670633,0.7512536378475998,0.621413399270456,0.21346022245285884,0.41819237883119487,0.2876334817949726,0.2629692956550585,0.9514709349161377,0.8391623663089631
2025-04-28,0.7325521279086129,0.670065075150594,0.7540705555568951,0.6250073995588037,0.21767503492191875,0.4161263586390318,0.2851729801457261,0.2573963571700709,0.9517742912886463,0.8280240916429201
2025-04-29,0.7377672728283716,0.6742409102201458,0.7614784309092268,0.6299791285416502,0.2043507723212265,0.4155791494552084,0.2821763028017837,0.2569098335873799,0.9575373392283539,0.8184450713311199
2025-04-30,0.7391051916658531,0.6735837369229903,0.764977998104823,0.6243592811933035,0.21155676377638266,0.41320874462895857,0.28010979464235974,0.2614162032852131,0.9385806392828786,0.8193361800427313
2025-05-01,0.7448080359826742,0.6851826314152741,0.7670421496032426,0.6296799927326651,0.21019713932203704,0.41320874462895857,0.28010979464235974,0.2614162032852131,0.9397937032039351,0.8313655634203857
2025-05-02,0.758224611469471,0.6968951389182525,0.7809790783074575,0.6500201765913699,0.18409244834278313,0.41320874462895857,0.28010979464235974,0.2614162032852131,0.9397937032039351,0.8516373571541596
2025-05-05,0.7523250680794206,0.6910390993692721,0.778544571620087,0.6425512417372515,0.19714478086607037,0.41320874462895857,0.28010979464235974,0.2614162032852131,0.9397937032039351,0.856315438887306
2025-05-06,0.7452583482677548,0.6842578763440619,0.7689195803605658,0.6330020211998605,0.21237252807591828,0.4247383184046966,0.29750781778393987,0.2778594686748976,0.9393388494296611,0.8485186359987286
2025-05-07,0.7492200327091587,0.6863855070239787,0.7759555573773259,0.6359343487906935,0.1959211214504272,0.43299336631263674,0.30808769520967905,0.27982254294263453,0.8986200358387171,0.8411673343542205
2025-05-08,0.7545294788795214,0.69471969823836,0.78223876818321,0.6525899119698694,0.1813731994340919,0.4358945086355287,0.31783372042839464,0.28824872669168233,0.9053687208123442,0.8629984886657098
2025-05-09,0.75387437094919,0.6947538849587727,0.7792988809775834,0.6510761420409903,0.1734874087181027,0.4327862936737867,0.3147454244961034,0.2818676135899497,0.9053687208123442,0.8634439899097792
2025-05-12,0.7838320843196855,0.7289460032746423,0.8079575248892672,0.6824067315349335,0.12576476930605981,0.44125744708128917,0.33511271771160706,0.29757308752132555,0.9137853234813018,0.8817108155982956
2025-05-13,0.7907183775803222,0.7421833755976304,0.8012992330079062,0.6870069058491756,0.12345341551347602,0.44300663399098883,0.3377015301311052,0.2963946974912055,0.8876250847879253,0.891067085288061
2025-05-14,0.7916986978201855,0.7481811315264666,0.7990926297870699,0.6785997899244509,0.1288919133308586,0.4520470094361514,0.3592142235005818,0.30235324770547606,0.8905823574586618,0.8975272782209578
2025-05-15,0.7956572071353065,0.7466680906849456,0.8058007845936099,0.6835352264917814,0.11815090866747559,0.4448565486835896,0.3427142638843552,0.2872388163470692,0.8905823574586618,0.8812653143542262
2025-05-16,0.8023955395111574,0.7510014074390047,0.8139976901024022,0.6919468789684456,0.11012915291278384,0.4407030267901745,0.33441623745390264,0.28662164402653073,0.891189070203679,0.8781465931987952
2025-05-19,0.803244171388435,0.7511927331199105,0.8173884654612441,0.6879495128241131,0.12236572113653552,0.4407406763608745,0.32894518702609193,0.28585499547326315,0.8930847763551244,0.8857206454653379
2025-05-20,0.7994823611465433,0.7480012871000352,0.8145532228858289,0.6884707737067203,0.12168592187570242,0.4447499002020704,0.33857666104276946,0.2928892642852848,0.8930847763551244,0.8870572554210187
2025-05-21,0.7839003495347691,0.7361536606544735,0.7943862254874776,0.6617221569954571,0.1594833468565774,0.4469561195012555,0.3469205527006005,0.2969478211375669,0.9009705957644364,0.9126754889775156
2025-05-22,0.7834776608483502,0.7384830700977282,0.7943528549418065,0.6612689443919422,0.15146159110188565,0.44466002703330265,0.3457705660238897,0.2902271092963791,0.887701014273297,0.9030964686657154
2025-05-23,0.7771066905834377,0.7302125398689775,0.7880316441503893,0.6586810628056846,0.17878994149678265,0.43476775414465985,0.33129124933970855,0.2823703252990811,0.8890659371650967,0.8932946977318805
2025-05-26,0.7771066905834377,0.7302125398689775,0.7880316441503893,0.6586810628056846,0.17878994149678265,0.434291137905899,0.32113747106295687,0.2786540945336436,0.8890659371650967,0.8932946977318805
2025-05-27,0.7964066163162417,0.7504776394643617,0.8063167742448829,0.6815909267190848,0.13351459498334647,0.43237837272027485,0.31164795551833635,0.2730640001537872,0.8890659371650967,0.8765872326210797
2025-05-28,0.7910435105116971,0.7461688274773152,0.8002688932986447,0.6713483882682111,0.13827326760721642,0.4321435942481476,0.3102000685964815,0.270735989209558,0.8890659371650967,0.8861662529328801
2025-05-29,0.7948833494819926,0.7494558934971417,0.8031584353457734,0.6745118033889371,0.13650577396944277,0.43945444253927834,0.3204913306889606,0.28190095761125894,0.8890659371650967,0.8743595139537875
2025-05-30,0.7948053207535888,0.7467316659895725,0.8045001048857469,0.6706640328109992,0.128212088137346,0.43449259347170105,0.31202830130635356,0.2741017998249307,0.8890659371650967,0.8725774027540374
2025-06-02,0.7987475575465097,0.7523836990691231,0.8053743938929973,0.6724179080498459,0.1253569001226317,0.43449259347170105,0.31202830130635356,0.2741017998249307,0.8890659371650967,0.8828246749319416
2025-06-03,0.8043447495362653,0.7592426347645446,0.8106620822352478,0.687292376678538,0.11624744999099941,0.43899741014979293,0.31742596737035855,0.27559189926797556,0.8890659371650967,0.8823791736878722
2025-06-04,0.804416269255789,0.7619418434190799,0.808392981576276,0.6852529199627206,0.11515975561405882,0.44342070336229644,0.32509172486143667,0.28346671894962283,0.8890659371650967,0.861216271242487
2025-06-05,0.7992937586453356,0.754833318960345,0.8057264242158283,0.6847408428316006,0.12698842872170288,0.4458757438162288,0.3291331225919357,0.28877484080099375,0.8890659371650967,0.8676765703988563
2025-06-06,0.8092200765655905,0.7649889169479895,0.8166675266494188,0.7005579184352304,0.10373895168984276,0.4462671171761668,0.3274927135814993,0.2869910676293734,0.8673038235196281,0.8935175545773879
2025-06-09,0.8101174466313116,0.7676776725200929,0.8166401357969026,0.7060870900685916,0.10904145853584325,0.4507486305917488,0.3326566907186902,0.29297662738069385,0.877616132340031,0.8872800060430533
2025-06-10,0.8154707889225361,0.773106420904417,0.8192353226261462,0.7115074951030135,0.106186270521129,0.44609860498472725,0.3235933861894654,0.285052275551297,0.8712467332242841,0.8854978948433032
2025-06-11,0.8127770911622315,0.7687586240607595,0.8192081246669576,0.7078002469875913,0.11040108299018887,0.45153957520201915,0.3369545981232844,0.2926054441988903,0.8712467332242841,0.8716864002658988
2025-06-12,0.816519294999326,0.7708033155292492,0.8217228749786009,0.7041111450799269,0.12073419253746433,0.4516459200579682,0.3358411917620682,0.2915523361907869,0.8808008318979045,0.8594341600427369
2025-06-13,0.805417704085434,0.7595878435278091,0.802715455818989,0.6861729548255691,0.1588035216630648,0.44366732323166,0.32300228408832343,0.28144241133404635,0.8808008318979045,0.8743595139537875
2025-06-16,0.8145441283168547,0.772501941424439,0.8105497218719333,0.6968777789838367,0.13555404463120463,0.4473152326443639,0.3274102680386261,0.28517571001540465,0.8718534459693014,0.8805970624881221
2025-06-17,0.8063524612631369,0.7646002679159299,0.8031601713857216,0.6868300909711441,0.16940856128774529,0.4469035922776176,0.3258431315255871,0.28408380329121324,0.8703366641067583,0.8674538197768216
2025-06-18,0.8060516974259837,0.7657048674135737,0.802070324084902,0.6918154296098089,0.14955810649273002,0.44734012994111716,0.32794633186691385,0.2862604024658564,0.8745073622675292,0.8683448222649603
2025-06-19,0.8060516974259837,0.7657048674135737,0.802070324084902,0.6918154296098089,0.14955810649273002,0.4390383996017647,0.3133388162788892,0.2751234113696338,0.8777676297417963,0.8683448222649603
2025-06-20,0.8039334119263082,0.7613680377383694,0.8029384405056699,0.6901431016582646,0.15608429868705306,0.438350384059779,0.31496535385470387,0.27089461525288383,0.8771612785657571,0.8634439899097792
2025-06-23,0.8132533601046752,0.7694205954941131,0.8121963557628087,0.7007527688734115,0.14534329402367002,0.44509314890913787,0.32012474446915695,0.2748008805460994,0.8771612785657571,0.8511918559100902
2025-06-24,0.8241469802470334,0.7817721976024998,0.824720244395846,0.713682937729407,0.11339223604360564,0.45721372985719505,0.3412617904397625,0.2900478082002626,0.8703366641067583,0.8451771642212629
2025-06-25,0.8241437257425933,0.7844491291961146,0.8220885042810263,0.702339012985714,0.10360298665114025,0.46822258578010634,0.36693960578725204,0.3059118201960162,0.864498048250657,0.8451771642212629
2025-06-26,0.8320867010301986,0.7929754172204337,0.832073530936473,0.7186230214962854,0.10129163285855654,0.46588413754511593,0.3605018058594282,0.30138574321382083,0.8683653900389193,0.8362663957755668
2025-06-27,0.8372969245042187,0.7976057900137676,0.8427503695112807,0.718813335382527,0.0976206546116272,0.45835202211973003,0.3493857527389931,0.30454515521707903,0.8616167050652921,0.8429494455539708
2025-06-30,0.8424796037577341,0.8018290066782773,0.8495525598150153,0.719950903443254,0.10319509153503272,0.46463213750655546,0.3559472769143307,0.3123443130034073,0.8651047609956742,0.831142812798351
2025-07-01,0.841351322633085,0.7945099639938434,0.8594329418402505,0.7301481870223412,0.10455471598937834,0.4687738180027343,0.35900805371019484,0.3133506162111505,0.8586594323945557,0.8358208945314974
2025-07-02,0.8461324277899633,0.8028555507816957,0.8591732109746659,0.7432187676932441,0.1019714321193896,0.467855047027426,0.35943415285918234,0.3076154445459673,0.8593420746249452,0.8451771642212629
2025-07-03,0.8545745329292496,0.8119788640386846,0.8676693904811965,0.753488636103363,0.09843641891116277,0.4698321049275318,0.37060524425247177,0.31860199164103215,0.8596450694284752,0.857429298220952
2025-07-04,0.8545745329292496,0.8119788640386846,0.8676693904811965,0.753488636103363,0.09843641891116277,0.47330444285428985,0.37707962449579013,0.3162758282547119,0.8596450694284752,0.857429298220952
2025-07-07,0.8465486074675022,0.8037061061038419,0.8572458208454997,0.7377122788195803,0.11760707444534504,0.47355561710720584,0.36928096971172253,0.30967670331972286,0.8596450694284752,0.867899321020891
2025-07-08,0.8458235673807886,0.8039667477166119,0.8531571574274781,0.7442883981224871,0.1042827859119733,0.48112576163525445,0.3845254526282677,0.32344971965728153,0.8668486081763762,0.8723546521320027
2025-07-09,0.8519587845191916,0.8124280895402473,0.8585282721339066,0.7550521974559681,0.09245409983798948,0.4797499582704607,0.3812950863575112,0.3228560377158712,0.8663937544021023,0.8560926882652713
2025-07-10,0.8547549594802787,0.8132756460272696,0.86327720941223,0.760001243679117,0.09027871108410827,0.4849210053558792,0.38982691358118604,0.32730020629743634,0.8710948742535408,0.8569837969768827
2025-07-11,0.851388214326144,0.81129581507846,0.8563854201578349,0.7470485027110324,0.0987083489885678,0.48507494351995095,0.39202173251086164,0.3331533577319485,0.8671519645488849,0.8741367633317528
2025-07-14,0.8528204344142294,0.8136998526757985,0.8585615462329139,0.7538013262443624,0.1095853186906533,0.4880201874569089,0.3933321356169891,0.33211010336602614,0.8620715588395661,0.8750278720433643
2025-07-15,0.8487887384382862,0.8153436427287223,0.8477876823143341,0.7335518181006431,0.11203261158926002,0.4834650448405628,0.39396910294550963,0.33751913707080516,0.8612374192074119,0.8888393666207688
2025-07-16,0.8520303836168722,0.8176550591612335,0.8535033045038181,0.7434952760663359,0.10904145853584325,0.48308513334589837,0.38853474469960175,0.3353794890543411,0.8657114737406915,0.8812653143542262
2025-07-17,0.8575023168747653,0.8244617294444954,0.8591748505679503,0.7555914938987249,0.10033990352031845,0.4871418745888246,0.4010391718127079,0.34914625888658857,0.869957739817856,0.8830474255539763
2025-07-18,0.85740968256546,0.8249004161826226,0.8556614914994322,0.7493961130159097,0.09884431402727031,0.49263195624209005,0.4120636063447942,0.3527696718618382,0.8735213636646317,0.8761417313770103
2025-07-21,0.8588419026535453,0.8283453922919741,0.8551893850801834,0.7453715275599403,0.10210739715809211,0.5005005647056073,0.4244626553013379,0.3612066770214956,0.8693510270728388,0.8627757380436751
2025-07-22,0.8594954230207352,0.8247705237812551,0.8596181194347261,0.7533617232966658,0.10006797344291343,0.507362426684862,0.4397437185333777,0.36952561443287607,0.8676827478085304,0.8547560783095904
2025-07-23,0.8675083304647225,0.8303563254450689,0.8721570537473146,0.7689385829427197,0.08470427416070277,0.5074982991275091,0.4401148912759192,0.3658508217519679,0.8667730402599826,0.8663399604431755
2025-07-24,0.868230116046996,0.832020764619846,0.8643455491070244,0.754888992233755,0.0849762042381078,0.5147826560876434,0.4535265549598545,0.3779247006659259,0.8555506623220538,0.8707952915542873
2025-07-25,0.8723414283144844,0.8342299636151335,0.8694814304004707,0.7589407970013613,0.07872195508752945,0.511029312695701,0.4435010874533545,0.3756796538697034,0.8510010398723806,0.8658944591991061
2025-07-28,0.8725251093699534,0.8373121663554947,0.8678922787212137,0.7569738144689673,0.08008156657553533,0.512360634914466,0.4474689889536397,0.3801337640723977,0.8510010398723806,0.8734685114656487
2025-07-29,0.8694509521027933,0.8337899059809496,0.8628413669385658,0.7507330680667572,0.09299794702645978,0.5160212966011167,0.4548919963388362,0.38660496761692875,0.8694269565582105,0.8534194683539097
2025-07-30,0.8681569293861737,0.8351665426648343,0.8586018609383779,0.745947116418213,0.08619985068741115,0.5178886697640017,0.45453469503091654,0.37882296572546936,0.8683653900389193,0.8636667405318139
2025-07-31,0.864335029879377,0.8348497799947452,0.8504466203883425,0.736542954895277,0.1030591264963302,0.5046720764140545,0.41987143417433753,0.36141201988623356,0.8683653900389193,0.8601025181323135
2025-08-01,0.8478539812605833,0.8141297999515645,0.8370545188878735,0.7162073629123159,0.15282118962355176,0.5005505870182914,0.4104048512434063,0.35974992159975994,0.8864120208668689,0.8289150941310589
2025-08-04,0.8627987450273678,0.8318285821289048,0.8514999144035859,0.7368376094761268,0.1139360961984157,0.5078126274990187,0.41763075001728334,0.3642759985819553,0.8950560504229634,0.8244597630199472
2025-08-05,0.8577998262074784,0.825817288601509,0.8499715241225162,0.7428970044483658,0.11842283874488062,0.5184734526121325,0.43263706935068486,0.3701679487325555,0.8695784539599758,0.8235687605318084
2025-08-06,0.8652567690393198,0.8369103224488899,0.8519808939159034,0.7409119863558221,0.10373895168984276,0.5235715536543197,0.4372327651340148,0.3765481820448076,0.8736732226353751,0.8289150941310589
2025-08-07,0.8644341731975624,0.8401249880207247,0.8464383934879213,0.7379343485693983,0.10101970278115151,0.525335010965817,0.4377780020077783,0.3747608017363173,0.8732180072921232,0.834261533953782
2025-08-08,0.87247311667707,0.8492198551845382,0.8515485235221357,0.7396112130728821,0.08171310814094622,0.5239237593157069,0.43333354960838927,0.37212380872655265,0.8718534459693014,0.8433949467980402
2025-08-11,0.8698720532260706,0.8463850991824019,0.8465976269298374,0.7387456168333075,0.09666892527338912,0.5277850415978417,0.44137025610919234,0.38678690808148664,0.8718534459693014,0.8407217268866786
2025-08-12,0.8816271645071525,0.8593921609678732,0.8585358914203459,0.7687800249200544,0.07600270617883821,0.5334967699173251,0.4511393258080055,0.39221037033374506,0.8769334901096422,0.8451771642212629
2025-08-13,0.8850118491247859,0.8607626286195029,0.8699838210721493,0.7893015048849259,0.07273962304801641,0.5389523900683773,0.46614553327499875,0.41020505649326205,0.869957739817856,0.8329249239981013
2025-08-14,0.8853304730472807,0.8606542421500243,0.869712034373591,0.7761674124868703,0.07736233063318387,0.5336600445676793,0.4646471946030275,0.4012013789292443,0.8667730402599826,0.8451771642212629
2025-08-15,0.8822839393787824,0.8568074221340679,0.870572724401247,0.770475035631296,0.08089734384141067,0.5430893643682185,0.47795348013040045,0.4177095727825863,0.8707159499646385,0.8529739671098403
2025-08-18,0.882178287051717,0.8571052493023745,0.8697258262465128,0.7740780536997185,0.07953771938706504,0.5528072802731963,0.4949345771684688,0.4358087779323812,0.8723842292289469,0.8558699376432365
2025-08-19,0.8760365609044339,0.8432944997036936,0.8699838210721493,0.7659837385636015,0.08742351010305428,0.5525775116229766,0.4875849541470779,0.4345528784490332,0.8745829301839229,0.8471820260430478
2025-08-20,0.8735020957272197,0.8370612066961246,0.8703798310736683,0.7626934106361783,0.08905505166846517,0.5646788123473285,0.5095924326402016,0.4440223165640033,0.8725357266307129,0.845845416087367
2025-08-21,0.8693387907668478,0.8338785858196139,0.8666069340328931,0.7648461705028746,0.10142759789725905,0.5661989137643415,0.5172306709948525,0.4433934430433748,0.8678346067792737,0.8534194683539097
2025-08-22,0.8850655087589678,0.8512606053268651,0.8875008499362247,0.8046608313331012,0.06906865776742684,0.5831933682710216,0.5584371099358177,0.46558270150885217,0.8710193063371472,0.837825862576755
2025-08-25,0.8805802459935042,0.8491878104892141,0.8788772643868282,0.7943366349473168,0.07681848344471354,0.6011650416752662,0.6002346509779249,0.49035854104686416,0.8616167050652921,0.8411673343542205
2025-08-26,0.8849077843608619,0.8533544776913871,0.8822253138736115,0.803142635499891,0.07450712965212983,0.5964454099062853,0.5926145349814089,0.4932504090691163,0.8491053337209353,0.8373802551092129
2025-08-27,0.8874210555701374,0.8553667817405385,0.8858587490385473,0.8100314449437971,0.07763426071058889,0.5752934104673852,0.5621622613302214,0.4772053363982853,0.8498635438677185,0.8329249239981013
2025-08-28,0.8907471591078502,0.8604125360390366,0.8876282559790903,0.8121206930833406,0.07192385874848083,0.5887393929355894,0.5977418199366971,0.5020973081477171,0.850621754014501,0.8260191235976626
2025-08-29,0.8839843782596206,0.8494625037865648,0.8853562619202049,0.8066866783931002,0.08456830912200025,0.5931947945521375,0.6128534055602527,0.5133388182342177,0.850621754014501,0.8304745609322471
2025-09-01,0.8839843782596206,0.8494625037865648,0.8853562619202049,0.8066866783931002,0.08456830912200025,0.5986681008926515,0.6252021146330883,0.5253028114420669,0.8334851923040766,0.8304745609322471
2025-09-02,0.8767144503658455,0.8417451301166714,0.8792066297436689,0.8002465450007695,0.10917742357454577,0.5932588595474415,0.6099623301056891,0.5005179980513543,0.8334851923040766,0.8416128355982901
2025-09-03,0.8820335806713712,0.8513128707390248,0.8785997873351064,0.7992313531948003,0.09802854972773474,0.5793995667718552,0.5959320451841846,0.4931450102893579,0.8400060888215889,0.826910232309274
2025-09-04,0.8907829586566905,0.8605234929386215,0.8872428551105882,0.8126646367256452,0.08375254482246468,0.5645749724023333,0.5525766525409224,0.4613160744444426,0.8418258654876626,0.8191134294206966
2025-09-05,0.8874373280923376,0.8602033030283908,0.8818003698729556,0.8178493623544306,0.08212100325705377,0.5790752946629228,0.5961611475882609,0.5038260944768093,0.8418258654876626,0.7990643863089575
2025-09-08,0.88965634447334,0.8645159706605967,0.8846172875822509,0.8195896279374588,0.08116926095247594,0.5835297854027605,0.5994784340582202,0.5106982180875831,0.8350775420830133,0.7901537240867341
2025-09-09,0.8924947486139904,0.8680601653720481,0.8894662400509238,0.8136662188757959,0.08021753161423785,0.5774517328328774,0.5851320146670285,0.4966224661898002,0.8326510526719224,0.796391166397596
2025-09-10,0.8956534436184342,0.8683483962679582,0.8840240441532827,0.8119394523009779,0.08443235704963752,0.5789842069918745,0.5893064215569254,0.5008639312750688,0.8262816535561756,0.7870350029313031
2025-09-11,0.9046645313876265,0.8752362064615729,0.8992599165254125,0.8316632736577587,0.07573078906777295,0.5985991019818324,0.6363502734126883,0.5389010136098594,0.8261297945854322,0.7823569211981567
2025-09-12,0.9041475414506038,0.8795366217102725,0.8925001627537451,0.82057317452746,0.07641060129494576,0.5971343363249814,0.6244186023097729,0.5338775916343633,0.8243859474047308,0.7934951958641997
2025-09-15,0.9091854349456164,0.8886459689636844,0.8937156800574823,0.824230520571548,0.08905505166846517,0.5939959865254009,0.6294863743358771,0.5412325437120105,0.8287837108836601,0.7874805041753725
2025-09-16,0.907800365482833,0.887997192404876,0.890615787836629,0.8232788404927315,0.09816451476643726,0.5944191646638133,0.6250325251581959,0.5464758250786719,0.8244618768901019,0.7856983929756224
2025-09-17,0.9067583684149233,0.8848109729262166,0.8970456940181368,0.8252322133693071,0.0894629467845727,0.5989199583031004,0.6377157147916701,0.560123647373162,0.8212012478468568,0.796836773865138
2025-09-18,0.9118970721694198,0.893996661953783,0.9001098045267242,0.852588064154811,0.08919101670716768,0.5850268112764412,0.6134720267978219,0.5475290210657233,0.8129361425796645,0.8030742161759998
2025-09-19,0.917164209782062,0.9010489796741954,0.9043774729527387,0.8440087805516027,0.08579196853764337,0.5814305182106647,0.6152178139648207,0.5470966045360802,0.8202152492439593,0.8108710190645773
2025-09-22,0.9219420604345003,0.9079582957996987,0.9060136906039249,0.8506121191661463,0.09462950155821043,0.5840691762281521,0.6246980445975573,0.5549443267017296,0.8202152492439593,0.8117621277761886
2025-09-23,0.9159547248027262,0.89850416818804,0.9038222295093035,0.8479698542804194,0.1019714321193896,0.5819727175725804,0.6234012891932351,0.5515074290963361,0.8210493888761135,0.8066384385755002
2025-09-24,0.9128741379048431,0.8951871994979779,0.8995878351822962,0.8377589610455137,0.09571719593515103,0.5918625614566619,0.644611607661238,0.5727975427127895,0.8192296122100398,0.8126531302643274
2025-09-25,0.9074688029207352,0.8902230135148502,0.8952926794571018,0.8269090778727909,0.10333105657373523,0.5917568238518532,0.6571757714363445,0.5808841277223821,0.8343189703672529,0.8182223207090852
2025-09-26,0.913805640578106,0.8945822916129822,0.9026990116628129,0.8374598805603327,0.08361657978376216,0.583923056422512,0.6372711576853229,0.5595416666318417,0.8360631791169328,0.8215637924865509
2025-09-29,0.916652141290778,0.8992797526320883,0.9043972445188155,0.8378813373002714,0.09490143163561546,0.5946265409282334,0.6693454942559955,0.5839047969245728,0.8353049689701503,0.8113165203086466
2025-09-30,0.9210820774807611,0.902300522092911,0.9064174163385471,0.8384387799507862,0.09707682038949665,0.600921002623249,0.6788029041414511,0.5881462620098412,0.8251441575515134,0.8128758808863621
2025-10-01,0.9247788770120093,0.9064746435423919,0.9074843093333848,0.8410991910442711,0.09721278542819917,0.600921002623249,0.6788029041414511,0.5881462620098412,0.8248408011790042,0.8035197174200692
2025-10-02,0.9254535119689808,0.9103741573755257,0.909425394888809,0.8484139937800553,0.10183546708068708,0.600921002623249,0.6788029041414511,0.5881462620098412,0.8248408011790042,0.7995098875530269
2025-10-03,0.9255250316885045,0.9075866972873438,0.9153155855397517,0.8564312981808094,0.10210739715809211,0.600921002623249,0.6788029041414511,0.5881462620098412,0.8248408011790042,0.8064156879534655
2025-10-06,0.9295062431565486,0.9146565796134819,0.9137523780130541,0.8610405455989305,0.09830047980513977,0.600921002623249,0.6788029041414511,0.5881462620098412,0.8248408011790042,0.8159947082652659
2025-10-07,0.9253299201784166,0.9079310492405729,0.9114811555274789,0.8483822379164789,0.11012915291278384,0.600921002623249,0.6788029041414511,0.5881462620098412,0.8248408011790042,0.8081977991532157
2025-10-08,0.9316912063081663,0.9191185035538553,0.9114515464016956,0.8599709151696875,0.09734872453422216,0.600921002623249,0.6788029041414511,0.5881462620098412,0.8248408011790042,0.8086434066207577
2025-10-09,0.9286657872294496,0.9182959659198667,0.9054429192476195,0.8531093250374182,0.09911624410467534,0.616838117700604,0.7103228307928845,0.6060787470530902,0.8244618768901019,0.8128758808863621
2025-10-10,0.8989811347192885,0.8823148282500721,0.8837445417216212,0.819453752674491,0.17022432558728087,0.605351810568614,0.6678702000641218,0.57273270222808,0.8312861297801226,0.7912675834203802
2025-10-13,0.915597126205108,0.9038183610706304,0.8982618864485203,0.849741875727024,0.1344663502542641,0.6030118442057728,0.6574001754512747,0.5615659742474182,0.810433723683202,0.7912675834203802
2025-10-14,0.9139047838962914,0.8962330218271928,0.9032711332724112,0.8651873966620494,0.1586675566243623,0.5954650788466267,0.6322356031847919,0.5312632092142464,0.810433723683202,0.7848072842640109
2025-10-15,0.9182534368534307,0.9027422933471657,0.9028476359717122,0.8761778022972878,0.15635620283177865,0.6100717459631652,0.6630407034875695,0.5514110041692784,0.8395512350473149,0.7901537240867341
2025-10-16,0.9114272328576991,0.898024611611224,0.8954141058068125,0.8522799105657511,0.2198504236757999,0.6113213169971644,0.668598674114583,0.548497493325807,0.8303004927462032,0.774560065197843
2025-10-17,0.91710729564344,0.9031761819490945,0.9012995705712294,0.8455496591445103,0.15825968744093427,0.587544854036182,0.6208583420011156,0.5126892696607985,0.8278740033351123,0.7814658124865453
2025-10-20,0.9286690417338896,0.916800404003068,0.914039017497836,0.8671860244104115,0.12358938055217858,0.5950497190666459,0.6318507827404451,0.5238847667574712,0.8304519901479684,0.7767877307533988
2025-10-21,0.92870484128273,0.9151830036992344,0.9194254672238069,0.8616477796731713,0.11869476882228565,0.6113536531203866,0.6637647028817011,0.5476785852774004,0.8252200870368843,0.7716640946644469
2025-10-22,0.922860545090003,0.9058271521986366,0.9111707901634047,0.8452687248670874,0.12861998325345356,0.6105533720238338,0.6567540350772785,0.5404073891582927,0.8269639342175864,0.7694364291088909
2025-10-23,0.929207146260694,0.914662320240719,0.9147311187571883,0.859368106999778,0.11094491721231942,0.6132433427626784,0.6630682226239967,0.5430055834519693,0.8299212068883229,0.7779015369753086
2025-10-24,0.9378638105585511,0.9262027802885882,0.9263975965491383,0.8733316138695006,0.09830047980513977,0.6219184566469368,0.6879625256481707,0.5667650901821608,0.8299212068883229,0.7792381469309895
2025-10-27,0.9514332683758722,0.9451800087197557,0.9347298167272271,0.8764904924382871,0.09041467612281079,0.6364172607796755,0.713319508136827,0.5848030619841162,0.8264331509579409,0.7792381469309895
2025-10-28,0.9539904357060096,0.9535163419592255,0.9387242517547265,0.8702406729321981,0.09898027906597283,0.6337058085317419,0.7022997719938867,0.5794606283430076,0.8181680456907486,0.7761194257755584
2025-10-29,0.9539416181394091,0.9592622814186563,0.9368880037228412,0.8603425804859001,0.10577837540502145,0.6424446078793417,0.7278995045884245,0.6029994838715013,0.8095240161346541,0.7928269439980956
2025-10-30,0.9428464568562402,0.9427093113016628,0.9341750555171109,0.8517949420986598,0.10564241036631894,0.6332943958841732,0.710519939404204,0.5886525808558425,0.8096755135364194,0.800623746886673
2025-10-31,0.9457499510856913,0.9490185176783686,0.9351811871137613,0.8578815563825358,0.1128484018214751,0.6233107316989118,0.6787937310959753,0.5747858669386154,0.81786468931824,0.8024058580864232
2025-11-03,0.947663361561959,0.9538335330343324,0.9295964430470395,0.8541924544748715,0.10917742357454577,0.6300671596989279,0.6846266693544436,0.5771146696933771,0.8232484514000681,0.8035197174200692
2025-11-04,0.9345896997137216,0.9325098446402056,0.9233882677455834,0.8342964654396068,0.13405845513815653,0.6249884147868385,0.6687270967512429,0.5564983868400034,0.8648773341085372,0.7997327443985343
2025-11-05,0.9386116321763448,0.9391410402282165,0.9289624026792883,0.8512647187597819,0.12059822749876181,0.627805908265151,0.6726491330241495,0.5608533447682504,0.8328025500736878,0.8148808489316196
2025-11-06,0.9262614228516796,0.919583922765087,0.9191183810463016,0.8304350852058505,0.14085655147720516,0.6397797621564277,0.7029548616805422,0.5814714751795331,0.8301486337754599,0.800623746886673
2025-11-07,0.927639983305583,0.917414565436446,0.9209652382112037,0.8367800616550602,0.1351461495150971,0.6366071785738114,0.6962605520786233,0.5771146696933771,0.8245374448064955,0.800623746886673
2025-11-10,0.9444868064721734,0.9403416881308291,0.9303852803101724,0.8471268301529338,0.1150237905753563,0.6431490951085086,0.7037108548674305,0.5792363700044398,0.8245374448064955,0.8044108261316807
2025-11-11,0.946791948153601,0.9377591770031158,0.9441953816515044,0.8483188368369345,0.1106730130675939,0.6382245919860612,0.6840630863897287,0.5667489020557205,0.8250682280661411,0.8066384385755002
2025-11-12,0.9474926191460928,0.9350463450690175,0.9522656526907414,0.8449288154144511,0.11380013115971319,0.6374105718324585,0.6811948316824462,0.5623903369906036,0.8250682280661411,0.794386304575811
2025-11-13,0.9290527557451851,0.9115282804932159,0.9325725941982509,0.8141919056627344,0.1476546478162538,0.646539302318538,0.7069274615699734,0.5836426196593975,0.8250682280661411,0.8048563273757501
2025-11-14,0.9285032207637621,0.9128544510660151,0.9249250488864027,0.816571271831188,0.14534329402367002,0.6344109030120492,0.6730525232922642,0.5601750270788205,0.8195329685825483,0.8128758808863621
2025-11-17,0.9184729174577403,0.9044088745470313,0.911166546510198,0.7953382170974675,0.18001357497974627,0.6286723797359991,0.6592649884766413,0.5589110335322522,0.8098270109381854,0.8095344091088965
2025-11-18,0.9095170768858715,0.8923353072951334,0.8988584090640575,0.7986739105442855,0.21142079873768013,0.6186541781421319,0.6455830555503973,0.5479641649427558,0.816120842137538,0.8073067966650769
2025-11-19,0.9135552818706947,0.89809881136029,0.9000196268960812,0.7982886355722545,0.19741671094347535,0.6208084774688194,0.6547930169408251,0.5479280935740573,0.816120842137538,0.8095344091088965
2025-11-20,0.896745845816086,0.8767707532349827,0.8904766153007809,0.7789002977637787,0.2349422058469453,0.6159299736202514,0.6440985883130479,0.5389848575473466,0.816120842137538,0.8035197174200692
2025-11-21,0.9071875661102221,0.8853264298435161,0.9026526208175302,0.8081234375866163,0.19428959285135608,0.5860326468839933,0.5930819128350371,0.49909731399831725,0.816120842137538,0.7939408033317417
2025-11-24,0.9237904602001245,0.9116006809412075,0.9076612889614382,0.8283774822822751,0.15472467423270744,0.5866152284467404,0.5905342672537714,0.5033324445993265,0.815438199907149,0.7883716128869839
2025-11-25,0.933667960553779,0.9183380352926052,0.9240601152055399,0.8518085517544782,0.1280761230986435,0.5969555767705489,0.6099439840147377,0.5206504846694263,0.8121020029475103,0.7803519531528992
2025-11-26,0.9412646883202275,0.9266335843743897,0.931829472653754,0.8609363155519307,0.1094493536519508,0.595140199486554,0.6224161936022706,0.5324091350125376,0.7986805624856277,0.7794608975530242
2025-11-27,0.9412646883202275,0.9266335843743897,0.931829472653754,0.8609363155519307,0.1094493536519508,0.5985838447969318,0.6213944058294033,0.5294694944214968,0.7920837364827438,0.7794608975530242
2025-11-28,0.9471951098133796,0.9332577541201103,0.9389724090206565,0.8674217038160479,0.09802854972773474,0.6027301555830556,0.6265539083102646,0.5392785312759222,0.7920837364827438,0.7836935311538374
2025-12-01,0.9412679428246675,0.9293196838353833,0.928427316588585,0.8532361271965072,0.11012915291278384,0.6106304929186547,0.6493862896977526,0.5539308092202465,0.7915529532230982,0.8012921049762497
2025-12-02,0.943989343561791,0.9353625936530854,0.9329983097722171,0.8513553391509633,0.10129163285855654,0.6055644243741195,0.6392323995545927,0.545820909789422,0.7889749664102419,0.7990643863089575
2025-12-03,0.9472975870141621,0.9371357620213554,0.9430827729380306,0.8727288056995911,0.0943575714808054,0.5994357422404121,0.6285652663304261,0.536681216771726,0.7876859730038138,0.7926041933760609
2025-12-04,0.9485005629846179,0.9393752920918962,0.94229374278157,0.8813489182702547,0.09027871108410827,0.5987495484518474,0.635676613902265,0.5413181472284586,0.782832994181632,0.8039652186641386
2025-12-05,0.9506594107225582,0.942577276875207,0.9448626961182629,0.87696185124956,0.08524812134917306,0.6071488944120067,0.6530747489102534,0.5540172925261752,0.788747539523105,0.8108710190645773
2025-12-08,0.9467756756314009,0.9411633689547821,0.9395377793637896,0.8767352449478025,0.10224336219679463,0.6137619352365141,0.6701245319229813,0.5704417304209779,0.7873826166313053,0.8182223207090852
2025-12-09,0.9458002768372762,0.9425053048322329,0.9351174358689965,0.8791191476681957,0.10591434044372397,0.609236016581296,0.659343071229593,0.5657002809739674,0.7884441831505964,0.8213410418645162
2025-12-10,0.9533060372357179,0.9459121528950091,0.9473999185025691,0.8942429053583428,0.09014275901174552,0.6064300608746497,0.6564150798603102,0.5692191749589391,0.782605567294495,0.816440209509335
2025-12-11,0.9556339604482258,0.9432672659967183,0.9633563438998691,0.9082924960673073,0.07763426071058889,0.5979800853506659,0.6382517786199579,0.5539911627786057,0.7831363505541407,0.8113165203086466
2025-12-12,0.9436707196392962,0.9257772884250062,0.9572834832677094,0.8905491562511307,0.08973486389563798,0.6029633400209395,0.6514298652434873,0.5639858352134068,0.7785107986190964,0.8231231530642663
2025-12-15,0.9418986816607772,0.9197339502022864,0.956259026804939,0.8811268485204368,0.10006797344291343,0.5963020227307765,0.6381922656907739,0.5508109877436087,0.7755535259483592,0.8204500393763774
2025-12-16,0.939256976593356,0.9221050862942654,0.9487952123876094,0.8759738787552277,0.0997960433655084,0.5828989273743577,0.6132201036464645,0.5330253395646476,0.7702456933519035,0.8130987377318694
2025-12-17,0.9264419287808657,0.9037618116082937,0.943158580015769,0.8637371384603231,0.11529572065276134,0.5970348989507536,0.6509394429097616,0.5609389482846986,0.7662268541618759,0.8135442389759387
2025-12-18,0.9351115317183258,0.9174944201317456,0.9447852494472401,0.8707936896783817,0.1050985761441884,0.598929294789383,0.6385267462514126,0.545574920650687,0.7672128527647734,0.8057474360873614
2025-12-19,0.9448232904800099,0.9307102865228452,0.949304547219081,0.8805648693179825,0.07845002501012444,0.6033059814768666,0.6455785808940676,0.553344341552576,0.7653171466133281,0.8135442389759387
2025-12-22,0.9519746274071166,0.9360276496025666,0.9549287379712926,0.8938667034901907,0.06716518612461093,0.6116745094416546,0.6654829709122728,0.5706885993491934,0.7656205029858366,0.8175540688429811
2025-12-23,0.9570629260318712,0.9418626116246759,0.9568973108258969,0.885863008745255,0.0660774917476703,0.6124875428121542,0.6696571540693531,0.5739552576901189,0.7656205029858366,0.8175540688429811
2025-12-24,0.9606816174565586,0.9441205631109778,0.9640266482132049,0.889017350762102,0.0588715132588539,0.6190067633354818,0.6757650599592762,0.5845345502346816,0.755838615856102,0.8102027671984732
2025-12-25,0.9606816174565586,0.9441205631109778,0.9640266482132049,0.889017350762102,0.0588715132588539,0.6248127673945002,0.6796506277830964,0.588587740371133,0.755838615856102,0.8102027671984732
2025-12-26,0.960338624439842,0.9432339360863411,0.9635281154080779,0.8827947505676499,0.06063901986296734,0.6260744075449133,0.6863863279560642,0.5951174499161143,0.755838615856102,0.8102027671984732
2025-12-29,0.9564045635970998,0.9380245310710806,0.9573792548048522,0.8762004850569852,0.0687967276900218,0.6265722016671929,0.6781981543385037,0.5891003057224455,0.755838615856102,0.8057474360873614
2025-12-30,0.9548601821730689,0.9355999300328925,0.9550368546814005,0.8674942886470796,0.07056423429413525,0.6265211925714057,0.6836552214652843,0.5951337260215027,0.7388535515474429,0.8088661572427924
2025-12-31,0.946611521602572,0.9278312334418783,0.9475366798718223,0.8590281975471417,0.07899387219859474,0.6276790686832161,0.673877202453812,0.5880120061351239,0.7316500127995418,0.8162174588873004
2026-01-02,0.9487200435889274,0.9275522560943505,0.9554154078367737,0.870952247701047,0.07301155312542144,0.6276790686832161,0.673877202453812,0.5880120061351239,0.7316500127995418,0.8215637924865509
2026-01-05,0.9558046234859349,0.9345795549617291,0.9701009555453215,0.8889447659310703,0.0783140599714219,0.6446477150164326,0.714112193505618,0.6153643971455934,0.7293753823591942,0.8166629601313697
2026-01-06,0.9627575943985136,0.9412190616070835,0.9820732657081476,0.9047981339502159,0.07627463625624324,0.663380198193109,0.7475336253643209,0.6328347287747599,0.7255080405709319,0.8197816812868007
2026-01-07,0.9588739386855134,0.9428470006743523,0.9705675645047344,0.9014081125277325,0.08484023919940528,0.6640346631095919,0.7411095850047107,0.6335563321066282,0.7220199846405498,0.8106482684425426
2026-01-08,0.9589600639859386,0.9382732630243587,0.9772347294791639,0.9143201351759701,0.08579196853764337,0.6631662939789303,0.7232304244412888,0.627152784373144,0.7319533691720504,0.8206727899984121
2026-01-09,0.966246264401914,0.9466666598121863,0.983110067343883,0.9235249097087854,0.07273962304801641,0.6748089682795535,0.7329764496600044,0.6416276087792608,0.7220959141259214,0.8179995700870505
2026-01-12,0.9680329079613345,0.9494106796315734,0.9852366198337742,0.9287232449933893,0.08130522599117845,0.688756919721627,0.7471807987127309,0.6638583053292676,0.7173188647891113,0.8215637924865509
2026-01-13,0.9658334186069722,0.9483564605640115,0.9754046540337612,0.9275540317166944,0.09299794702645978,0.680508627482623,0.7339431991600175,0.6460645630870863,0.7142100947166095,0.8179995700870505
2026-01-14,0.9597956778454562,0.9379104896553683,0.9743587864116295,0.9359519638899317,0.10346702161243773,0.6765709074632,0.7251916663105586,0.6531996557735679,0.7175462916762483,0.811093769686612
2026-01-15,0.9627007596380487,0.9404666967149946,0.9815884283292785,0.9463396720028688,0.0910944883499836,0.6723761683986355,0.729544611988007,0.6584366906349182,0.7141341652312378,0.8155491007977237
2026-01-16,0.9619756401731782,0.9398249459984765,0.9795363326638328,0.9477808571007162,0.09136640546104888,0.6690531383460042,0.7205820990926068,0.6561258355855577,0.7088263326347821,0.8313655634203857
2026-01-19,0.9619756401731782,0.9398249459984765,0.9795363326638328,0.9477808571007162,0.09136640546104888,0.6728111120278917,0.7217687779512204,0.6572942839945487,0.7104186824137187,0.8313655634203857
2026-01-20,0.9387042664856501,0.9152115354734135,0.9580375032852145,0.9331058861097529,0.1488783072318969,0.6727019586354186,0.7146299112429544,0.6448239719406982,0.7104186824137187,0.8456226654653323
2026-01-21,0.9515080425998359,0.927078011739754,0.9725712439449579,0.9570399596091971,0.10550644532761642,0.6737251768068625,0.7165497625411752,0.6537879709991474,0.7042007806997372,0.8362663957755668
2026-01-22,0.9576416721750973,0.936343041376599,0.9801457791323176,0.9663761835006491,0.08837525240763211,0.6754775517850489,0.7168430762635815,0.6602663888174182,0.707082123885102,0.835375393287428
2026-01-23,0.9580090342860356,0.9392041871278258,0.9731016041491355,0.943892257555323,0.09449353651950791,0.6797021979682744,0.7071245701812929,0.6704123850428574,0.7138308088587292,0.833147674620136
2026-01-26,0.963637104378893,0.9435962810503137,0.9808466570380747,0.9395912743738701,0.09530930081904349,0.6785956345778211,0.7091681457270276,0.6593294130207348,0.7138308088587292,0.8273557335533434
2026-01-27,0.9682491340612039,0.9530605190203902,0.970748594892667,0.9427773722542935,0.09802854972773474,0.6808649320892073,0.7085862166713613,0.6605249589457236,0.6998785851372009,0.8295834522206356
2026-01-28,0.9681564203737415,0.9548306028725327,0.9710496049303534,0.9368176707771146,0.09802854972773474,0.6843888104565002,0.7142222700513265,0.661694287144195,0.7001063735933158,0.8358208945314974
2026-01-29,0.9666900676781144,0.9472707108871466,0.9724312033891358,0.9373751134276295,0.1052345152502114,0.6864862558951751,0.7306626048719611,0.657837553998729,0.7001063735933158,0.8304745609322471
2026-01-30,0.9618163282119307,0.9374748874333686,0.9680094131943858,0.918775250475757,0.1128484018214751,0.6740386702080541,0.7088840050500972,0.6493518964808025,0.6951774652857624,0.8335932820876779
2026-02-02,0.9678979650943087,0.9431904958175461,0.9807296672348983,0.9308035306766621,0.09789258468903222,0.6422627361628149,0.6628986331491042,0.6149787854163105,0.697452457295088,0.8411673343542205
2026-02-03,0.9583667122618108,0.9284102656638048,0.9766144809843347,0.9345289249998423,0.1204622624600593,0.6584276856118143,0.6877012057185213,0.6422546347419804,0.6938884718793343,0.8409445837321858
2026-02-04,0.9526622803818482,0.9130294973562484,0.9830416866592564,0.92367450527518,0.12916381747558414,0.6691430115147721,0.7053743083579644,0.6448815981516679,0.6873672137928442,0.8411673343542205
2026-02-05,0.9389546251930613,0.8970617284934362,0.9684106313157494,0.9024187677817622,0.171719915080329,0.6609706256683083,0.6924253241385112,0.6265428263263453,0.6873672137928442,0.8266874816872393
2026-02-06,0.9607222590729804,0.9185846252207945,0.9982107214933802,0.9444271280937486,0.15268525051752876,0.6577576598848607,0.680136351727676,0.622400513515524,0.6874431432782158,0.8257963729756279
2026-02-09,0.9660089237122628,0.9276855757358595,0.9987094471918349,0.9529067182018967,0.11176070744453451,0.6756372588349537,0.7147124686522357,0.649581697493097,0.6882013534249983,0.8240142617758778
2026-02-10,0.9622683074383098,0.9217106966349685,1.0,0.9487008919635647,0.11760707444534504,0.6772798731695269,0.7171133455058901,0.6497789462946149,0.6754625551935045,0.8126531302643274
2026-02-11,0.9622130602409863,0.9201314243777107,0.9983521123024953,0.9440327800178386,0.11570358983618936,0.6784028323407687,0.7123113680657649,0.6453014336917405,0.66681852563741,0.8182223207090852
2026-02-12,0.9445403867281984,0.8995429646749646,0.9818239510822522,0.9197225046502424,0.1588035216630648,0.6790349807778446,0.7149507441017877,0.656298802197415,0.6682590164456034,0.8030742161759998
2026-02-13,0.9450947637772028,0.8973284534574577,0.9830325242261964,0.9337131201839937,0.15581236860964803,0.6628846053562132,0.6878388014006569,0.639829407060161,0.6588567767427264,0.7923814427540262
2026-02-16,0.9450947637772028,0.8973284534574577,0.9830325242261964,0.9337131201839937,0.15581236860964803,0.6628846053562132,0.6878388014006569,0.639829407060161,0.6648468900005929,0.7923814427540262
2026-02-17,0.9462409049871937,0.8987195702309407,0.9838290772224325,0.9336633287602677,0.15159755614058817,0.6628846053562132,0.6878388014006569,0.639829407060161,0.6648468900005929,0.7914903340424149
2026-02-18,0.9524330362642186,0.9064075553166198,0.9870257054470665,0.9391109531063265,0.1424881060089558,0.6628846053562132,0.6878388014006569,0.639829407060161,0.6648468900005929,0.797505025731242
2026-02-19,0.9492760082010734,0.9032972492070973,0.9804210379107724,0.9420477619252949,0.15078176590837308,0.6628846053562132,0.6878388014006569,0.639829407060161,0.6648468900005929,0.7966139170196307
2026-02-20,0.9570173629697107,0.9122174984856953,0.9861197819340932,0.9414540268592643,0.13528211455379965,0.6628846053562132,0.6878388014006569,0.639829407060161,0.6649228194859647,0.7990643863089575
2026-02-23,0.9453516314934942,0.9008642514305621,0.9658265358528417,0.9220610418512407,0.1613868055330536,0.6628846053562132,0.6878388014006569,0.639829407060161,0.6648468900005929,0.7863666448417266
2026-02-24,0.9538570804021254,0.9112352514611074,0.9749728623199763,0.9362647646785394,0.14153635073803822,0.673871068893325,0.7094339403130067,0.6570709054454614,0.6648468900005929,0.7872577535533378
2026-02-25,0.962970565993943,0.9238869941248964,0.9825688086666972,0.9412501033172043,0.11951053312182121,0.683142731116558,0.7224240913706924,0.6736745564574327,0.6459661195404892,0.7905992253308035
2026-02-26,0.9569117106426452,0.9118801723747565,0.9829897983541377,0.9475769335586561,0.12902785243688158,0.682956456829264,0.7182910750518445,0.6761898745820505,0.6354263838329494,0.7836935311538374
2026-02-27,0.9520379711764616,0.9026602966267775,0.9701192804114415,0.9272141222640581,0.14575118913977758,0.6880087863167493,0.7108588946211722,0.6754060701339141,0.6139672649910114,0.7714412909306758
2026-03-02,0.9524834413939606,0.9061982366249705,0.9683134130786498,0.9379008002145678,0.1672331725338641,0.6941368611993165,0.7191157542133924,0.6727664377557081,0.6268579221932485,0.7905992253308035
2026-03-03,0.9419182086874174,0.8960132500531115,0.9583505691558747,0.9163370197796984,0.19619305152783223,0.6755085215932053,0.6857721813748248,0.6328203002272804,0.645131979908335,0.7923814427540262
2026-03-04,0.9505131167790709,0.908769866265234,0.9642303435671281,0.9288683040078445,0.16329026420952977,0.6630093195591569,0.6613636022952302,0.6233932679652682,0.6585534203702177,0.7977277763532767
2026-03-05,0.9442071572248019,0.9062039772522077,0.9448565235317804,0.9060082868419745,0.19864037035911847,0.6711218911682988,0.6820103377985183,0.6388068277470293,0.6565058552480291,0.8124303796422927
2026-03-06,0.9294640139769853,0.890353762726253,0.9336671673855962,0.8786931543763176,0.2766825132194751,0.6759805075420212,0.6878524491024622,0.6463555094682724,0.6565058552480291,0.8095344091088965
2026-03-09,0.9385628939879014,0.9038771382390591,0.9395743326493657,0.8915507384012815,0.22243370754578864,0.6674021743082518,0.667242405781077,0.6368843117743413,0.6561269309591268,0.8102027671984732
2026-03-10,0.9362040132941347,0.9039276043501445,0.9387277238346229,0.889017350762102,0.21468388186850193,0.6756522883006768,0.6944138614113916,0.6627015581203667,0.6671215204409406,0.8102027671984732
2026-03-11,0.9352806071928934,0.9047624800486428,0.9315862341676774,0.8866696298096164,0.20516653662076206,0.678853109061318,0.7080409797975978,0.6727322139449184,0.640961643316542,0.8262419804431699
2026-03-12,0.9185070500652821,0.8870329383910316,0.9133297487323292,0.8622369781872624,0.24677090488726888,0.6775068332832225,0.7002790171954331,0.6645754217347856,0.6326206085639782,0.8407217268866786
2026-03-13,0.9119344592814016,0.8779687450264855,0.9103821457935993,0.8581852840672645,0.24541128043292326,0.6670430611651433,0.6918389204265153,0.6560988260485078,0.6351985953768344,0.8433949467980402
2026-03-16,0.9228572905855631,0.8897615356297813,0.9199605533145102,0.8687179405470484,0.19537728722829673,0.6637280771901215,0.6929477402649936,0.6585132323197176,0.6558235745866182,0.8289150941310589
2026-03-17,0.9255737698769478,0.8943830832797506,0.9211173345999996,0.876286568896227,0.17987763587372327,0.6528837863262377,0.6773137385149556,0.6343825424077225,0.7008645837400984,0.8249053704874891
2026-03-18,0.9107168777300443,0.880033228806793,0.9021523519724548,0.857546183481839,0.21685927062238314,0.6569495604298761,0.6868856996024492,0.6477221744472096,0.6483926089515801,0.8376030057312477
2026-03-19,0.9077565487401282,0.877325195008893,0.8971224655625131,0.8648293410016552,0.20285518282817835,0.6394041773261381,0.6524836468091114,0.6219356327540521,0.6380043706458056,0.8425039443099014
2026-03-20,0.891498235230084,0.8578878595887132,0.8861609164361993,0.8393315955019977,0.23983684350951776,0.6240143080513683,0.6450469917221096,0.6187491232347959,0.6586289882866114,0.8670082123092796
2026-03-23,0.9036126914282395,0.871011190495989,0.9017405247180743,0.8646118078037767,0.231271227600016,0.5793143997994249,0.5767653022619164,0.5718398918633154,0.6479377551773062,0.854310577065521
2026-03-24,0.8996086984291152,0.862901226467873,0.8996564087602504,0.8696923033855624,0.24214819730210146,0.6004555446241916,0.6027547774227635,0.5890516533641764,0.6436155596147699,0.8672310691547869
2026-03-25,0.9053846500286015,0.8702680791522824,0.9071975734019391,0.88371467478289,0.22012235375320488,0.6161743162978388,0.6315071291343307,0.6128752087685451,0.6525629455433731,0.8529739671098403
2026-03-26,0.8867318150322643,0.8473800269955137,0.8956084458343481,0.864199424167717,0.2488103286024476,0.6028815888361736,0.6040421360487934,0.5953472509284089,0.6595390574041372,0.8725774027540374
2026-03-27,0.869124231608277,0.8272126894251691,0.8760174279121468,0.8444302372915413,0.2978925665361566,0.6105428210352706,0.6155156023435565,0.6092148446351163,0.6668940935538036,0.8779238425767605
2026-03-30,0.8650389553763089,0.8204692517225202,0.8772396000356852,0.8282551060275174,0.291910260429323,0.6135160744310759,0.6106496373179179,0.6061355814535275,0.6675767357841925,0.8560926882652713
2026-03-31,0.8950812064840881,0.8553882876724271,0.9050254016400755,0.8655817447379593,0.21903465937626435,0.6037453276768902,0.5914506768700764,0.583781362460465,0.6675767357841925,0.8491868878648327
2026-04-01,0.9026892853269982,0.8663694221291841,0.9105616330349113,0.8728331463941992,0.20938137502250145,0.6213712474631135,0.6262834153351394,0.6043634215030491,0.6543827222094468,0.8509689990645828
2026-04-02,0.9038874192298725,0.8680465420924852,0.9090538823398925,0.8808413776910743,0.20027192489086912,0.6122717409381621,0.6046746287209843,0.5845814430139898,0.6364120208668689,0.8496324953323746
2026-04-03,0.9038874192298725,0.8680465420924852,0.9090538823398925,0.8808413776910743,0.20027192489086912,0.6000877022459411,0.5872078077383364,0.5725057165421229,0.6474825398340543,0.8496324953323746
2026-04-06,0.908624628265889,0.8731862027708637,0.9131329010915351,0.8856453648997682,0.2043507723212265,0.6000877022459411,0.5872078077383364,0.5725057165421229,0.6454353362808436,0.8545333276875557
2026-04-07,0.9094407150987663,0.8741298076628549,0.9110239018944536,0.8875987377763438,0.2262406508314205,0.6032180059679124,0.5871299487182011,0.5767858923645315,0.645359406795472,0.856315438887306
2026-04-08,0.9364202393940041,0.9012029484375577,0.9437499909581253,0.9218208258936648,0.1617947006491611,0.6358119072991663,0.6581241748454062,0.6346320507043792,0.6259478530757226,0.8447315567537209
2026-04-09,0.9432236618586556,0.9094252402613151,0.9505615365882475,0.9290042899184207,0.14072058643850266,0.6268491840935726,0.6446805173687141,0.6304671273039102,0.6047165226898996,0.8451771642212629
2026-04-10,0.9419605172451379,0.9129553832881858,0.9439141431798947,0.9264119271040279,0.13718557323027583,0.6330842869896215,0.6769150466359869,0.6586834715841855,0.6067637262431103,0.8505234978205134
2026-04-13,0.9532345175161944,0.9252758831922874,0.9513627190243455,0.9444950657252326,0.1356900096699072,0.633809648476737,0.6813093828844843,0.6675475265576551,0.6040338804595108,0.8460681667094017
2026-04-14,0.9664251033898016,0.9452510382716908,0.9592077871036343,0.9604390541355595,0.1253569001226317,0.6456451250144127,0.7065654618729077,0.6884566033501239,0.6059295866109561,0.8369347538651435
2026-04-15,0.9754589726900741,0.9617868721879762,0.9574234273768677,0.9640602184117398,0.122773616252643,0.6458266931053692,0.6992205372406629,0.6757096854836188,0.5948590676437707,0.8427266949319361
2026-04-16,0.9784387493284732,0.9655893951251022,0.960262817158826,0.9667523853688011,0.11964649816052372,0.6546373758067047,0.7227538735421849,0.7025449362374774,0.5966029148244727,0.8487413866207633
2026-04-17,0.9922211787412237,0.9816357334681609,0.9817115907189375,0.9927213790321233,0.11339223604360564,0.6533557722750535,0.7191157542133924,0.7105710797097627,0.59895383631917,0.8347070351978514
2026-04-20,0.9894705668422972,0.9788241970179841,0.9815913217291923,1.0,0.1322909615003829,0.6629013806689645,0.7322983154932514,0.7178981424608794,0.5958447046776901,0.8355981439094627
2026-04-21,0.9821338819184228,0.9724882581681735,0.974352613825147,0.9873145836535199,0.14085655147720516,0.6638185576100295,0.7371369851152795,0.7192846027031268,0.5961480610501988,0.8449543073757556
2026-04-22,0.994145940293953,0.9899308541449278,0.9827634380342241,0.9965646130581217,0.13297076076121594,0.6704039685076523,0.7516299495012659,0.7368657878068304,0.598726047863055,0.8453999148432976
2026-04-23,0.989350229556173,0.9803205300638148,0.9783263128199317,0.991905684863883,0.13827326760721642,0.6663596759131026,0.7455359150459648,0.7248080970193128,0.6013043962448892,0.8518601077761943
2026-04-24,0.9985645254074746,0.9977846319724577,0.9763607298119049,0.997298870586668,0.13011554681382217,0.6622089625562115,0.7377647793983243,0.7155152326530698,0.602669319136689,0.848964137242798
2026-04-27,1.0,1.0,0.9748071669515862,0.9978381670294248,0.12073419253746433,0.6642125117873139,0.7384887787924558,0.7205107653020355,0.6101758526881207,0.8547560783095904
2026-04-28,0.9942922342374403,0.9902041765462218,0.9741686900373008,0.9832719626374008,0.11815090866747559,0.6618162987876003,0.7326511421448415,0.7056197124927159,0.6002428297255981,0.8587659081766328
2026-04-29,0.9938289833127567,0.990618272836333,0.9672524033303033,0.9757585474447539,0.12494900500652416,0.6618162987876003,0.7326511421448415,0.7056197124927159,0.6110099923202749,0.8730230102215794
