Date,sse_index,sse_50,csi_300,csi_500,csi_800,star_50,chinext,szse_component
2010-01-04,3243.760009765625,2967.50341796875,,8342.421875,5416.91845703125,1493.5045166015625,3687.168212890625,13533.3876953125
2010-01-05,3282.178955078125,2967.50341796875,,8342.421875,5416.91845703125,1493.5045166015625,3687.168212890625,13517.228515625
2010-01-06,3254.215087890625,2967.50341796875,,8342.421875,5416.91845703125,1493.5045166015625,3687.168212890625,13505.0283203125
2010-01-07,3192.77587890625,2967.50341796875,,8342.421875,5416.91845703125,1493.5045166015625,3687.168212890625,13235.33203125
2010-01-08,3195.9970703125,2967.50341796875,,8342.421875,5416.91845703125,1493.5045166015625,3687.168212890625,13267.2919921875
2010-01-11,3212.75,2967.50341796875,,8342.421875,5416.91845703125,1493.5045166015625,3687.168212890625,13160.9423828125
2010-01-12,3273.966064453125,2967.50341796875,,8342.421875,5416.91845703125,1493.5045166015625,3687.168212890625,13381.099609375
2010-01-13,3172.657958984375,2967.50341796875,,8342.421875,5416.91845703125,1493.5045166015625,3687.168212890625,13016.4140625
2010-01-14,3215.550048828125,2967.50341796875,,8342.421875,5416.91845703125,1493.5045166015625,3687.168212890625,13204.04296875
2010-01-15,3224.152099609375,2967.50341796875,,8342.421875,5416.91845703125,1493.5045166015625,3687.168212890625,13264.2216796875
2010-01-18,3237.097900390625,2967.50341796875,,8342.421875,5416.91845703125,1493.5045166015625,3687.168212890625,13361.3701171875
2010-01-19,3246.8740234375,2967.50341796875,,8342.421875,5416.91845703125,1493.5045166015625,3687.168212890625,13350.5205078125
2010-01-20,3151.85009765625,2967.50341796875,,8342.421875,5416.91845703125,1493.5045166015625,3687.168212890625,12916.005859375
2010-01-21,3158.863037109375,2967.50341796875,,8342.421875,5416.91845703125,1493.5045166015625,3687.168212890625,12917.005859375
2010-01-22,3128.587890625,2967.50341796875,,8342.421875,5416.91845703125,1493.5045166015625,3687.168212890625,12595.798828125
2010-01-25,3094.410888671875,2967.50341796875,,8342.421875,5416.91845703125,1493.5045166015625,3687.168212890625,12470.05078125
2010-01-26,3019.39404296875,2967.50341796875,,8342.421875,5416.91845703125,1493.5045166015625,3687.168212890625,12162.4228515625
2010-01-27,2986.60693359375,2967.50341796875,,8342.421875,5416.91845703125,1493.5045166015625,3687.168212890625,12046.64453125
2010-01-28,2994.14306640625,2967.50341796875,,8342.421875,5416.91845703125,1493.5045166015625,3687.168212890625,12120.3447265625
2010-01-29,2989.2919921875,2967.50341796875,,8342.421875,5416.91845703125,1493.5045166015625,3687.168212890625,12137.064453125
2010-02-01,2941.360107421875,2967.50341796875,,8342.421875,5416.91845703125,1493.5045166015625,3687.168212890625,11988.9765625
2010-02-02,2934.712890625,2967.50341796875,,8342.421875,5416.91845703125,1493.5045166015625,3687.168212890625,11912.7958984375
2010-02-03,3003.8349609375,2967.50341796875,,8342.421875,5416.91845703125,1493.5045166015625,3687.168212890625,12262.43359375
2010-02-04,2995.30810546875,2967.50341796875,,8342.421875,5416.91845703125,1493.5045166015625,3687.168212890625,12169.34375
2010-02-05,2939.402099609375,2967.50341796875,,8342.421875,5416.91845703125,1493.5045166015625,3687.168212890625,11917.005859375
2010-02-08,2935.174072265625,2967.50341796875,,8342.421875,5416.91845703125,1493.5045166015625,3687.168212890625,11947.2060546875
2010-02-09,2948.842041015625,2967.50341796875,,8342.421875,5416.91845703125,1493.5045166015625,3687.168212890625,11970.306640625
2010-02-10,2982.5,2967.50341796875,,8342.421875,5416.91845703125,1493.5045166015625,3687.168212890625,12185.2431640625
2010-02-11,2985.4990234375,2967.50341796875,,8342.421875,5416.91845703125,1493.5045166015625,3687.168212890625,12224.462890625
2010-02-12,3018.133056640625,2967.50341796875,,8342.421875,5416.91845703125,1493.5045166015625,3687.168212890625,12304.6416015625
2010-02-22,3003.39794921875,2967.50341796875,,8342.421875,5416.91845703125,1493.5045166015625,3687.168212890625,12213.4033203125
2010-02-23,2982.574951171875,2967.50341796875,,8342.421875,5416.91845703125,1493.5045166015625,3687.168212890625,12069.07421875
2010-02-24,3022.177001953125,2967.50341796875,,8342.421875,5416.91845703125,1493.5045166015625,3687.168212890625,12281.953125
2010-02-25,3060.617919921875,2967.50341796875,,8342.421875,5416.91845703125,1493.5045166015625,3687.168212890625,12494.1298828125
2010-02-26,3051.943115234375,2967.50341796875,,8342.421875,5416.91845703125,1493.5045166015625,3687.168212890625,12436.5205078125
2010-03-01,3087.842041015625,2967.50341796875,,8342.421875,5416.91845703125,1493.5045166015625,3687.168212890625,12588.1181640625
2010-03-02,3073.10791015625,2967.50341796875,,8342.421875,5416.91845703125,1493.5045166015625,3687.168212890625,12548.76953125
2010-03-03,3097.0048828125,2967.50341796875,,8342.421875,5416.91845703125,1493.5045166015625,3687.168212890625,12612.548828125
2010-03-04,3023.373046875,2967.50341796875,,8342.421875,5416.91845703125,1493.5045166015625,3687.168212890625,12312.7509765625
2010-03-05,3031.06494140625,2967.50341796875,,8342.421875,5416.91845703125,1493.5045166015625,3687.168212890625,12341.6015625
2010-03-08,3053.23193359375,2967.50341796875,,8342.421875,5416.91845703125,1493.5045166015625,3687.168212890625,12437.4306640625
2010-03-09,3069.14111328125,2967.50341796875,,8342.421875,5416.91845703125,1493.5045166015625,3687.168212890625,12507.5205078125
2010-03-10,3048.927001953125,2967.50341796875,,8342.421875,5416.91845703125,1493.5045166015625,3687.168212890625,12391.51171875
2010-03-11,3051.281982421875,2967.50341796875,,8342.421875,5416.91845703125,1493.5045166015625,3687.168212890625,12367.5517578125
2010-03-12,3013.412109375,2967.50341796875,,8342.421875,5416.91845703125,1493.5045166015625,3687.168212890625,12168.9736328125
2010-03-15,2976.93896484375,2967.50341796875,,8342.421875,5416.91845703125,1493.5045166015625,3687.168212890625,11903.1962890625
2010-03-16,2992.841064453125,2967.50341796875,,8342.421875,5416.91845703125,1493.5045166015625,3687.168212890625,11948.6259765625
2010-03-17,3050.47900390625,2967.50341796875,,8342.421875,5416.91845703125,1493.5045166015625,3687.168212890625,12233.6328125
2010-03-18,3046.089111328125,2967.50341796875,,8342.421875,5416.91845703125,1493.5045166015625,3687.168212890625,12236.59375
2010-03-19,3067.75,2967.50341796875,,8342.421875,5416.91845703125,1493.5045166015625,3687.168212890625,12352.78125
2010-03-22,3074.575927734375,2967.50341796875,,8342.421875,5416.91845703125,1493.5045166015625,3687.168212890625,12352.3115234375
2010-03-23,3053.125,2967.50341796875,,8342.421875,5416.91845703125,1493.5045166015625,3687.168212890625,12304.841796875
2010-03-24,3056.80810546875,2967.50341796875,,8342.421875,5416.91845703125,1493.5045166015625,3687.168212890625,12289.9013671875
2010-03-25,3019.176025390625,2967.50341796875,,8342.421875,5416.91845703125,1493.5045166015625,3687.168212890625,12086.7646484375
2010-03-26,3059.715087890625,2967.50341796875,,8342.421875,5416.91845703125,1493.5045166015625,3687.168212890625,12240.2236328125
2010-03-29,3123.798095703125,2967.50341796875,,8342.421875,5416.91845703125,1493.5045166015625,3687.168212890625,12552.3095703125
2010-03-30,3128.468017578125,2967.50341796875,,8342.421875,5416.91845703125,1493.5045166015625,3687.168212890625,12592.8984375
2010-03-31,3109.10498046875,2967.50341796875,,8342.421875,5416.91845703125,1493.5045166015625,3687.168212890625,12494.2099609375
2010-04-01,3147.416015625,2967.50341796875,,8342.421875,5416.91845703125,1493.5045166015625,3687.168212890625,12685.91796875
2010-04-02,3157.95703125,2967.50341796875,,8342.421875,5416.91845703125,1493.5045166015625,3687.168212890625,12767.7177734375
2010-04-06,3158.680908203125,2967.50341796875,,8342.421875,5416.91845703125,1493.5045166015625,3687.168212890625,12702.697265625
2010-04-07,3148.221923828125,2967.50341796875,,8342.421875,5416.91845703125,1493.5045166015625,3687.168212890625,12631.828125
2010-04-08,3118.708984375,2967.50341796875,,8342.421875,5416.91845703125,1493.5045166015625,3687.168212890625,12426.8603515625
2010-04-09,3145.346923828125,2967.50341796875,,8342.421875,5416.91845703125,1493.5045166015625,3687.168212890625,12554.9794921875
2010-04-12,3129.262939453125,2967.50341796875,,8342.421875,5416.91845703125,1493.5045166015625,3687.168212890625,12399.0615234375
2010-04-13,3161.2509765625,2967.50341796875,,8342.421875,5416.91845703125,1493.5045166015625,3687.168212890625,12511.75
2010-04-14,3166.18310546875,2967.50341796875,,8342.421875,5416.91845703125,1493.5045166015625,3687.168212890625,12557.55859375
2010-04-15,3164.966064453125,2967.50341796875,,8342.421875,5416.91845703125,1493.5045166015625,3687.168212890625,12513.150390625
2010-04-16,3130.302001953125,2967.50341796875,,8342.421875,5416.91845703125,1493.5045166015625,3687.168212890625,12416.7216796875
2010-04-19,2980.297119140625,2967.50341796875,,8342.421875,5416.91845703125,1493.5045166015625,3687.168212890625,11644.44921875
2010-04-20,2979.532958984375,2967.50341796875,,8342.421875,5416.91845703125,1493.5045166015625,3687.168212890625,11538.8515625
2010-04-21,3033.278076171875,2967.50341796875,,8342.421875,5416.91845703125,1493.5045166015625,3687.168212890625,11766.6884765625
2010-04-22,2999.48388671875,2967.50341796875,,8342.421875,5416.91845703125,1493.5045166015625,3687.168212890625,11703.8291015625
2010-04-23,2983.537109375,2967.50341796875,,8342.421875,5416.91845703125,1493.5045166015625,3687.168212890625,11702.7392578125
2010-04-26,2969.5029296875,2967.50341796875,,8342.421875,5416.91845703125,1493.5045166015625,3687.168212890625,11602.5
2010-04-27,2907.927978515625,2967.50341796875,,8342.421875,5416.91845703125,1493.5045166015625,3687.168212890625,11355.2421875
2010-04-28,2900.3310546875,2967.50341796875,,8342.421875,5416.91845703125,1493.5045166015625,3687.168212890625,11333.72265625
2010-04-29,2868.431884765625,2967.50341796875,,8342.421875,5416.91845703125,1493.5045166015625,3687.168212890625,11196.224609375
2010-04-30,2870.611083984375,2967.50341796875,,8342.421875,5416.91845703125,1493.5045166015625,3687.168212890625,11162.4150390625
2010-05-04,2835.277099609375,2967.50341796875,,8342.421875,5416.91845703125,1493.5045166015625,3687.168212890625,10960.646484375
2010-05-05,2857.15087890625,2967.50341796875,,8342.421875,5416.91845703125,1493.5045166015625,3687.168212890625,11003.607421875
2010-05-06,2739.701904296875,2967.50341796875,,8342.421875,5416.91845703125,1493.5045166015625,3687.168212890625,10422.4423828125
2010-05-07,2688.383056640625,2967.50341796875,,8342.421875,5416.91845703125,1493.5045166015625,3687.168212890625,10146.3056640625
2010-05-10,2698.757080078125,2967.50341796875,,8342.421875,5416.91845703125,1493.5045166015625,3687.168212890625,10263.935546875
2010-05-11,2647.572998046875,2967.50341796875,,8342.421875,5416.91845703125,1493.5045166015625,3687.168212890625,10091.0869140625
2010-05-12,2655.714111328125,2967.50341796875,,8342.421875,5416.91845703125,1493.5045166015625,3687.168212890625,10146.515625
2010-05-13,2710.507080078125,2967.50341796875,,8342.421875,5416.91845703125,1493.5045166015625,3687.168212890625,10417.6923828125
2010-05-14,2696.62890625,2967.50341796875,,8342.421875,5416.91845703125,1493.5045166015625,3687.168212890625,10330.0234375
2010-05-17,2559.930908203125,2967.50341796875,,8342.421875,5416.91845703125,1493.5045166015625,3687.168212890625,9731.611328125
2010-05-18,2594.782958984375,2967.50341796875,,8342.421875,5416.91845703125,1493.5045166015625,3687.168212890625,10003.6982421875
2010-05-19,2587.806884765625,2967.50341796875,,8342.421875,5416.91845703125,1493.5045166015625,3687.168212890625,9991.2890625
2010-05-20,2555.93994140625,2967.50341796875,,8342.421875,5416.91845703125,1493.5045166015625,3687.168212890625,9945.4384765625
2010-05-21,2583.52197265625,2967.50341796875,,8342.421875,5416.91845703125,1493.5045166015625,3687.168212890625,10208.9560546875
2010-05-24,2673.423095703125,2967.50341796875,,8342.421875,5416.91845703125,1493.5045166015625,3687.168212890625,10620.0107421875
2010-05-25,2622.6298828125,2967.50341796875,,8342.421875,5416.91845703125,1493.5045166015625,3687.168212890625,10365.1142578125
2010-05-26,2625.79296875,2967.50341796875,,8342.421875,5416.91845703125,1493.5045166015625,3687.168212890625,10361.583984375
2010-05-27,2655.91796875,2967.50341796875,,8342.421875,5416.91845703125,1493.5045166015625,3687.168212890625,10543.2119140625
2010-05-28,2655.76708984375,2967.50341796875,,8342.421875,5416.91845703125,1493.5045166015625,3687.168212890625,10495.533203125
2010-05-31,2592.14599609375,2967.50341796875,,8342.421875,5416.91845703125,1493.5045166015625,3687.168212890625,10204.0556640625
2010-06-01,2568.282958984375,2967.50341796875,,8342.421875,5416.91845703125,1493.5045166015625,3687.168212890625,10098.3369140625
2010-06-02,2571.423095703125,2967.50341796875,,8342.421875,5416.91845703125,1493.5045166015625,3687.168212890625,10188.025390625
2010-06-03,2552.656005859375,2967.50341796875,,8342.421875,5416.91845703125,1493.5045166015625,3687.168212890625,10117.9267578125
2010-06-04,2553.593017578125,2967.50341796875,,8342.421875,5416.91845703125,1493.5045166015625,3687.168212890625,10187.0859375
2010-06-07,2511.72900390625,2967.50341796875,,8342.421875,5416.91845703125,1493.5045166015625,3687.168212890625,9992.55859375
2010-06-08,2513.947021484375,2967.50341796875,,8342.421875,5416.91845703125,1493.5045166015625,3687.168212890625,10038.66796875
2010-06-09,2583.8701171875,2967.50341796875,,8342.421875,5416.91845703125,1493.5045166015625,3687.168212890625,10346.1533203125
2010-06-10,2562.580078125,2967.50341796875,,8342.421875,5416.91845703125,1493.5045166015625,3687.168212890625,10222.10546875
2010-06-11,2569.94091796875,2967.50341796875,,8342.421875,5416.91845703125,1493.5045166015625,3687.168212890625,10239.2158203125
2010-06-17,2560.2451171875,2967.50341796875,,8342.421875,5416.91845703125,1493.5045166015625,3687.168212890625,10162.255859375
2010-06-18,2513.221923828125,2967.50341796875,,8342.421875,5416.91845703125,1493.5045166015625,3687.168212890625,9966.4287109375
2010-06-21,2586.208984375,2967.50341796875,,8342.421875,5416.91845703125,1493.5045166015625,3687.168212890625,10309.494140625
2010-06-22,2588.697998046875,2967.50341796875,,8342.421875,5416.91845703125,1493.5045166015625,3687.168212890625,10345.43359375
2010-06-23,2569.8720703125,2967.50341796875,,8342.421875,5416.91845703125,1493.5045166015625,3687.168212890625,10256.1552734375
2010-06-24,2566.7451171875,2967.50341796875,,8342.421875,5416.91845703125,1493.5045166015625,3687.168212890625,10250.7861328125
2010-06-25,2552.81689453125,2967.50341796875,,8342.421875,5416.91845703125,1493.5045166015625,3687.168212890625,10104.716796875
2010-06-28,2535.278076171875,2967.50341796875,,8342.421875,5416.91845703125,1493.5045166015625,3687.168212890625,10011.947265625
2010-06-29,2427.052001953125,2967.50341796875,,8342.421875,5416.91845703125,1493.5045166015625,3687.168212890625,9508.8037109375
2010-06-30,2398.3701171875,2967.50341796875,,8342.421875,5416.91845703125,1493.5045166015625,3687.168212890625,9386.8349609375
2010-07-01,2373.7919921875,2967.50341796875,,8342.421875,5416.91845703125,1493.5045166015625,3687.168212890625,9203.806640625
2010-07-02,2382.90087890625,2967.50341796875,,8342.421875,5416.91845703125,1493.5045166015625,3687.168212890625,9227.7861328125
2010-07-05,2363.947998046875,2967.50341796875,,8342.421875,5416.91845703125,1493.5045166015625,3687.168212890625,9170.927734375
2010-07-06,2409.424072265625,2967.50341796875,,8342.421875,5416.91845703125,1493.5045166015625,3687.168212890625,9362.9140625
2010-07-07,2421.116943359375,2967.50341796875,,8342.421875,5416.91845703125,1493.5045166015625,3687.168212890625,9485.3232421875
2010-07-08,2415.14990234375,2967.50341796875,,8342.421875,5416.91845703125,1493.5045166015625,3687.168212890625,9465.6943359375
2010-07-09,2470.923095703125,2967.50341796875,,8342.421875,5416.91845703125,1493.5045166015625,3687.168212890625,9816.75
2010-07-12,2490.718017578125,2967.50341796875,,8342.421875,5416.91845703125,1493.5045166015625,3687.168212890625,9959.1083984375
2010-07-13,2450.284912109375,2967.50341796875,,8342.421875,5416.91845703125,1493.5045166015625,3687.168212890625,9801.650390625
2010-07-14,2470.43994140625,2967.50341796875,,8342.421875,5416.91845703125,1493.5045166015625,3687.168212890625,9803.6103515625
2010-07-15,2424.303955078125,2967.50341796875,,8342.421875,5416.91845703125,1493.5045166015625,3687.168212890625,9718.6220703125
2010-07-16,2424.27099609375,2967.50341796875,,8342.421875,5416.91845703125,1493.5045166015625,3687.168212890625,9806.529296875
2010-07-19,2475.4208984375,2967.50341796875,,8342.421875,5416.91845703125,1493.5045166015625,3687.168212890625,10096.986328125
2010-07-20,2528.72900390625,2967.50341796875,,8342.421875,5416.91845703125,1493.5045166015625,3687.168212890625,10339.3134765625
2010-07-21,2535.39404296875,2967.50341796875,,8342.421875,5416.91845703125,1493.5045166015625,3687.168212890625,10324.013671875
2010-07-22,2562.406005859375,2967.50341796875,,8342.421875,5416.91845703125,1493.5045166015625,3687.168212890625,10471.65234375
2010-07-23,2572.028076171875,2967.50341796875,,8342.421875,5416.91845703125,1493.5045166015625,3687.168212890625,10527.8330078125
2010-07-26,2588.68310546875,2967.50341796875,,8342.421875,5416.91845703125,1493.5045166015625,3687.168212890625,10591.0107421875
2010-07-27,2575.367919921875,2967.50341796875,,8342.421875,5416.91845703125,1493.5045166015625,3687.168212890625,10566.0908203125
2010-07-28,2633.6630859375,2967.50341796875,,8342.421875,5416.91845703125,1493.5045166015625,3687.168212890625,10825.0478515625
2010-07-29,2648.115966796875,2967.50341796875,,8342.421875,5416.91845703125,1493.5045166015625,3687.168212890625,10838.7880859375
2010-07-30,2637.5029296875,2967.50341796875,,8342.421875,5416.91845703125,1493.5045166015625,3687.168212890625,10785.2294921875
2010-08-02,2672.51611328125,2967.50341796875,,8342.421875,5416.91845703125,1493.5045166015625,3687.168212890625,11004.6171875
2010-08-03,2627.001953125,2967.50341796875,,8342.421875,5416.91845703125,1493.5045166015625,3687.168212890625,10830.578125
2010-08-04,2638.52197265625,2967.50341796875,,8342.421875,5416.91845703125,1493.5045166015625,3687.168212890625,10870.2578125
2010-08-05,2620.757080078125,2967.50341796875,,8342.421875,5416.91845703125,1493.5045166015625,3687.168212890625,10767.9599609375
2010-08-06,2658.39208984375,2967.50341796875,,8342.421875,5416.91845703125,1493.5045166015625,3687.168212890625,10942.8076171875
2010-08-09,2672.531982421875,2967.50341796875,,8342.421875,5416.91845703125,1493.5045166015625,3687.168212890625,11017.287109375
2010-08-10,2595.27294921875,2967.50341796875,,8342.421875,5416.91845703125,1493.5045166015625,3687.168212890625,10715.26953125
2010-08-11,2607.4970703125,2967.50341796875,,8342.421875,5416.91845703125,1493.5045166015625,3687.168212890625,10806.5087890625
2010-08-12,2575.47509765625,2967.50341796875,,8342.421875,5416.91845703125,1493.5045166015625,3687.168212890625,10679.8994140625
2010-08-13,2606.699951171875,2967.50341796875,,8342.421875,5416.91845703125,1493.5045166015625,3687.168212890625,10886.4482421875
2010-08-16,2661.7080078125,2967.50341796875,,8342.421875,5416.91845703125,1493.5045166015625,3687.168212890625,11164.6650390625
2010-08-17,2671.89306640625,2967.50341796875,,8342.421875,5416.91845703125,1493.5045166015625,3687.168212890625,11281.84375
2010-08-18,2666.301025390625,2967.50341796875,,8342.421875,5416.91845703125,1493.5045166015625,3687.168212890625,11282.2041015625
2010-08-19,2687.97900390625,2967.50341796875,,8342.421875,5416.91845703125,1493.5045166015625,3687.168212890625,11321.04296875
2010-08-20,2642.306884765625,2967.50341796875,,8342.421875,5416.91845703125,1493.5045166015625,3687.168212890625,11090.3349609375
2010-08-23,2639.365966796875,2967.50341796875,,8342.421875,5416.91845703125,1493.5045166015625,3687.168212890625,11078.736328125
2010-08-24,2650.306884765625,2967.50341796875,,8342.421875,5416.91845703125,1493.5045166015625,3687.168212890625,11214.1142578125
2010-08-25,2596.580078125,2967.50341796875,,8342.421875,5416.91845703125,1493.5045166015625,3687.168212890625,10963.8671875
2010-08-26,2603.48095703125,2967.50341796875,,8342.421875,5416.91845703125,1493.5045166015625,3687.168212890625,11009.3671875
2010-08-27,2610.741943359375,2967.50341796875,,8342.421875,5416.91845703125,1493.5045166015625,3687.168212890625,11034.607421875
2010-08-30,2652.6640625,2967.50341796875,,8342.421875,5416.91845703125,1493.5045166015625,3687.168212890625,11303.203125
2010-08-31,2638.798095703125,2967.50341796875,,8342.421875,5416.91845703125,1493.5045166015625,3687.168212890625,11338.5830078125
2010-09-01,2622.882080078125,2967.50341796875,,8342.421875,5416.91845703125,1493.5045166015625,3687.168212890625,11318.61328125
2010-09-02,2655.77587890625,2967.50341796875,,8342.421875,5416.91845703125,1493.5045166015625,3687.168212890625,11465.0224609375
2010-09-03,2655.39404296875,2967.50341796875,,8342.421875,5416.91845703125,1493.5045166015625,3687.168212890625,11466.9619140625
2010-09-06,2696.25,2967.50341796875,,8342.421875,5416.91845703125,1493.5045166015625,3687.168212890625,11655.94921875
2010-09-07,2698.363037109375,2967.50341796875,,8342.421875,5416.91845703125,1493.5045166015625,3687.168212890625,11682.5693359375
2010-09-08,2695.291015625,2967.50341796875,,8342.421875,5416.91845703125,1493.5045166015625,3687.168212890625,11722.6494140625
2010-09-09,2656.35205078125,2967.50341796875,,8342.421875,5416.91845703125,1493.5045166015625,3687.168212890625,11465.2216796875
2010-09-10,2663.208984375,2967.50341796875,,8342.421875,5416.91845703125,1493.5045166015625,3687.168212890625,11530.861328125
2010-09-13,2688.320068359375,2967.50341796875,,8342.421875,5416.91845703125,1493.5045166015625,3687.168212890625,11690.21875
2010-09-14,2688.52197265625,2967.50341796875,,8342.421875,5416.91845703125,1493.5045166015625,3687.168212890625,11665.279296875
2010-09-15,2652.5029296875,2967.50341796875,,8342.421875,5416.91845703125,1493.5045166015625,3687.168212890625,11411.9716796875
2010-09-16,2602.465087890625,2967.50341796875,,8342.421875,5416.91845703125,1493.5045166015625,3687.168212890625,11163.89453125
2010-09-17,2598.68896484375,2967.50341796875,,8342.421875,5416.91845703125,1493.5045166015625,3687.168212890625,11208.125
2010-09-20,2588.712890625,2967.50341796875,,8342.421875,5416.91845703125,1493.5045166015625,3687.168212890625,11150.205078125
2010-09-21,2591.550048828125,2967.50341796875,,8342.421875,5416.91845703125,1493.5045166015625,3687.168212890625,11210.615234375
2010-09-27,2627.967041015625,2967.50341796875,,8342.421875,5416.91845703125,1493.5045166015625,3687.168212890625,11409.681640625
2010-09-28,2611.35400390625,2967.50341796875,,8342.421875,5416.91845703125,1493.5045166015625,3687.168212890625,11274.3642578125
2010-09-29,2610.677978515625,2967.50341796875,,8342.421875,5416.91845703125,1493.5045166015625,3687.168212890625,11223.734375
2010-09-30,2655.657958984375,2967.50341796875,,8342.421875,5416.91845703125,1493.5045166015625,3687.168212890625,11468.412109375
2010-10-08,2738.743896484375,2967.50341796875,,8342.421875,5416.91845703125,1493.5045166015625,3687.168212890625,11911.236328125
2010-10-11,2806.94189453125,2967.50341796875,,8342.421875,5416.91845703125,1493.5045166015625,3687.168212890625,12237.513671875
2010-10-12,2841.406982421875,2967.50341796875,,8342.421875,5416.91845703125,1493.5045166015625,3687.168212890625,12373.1416015625
2010-10-13,2861.361083984375,2967.50341796875,,8342.421875,5416.91845703125,1493.5045166015625,3687.168212890625,12602.8583984375
2010-10-14,2879.635986328125,2967.50341796875,,8342.421875,5416.91845703125,1493.5045166015625,3687.168212890625,12507.5703125
2010-10-15,2971.159912109375,2967.50341796875,,8342.421875,5416.91845703125,1493.5045166015625,3687.168212890625,12765.357421875
2010-10-18,2955.22705078125,2967.50341796875,,8342.421875,5416.91845703125,1493.5045166015625,3687.168212890625,12649.1279296875
2010-10-19,3001.85302734375,2967.50341796875,,8342.421875,5416.91845703125,1493.5045166015625,3687.168212890625,12970.0546875
2010-10-20,3003.950927734375,2967.50341796875,,8342.421875,5416.91845703125,1493.5045166015625,3687.168212890625,13129.8623046875
2010-10-21,2983.531982421875,2967.50341796875,,8342.421875,5416.91845703125,1493.5045166015625,3687.168212890625,13111.3720703125
2010-10-22,2975.04296875,2967.50341796875,,8342.421875,5416.91845703125,1493.5045166015625,3687.168212890625,13224.8330078125
2010-10-25,3051.41796875,2967.50341796875,,8342.421875,5416.91845703125,1493.5045166015625,3687.168212890625,13734.046875
2010-10-26,3041.54296875,2967.50341796875,,8342.421875,5416.91845703125,1493.5045166015625,3687.168212890625,13729.806640625
2010-10-27,2997.048095703125,2967.50341796875,,8342.421875,5416.91845703125,1493.5045166015625,3687.168212890625,13452.01953125
2010-10-28,2992.5791015625,2967.50341796875,,8342.421875,5416.91845703125,1493.5045166015625,3687.168212890625,13444.8798828125
2010-10-29,2978.8349609375,2967.50341796875,,8342.421875,5416.91845703125,1493.5045166015625,3687.168212890625,13367.08984375
2010-11-01,3054.02099609375,2967.50341796875,,8342.421875,5416.91845703125,1493.5045166015625,3687.168212890625,13743.6162109375
2010-11-02,3045.43408203125,2967.50341796875,,8342.421875,5416.91845703125,1493.5045166015625,3687.168212890625,13646.306640625
2010-11-03,3030.988037109375,2967.50341796875,,8342.421875,5416.91845703125,1493.5045166015625,3687.168212890625,13392.5498046875
2010-11-04,3086.93896484375,2967.50341796875,,8342.421875,5416.91845703125,1493.5045166015625,3687.168212890625,13595.578125
2010-11-05,3129.4970703125,2967.50341796875,,8342.421875,5416.91845703125,1493.5045166015625,3687.168212890625,13733.20703125
2010-11-08,3159.511962890625,2967.50341796875,,8342.421875,5416.91845703125,1493.5045166015625,3687.168212890625,13807.14453125
2010-11-09,3135.0,2967.50341796875,,8342.421875,5416.91845703125,1493.5045166015625,3687.168212890625,13714.13671875
2010-11-10,3115.35595703125,2967.50341796875,,8342.421875,5416.91845703125,1493.5045166015625,3687.168212890625,13705.5263671875
2010-11-11,3147.743896484375,2967.50341796875,,8342.421875,5416.91845703125,1493.5045166015625,3687.168212890625,13684.787109375
2010-11-12,2985.43505859375,2967.50341796875,,8342.421875,5416.91845703125,1493.5045166015625,3687.168212890625,12726.3974609375
2010-11-15,3014.4130859375,2967.50341796875,,8342.421875,5416.91845703125,1493.5045166015625,3687.168212890625,12807.9462890625
2010-11-16,2894.5380859375,2967.50341796875,,8342.421875,5416.91845703125,1493.5045166015625,3687.168212890625,12217.1328125
2010-11-17,2838.85693359375,2967.50341796875,,8342.421875,5416.91845703125,1493.5045166015625,3687.168212890625,11917.3564453125
2010-11-18,2865.451904296875,2967.50341796875,,8342.421875,5416.91845703125,1493.5045166015625,3687.168212890625,12146.0146484375
2010-11-19,2888.56591796875,2967.50341796875,,8342.421875,5416.91845703125,1493.5045166015625,3687.168212890625,12295.7109375
2010-11-22,2884.37109375,2967.50341796875,,8342.421875,5416.91845703125,1493.5045166015625,3687.168212890625,12303.4111328125
2010-11-23,2828.281982421875,2967.50341796875,,8342.421875,5416.91845703125,1493.5045166015625,3687.168212890625,12062.2744140625
2010-11-24,2859.93603515625,2967.50341796875,,8342.421875,5416.91845703125,1493.5045166015625,3687.168212890625,12407.521484375
2010-11-25,2898.260986328125,2967.50341796875,,8342.421875,5416.91845703125,1493.5045166015625,3687.168212890625,12603.9384765625
2010-11-26,2871.697998046875,2967.50341796875,,8342.421875,5416.91845703125,1493.5045166015625,3687.168212890625,12538.869140625
2010-11-29,2866.35595703125,2967.50341796875,,8342.421875,5416.91845703125,1493.5045166015625,3687.168212890625,12536.4091796875
2010-11-30,2820.180908203125,2967.50341796875,,8342.421875,5416.91845703125,1493.5045166015625,3687.168212890625,12336.1513671875
2010-12-01,2823.448974609375,2967.50341796875,,8342.421875,5416.91845703125,1493.5045166015625,3687.168212890625,12310.2412109375
2010-12-02,2843.60693359375,2967.50341796875,,8342.421875,5416.91845703125,1493.5045166015625,3687.168212890625,12408.880859375
2010-12-03,2842.429931640625,2967.50341796875,,8342.421875,5416.91845703125,1493.5045166015625,3687.168212890625,12442.8603515625
2010-12-06,2857.177001953125,2967.50341796875,,8342.421875,5416.91845703125,1493.5045166015625,3687.168212890625,12422.650390625
2010-12-07,2875.861083984375,2967.50341796875,,8342.421875,5416.91845703125,1493.5045166015625,3687.168212890625,12656.8583984375
2010-12-08,2848.5458984375,2967.50341796875,,8342.421875,5416.91845703125,1493.5045166015625,3687.168212890625,12615.2685546875
2010-12-09,2810.948974609375,2967.50341796875,,8342.421875,5416.91845703125,1493.5045166015625,3687.168212890625,12353.130859375
2010-12-10,2841.0400390625,2967.50341796875,,8342.421875,5416.91845703125,1493.5045166015625,3687.168212890625,12460.3203125
2010-12-13,2922.9541015625,2967.50341796875,,8342.421875,5416.91845703125,1493.5045166015625,3687.168212890625,12904.875
2010-12-14,2927.076904296875,2967.50341796875,,8342.421875,5416.91845703125,1493.5045166015625,3687.168212890625,12926.4755859375
2010-12-15,2911.4140625,2967.50341796875,,8342.421875,5416.91845703125,1493.5045166015625,3687.168212890625,12829.2158203125
2010-12-16,2898.137939453125,2967.50341796875,,8342.421875,5416.91845703125,1493.5045166015625,3687.168212890625,12795.5361328125
2010-12-17,2893.739990234375,2967.50341796875,,8342.421875,5416.91845703125,1493.5045166015625,3687.168212890625,12759.45703125
2010-12-20,,2967.50341796875,,8342.421875,5416.91845703125,1493.5045166015625,3687.168212890625,12557.408203125
2010-12-21,2904.114990234375,2967.50341796875,,8342.421875,5416.91845703125,1493.5045166015625,3687.168212890625,12872.3056640625
2010-12-22,2877.89990234375,2967.50341796875,,8342.421875,5416.91845703125,1493.5045166015625,3687.168212890625,12766.8076171875
2010-12-23,2855.219970703125,2967.50341796875,,8342.421875,5416.91845703125,1493.5045166015625,3687.168212890625,12644.4384765625
2010-12-24,2835.156982421875,2967.50341796875,,8342.421875,5416.91845703125,1493.5045166015625,3687.168212890625,12556.7080078125
2010-12-27,2781.402099609375,2967.50341796875,,8342.421875,5416.91845703125,1493.5045166015625,3687.168212890625,12303.0517578125
2010-12-28,2732.989990234375,2967.50341796875,,8342.421875,5416.91845703125,1493.5045166015625,3687.168212890625,12063.6640625
2010-12-29,2751.527099609375,2967.50341796875,,8342.421875,5416.91845703125,1493.5045166015625,3687.168212890625,12114.423828125
2010-12-30,2759.574951171875,2967.50341796875,,8342.421875,5416.91845703125,1493.5045166015625,3687.168212890625,12138.7646484375
2010-12-31,2808.076904296875,2967.50341796875,,8342.421875,5416.91845703125,1493.5045166015625,3687.168212890625,12458.41015625
2011-01-04,2852.64794921875,2967.50341796875,,8342.421875,5416.91845703125,1493.5045166015625,3687.168212890625,12714.3671875
2011-01-05,2839.220947265625,2967.50341796875,,8342.421875,5416.91845703125,1493.5045166015625,3687.168212890625,12647.48828125
2011-01-06,2824.197021484375,2967.50341796875,,8342.421875,5416.91845703125,1493.5045166015625,3687.168212890625,12599.5185546875
2011-01-07,2838.801025390625,2967.50341796875,,8342.421875,5416.91845703125,1493.5045166015625,3687.168212890625,12573.798828125
2011-01-10,2791.80908203125,2967.50341796875,,8342.421875,5416.91845703125,1493.5045166015625,3687.168212890625,12331.021484375
2011-01-11,2804.047119140625,2967.50341796875,,8342.421875,5416.91845703125,1493.5045166015625,3687.168212890625,12385.03125
2011-01-12,2821.304931640625,2967.50341796875,,8342.421875,5416.91845703125,1493.5045166015625,3687.168212890625,12409.841796875
2011-01-13,2827.7119140625,2967.50341796875,,8342.421875,5416.91845703125,1493.5045166015625,3687.168212890625,12423.2001953125
2011-01-14,2791.343994140625,2967.50341796875,,8342.421875,5416.91845703125,1493.5045166015625,3687.168212890625,12294.03125
2011-01-17,2706.659912109375,2967.50341796875,,8342.421875,5416.91845703125,1493.5045166015625,3687.168212890625,11734.4892578125
2011-01-18,2708.97900390625,2967.50341796875,,8342.421875,5416.91845703125,1493.5045166015625,3687.168212890625,11771.4580078125
2011-01-19,2758.096923828125,2967.50341796875,,8342.421875,5416.91845703125,1493.5045166015625,3687.168212890625,12066.4140625
2011-01-20,2677.652099609375,2967.50341796875,,8342.421875,5416.91845703125,1493.5045166015625,3687.168212890625,11566.6103515625
2011-01-21,2715.2939453125,2967.50341796875,,8342.421875,5416.91845703125,1493.5045166015625,3687.168212890625,11639.8291015625
2011-01-24,2695.718994140625,2967.50341796875,,8342.421875,5416.91845703125,1493.5045166015625,3687.168212890625,11488.791015625
2011-01-25,2677.431884765625,2967.50341796875,,8342.421875,5416.91845703125,1493.5045166015625,3687.168212890625,11446.2421875
2011-01-26,2708.81396484375,2967.50341796875,,8342.421875,5416.91845703125,1493.5045166015625,3687.168212890625,11599.5400390625
2011-01-27,2749.14990234375,2967.50341796875,,8342.421875,5416.91845703125,1493.5045166015625,3687.168212890625,11795.197265625
2011-01-28,2752.75,2967.50341796875,,8342.421875,5416.91845703125,1493.5045166015625,3687.168212890625,11894.0966796875
2011-01-31,2790.694091796875,2967.50341796875,,8342.421875,5416.91845703125,1493.5045166015625,3687.168212890625,11994.5458984375
2011-02-01,2798.9599609375,2967.50341796875,,8342.421875,5416.91845703125,1493.5045166015625,3687.168212890625,11991.3759765625
2011-02-09,2774.06494140625,2967.50341796875,,8342.421875,5416.91845703125,1493.5045166015625,3687.168212890625,11807.796875
2011-02-10,2818.1630859375,2967.50341796875,,8342.421875,5416.91845703125,1493.5045166015625,3687.168212890625,12170.373046875
2011-02-11,2827.327880859375,2967.50341796875,,8342.421875,5416.91845703125,1493.5045166015625,3687.168212890625,12292.3515625
2011-02-14,2899.134033203125,2967.50341796875,,8342.421875,5416.91845703125,1493.5045166015625,3687.168212890625,12737.6572265625
2011-02-15,2899.237060546875,2967.50341796875,,8342.421875,5416.91845703125,1493.5045166015625,3687.168212890625,12711.4375
2011-02-16,2923.89599609375,2967.50341796875,,8342.421875,5416.91845703125,1493.5045166015625,3687.168212890625,12884.7255859375
2011-02-17,2926.964111328125,2967.50341796875,,8342.421875,5416.91845703125,1493.5045166015625,3687.168212890625,12788.1962890625
2011-02-18,2899.7919921875,2967.50341796875,,8342.421875,5416.91845703125,1493.5045166015625,3687.168212890625,12612.96875
2011-02-21,2932.24609375,2967.50341796875,,8342.421875,5416.91845703125,1493.5045166015625,3687.168212890625,12872.3251953125
2011-02-22,2855.51611328125,2967.50341796875,,8342.421875,5416.91845703125,1493.5045166015625,3687.168212890625,12473.1904296875
2011-02-23,2862.635009765625,2967.50341796875,,8342.421875,5416.91845703125,1493.5045166015625,3687.168212890625,12492.5703125
2011-02-24,2878.60302734375,2967.50341796875,,8342.421875,5416.91845703125,1493.5045166015625,3687.168212890625,12578.2880859375
2011-02-25,2878.56494140625,2967.50341796875,,8342.421875,5416.91845703125,1493.5045166015625,3687.168212890625,12633.73828125
2011-02-28,2905.052978515625,2967.50341796875,,8342.421875,5416.91845703125,1493.5045166015625,3687.168212890625,12902.2958984375
2011-03-01,2918.919921875,2967.50341796875,,8342.421875,5416.91845703125,1493.5045166015625,3687.168212890625,12948.5751953125
2011-03-02,2913.80810546875,2967.50341796875,,8342.421875,5416.91845703125,1493.5045166015625,3687.168212890625,12880.125
2011-03-03,2902.97802734375,2967.50341796875,,8342.421875,5416.91845703125,1493.5045166015625,3687.168212890625,12698.017578125
2011-03-04,2942.305908203125,2967.50341796875,,8342.421875,5416.91845703125,1493.5045166015625,3687.168212890625,12893.6953125
2011-03-07,2996.2109375,2967.50341796875,,8342.421875,5416.91845703125,1493.5045166015625,3687.168212890625,13140.732421875
2011-03-08,2999.94189453125,2967.50341796875,,8342.421875,5416.91845703125,1493.5045166015625,3687.168212890625,13144.0322265625
2011-03-09,3002.154052734375,2967.50341796875,,8342.421875,5416.91845703125,1493.5045166015625,3687.168212890625,13158.072265625
2011-03-10,2957.14306640625,2967.50341796875,,8342.421875,5416.91845703125,1493.5045166015625,3687.168212890625,13004.71484375
2011-03-11,2933.7958984375,2967.50341796875,,8342.421875,5416.91845703125,1493.5045166015625,3687.168212890625,12847.875
2011-03-14,2937.626953125,2967.50341796875,,8342.421875,5416.91845703125,1493.5045166015625,3687.168212890625,12958.1455078125
2011-03-15,2896.256103515625,2967.50341796875,,8342.421875,5416.91845703125,1493.5045166015625,3687.168212890625,12705.177734375
2011-03-16,2930.803955078125,2967.50341796875,,8342.421875,5416.91845703125,1493.5045166015625,3687.168212890625,12865.60546875
2011-03-17,2897.298095703125,2967.50341796875,,8342.421875,5416.91845703125,1493.5045166015625,3687.168212890625,12650.5283203125
2011-03-18,2906.885009765625,2967.50341796875,,8342.421875,5416.91845703125,1493.5045166015625,3687.168212890625,12721.84765625
2011-03-21,2909.136962890625,2967.50341796875,,8342.421875,5416.91845703125,1493.5045166015625,3687.168212890625,12643.5888671875
2011-03-22,2919.14208984375,2967.50341796875,,8342.421875,5416.91845703125,1493.5045166015625,3687.168212890625,12667.1181640625
2011-03-23,2948.47705078125,2967.50341796875,,8342.421875,5416.91845703125,1493.5045166015625,3687.168212890625,12845.3857421875
2011-03-24,2946.7060546875,2967.50341796875,,8342.421875,5416.91845703125,1493.5045166015625,3687.168212890625,12771.3173828125
2011-03-25,2977.81396484375,2967.50341796875,,8342.421875,5416.91845703125,1493.5045166015625,3687.168212890625,12941.92578125
2011-03-28,2984.0048828125,2967.50341796875,,8342.421875,5416.91845703125,1493.5045166015625,3687.168212890625,12875.375
2011-03-29,2958.076904296875,2967.50341796875,,8342.421875,5416.91845703125,1493.5045166015625,3687.168212890625,12677.46875
2011-03-30,2955.77099609375,2967.50341796875,,8342.421875,5416.91845703125,1493.5045166015625,3687.168212890625,12661.078125
2011-03-31,2928.111083984375,2967.50341796875,,8342.421875,5416.91845703125,1493.5045166015625,3687.168212890625,12562.7587890625
2011-04-01,2967.409912109375,2967.50341796875,,8342.421875,5416.91845703125,1493.5045166015625,3687.168212890625,12699.27734375
2011-04-06,3001.360107421875,2967.50341796875,,8342.421875,5416.91845703125,1493.5045166015625,3687.168212890625,12740.7275390625
2011-04-07,3007.908935546875,2967.50341796875,,8342.421875,5416.91845703125,1493.5045166015625,3687.168212890625,12890.515625
2011-04-08,3030.02099609375,2967.50341796875,,8342.421875,5416.91845703125,1493.5045166015625,3687.168212890625,13036.083984375
2011-04-11,3022.74609375,2967.50341796875,,8342.421875,5416.91845703125,1493.5045166015625,3687.168212890625,12924.9052734375
2011-04-12,3021.368896484375,2967.50341796875,,8342.421875,5416.91845703125,1493.5045166015625,3687.168212890625,12902.0751953125
2011-04-13,3050.39697265625,2967.50341796875,,8342.421875,5416.91845703125,1493.5045166015625,3687.168212890625,13101.9326171875
2011-04-14,3042.635009765625,2967.50341796875,,8342.421875,5416.91845703125,1493.5045166015625,3687.168212890625,12991.7841796875
2011-04-15,3050.52587890625,2967.50341796875,,8342.421875,5416.91845703125,1493.5045166015625,3687.168212890625,12965.6044921875
2011-04-18,3057.3291015625,2967.50341796875,,8342.421875,5416.91845703125,1493.5045166015625,3687.168212890625,13001.1845703125
2011-04-19,2999.041015625,2967.50341796875,,8342.421875,5416.91845703125,1493.5045166015625,3687.168212890625,12799.0966796875
2011-04-20,3007.037109375,2967.50341796875,,8342.421875,5416.91845703125,1493.5045166015625,3687.168212890625,12753.70703125
2011-04-21,3026.6669921875,2967.50341796875,,8342.421875,5416.91845703125,1493.5045166015625,3687.168212890625,12798.6064453125
2011-04-22,3010.51708984375,2967.50341796875,,8342.421875,5416.91845703125,1493.5045166015625,3687.168212890625,12708.27734375
2011-04-25,2964.950927734375,2967.50341796875,,8342.421875,5416.91845703125,1493.5045166015625,3687.168212890625,12507.8701171875
2011-04-26,2938.98095703125,2967.50341796875,,8342.421875,5416.91845703125,1493.5045166015625,3687.168212890625,12448.3408203125
2011-04-27,2925.407958984375,2967.50341796875,,8342.421875,5416.91845703125,1493.5045166015625,3687.168212890625,12358.7412109375
2011-04-28,2887.04296875,2967.50341796875,,8342.421875,5416.91845703125,1493.5045166015625,3687.168212890625,12149.1142578125
2011-04-29,2911.510009765625,2967.50341796875,,8342.421875,5416.91845703125,1493.5045166015625,3687.168212890625,12312.8515625
2011-05-03,2932.18798828125,2967.50341796875,,8342.421875,5416.91845703125,1493.5045166015625,3687.168212890625,12423.3203125
2011-05-04,2866.01708984375,2967.50341796875,,8342.421875,5416.91845703125,1493.5045166015625,3687.168212890625,12070.2744140625
2011-05-05,2872.404052734375,2967.50341796875,,8342.421875,5416.91845703125,1493.5045166015625,3687.168212890625,12085.8544921875
2011-05-06,2863.885986328125,2967.50341796875,,8342.421875,5416.91845703125,1493.5045166015625,3687.168212890625,12067.474609375
2011-05-09,2872.4599609375,2967.50341796875,,8342.421875,5416.91845703125,1493.5045166015625,3687.168212890625,12124.8740234375
2011-05-10,2890.634033203125,2967.50341796875,,8342.421875,5416.91845703125,1493.5045166015625,3687.168212890625,12216.8037109375
2011-05-11,2883.419921875,2967.50341796875,,8342.421875,5416.91845703125,1493.5045166015625,3687.168212890625,12202.4833984375
2011-05-12,2844.0830078125,2967.50341796875,,8342.421875,5416.91845703125,1493.5045166015625,3687.168212890625,12072.07421875
2011-05-13,2871.031005859375,2967.50341796875,,8342.421875,5416.91845703125,1493.5045166015625,3687.168212890625,12156.4736328125
2011-05-16,2849.06689453125,2967.50341796875,,8342.421875,5416.91845703125,1493.5045166015625,3687.168212890625,12051.1044921875
2011-05-17,2852.77294921875,2967.50341796875,,8342.421875,5416.91845703125,1493.5045166015625,3687.168212890625,12128.3642578125
2011-05-18,2872.77099609375,2967.50341796875,,8342.421875,5416.91845703125,1493.5045166015625,3687.168212890625,12230.5537109375
2011-05-19,2859.573974609375,2967.50341796875,,8342.421875,5416.91845703125,1493.5045166015625,3687.168212890625,12157.9736328125
2011-05-20,2858.458984375,2967.50341796875,,8342.421875,5416.91845703125,1493.5045166015625,3687.168212890625,12160.8935546875
2011-05-23,2774.569091796875,2967.50341796875,,8342.421875,5416.91845703125,1493.5045166015625,3687.168212890625,11742.0595703125
2011-05-24,2767.055908203125,2967.50341796875,,8342.421875,5416.91845703125,1493.5045166015625,3687.168212890625,11749.7890625
2011-05-25,2741.740966796875,2967.50341796875,,8342.421875,5416.91845703125,1493.5045166015625,3687.168212890625,11615.2900390625
2011-05-26,2736.527099609375,2967.50341796875,,8342.421875,5416.91845703125,1493.5045166015625,3687.168212890625,11530.5712890625
2011-05-27,2709.947021484375,2967.50341796875,,8342.421875,5416.91845703125,1493.5045166015625,3687.168212890625,11492.5810546875
2011-05-30,2706.361083984375,2967.50341796875,,8342.421875,5416.91845703125,1493.5045166015625,3687.168212890625,11478.08203125
2011-05-31,2743.471923828125,2967.50341796875,,8342.421875,5416.91845703125,1493.5045166015625,3687.168212890625,11665.0087890625
2011-06-01,2743.572021484375,2967.50341796875,,8342.421875,5416.91845703125,1493.5045166015625,3687.168212890625,11699.69921875
2011-06-02,2705.180908203125,2967.50341796875,,8342.421875,5416.91845703125,1493.5045166015625,3687.168212890625,11506.390625
2011-06-03,2728.02001953125,2967.50341796875,,8342.421875,5416.91845703125,1493.5045166015625,3687.168212890625,11642.26953125
2011-06-07,2744.300048828125,2967.50341796875,,8342.421875,5416.91845703125,1493.5045166015625,3687.168212890625,11741.12890625
2011-06-08,2750.2880859375,2967.50341796875,,8342.421875,5416.91845703125,1493.5045166015625,3687.168212890625,11760.9677734375
2011-06-09,2703.344970703125,2967.50341796875,,8342.421875,5416.91845703125,1493.5045166015625,3687.168212890625,11513.0712890625
2011-06-10,2705.14306640625,2967.50341796875,,8342.421875,5416.91845703125,1493.5045166015625,3687.168212890625,11593.25
2011-06-13,2700.37890625,2967.50341796875,,8342.421875,5416.91845703125,1493.5045166015625,3687.168212890625,11521.8515625
2011-06-14,2730.0400390625,2967.50341796875,,8342.421875,5416.91845703125,1493.5045166015625,3687.168212890625,11731.9091796875
2011-06-15,2705.430908203125,2967.50341796875,,8342.421875,5416.91845703125,1493.5045166015625,3687.168212890625,11615.83984375
2011-06-16,2664.281982421875,2967.50341796875,,8342.421875,5416.91845703125,1493.5045166015625,3687.168212890625,11435.8623046875
2011-06-17,2642.818115234375,2967.50341796875,,8342.421875,5416.91845703125,1493.5045166015625,3687.168212890625,11409.0322265625
2011-06-20,2621.2529296875,2967.50341796875,,8342.421875,5416.91845703125,1493.5045166015625,3687.168212890625,11328.54296875
2011-06-21,2646.48291015625,2967.50341796875,,8342.421875,5416.91845703125,1493.5045166015625,3687.168212890625,11509.8515625
2011-06-22,2649.321044921875,2967.50341796875,,8342.421875,5416.91845703125,1493.5045166015625,3687.168212890625,11543.5205078125
2011-06-23,2688.2490234375,2967.50341796875,,8342.421875,5416.91845703125,1493.5045166015625,3687.168212890625,11775.1884765625
2011-06-24,2746.2109375,2967.50341796875,,8342.421875,5416.91845703125,1493.5045166015625,3687.168212890625,11995.9462890625
2011-06-27,2758.22998046875,2967.50341796875,,8342.421875,5416.91845703125,1493.5045166015625,3687.168212890625,12026.1552734375
2011-06-28,2759.201904296875,2967.50341796875,,8342.421875,5416.91845703125,1493.5045166015625,3687.168212890625,12046.9541015625
2011-06-29,2728.48291015625,2967.50341796875,,8342.421875,5416.91845703125,1493.5045166015625,3687.168212890625,11913.06640625
2011-06-30,2762.075927734375,2967.50341796875,,8342.421875,5416.91845703125,1493.5045166015625,3687.168212890625,12110.7939453125
2011-07-01,2759.362060546875,2967.50341796875,,8342.421875,5416.91845703125,1493.5045166015625,3687.168212890625,12177.943359375
2011-07-04,2812.818115234375,2967.50341796875,,8342.421875,5416.91845703125,1493.5045166015625,3687.168212890625,12441.0302734375
2011-07-05,2816.35400390625,2967.50341796875,,8342.421875,5416.91845703125,1493.5045166015625,3687.168212890625,12440.23046875
2011-07-06,2810.47900390625,2967.50341796875,,8342.421875,5416.91845703125,1493.5045166015625,3687.168212890625,12425.5400390625
2011-07-07,2794.26708984375,2967.50341796875,,8342.421875,5416.91845703125,1493.5045166015625,3687.168212890625,12392.791015625
2011-07-08,2797.77294921875,2967.50341796875,,8342.421875,5416.91845703125,1493.5045166015625,3687.168212890625,12404.201171875
2011-07-11,2802.69189453125,2967.50341796875,,8342.421875,5416.91845703125,1493.5045166015625,3687.168212890625,12438.419921875
2011-07-12,2754.58203125,2967.50341796875,,8342.421875,5416.91845703125,1493.5045166015625,3687.168212890625,12268.0537109375
2011-07-13,2795.47607421875,2967.50341796875,,8342.421875,5416.91845703125,1493.5045166015625,3687.168212890625,12479.0107421875
2011-07-14,2810.444091796875,2967.50341796875,,8342.421875,5416.91845703125,1493.5045166015625,3687.168212890625,12440.6904296875
2011-07-15,2820.1689453125,2967.50341796875,,8342.421875,5416.91845703125,1493.5045166015625,3687.168212890625,12506.80078125
2011-07-18,2816.68798828125,2967.50341796875,,8342.421875,5416.91845703125,1493.5045166015625,3687.168212890625,12490.41015625
2011-07-19,2796.98291015625,2967.50341796875,,8342.421875,5416.91845703125,1493.5045166015625,3687.168212890625,12381.3212890625
2011-07-20,2794.205078125,2967.50341796875,,8342.421875,5416.91845703125,1493.5045166015625,3687.168212890625,12393.8515625
2011-07-21,2765.89404296875,2967.50341796875,,8342.421875,5416.91845703125,1493.5045166015625,3687.168212890625,12301.271484375
2011-07-22,2770.7900390625,2967.50341796875,,8342.421875,5416.91845703125,1493.5045166015625,3687.168212890625,12352.361328125
2011-07-25,2688.74609375,2967.50341796875,,8342.421875,5416.91845703125,1493.5045166015625,3687.168212890625,11966.1064453125
2011-07-26,2703.02587890625,2967.50341796875,,8342.421875,5416.91845703125,1493.5045166015625,3687.168212890625,12008.396484375
2011-07-27,2723.491943359375,2967.50341796875,,8342.421875,5416.91845703125,1493.5045166015625,3687.168212890625,12116.724609375
2011-07-28,2708.777099609375,2967.50341796875,,8342.421875,5416.91845703125,1493.5045166015625,3687.168212890625,12085.7841796875
2011-07-29,2701.72900390625,2967.50341796875,,8342.421875,5416.91845703125,1493.5045166015625,3687.168212890625,11990.2958984375
2011-08-01,2703.782958984375,2967.50341796875,,8342.421875,5416.91845703125,1493.5045166015625,3687.168212890625,12002.2861328125
2011-08-02,2679.259033203125,2967.50341796875,,8342.421875,5416.91845703125,1493.5045166015625,3687.168212890625,11931.90625
2011-08-03,2678.485107421875,2967.50341796875,,8342.421875,5416.91845703125,1493.5045166015625,3687.168212890625,11922.236328125
2011-08-04,2684.0390625,2967.50341796875,,8342.421875,5416.91845703125,1493.5045166015625,3687.168212890625,11934.2763671875
2011-08-05,2626.423095703125,2967.50341796875,,8342.421875,5416.91845703125,1493.5045166015625,3687.168212890625,11701.62890625
2011-08-08,2526.81591796875,2967.50341796875,,8342.421875,5416.91845703125,1493.5045166015625,3687.168212890625,11312.5029296875
2011-08-09,2526.070068359375,2967.50341796875,,8342.421875,5416.91845703125,1493.5045166015625,3687.168212890625,11314.953125
2011-08-10,2549.176025390625,2967.50341796875,,8342.421875,5416.91845703125,1493.5045166015625,3687.168212890625,11449.4521484375
2011-08-11,2581.508056640625,2967.50341796875,,8342.421875,5416.91845703125,1493.5045166015625,3687.168212890625,11627.359375
2011-08-12,2593.173095703125,2967.50341796875,,8342.421875,5416.91845703125,1493.5045166015625,3687.168212890625,11651.1591796875
2011-08-15,2626.77001953125,2967.50341796875,,8342.421875,5416.91845703125,1493.5045166015625,3687.168212890625,11767.6083984375
2011-08-16,2608.166015625,2967.50341796875,,8342.421875,5416.91845703125,1493.5045166015625,3687.168212890625,11665.279296875
2011-08-17,2601.260986328125,2967.50341796875,,8342.421875,5416.91845703125,1493.5045166015625,3687.168212890625,11598.150390625
2011-08-18,2559.471923828125,2967.50341796875,,8342.421875,5416.91845703125,1493.5045166015625,3687.168212890625,11414.0322265625
2011-08-19,2534.35791015625,2967.50341796875,,8342.421875,5416.91845703125,1493.5045166015625,3687.168212890625,11301.4033203125
2011-08-22,2515.863037109375,2967.50341796875,,8342.421875,5416.91845703125,1493.5045166015625,3687.168212890625,11112.5146484375
2011-08-23,2554.01904296875,2967.50341796875,,8342.421875,5416.91845703125,1493.5045166015625,3687.168212890625,11243.2939453125
2011-08-24,2541.091064453125,2967.50341796875,,8342.421875,5416.91845703125,1493.5045166015625,3687.168212890625,11238.82421875
2011-08-25,2615.260986328125,2967.50341796875,,8342.421875,5416.91845703125,1493.5045166015625,3687.168212890625,11598.7998046875
2011-08-26,2612.18798828125,2967.50341796875,,8342.421875,5416.91845703125,1493.5045166015625,3687.168212890625,11568.0400390625
2011-08-29,2576.4130859375,2967.50341796875,,8342.421875,5416.91845703125,1493.5045166015625,3687.168212890625,11372.251953125
2011-08-30,2566.594970703125,2967.50341796875,,8342.421875,5416.91845703125,1493.5045166015625,3687.168212890625,11344.3232421875
2011-08-31,2567.340087890625,2967.50341796875,,8342.421875,5416.91845703125,1493.5045166015625,3687.168212890625,11397.3525390625
2011-09-01,2556.0419921875,2967.50341796875,,8342.421875,5416.91845703125,1493.5045166015625,3687.168212890625,11352.732421875
2011-09-02,2528.280029296875,2967.50341796875,,8342.421875,5416.91845703125,1493.5045166015625,3687.168212890625,11228.173828125
2011-09-05,2478.739013671875,2967.50341796875,,8342.421875,5416.91845703125,1493.5045166015625,3687.168212890625,10954.77734375
2011-09-06,2470.52392578125,2967.50341796875,,8342.421875,5416.91845703125,1493.5045166015625,3687.168212890625,10778.3095703125
2011-09-07,2516.090087890625,2967.50341796875,,8342.421875,5416.91845703125,1493.5045166015625,3687.168212890625,11011.056640625
2011-09-08,2498.943115234375,2967.50341796875,,8342.421875,5416.91845703125,1493.5045166015625,3687.168212890625,10933.1875
2011-09-09,2497.7529296875,2967.50341796875,,8342.421875,5416.91845703125,1493.5045166015625,3687.168212890625,10892.267578125
2011-09-13,2471.304931640625,2967.50341796875,,8342.421875,5416.91845703125,1493.5045166015625,3687.168212890625,10775.1796875
2011-09-14,2484.826904296875,2967.50341796875,,8342.421875,5416.91845703125,1493.5045166015625,3687.168212890625,10822.2783203125
2011-09-15,2479.054931640625,2967.50341796875,,8342.421875,5416.91845703125,1493.5045166015625,3687.168212890625,10847.8974609375
2011-09-16,2482.343017578125,2967.50341796875,,8342.421875,5416.91845703125,1493.5045166015625,3687.168212890625,10878.1083984375
2011-09-19,2437.794921875,2967.50341796875,,8342.421875,5416.91845703125,1493.5045166015625,3687.168212890625,10657.5107421875
2011-09-20,2447.7548828125,2967.50341796875,,8342.421875,5416.91845703125,1493.5045166015625,3687.168212890625,10679.1796875
2011-09-21,2512.962890625,2967.50341796875,,8342.421875,5416.91845703125,1493.5045166015625,3687.168212890625,10991.7265625
2011-09-22,2443.055908203125,2967.50341796875,,8342.421875,5416.91845703125,1493.5045166015625,3687.168212890625,10660.3505859375
2011-09-23,2433.158935546875,2967.50341796875,,8342.421875,5416.91845703125,1493.5045166015625,3687.168212890625,10538.283203125
2011-09-26,2393.18310546875,2967.50341796875,,8342.421875,5416.91845703125,1493.5045166015625,3687.168212890625,10328.353515625
2011-09-27,2415.053955078125,2967.50341796875,,8342.421875,5416.91845703125,1493.5045166015625,3687.168212890625,10448.54296875
2011-09-28,2392.06201171875,2967.50341796875,,8342.421875,5416.91845703125,1493.5045166015625,3687.168212890625,10369.8134765625
2011-09-29,2365.343017578125,2967.50341796875,,8342.421875,5416.91845703125,1493.5045166015625,3687.168212890625,10287.78515625
2011-09-30,2359.218994140625,2967.50341796875,,8342.421875,5416.91845703125,1493.5045166015625,3687.168212890625,10292.21484375
2011-10-10,2344.787109375,2967.50341796875,,8342.421875,5416.91845703125,1493.5045166015625,3687.168212890625,10170.6357421875
2011-10-11,2348.51611328125,2967.50341796875,,8342.421875,5416.91845703125,1493.5045166015625,3687.168212890625,10065.3564453125
2011-10-12,2420.0,2967.50341796875,,8342.421875,5416.91845703125,1493.5045166015625,3687.168212890625,10425.8125
2011-10-13,2438.7900390625,2967.50341796875,,8342.421875,5416.91845703125,1493.5045166015625,3687.168212890625,10481.72265625
2011-10-14,2431.375,2967.50341796875,,8342.421875,5416.91845703125,1493.5045166015625,3687.168212890625,10438.142578125
2011-10-17,2440.402099609375,2967.50341796875,,8342.421875,5416.91845703125,1493.5045166015625,3687.168212890625,10513.373046875
2011-10-18,2383.485107421875,2967.50341796875,,8342.421875,5416.91845703125,1493.5045166015625,3687.168212890625,10226.8154296875
2011-10-19,2377.511962890625,2967.50341796875,,8342.421875,5416.91845703125,1493.5045166015625,3687.168212890625,10105.626953125
2011-10-20,2331.365966796875,2967.50341796875,,8342.421875,5416.91845703125,1493.5045166015625,3687.168212890625,9796.12109375
2011-10-21,2317.27490234375,2967.50341796875,,8342.421875,5416.91845703125,1493.5045166015625,3687.168212890625,9697.1015625
2011-10-24,2370.3330078125,2967.50341796875,,8342.421875,5416.91845703125,1493.5045166015625,3687.168212890625,9957.5087890625
2011-10-25,2409.672119140625,2967.50341796875,,8342.421875,5416.91845703125,1493.5045166015625,3687.168212890625,10203.2861328125
2011-10-26,2427.47998046875,2967.50341796875,,8342.421875,5416.91845703125,1493.5045166015625,3687.168212890625,10315.6337890625
2011-10-27,2435.614990234375,2967.50341796875,,8342.421875,5416.91845703125,1493.5045166015625,3687.168212890625,10323.173828125
2011-10-28,2473.409912109375,2967.50341796875,,8342.421875,5416.91845703125,1493.5045166015625,3687.168212890625,10561.87109375
2011-10-31,2468.25,2967.50341796875,,8342.421875,5416.91845703125,1493.5045166015625,3687.168212890625,10480.79296875
2011-11-01,2470.01904296875,2967.50341796875,,8342.421875,5416.91845703125,1493.5045166015625,3687.168212890625,10441.5830078125
2011-11-02,2504.10791015625,2967.50341796875,,8342.421875,5416.91845703125,1493.5045166015625,3687.168212890625,10581.630859375
2011-11-03,2508.090087890625,2967.50341796875,,8342.421875,5416.91845703125,1493.5045166015625,3687.168212890625,10624.0009765625
2011-11-04,2528.2939453125,2967.50341796875,,8342.421875,5416.91845703125,1493.5045166015625,3687.168212890625,10699.3701171875
2011-11-07,2509.799072265625,2967.50341796875,,8342.421875,5416.91845703125,1493.5045166015625,3687.168212890625,10591.541015625
2011-11-08,2503.8359375,2967.50341796875,,8342.421875,5416.91845703125,1493.5045166015625,3687.168212890625,10540.982421875
2011-11-09,2524.9189453125,2967.50341796875,,8342.421875,5416.91845703125,1493.5045166015625,3687.168212890625,10625.7607421875
2011-11-10,2479.535888671875,2967.50341796875,,8342.421875,5416.91845703125,1493.5045166015625,3687.168212890625,10477.4326171875
2011-11-11,2481.083984375,2967.50341796875,,8342.421875,5416.91845703125,1493.5045166015625,3687.168212890625,10418.8125
2011-11-14,2528.714111328125,2967.50341796875,,8342.421875,5416.91845703125,1493.5045166015625,3687.168212890625,10645.560546875
2011-11-15,2529.760986328125,2967.50341796875,,8342.421875,5416.91845703125,1493.5045166015625,3687.168212890625,10582.880859375
2011-11-16,2466.958984375,2967.50341796875,,8342.421875,5416.91845703125,1493.5045166015625,3687.168212890625,10313.2138671875
2011-11-17,2463.0458984375,2967.50341796875,,8342.421875,5416.91845703125,1493.5045166015625,3687.168212890625,10303.0439453125
2011-11-18,2416.56201171875,2967.50341796875,,8342.421875,5416.91845703125,1493.5045166015625,3687.168212890625,10025.0576171875
2011-11-21,2415.1298828125,2967.50341796875,,8342.421875,5416.91845703125,1493.5045166015625,3687.168212890625,10033.677734375
2011-11-22,2412.625,2967.50341796875,,8342.421875,5416.91845703125,1493.5045166015625,3687.168212890625,10028.087890625
2011-11-23,2395.06396484375,2967.50341796875,,8342.421875,5416.91845703125,1493.5045166015625,3687.168212890625,9957.208984375
2011-11-24,2397.553955078125,2967.50341796875,,8342.421875,5416.91845703125,1493.5045166015625,3687.168212890625,9966.62890625
2011-11-25,2380.22412109375,2967.50341796875,,8342.421875,5416.91845703125,1493.5045166015625,3687.168212890625,9886.138671875
2011-11-28,2383.033935546875,2967.50341796875,,8342.421875,5416.91845703125,1493.5045166015625,3687.168212890625,9884.5888671875
2011-11-29,2412.39306640625,2967.50341796875,,8342.421875,5416.91845703125,1493.5045166015625,3687.168212890625,10012.828125
2011-11-30,2333.4140625,2967.50341796875,,8342.421875,5416.91845703125,1493.5045166015625,3687.168212890625,9693.28125
2011-12-01,2386.860107421875,2967.50341796875,,8342.421875,5416.91845703125,1493.5045166015625,3687.168212890625,9917.7490234375
2011-12-02,2360.6640625,2967.50341796875,,8342.421875,5416.91845703125,1493.5045166015625,3687.168212890625,9808.1201171875
2011-12-05,2333.22900390625,2967.50341796875,,8342.421875,5416.91845703125,1493.5045166015625,3687.168212890625,9585.97265625
2011-12-06,2325.905029296875,2967.50341796875,,8342.421875,5416.91845703125,1493.5045166015625,3687.168212890625,9586.8330078125
2011-12-07,2332.72998046875,2967.50341796875,,8342.421875,5416.91845703125,1493.5045166015625,3687.168212890625,9606.1416015625
2011-12-08,2329.820068359375,2967.50341796875,,8342.421875,5416.91845703125,1493.5045166015625,3687.168212890625,9580.412109375
2011-12-09,2315.27001953125,2967.50341796875,,8342.421875,5416.91845703125,1493.5045166015625,3687.168212890625,9480.1630859375
2011-12-12,2291.544921875,2967.50341796875,,8342.421875,5416.91845703125,1493.5045166015625,3687.168212890625,9376.1748046875
2011-12-13,2248.590087890625,2967.50341796875,,8342.421875,5416.91845703125,1493.5045166015625,3687.168212890625,9190.77734375
2011-12-14,2228.52490234375,2967.50341796875,,8342.421875,5416.91845703125,1493.5045166015625,3687.168212890625,9092.927734375
2011-12-15,2180.89501953125,2967.50341796875,,8342.421875,5416.91845703125,1493.5045166015625,3687.168212890625,8870.990234375
2011-12-16,2224.840087890625,2967.50341796875,,8342.421875,5416.91845703125,1493.5045166015625,3687.168212890625,9081.837890625
2011-12-19,2218.235107421875,2967.50341796875,,8342.421875,5416.91845703125,1493.5045166015625,3687.168212890625,9053.9794921875
2011-12-20,2215.929931640625,2967.50341796875,,8342.421875,5416.91845703125,1493.5045166015625,3687.168212890625,9031.5693359375
2011-12-21,2191.14794921875,2967.50341796875,,8342.421875,5416.91845703125,1493.5045166015625,3687.168212890625,8884.150390625
2011-12-22,2186.2958984375,2967.50341796875,,8342.421875,5416.91845703125,1493.5045166015625,3687.168212890625,8909.25
2011-12-23,2204.783935546875,2967.50341796875,,8342.421875,5416.91845703125,1493.5045166015625,3687.168212890625,8976.4189453125
2011-12-26,2190.110107421875,2967.50341796875,,8342.421875,5416.91845703125,1493.5045166015625,3687.168212890625,8876.0908203125
2011-12-27,2166.205078125,2967.50341796875,,8342.421875,5416.91845703125,1493.5045166015625,3687.168212890625,8711.4521484375
2011-12-28,2170.012939453125,2967.50341796875,,8342.421875,5416.91845703125,1493.5045166015625,3687.168212890625,8739.6328125
2011-12-29,2173.56103515625,2967.50341796875,,8342.421875,5416.91845703125,1493.5045166015625,3687.168212890625,8781.22265625
2011-12-30,2199.4169921875,2967.50341796875,,8342.421875,5416.91845703125,1493.5045166015625,3687.168212890625,8918.720703125
2012-01-04,2169.389892578125,2967.50341796875,,8342.421875,5416.91845703125,1493.5045166015625,3687.168212890625,8695.892578125
2012-01-05,2148.451904296875,2967.50341796875,,8342.421875,5416.91845703125,1493.5045166015625,3687.168212890625,8600.1630859375
2012-01-06,2163.39501953125,2967.50341796875,,8342.421875,5416.91845703125,1493.5045166015625,3687.168212890625,8634.3232421875
2012-01-09,2225.889892578125,2967.50341796875,,8342.421875,5416.91845703125,1493.5045166015625,3687.168212890625,8945.9794921875
2012-01-10,2285.743896484375,2967.50341796875,,8342.421875,5416.91845703125,1493.5045166015625,3687.168212890625,9281.146484375
2012-01-11,2276.0458984375,2967.50341796875,,8342.421875,5416.91845703125,1493.5045166015625,3687.168212890625,9239.1064453125
2012-01-12,2275.010009765625,2967.50341796875,,8342.421875,5416.91845703125,1493.5045166015625,3687.168212890625,9200.826171875
2012-01-13,2244.580078125,2967.50341796875,,8342.421875,5416.91845703125,1493.5045166015625,3687.168212890625,9030.4892578125
2012-01-16,2206.193115234375,2967.50341796875,,8342.421875,5416.91845703125,1493.5045166015625,3687.168212890625,8827.3701171875
2012-01-17,2298.375,2967.50341796875,,8342.421875,5416.91845703125,1493.5045166015625,3687.168212890625,9263.986328125
2012-01-18,2266.384033203125,2967.50341796875,,8342.421875,5416.91845703125,1493.5045166015625,3687.168212890625,9115.1669921875
2012-01-19,2296.074951171875,2967.50341796875,,8342.421875,5416.91845703125,1493.5045166015625,3687.168212890625,9300.1162109375
2012-01-20,2319.117919921875,2967.50341796875,,8342.421875,5416.91845703125,1493.5045166015625,3687.168212890625,9466.0341796875
2012-01-30,2285.0380859375,2967.50341796875,,8342.421875,5416.91845703125,1493.5045166015625,3687.168212890625,9274.74609375
2012-01-31,2292.610107421875,2967.50341796875,,8342.421875,5416.91845703125,1493.5045166015625,3687.168212890625,9303.546875
2012-02-01,2268.080078125,2967.50341796875,,8342.421875,5416.91845703125,1493.5045166015625,3687.168212890625,9193.287109375
2012-02-02,2312.555908203125,2967.50341796875,,8342.421875,5416.91845703125,1493.5045166015625,3687.168212890625,9382.0244140625
2012-02-03,2330.405029296875,2967.50341796875,,8342.421875,5416.91845703125,1493.5045166015625,3687.168212890625,9436.884765625
2012-02-06,2331.135986328125,2967.50341796875,,8342.421875,5416.91845703125,1493.5045166015625,3687.168212890625,9448.5341796875
2012-02-07,2291.902099609375,2967.50341796875,,8342.421875,5416.91845703125,1493.5045166015625,3687.168212890625,9266.6064453125
2012-02-08,2347.530029296875,2967.50341796875,,8342.421875,5416.91845703125,1493.5045166015625,3687.168212890625,9557.47265625
2012-02-09,2349.589111328125,2967.50341796875,,8342.421875,5416.91845703125,1493.5045166015625,3687.168212890625,9560.623046875
2012-02-10,2351.98095703125,2967.50341796875,,8342.421875,5416.91845703125,1493.5045166015625,3687.168212890625,9590.8427734375
2012-02-13,2351.85400390625,2967.50341796875,,8342.421875,5416.91845703125,1493.5045166015625,3687.168212890625,9584.97265625
2012-02-14,2344.77099609375,2967.50341796875,,8342.421875,5416.91845703125,1493.5045166015625,3687.168212890625,9543.673828125
2012-02-15,2366.701904296875,2967.50341796875,,8342.421875,5416.91845703125,1493.5045166015625,3687.168212890625,9673.33203125
2012-02-16,2356.860107421875,2967.50341796875,,8342.421875,5416.91845703125,1493.5045166015625,3687.168212890625,9622.7216796875
2012-02-17,2357.180908203125,2967.50341796875,,8342.421875,5416.91845703125,1493.5045166015625,3687.168212890625,9615.2314453125
2012-02-20,2363.596923828125,2967.50341796875,,8342.421875,5416.91845703125,1493.5045166015625,3687.168212890625,9616.5419921875
2012-02-21,2381.429931640625,2967.50341796875,,8342.421875,5416.91845703125,1493.5045166015625,3687.168212890625,9695.76171875
2012-02-22,2403.5869140625,2967.50341796875,,8342.421875,5416.91845703125,1493.5045166015625,3687.168212890625,9862.4296875
2012-02-23,2409.553955078125,2967.50341796875,,8342.421875,5416.91845703125,1493.5045166015625,3687.168212890625,9918.8291015625
2012-02-24,2439.626953125,2967.50341796875,,8342.421875,5416.91845703125,1493.5045166015625,3687.168212890625,10124.037109375
2012-02-27,2447.056884765625,2967.50341796875,,8342.421875,5416.91845703125,1493.5045166015625,3687.168212890625,10177.2158203125
2012-02-28,2451.85693359375,2967.50341796875,,8342.421875,5416.91845703125,1493.5045166015625,3687.168212890625,10161.74609375
2012-02-29,2428.487060546875,2967.50341796875,,8342.421875,5416.91845703125,1493.5045166015625,3687.168212890625,10054.7265625
2012-03-01,2426.114990234375,2967.50341796875,,8342.421875,5416.91845703125,1493.5045166015625,3687.168212890625,10060.8466796875
2012-03-02,2460.693115234375,2967.50341796875,,8342.421875,5416.91845703125,1493.5045166015625,3687.168212890625,10299.8251953125
2012-03-05,2445.001953125,2967.50341796875,,8342.421875,5416.91845703125,1493.5045166015625,3687.168212890625,10226.326171875
2012-03-06,2410.445068359375,2967.50341796875,,8342.421875,5416.91845703125,1493.5045166015625,3687.168212890625,10093.6962890625
2012-03-07,2394.7939453125,2967.50341796875,,8342.421875,5416.91845703125,1493.5045166015625,3687.168212890625,10054.7568359375
2012-03-08,2420.27587890625,2967.50341796875,,8342.421875,5416.91845703125,1493.5045166015625,3687.168212890625,10171.015625
2012-03-09,2439.4619140625,2967.50341796875,,8342.421875,5416.91845703125,1493.5045166015625,3687.168212890625,10334.263671875
2012-03-12,2434.85791015625,2967.50341796875,,8342.421875,5416.91845703125,1493.5045166015625,3687.168212890625,10300.384765625
2012-03-13,2455.7939453125,2967.50341796875,,8342.421875,5416.91845703125,1493.5045166015625,3687.168212890625,10427.123046875
2012-03-14,2391.22998046875,2967.50341796875,,8342.421875,5416.91845703125,1493.5045166015625,3687.168212890625,10094.7763671875
2012-03-15,2373.77392578125,2967.50341796875,,8342.421875,5416.91845703125,1493.5045166015625,3687.168212890625,10086.4462890625
2012-03-16,2404.736083984375,2967.50341796875,,8342.421875,5416.91845703125,1493.5045166015625,3687.168212890625,10279.1845703125
2012-03-19,2410.18408203125,2967.50341796875,,8342.421875,5416.91845703125,1493.5045166015625,3687.168212890625,10296.0546875
2012-03-20,2376.839111328125,2967.50341796875,,8342.421875,5416.91845703125,1493.5045166015625,3687.168212890625,10116.2763671875
2012-03-21,2378.195068359375,2967.50341796875,,8342.421875,5416.91845703125,1493.5045166015625,3687.168212890625,10090.3271484375
2012-03-22,2375.77197265625,2967.50341796875,,8342.421875,5416.91845703125,1493.5045166015625,3687.168212890625,10038.837890625
2012-03-23,2349.5390625,2967.50341796875,,8342.421875,5416.91845703125,1493.5045166015625,3687.168212890625,9885.138671875
2012-03-26,2350.59912109375,2967.50341796875,,8342.421875,5416.91845703125,1493.5045166015625,3687.168212890625,9946.0283203125
2012-03-27,2347.178955078125,2967.50341796875,,8342.421875,5416.91845703125,1493.5045166015625,3687.168212890625,9841.26953125
2012-03-28,2284.881103515625,2967.50341796875,,8342.421875,5416.91845703125,1493.5045166015625,3687.168212890625,9531.0439453125
2012-03-29,2252.159912109375,2967.50341796875,,8342.421875,5416.91845703125,1493.5045166015625,3687.168212890625,9418.125
2012-03-30,2262.7880859375,2967.50341796875,,8342.421875,5416.91845703125,1493.5045166015625,3687.168212890625,9410.154296875
2012-04-05,2302.240966796875,2967.50341796875,,8342.421875,5416.91845703125,1493.5045166015625,3687.168212890625,9708.921875
2012-04-06,2306.552001953125,2967.50341796875,,8342.421875,5416.91845703125,1493.5045166015625,3687.168212890625,9786.0810546875
2012-04-09,2285.777099609375,2967.50341796875,,8342.421875,5416.91845703125,1493.5045166015625,3687.168212890625,9710.8017578125
2012-04-10,2305.863037109375,2967.50341796875,,8342.421875,5416.91845703125,1493.5045166015625,3687.168212890625,9795.8603515625
2012-04-11,2308.925048828125,2967.50341796875,,8342.421875,5416.91845703125,1493.5045166015625,3687.168212890625,9802.2109375
2012-04-12,2350.864013671875,2967.50341796875,,8342.421875,5416.91845703125,1493.5045166015625,3687.168212890625,10007.5380859375
2012-04-13,2359.160888671875,2967.50341796875,,8342.421875,5416.91845703125,1493.5045166015625,3687.168212890625,10043.607421875
2012-04-16,2357.02587890625,2967.50341796875,,8342.421875,5416.91845703125,1493.5045166015625,3687.168212890625,10000.1982421875
2012-04-17,2334.985107421875,2967.50341796875,,8342.421875,5416.91845703125,1493.5045166015625,3687.168212890625,9839.8095703125
2012-04-18,2380.847900390625,2967.50341796875,,8342.421875,5416.91845703125,1493.5045166015625,3687.168212890625,10069.4169921875
2012-04-19,2378.634033203125,2967.50341796875,,8342.421875,5416.91845703125,1493.5045166015625,3687.168212890625,10015.2978515625
2012-04-20,2406.863037109375,2967.50341796875,,8342.421875,5416.91845703125,1493.5045166015625,3687.168212890625,10130.9267578125
2012-04-23,2388.587890625,2967.50341796875,,8342.421875,5416.91845703125,1493.5045166015625,3687.168212890625,10075.9365234375
2012-04-24,2388.833984375,2967.50341796875,,8342.421875,5416.91845703125,1493.5045166015625,3687.168212890625,10041.77734375
2012-04-25,2406.81298828125,2967.50341796875,,8342.421875,5416.91845703125,1493.5045166015625,3687.168212890625,10161.8955078125
2012-04-26,2404.697021484375,2967.50341796875,,8342.421875,5416.91845703125,1493.5045166015625,3687.168212890625,10201.5361328125
2012-04-27,2396.31591796875,2967.50341796875,,8342.421875,5416.91845703125,1493.5045166015625,3687.168212890625,10180.275390625
2012-05-02,2438.43603515625,2967.50341796875,,8342.421875,5416.91845703125,1493.5045166015625,3687.168212890625,10424.8232421875
2012-05-03,2440.080078125,2967.50341796875,,8342.421875,5416.91845703125,1493.5045166015625,3687.168212890625,10468.2626953125
2012-05-04,2452.013916015625,2967.50341796875,,8342.421875,5416.91845703125,1493.5045166015625,3687.168212890625,10573.48046875
2012-05-07,2451.947021484375,2967.50341796875,,8342.421875,5416.91845703125,1493.5045166015625,3687.168212890625,10612.7705078125
2012-05-08,2448.884033203125,2967.50341796875,,8342.421875,5416.91845703125,1493.5045166015625,3687.168212890625,10524.5625
2012-05-09,2408.5859375,2967.50341796875,,8342.421875,5416.91845703125,1493.5045166015625,3687.168212890625,10294.46484375
2012-05-10,2410.22900390625,2967.50341796875,,8342.421875,5416.91845703125,1493.5045166015625,3687.168212890625,10277.5048828125
2012-05-11,2394.98193359375,2967.50341796875,,8342.421875,5416.91845703125,1493.5045166015625,3687.168212890625,10211.2958984375
2012-05-14,2380.72509765625,2967.50341796875,,8342.421875,5416.91845703125,1493.5045166015625,3687.168212890625,10093.2666015625
2012-05-15,2374.843017578125,2967.50341796875,,8342.421875,5416.91845703125,1493.5045166015625,3687.168212890625,10131.6962890625
2012-05-16,2346.19189453125,2967.50341796875,,8342.421875,5416.91845703125,1493.5045166015625,3687.168212890625,9916.3583984375
2012-05-17,2378.885986328125,2967.50341796875,,8342.421875,5416.91845703125,1493.5045166015625,3687.168212890625,10079.3671875
2012-05-18,2344.52099609375,2967.50341796875,,8342.421875,5416.91845703125,1493.5045166015625,3687.168212890625,9902.978515625
2012-05-21,2348.300048828125,2967.50341796875,,8342.421875,5416.91845703125,1493.5045166015625,3687.168212890625,9977.4482421875
2012-05-22,2373.305908203125,2967.50341796875,,8342.421875,5416.91845703125,1493.5045166015625,3687.168212890625,10180.1552734375
2012-05-23,2363.43701171875,2967.50341796875,,8342.421875,5416.91845703125,1493.5045166015625,3687.168212890625,10143.0859375
2012-05-24,2350.972900390625,2967.50341796875,,8342.421875,5416.91845703125,1493.5045166015625,3687.168212890625,9984.46875
2012-05-25,2333.552978515625,2967.50341796875,,8342.421875,5416.91845703125,1493.5045166015625,3687.168212890625,9884.8486328125
2012-05-28,2361.366943359375,2967.50341796875,,8342.421875,5416.91845703125,1493.5045166015625,3687.168212890625,10103.986328125
2012-05-29,2389.635986328125,2967.50341796875,,8342.421875,5416.91845703125,1493.5045166015625,3687.168212890625,10214.6259765625
2012-05-30,2384.66796875,2967.50341796875,,8342.421875,5416.91845703125,1493.5045166015625,3687.168212890625,10162.2255859375
2012-05-31,2372.23388671875,2967.50341796875,,8342.421875,5416.91845703125,1493.5045166015625,3687.168212890625,10141.2958984375
2012-06-01,2373.43603515625,2967.50341796875,,8342.421875,5416.91845703125,1493.5045166015625,3687.168212890625,10145.685546875
2012-06-04,2308.550048828125,2967.50341796875,,8342.421875,5416.91845703125,1493.5045166015625,3687.168212890625,9874.408203125
2012-06-05,2311.916015625,2967.50341796875,,8342.421875,5416.91845703125,1493.5045166015625,3687.168212890625,9847.009765625
2012-06-06,2309.554931640625,2967.50341796875,,8342.421875,5416.91845703125,1493.5045166015625,3687.168212890625,9812.8701171875
2012-06-07,2293.1298828125,2967.50341796875,,8342.421875,5416.91845703125,1493.5045166015625,3687.168212890625,9755.5302734375
2012-06-08,2281.447021484375,2967.50341796875,,8342.421875,5416.91845703125,1493.5045166015625,3687.168212890625,9707.0712890625
2012-06-11,2305.85595703125,2967.50341796875,,8342.421875,5416.91845703125,1493.5045166015625,3687.168212890625,9849.6591796875
2012-06-12,2289.791015625,2967.50341796875,,8342.421875,5416.91845703125,1493.5045166015625,3687.168212890625,9790.0908203125
2012-06-13,2318.924072265625,2967.50341796875,,8342.421875,5416.91845703125,1493.5045166015625,3687.168212890625,9949.9384765625
2012-06-14,2295.946044921875,2967.50341796875,,8342.421875,5416.91845703125,1493.5045166015625,3687.168212890625,9885.1787109375
2012-06-15,2306.85009765625,2967.50341796875,,8342.421875,5416.91845703125,1493.5045166015625,3687.168212890625,9885.5390625
2012-06-18,2316.052001953125,2967.50341796875,,8342.421875,5416.91845703125,1493.5045166015625,3687.168212890625,9978.9482421875
2012-06-19,2300.794921875,2967.50341796875,,8342.421875,5416.91845703125,1493.5045166015625,3687.168212890625,9848.0498046875
2012-06-20,2292.876953125,2967.50341796875,,8342.421875,5416.91845703125,1493.5045166015625,3687.168212890625,9821.6796875
2012-06-21,2260.876953125,2967.50341796875,,8342.421875,5416.91845703125,1493.5045166015625,3687.168212890625,9682.58203125
2012-06-25,2224.114013671875,2967.50341796875,,8342.421875,5416.91845703125,1493.5045166015625,3687.168212890625,9414.1044921875
2012-06-26,2222.06689453125,2967.50341796875,,8342.421875,5416.91845703125,1493.5045166015625,3687.168212890625,9446.484375
2012-06-27,2216.93408203125,2967.50341796875,,8342.421875,5416.91845703125,1493.5045166015625,3687.168212890625,9416.39453125
2012-06-28,2195.843017578125,2967.50341796875,,8342.421875,5416.91845703125,1493.5045166015625,3687.168212890625,9383.1640625
2012-06-29,2225.429931640625,2967.50341796875,,8342.421875,5416.91845703125,1493.5045166015625,3687.168212890625,9500.2138671875
2012-07-02,2226.110107421875,2967.50341796875,,8342.421875,5416.91845703125,1493.5045166015625,3687.168212890625,9566.3427734375
2012-07-03,2229.19189453125,2967.50341796875,,8342.421875,5416.91845703125,1493.5045166015625,3687.168212890625,9607.2216796875
2012-07-04,2227.31494140625,2967.50341796875,,8342.421875,5416.91845703125,1493.5045166015625,3687.168212890625,9569.052734375
2012-07-05,2201.35302734375,2967.50341796875,,8342.421875,5416.91845703125,1493.5045166015625,3687.168212890625,9412.5341796875
2012-07-06,2223.5791015625,2967.50341796875,,8342.421875,5416.91845703125,1493.5045166015625,3687.168212890625,9690.0517578125
2012-07-09,2170.81396484375,2967.50341796875,,8342.421875,5416.91845703125,1493.5045166015625,3687.168212890625,9496.5732421875
2012-07-10,2164.43798828125,2967.50341796875,,8342.421875,5416.91845703125,1493.5045166015625,3687.168212890625,9476.61328125
2012-07-11,2175.383056640625,2967.50341796875,,8342.421875,5416.91845703125,1493.5045166015625,3687.168212890625,9588.1826171875
2012-07-12,2185.490966796875,2967.50341796875,,8342.421875,5416.91845703125,1493.5045166015625,3687.168212890625,9753.380859375
2012-07-13,2185.89501953125,2967.50341796875,,8342.421875,5416.91845703125,1493.5045166015625,3687.168212890625,9792.380859375
2012-07-16,2147.955078125,2967.50341796875,,8342.421875,5416.91845703125,1493.5045166015625,3687.168212890625,9540.783203125
2012-07-17,2161.18603515625,2967.50341796875,,8342.421875,5416.91845703125,1493.5045166015625,3687.168212890625,9559.9228515625
2012-07-18,2169.09912109375,2967.50341796875,,8342.421875,5416.91845703125,1493.5045166015625,3687.168212890625,9514.0634765625
2012-07-19,2184.841064453125,2967.50341796875,,8342.421875,5416.91845703125,1493.5045166015625,3687.168212890625,9509.3837890625
2012-07-20,2168.637939453125,2967.50341796875,,8342.421875,5416.91845703125,1493.5045166015625,3687.168212890625,9333.10546875
2012-07-23,2141.402099609375,2967.50341796875,,8342.421875,5416.91845703125,1493.5045166015625,3687.168212890625,9185.9169921875
2012-07-24,2146.587890625,2967.50341796875,,8342.421875,5416.91845703125,1493.5045166015625,3687.168212890625,9262.666015625
2012-07-25,2136.15087890625,2967.50341796875,,8342.421875,5416.91845703125,1493.5045166015625,3687.168212890625,9155.2373046875
2012-07-26,2126.00390625,2967.50341796875,,8342.421875,5416.91845703125,1493.5045166015625,3687.168212890625,9081.7978515625
2012-07-27,2128.764892578125,2967.50341796875,,8342.421875,5416.91845703125,1493.5045166015625,3687.168212890625,9087.02734375
2012-07-30,2109.9140625,2967.50341796875,,8342.421875,5416.91845703125,1493.5045166015625,3687.168212890625,9070.95703125
2012-07-31,2103.635009765625,2967.50341796875,,8342.421875,5416.91845703125,1493.5045166015625,3687.168212890625,9059.119140625
2012-08-01,2123.360107421875,2967.50341796875,,8342.421875,5416.91845703125,1493.5045166015625,3687.168212890625,9165.8671875
2012-08-02,2111.181884765625,2967.50341796875,,8342.421875,5416.91845703125,1493.5045166015625,3687.168212890625,8995.51953125
2012-08-03,2132.7958984375,2967.50341796875,,8342.421875,5416.91845703125,1493.5045166015625,3687.168212890625,9076.517578125
2012-08-06,2154.916015625,2967.50341796875,,8342.421875,5416.91845703125,1493.5045166015625,3687.168212890625,9212.1064453125
2012-08-07,2157.6201171875,2967.50341796875,,8342.421875,5416.91845703125,1493.5045166015625,3687.168212890625,9229.166015625
2012-08-08,2160.989990234375,2967.50341796875,,8342.421875,5416.91845703125,1493.5045166015625,3687.168212890625,9210.56640625
2012-08-09,2174.10205078125,2967.50341796875,,8342.421875,5416.91845703125,1493.5045166015625,3687.168212890625,9337.4345703125
2012-08-10,2168.81396484375,2967.50341796875,,8342.421875,5416.91845703125,1493.5045166015625,3687.168212890625,9238.0966796875
2012-08-13,2136.077880859375,2967.50341796875,,8342.421875,5416.91845703125,1493.5045166015625,3687.168212890625,9039.119140625
2012-08-14,2142.52392578125,2967.50341796875,,8342.421875,5416.91845703125,1493.5045166015625,3687.168212890625,9089.517578125
2012-08-15,2118.945068359375,2967.50341796875,,8342.421875,5416.91845703125,1493.5045166015625,3687.168212890625,9048.509765625
2012-08-16,2112.197021484375,2967.50341796875,,8342.421875,5416.91845703125,1493.5045166015625,3687.168212890625,8973.279296875
2012-08-17,2114.89111328125,2967.50341796875,,8342.421875,5416.91845703125,1493.5045166015625,3687.168212890625,8883.5107421875
2012-08-20,2106.95703125,2967.50341796875,,8342.421875,5416.91845703125,1493.5045166015625,3687.168212890625,8838.5302734375
2012-08-21,2118.26806640625,2967.50341796875,,8342.421875,5416.91845703125,1493.5045166015625,3687.168212890625,8849.390625
2012-08-22,2107.7109375,2967.50341796875,,8342.421875,5416.91845703125,1493.5045166015625,3687.168212890625,8725.921875
2012-08-23,2113.072021484375,2967.50341796875,,8342.421875,5416.91845703125,1493.5045166015625,3687.168212890625,8730.4521484375
2012-08-24,2092.10400390625,2967.50341796875,,8342.421875,5416.91845703125,1493.5045166015625,3687.168212890625,8579.18359375
2012-08-27,2055.7080078125,2967.50341796875,,8342.421875,5416.91845703125,1493.5045166015625,3687.168212890625,8402.0556640625
2012-08-28,2073.154052734375,2967.50341796875,,8342.421875,5416.91845703125,1493.5045166015625,3687.168212890625,8400.265625
2012-08-29,2053.235107421875,2967.50341796875,,8342.421875,5416.91845703125,1493.5045166015625,3687.168212890625,8270.8173828125
2012-08-30,2052.5849609375,2967.50341796875,,8342.421875,5416.91845703125,1493.5045166015625,3687.168212890625,8219.98828125
2012-08-31,2047.52197265625,2967.50341796875,,8342.421875,5416.91845703125,1493.5045166015625,3687.168212890625,8210.8984375
2012-09-03,2059.14697265625,2967.50341796875,,8342.421875,5416.91845703125,1493.5045166015625,3687.168212890625,8361.576171875
2012-09-04,2043.6490478515625,2967.50341796875,,8342.421875,5416.91845703125,1493.5045166015625,3687.168212890625,8243.73828125
2012-09-05,2037.6810302734375,2967.50341796875,,8342.421875,5416.91845703125,1493.5045166015625,3687.168212890625,8242.498046875
2012-09-06,2051.91796875,2967.50341796875,,8342.421875,5416.91845703125,1493.5045166015625,3687.168212890625,8288.1767578125
2012-09-07,2127.761962890625,2967.50341796875,,8342.421875,5416.91845703125,1493.5045166015625,3687.168212890625,8708.97265625
2012-09-10,2134.89306640625,2967.50341796875,,8342.421875,5416.91845703125,1493.5045166015625,3687.168212890625,8769.4423828125
2012-09-11,2120.553955078125,2967.50341796875,,8342.421875,5416.91845703125,1493.5045166015625,3687.168212890625,8739.3720703125
2012-09-12,2126.553955078125,2967.50341796875,,8342.421875,5416.91845703125,1493.5045166015625,3687.168212890625,8786.6328125
2012-09-13,2110.37890625,2967.50341796875,,8342.421875,5416.91845703125,1493.5045166015625,3687.168212890625,8690.90234375
2012-09-14,2123.846923828125,2967.50341796875,,8342.421875,5416.91845703125,1493.5045166015625,3687.168212890625,8739.9521484375
2012-09-17,2078.5,2967.50341796875,,8342.421875,5416.91845703125,1493.5045166015625,3687.168212890625,8483.595703125
2012-09-18,2059.54296875,2967.50341796875,,8342.421875,5416.91845703125,1493.5045166015625,3687.168212890625,8390.056640625
2012-09-19,2067.8310546875,2967.50341796875,,8342.421875,5416.91845703125,1493.5045166015625,3687.168212890625,8431.6455078125
2012-09-20,2024.8370361328125,2967.50341796875,,8342.421875,5416.91845703125,1493.5045166015625,3687.168212890625,8202.1083984375
2012-09-21,2026.68994140625,2967.50341796875,,8342.421875,5416.91845703125,1493.5045166015625,3687.168212890625,8201.4384765625
2012-09-24,2033.1920166015625,2967.50341796875,,8342.421875,5416.91845703125,1493.5045166015625,3687.168212890625,8310.84765625
2012-09-25,2029.29296875,2967.50341796875,,8342.421875,5416.91845703125,1493.5045166015625,3687.168212890625,8284.1572265625
2012-09-26,2004.1719970703125,2967.50341796875,,8342.421875,5416.91845703125,1493.5045166015625,3687.168212890625,8193.2783203125
2012-09-27,2056.322998046875,2967.50341796875,,8342.421875,5416.91845703125,1493.5045166015625,3687.168212890625,8486.1748046875
2012-09-28,2086.1689453125,2967.50341796875,,8342.421875,5416.91845703125,1493.5045166015625,3687.168212890625,8679.1220703125
2012-10-08,2074.4189453125,2967.50341796875,,8342.421875,5416.91845703125,1493.5045166015625,3687.168212890625,8539.984375
2012-10-09,2115.22900390625,2967.50341796875,,8342.421875,5416.91845703125,1493.5045166015625,3687.168212890625,8743.7626953125
2012-10-10,2119.94189453125,2967.50341796875,,8342.421875,5416.91845703125,1493.5045166015625,3687.168212890625,8773.58203125
2012-10-11,2102.867919921875,2967.50341796875,,8342.421875,5416.91845703125,1493.5045166015625,3687.168212890625,8664.9921875
2012-10-12,2104.931884765625,2967.50341796875,,8342.421875,5416.91845703125,1493.5045166015625,3687.168212890625,8650.09375
2012-10-15,2098.702880859375,2967.50341796875,,8342.421875,5416.91845703125,1493.5045166015625,3687.168212890625,8621.873046875
2012-10-16,2098.80810546875,2967.50341796875,,8342.421875,5416.91845703125,1493.5045166015625,3687.168212890625,8645.443359375
2012-10-17,2105.617919921875,2967.50341796875,,8342.421875,5416.91845703125,1493.5045166015625,3687.168212890625,8641.0830078125
2012-10-18,2131.68798828125,2967.50341796875,,8342.421875,5416.91845703125,1493.5045166015625,3687.168212890625,8798.1015625
2012-10-19,2128.302001953125,2967.50341796875,,8342.421875,5416.91845703125,1493.5045166015625,3687.168212890625,8796.3212890625
2012-10-22,2132.758056640625,2967.50341796875,,8342.421875,5416.91845703125,1493.5045166015625,3687.168212890625,8829.3408203125
2012-10-23,2114.447021484375,2967.50341796875,,8342.421875,5416.91845703125,1493.5045166015625,3687.168212890625,8686.3828125
2012-10-24,2115.989990234375,2967.50341796875,,8342.421875,5416.91845703125,1493.5045166015625,3687.168212890625,8653.8134765625
2012-10-25,2101.580078125,2967.50341796875,,8342.421875,5416.91845703125,1493.5045166015625,3687.168212890625,8602.712890625
2012-10-26,2066.208984375,2967.50341796875,,8342.421875,5416.91845703125,1493.5045166015625,3687.168212890625,8414.7548828125
2012-10-29,2058.943115234375,2967.50341796875,,8342.421875,5416.91845703125,1493.5045166015625,3687.168212890625,8376.4658203125
2012-10-30,2062.346923828125,2967.50341796875,,8342.421875,5416.91845703125,1493.5045166015625,3687.168212890625,8394.1455078125
2012-10-31,2068.8798828125,2967.50341796875,,8342.421875,5416.91845703125,1493.5045166015625,3687.168212890625,8469.705078125
2012-11-01,2104.427001953125,2967.50341796875,,8342.421875,5416.91845703125,1493.5045166015625,3687.168212890625,8663.052734375
2012-11-02,2117.0458984375,2967.50341796875,,8342.421875,5416.91845703125,1493.5045166015625,3687.168212890625,8679.5927734375
2012-11-05,2114.027099609375,2967.50341796875,,8342.421875,5416.91845703125,1493.5045166015625,3687.168212890625,8654.6435546875
2012-11-06,2105.9990234375,2967.50341796875,,8342.421875,5416.91845703125,1493.5045166015625,3687.168212890625,8589.7734375
2012-11-07,2105.72998046875,2967.50341796875,,8342.421875,5416.91845703125,1493.5045166015625,3687.168212890625,8561.1044921875
2012-11-08,2071.509033203125,2967.50341796875,,8342.421875,5416.91845703125,1493.5045166015625,3687.168212890625,8399.28515625
2012-11-09,2069.06689453125,2967.50341796875,,8342.421875,5416.91845703125,1493.5045166015625,3687.168212890625,8356.576171875
2012-11-12,2079.27294921875,2967.50341796875,,8342.421875,5416.91845703125,1493.5045166015625,3687.168212890625,8391.806640625
2012-11-13,2047.8890380859375,2967.50341796875,,8342.421875,5416.91845703125,1493.5045166015625,3687.168212890625,8234.5078125
2012-11-14,2055.4189453125,2967.50341796875,,8342.421875,5416.91845703125,1493.5045166015625,3687.168212890625,8283.466796875
2012-11-15,2030.2900390625,2967.50341796875,,8342.421875,5416.91845703125,1493.5045166015625,3687.168212890625,8185.96826171875
2012-11-16,2014.7249755859375,2967.50341796875,,8342.421875,5416.91845703125,1493.5045166015625,3687.168212890625,8118.05908203125
2012-11-19,2016.9820556640625,2967.50341796875,,8342.421875,5416.91845703125,1493.5045166015625,3687.168212890625,8060.44970703125
2012-11-20,2008.9229736328125,2967.50341796875,,8342.421875,5416.91845703125,1493.5045166015625,3687.168212890625,8052.69970703125
2012-11-21,2030.3189697265625,2967.50341796875,,8342.421875,5416.91845703125,1493.5045166015625,3687.168212890625,8150.74853515625
2012-11-22,2015.6109619140625,2967.50341796875,,8342.421875,5416.91845703125,1493.5045166015625,3687.168212890625,8047.4296875
2012-11-23,2027.384033203125,2967.50341796875,,8342.421875,5416.91845703125,1493.5045166015625,3687.168212890625,8114.6494140625
2012-11-26,2017.4639892578125,2967.50341796875,,8342.421875,5416.91845703125,1493.5045166015625,3687.168212890625,8015.97998046875
2012-11-27,1991.1650390625,2967.50341796875,,8342.421875,5416.91845703125,1493.5045166015625,3687.168212890625,7936.6513671875
2012-11-28,1973.52294921875,2967.50341796875,,8342.421875,5416.91845703125,1493.5045166015625,3687.168212890625,7853.97216796875
2012-11-29,1963.488037109375,2967.50341796875,,8342.421875,5416.91845703125,1493.5045166015625,3687.168212890625,7808.87255859375
2012-11-30,1980.116943359375,2967.50341796875,,8342.421875,5416.91845703125,1493.5045166015625,3687.168212890625,7903.1611328125
2012-12-03,1959.7669677734375,2967.50341796875,,8342.421875,5416.91845703125,1493.5045166015625,3687.168212890625,7710.79345703125
2012-12-04,1975.1429443359375,2967.50341796875,,8342.421875,5416.91845703125,1493.5045166015625,3687.168212890625,7801.66259765625
2012-12-05,2031.906982421875,2967.50341796875,,8342.421875,5416.91845703125,1493.5045166015625,3687.168212890625,8091.58935546875
2012-12-06,2029.237060546875,2967.50341796875,,8342.421875,5416.91845703125,1493.5045166015625,3687.168212890625,8071.39990234375
2012-12-07,2061.785888671875,2967.50341796875,,8342.421875,5416.91845703125,1493.5045166015625,3687.168212890625,8189.58837890625
2012-12-10,2083.77001953125,2967.50341796875,,8342.421875,5416.91845703125,1493.5045166015625,3687.168212890625,8265.697265625
2012-12-11,2074.7041015625,2967.50341796875,,8342.421875,5416.91845703125,1493.5045166015625,3687.168212890625,8220.4482421875
2012-12-12,2082.72607421875,2967.50341796875,,8342.421875,5416.91845703125,1493.5045166015625,3687.168212890625,8245.9677734375
2012-12-13,2061.47607421875,2967.50341796875,,8342.421875,5416.91845703125,1493.5045166015625,3687.168212890625,8171.25830078125
2012-12-14,2150.625,2967.50341796875,,8342.421875,5416.91845703125,1493.5045166015625,3687.168212890625,8530.8046875
2012-12-17,2160.342041015625,2967.50341796875,,8342.421875,5416.91845703125,1493.5045166015625,3687.168212890625,8600.2333984375
2012-12-18,2162.464111328125,2967.50341796875,,8342.421875,5416.91845703125,1493.5045166015625,3687.168212890625,8592.533203125
2012-12-19,2162.239013671875,2967.50341796875,,8342.421875,5416.91845703125,1493.5045166015625,3687.168212890625,8639.462890625
2012-12-20,2168.35302734375,2967.50341796875,,8342.421875,5416.91845703125,1493.5045166015625,3687.168212890625,8693.1328125
2012-12-21,2153.31005859375,2967.50341796875,,8342.421875,5416.91845703125,1493.5045166015625,3687.168212890625,8658.2529296875
2012-12-24,2159.052978515625,2967.50341796875,,8342.421875,5416.91845703125,1493.5045166015625,3687.168212890625,8631.2734375
2012-12-25,2213.611083984375,2967.50341796875,,8342.421875,5416.91845703125,1493.5045166015625,3687.168212890625,8891.470703125
2012-12-26,2219.132080078125,2967.50341796875,,8342.421875,5416.91845703125,1493.5045166015625,3687.168212890625,8940.5791015625
2012-12-27,2205.89697265625,2967.50341796875,,8342.421875,5416.91845703125,1493.5045166015625,3687.168212890625,8939.7490234375
2012-12-28,2233.251953125,2967.50341796875,,8342.421875,5416.91845703125,1493.5045166015625,3687.168212890625,9026.8896484375
2012-12-31,2269.1279296875,2967.50341796875,,8342.421875,5416.91845703125,1493.5045166015625,3687.168212890625,9116.3779296875
2013-01-04,2276.991943359375,2967.50341796875,,8342.421875,5416.91845703125,1493.5045166015625,3687.168212890625,9095.9677734375
2013-01-07,2285.364013671875,2967.50341796875,,8342.421875,5416.91845703125,1493.5045166015625,3687.168212890625,9108.3671875
2013-01-08,2276.070068359375,2967.50341796875,,8342.421875,5416.91845703125,1493.5045166015625,3687.168212890625,9110.34765625
2013-01-09,2275.340087890625,2967.50341796875,,8342.421875,5416.91845703125,1493.5045166015625,3687.168212890625,9154.767578125
2013-01-10,2283.656982421875,2967.50341796875,,8342.421875,5416.91845703125,1493.5045166015625,3687.168212890625,9169.95703125
2013-01-11,2242.9970703125,2967.50341796875,,8342.421875,5416.91845703125,1493.5045166015625,3687.168212890625,9017.6298828125
2013-01-14,2311.739990234375,2967.50341796875,,8342.421875,5416.91845703125,1493.5045166015625,3687.168212890625,9316.1650390625
2013-01-15,2325.681884765625,2967.50341796875,,8342.421875,5416.91845703125,1493.5045166015625,3687.168212890625,9381.5849609375
2013-01-16,2309.4990234375,2967.50341796875,,8342.421875,5416.91845703125,1493.5045166015625,3687.168212890625,9355.375
2013-01-17,2284.908935546875,2967.50341796875,,8342.421875,5416.91845703125,1493.5045166015625,3687.168212890625,9309.1259765625
2013-01-18,2317.070068359375,2967.50341796875,,8342.421875,5416.91845703125,1493.5045166015625,3687.168212890625,9432.1943359375
2013-01-21,2328.220947265625,2967.50341796875,,8342.421875,5416.91845703125,1493.5045166015625,3687.168212890625,9562.7421875
2013-01-22,2315.138916015625,2967.50341796875,,8342.421875,5416.91845703125,1493.5045166015625,3687.168212890625,9536.25390625
2013-01-23,2320.910888671875,2967.50341796875,,8342.421875,5416.91845703125,1493.5045166015625,3687.168212890625,9548.203125
2013-01-24,2302.597900390625,2967.50341796875,,8342.421875,5416.91845703125,1493.5045166015625,3687.168212890625,9443.974609375
2013-01-25,2291.303955078125,2967.50341796875,,8342.421875,5416.91845703125,1493.5045166015625,3687.168212890625,9357.0244140625
2013-01-28,2346.5048828125,2967.50341796875,,8342.421875,5416.91845703125,1493.5045166015625,3687.168212890625,9618.8115234375
2013-01-29,2358.97705078125,2967.50341796875,,8342.421875,5416.91845703125,1493.5045166015625,3687.168212890625,9704.5517578125
2013-01-30,2382.47509765625,2967.50341796875,,8342.421875,5416.91845703125,1493.5045166015625,3687.168212890625,9783.73046875
2013-01-31,2385.422119140625,2967.50341796875,,8342.421875,5416.91845703125,1493.5045166015625,3687.168212890625,9667.5615234375
2013-02-01,2419.02001953125,2967.50341796875,,8342.421875,5416.91845703125,1493.5045166015625,3687.168212890625,9820.1796875
2013-02-04,2428.154052734375,2967.50341796875,,8342.421875,5416.91845703125,1493.5045166015625,3687.168212890625,9760.720703125
2013-02-05,2433.1298828125,2967.50341796875,,8342.421875,5416.91845703125,1493.5045166015625,3687.168212890625,9945.869140625
2013-02-06,2434.47705078125,2967.50341796875,,8342.421875,5416.91845703125,1493.5045166015625,3687.168212890625,9922.6083984375
2013-02-07,2418.530029296875,2967.50341796875,,8342.421875,5416.91845703125,1493.5045166015625,3687.168212890625,9904.6689453125
2013-02-08,2432.402099609375,2967.50341796875,,8342.421875,5416.91845703125,1493.5045166015625,3687.168212890625,9988.978515625
2013-02-18,2421.55810546875,2967.50341796875,,8342.421875,5416.91845703125,1493.5045166015625,3687.168212890625,9795.80078125
2013-02-19,2382.9140625,2967.50341796875,,8342.421875,5416.91845703125,1493.5045166015625,3687.168212890625,9550.8232421875
2013-02-20,2397.177978515625,2967.50341796875,,8342.421875,5416.91845703125,1493.5045166015625,3687.168212890625,9645.76171875
2013-02-21,2325.950927734375,2967.50341796875,,8342.421875,5416.91845703125,1493.5045166015625,3687.168212890625,9396.0048828125
2013-02-22,2314.1640625,2967.50341796875,,8342.421875,5416.91845703125,1493.5045166015625,3687.168212890625,9364.4345703125
2013-02-25,2325.819091796875,2967.50341796875,,8342.421875,5416.91845703125,1493.5045166015625,3687.168212890625,9342.2646484375
2013-02-26,2293.341064453125,2967.50341796875,,8342.421875,5416.91845703125,1493.5045166015625,3687.168212890625,9207.9267578125
2013-02-27,2313.219970703125,2967.50341796875,,8342.421875,5416.91845703125,1493.5045166015625,3687.168212890625,9333.1357421875
2013-02-28,2365.593017578125,2967.50341796875,,8342.421875,5416.91845703125,1493.5045166015625,3687.168212890625,9641.33203125
2013-03-01,2359.506103515625,2967.50341796875,,8342.421875,5416.91845703125,1493.5045166015625,3687.168212890625,9650.03125
2013-03-04,2273.404052734375,2967.50341796875,,8342.421875,5416.91845703125,1493.5045166015625,3687.168212890625,9139.6474609375
2013-03-05,2326.305908203125,2967.50341796875,,8342.421875,5416.91845703125,1493.5045166015625,3687.168212890625,9341.244140625
2013-03-06,2347.178955078125,2967.50341796875,,8342.421875,5416.91845703125,1493.5045166015625,3687.168212890625,9431.064453125
2013-03-07,2324.29296875,2967.50341796875,,8342.421875,5416.91845703125,1493.5045166015625,3687.168212890625,9393.5849609375
2013-03-08,2318.611083984375,2967.50341796875,,8342.421875,5416.91845703125,1493.5045166015625,3687.168212890625,9285.7265625
2013-03-11,2310.593017578125,2967.50341796875,,8342.421875,5416.91845703125,1493.5045166015625,3687.168212890625,9277.056640625
2013-03-12,2286.60498046875,2967.50341796875,,8342.421875,5416.91845703125,1493.5045166015625,3687.168212890625,9163.537109375
2013-03-13,2263.968017578125,2967.50341796875,,8342.421875,5416.91845703125,1493.5045166015625,3687.168212890625,9073.1171875
2013-03-14,2270.277099609375,2967.50341796875,,8342.421875,5416.91845703125,1493.5045166015625,3687.168212890625,9087.1474609375
2013-03-15,2278.40087890625,2967.50341796875,,8342.421875,5416.91845703125,1493.5045166015625,3687.168212890625,9099.1875
2013-03-18,2240.01611328125,2967.50341796875,,8342.421875,5416.91845703125,1493.5045166015625,3687.168212890625,8998.9189453125
2013-03-19,2257.43408203125,2967.50341796875,,8342.421875,5416.91845703125,1493.5045166015625,3687.168212890625,9033.939453125
2013-03-20,2317.375,2967.50341796875,,8342.421875,5416.91845703125,1493.5045166015625,3687.168212890625,9317.865234375
2013-03-21,2324.241943359375,2967.50341796875,,8342.421875,5416.91845703125,1493.5045166015625,3687.168212890625,9326.185546875
2013-03-22,2328.278076171875,2967.50341796875,,8342.421875,5416.91845703125,1493.5045166015625,3687.168212890625,9343.3046875
2013-03-25,2326.715087890625,2967.50341796875,,8342.421875,5416.91845703125,1493.5045166015625,3687.168212890625,9313.025390625
2013-03-26,2297.6689453125,2967.50341796875,,8342.421875,5416.91845703125,1493.5045166015625,3687.168212890625,9226.5361328125
2013-03-27,2301.260009765625,2967.50341796875,,8342.421875,5416.91845703125,1493.5045166015625,3687.168212890625,9225.0263671875
2013-03-28,2236.302001953125,2967.50341796875,,8342.421875,5416.91845703125,1493.5045166015625,3687.168212890625,8959.1591796875
2013-03-29,2236.62109375,2967.50341796875,,8342.421875,5416.91845703125,1493.5045166015625,3687.168212890625,8889.669921875
2013-04-01,2234.39501953125,2967.50341796875,,8342.421875,5416.91845703125,1493.5045166015625,3687.168212890625,8937.6494140625
2013-04-02,2227.739990234375,2967.50341796875,,8342.421875,5416.91845703125,1493.5045166015625,3687.168212890625,8960.359375
2013-04-03,2225.294921875,2967.50341796875,,8342.421875,5416.91845703125,1493.5045166015625,3687.168212890625,8964.369140625
2013-04-08,2211.592041015625,2967.50341796875,,8342.421875,5416.91845703125,1493.5045166015625,3687.168212890625,8953.7392578125
2013-04-09,2225.77392578125,2967.50341796875,,8342.421875,5416.91845703125,1493.5045166015625,3687.168212890625,8993.009765625
2013-04-10,2226.1259765625,2967.50341796875,,8342.421875,5416.91845703125,1493.5045166015625,3687.168212890625,8962.19921875
2013-04-11,2219.552978515625,2967.50341796875,,8342.421875,5416.91845703125,1493.5045166015625,3687.168212890625,8920.6103515625
2013-04-12,2206.780029296875,2967.50341796875,,8342.421875,5416.91845703125,1493.5045166015625,3687.168212890625,8835.05078125
2013-04-15,2181.94091796875,2967.50341796875,,8342.421875,5416.91845703125,1493.5045166015625,3687.168212890625,8733.3427734375
2013-04-16,2194.844970703125,2967.50341796875,,8342.421875,5416.91845703125,1493.5045166015625,3687.168212890625,8852.3203125
2013-04-17,2193.7958984375,2967.50341796875,,8342.421875,5416.91845703125,1493.5045166015625,3687.168212890625,8894.2705078125
2013-04-18,2197.60205078125,2967.50341796875,,8342.421875,5416.91845703125,1493.5045166015625,3687.168212890625,8887.919921875
2013-04-19,2244.64306640625,2967.50341796875,,8342.421875,5416.91845703125,1493.5045166015625,3687.168212890625,9111.087890625
2013-04-22,2242.1689453125,2967.50341796875,,8342.421875,5416.91845703125,1493.5045166015625,3687.168212890625,9057.51953125
2013-04-23,2184.5380859375,2967.50341796875,,8342.421875,5416.91845703125,1493.5045166015625,3687.168212890625,8793.0322265625
2013-04-24,2218.318115234375,2967.50341796875,,8342.421875,5416.91845703125,1493.5045166015625,3687.168212890625,8911.55078125
2013-04-25,2199.306884765625,2967.50341796875,,8342.421875,5416.91845703125,1493.5045166015625,3687.168212890625,8772.482421875
2013-04-26,2177.912109375,2967.50341796875,,8342.421875,5416.91845703125,1493.5045166015625,3687.168212890625,8691.2919921875
2013-05-02,2174.123046875,2967.50341796875,,8342.421875,5416.91845703125,1493.5045166015625,3687.168212890625,8718.1025390625
2013-05-03,2205.4970703125,2967.50341796875,,8342.421875,5416.91845703125,1493.5045166015625,3687.168212890625,8847.5703125
2013-05-06,2231.166015625,2967.50341796875,,8342.421875,5416.91845703125,1493.5045166015625,3687.168212890625,8996.9794921875
2013-05-07,2235.574951171875,2967.50341796875,,8342.421875,5416.91845703125,1493.5045166015625,3687.168212890625,9022.7998046875
2013-05-08,2246.300048828125,2967.50341796875,,8342.421875,5416.91845703125,1493.5045166015625,3687.168212890625,9074.7373046875
2013-05-09,2232.970947265625,2967.50341796875,,8342.421875,5416.91845703125,1493.5045166015625,3687.168212890625,9049.9794921875
2013-05-10,2246.8310546875,2967.50341796875,,8342.421875,5416.91845703125,1493.5045166015625,3687.168212890625,9071.0576171875
2013-05-13,2241.919921875,2967.50341796875,,8342.421875,5416.91845703125,1493.5045166015625,3687.168212890625,9014.1796875
2013-05-14,2217.010009765625,2967.50341796875,,8342.421875,5416.91845703125,1493.5045166015625,3687.168212890625,8808.9814453125
2013-05-15,2224.797119140625,2967.50341796875,,8342.421875,5416.91845703125,1493.5045166015625,3687.168212890625,8869.75
2013-05-16,2251.804931640625,2967.50341796875,,8342.421875,5416.91845703125,1493.5045166015625,3687.168212890625,9061.228515625
2013-05-17,2282.8701171875,2967.50341796875,,8342.421875,5416.91845703125,1493.5045166015625,3687.168212890625,9246.1767578125
2013-05-20,2299.986083984375,2967.50341796875,,8342.421875,5416.91845703125,1493.5045166015625,3687.168212890625,9307.046875
2013-05-21,2305.114013671875,2967.50341796875,,8342.421875,5416.91845703125,1493.5045166015625,3687.168212890625,9403.4345703125
2013-05-22,2302.403076171875,2967.50341796875,,8342.421875,5416.91845703125,1493.5045166015625,3687.168212890625,9404.9541015625
2013-05-23,2275.6669921875,2967.50341796875,,8342.421875,5416.91845703125,1493.5045166015625,3687.168212890625,9265.576171875
2013-05-24,2288.531982421875,2967.50341796875,,8342.421875,5416.91845703125,1493.5045166015625,3687.168212890625,9304.7568359375
2013-05-27,2293.076904296875,2967.50341796875,,8342.421875,5416.91845703125,1493.5045166015625,3687.168212890625,9260.5263671875
2013-05-28,2321.318115234375,2967.50341796875,,8342.421875,5416.91845703125,1493.5045166015625,3687.168212890625,9441.5849609375
2013-05-29,2324.01708984375,2967.50341796875,,8342.421875,5416.91845703125,1493.5045166015625,3687.168212890625,9404.294921875
2013-05-30,2317.7490234375,2967.50341796875,,8342.421875,5416.91845703125,1493.5045166015625,3687.168212890625,9379.0849609375
2013-05-31,2300.594970703125,2967.50341796875,,8342.421875,5416.91845703125,1493.5045166015625,3687.168212890625,9257.8466796875
2013-06-03,2299.251953125,2967.50341796875,,8342.421875,5416.91845703125,1493.5045166015625,3687.168212890625,9251.13671875
2013-06-04,2272.4169921875,2967.50341796875,,8342.421875,5416.91845703125,1493.5045166015625,3687.168212890625,9124.1669921875
2013-06-05,2270.929931640625,2967.50341796875,,8342.421875,5416.91845703125,1493.5045166015625,3687.168212890625,9143.337890625
2013-06-06,2242.110107421875,2967.50341796875,,8342.421875,5416.91845703125,1493.5045166015625,3687.168212890625,9000.9892578125
2013-06-07,2210.89794921875,2967.50341796875,,8342.421875,5416.91845703125,1493.5045166015625,3687.168212890625,8763.5126953125
2013-06-13,2148.35498046875,2967.50341796875,,8342.421875,5416.91845703125,1493.5045166015625,3687.168212890625,8432.3251953125
2013-06-14,2162.041015625,2967.50341796875,,8342.421875,5416.91845703125,1493.5045166015625,3687.168212890625,8479.365234375
2013-06-17,2156.215087890625,2967.50341796875,,8342.421875,5416.91845703125,1493.5045166015625,3687.168212890625,8404.4052734375
2013-06-18,2159.291015625,2967.50341796875,,8342.421875,5416.91845703125,1493.5045166015625,3687.168212890625,8470.775390625
2013-06-19,2143.4541015625,2967.50341796875,,8342.421875,5416.91845703125,1493.5045166015625,3687.168212890625,8421.1455078125
2013-06-20,2084.02099609375,2967.50341796875,,8342.421875,5416.91845703125,1493.5045166015625,3687.168212890625,8147.388671875
2013-06-21,2073.094970703125,2967.50341796875,,8342.421875,5416.91845703125,1493.5045166015625,3687.168212890625,8135.95849609375
2013-06-24,1963.2349853515625,2967.50341796875,,8342.421875,5416.91845703125,1493.5045166015625,3687.168212890625,7588.43505859375
2013-06-25,1959.508056640625,2967.50341796875,,8342.421875,5416.91845703125,1493.5045166015625,3687.168212890625,7495.01611328125
2013-06-26,1951.4949951171875,2967.50341796875,,8342.421875,5416.91845703125,1493.5045166015625,3687.168212890625,7566.31494140625
2013-06-27,1950.011962890625,2967.50341796875,,8342.421875,5416.91845703125,1493.5045166015625,3687.168212890625,7544.24560546875
2013-06-28,1979.2060546875,2967.50341796875,,8342.421875,5416.91845703125,1493.5045166015625,3687.168212890625,7694.3837890625
2013-07-01,1995.241943359375,2967.50341796875,,8342.421875,5416.91845703125,1493.5045166015625,3687.168212890625,7718.3935546875
2013-07-02,2006.56005859375,2967.50341796875,,8342.421875,5416.91845703125,1493.5045166015625,3687.168212890625,7768.75244140625
2013-07-03,1994.2679443359375,2967.50341796875,,8342.421875,5416.91845703125,1493.5045166015625,3687.168212890625,7703.65380859375
2013-07-04,2006.0980224609375,2967.50341796875,,8342.421875,5416.91845703125,1493.5045166015625,3687.168212890625,7804.0224609375
2013-07-05,2007.198974609375,2967.50341796875,,8342.421875,5416.91845703125,1493.5045166015625,3687.168212890625,7856.501953125
2013-07-08,1958.27294921875,2967.50341796875,,8342.421875,5416.91845703125,1493.5045166015625,3687.168212890625,7637.5439453125
2013-07-09,1965.4539794921875,2967.50341796875,,8342.421875,5416.91845703125,1493.5045166015625,3687.168212890625,7600.38525390625
2013-07-10,2008.1259765625,2967.50341796875,,8342.421875,5416.91845703125,1493.5045166015625,3687.168212890625,7851.162109375
2013-07-11,2072.990966796875,2967.50341796875,,8342.421875,5416.91845703125,1493.5045166015625,3687.168212890625,8184.67822265625
2013-07-12,2039.4859619140625,2967.50341796875,,8342.421875,5416.91845703125,1493.5045166015625,3687.168212890625,8012.75
2013-07-15,2059.389892578125,2967.50341796875,,8342.421875,5416.91845703125,1493.5045166015625,3687.168212890625,8137.6787109375
2013-07-16,2065.719970703125,2967.50341796875,,8342.421875,5416.91845703125,1493.5045166015625,3687.168212890625,8186.58837890625
2013-07-17,2044.9219970703125,2967.50341796875,,8342.421875,5416.91845703125,1493.5045166015625,3687.168212890625,8063.70947265625
2013-07-18,2023.39599609375,2967.50341796875,,8342.421875,5416.91845703125,1493.5045166015625,3687.168212890625,7904.18115234375
2013-07-19,1992.64794921875,2967.50341796875,,8342.421875,5416.91845703125,1493.5045166015625,3687.168212890625,7663.904296875
2013-07-22,2004.761962890625,2967.50341796875,,8342.421875,5416.91845703125,1493.5045166015625,3687.168212890625,7684.14404296875
2013-07-23,2043.8759765625,2967.50341796875,,8342.421875,5416.91845703125,1493.5045166015625,3687.168212890625,7963.61083984375
2013-07-24,2033.3289794921875,2967.50341796875,,8342.421875,5416.91845703125,1493.5045166015625,3687.168212890625,7935.76123046875
2013-07-25,2021.1739501953125,2967.50341796875,,8342.421875,5416.91845703125,1493.5045166015625,3687.168212890625,7894.51123046875
2013-07-26,2010.8499755859375,2967.50341796875,,8342.421875,5416.91845703125,1493.5045166015625,3687.168212890625,7843.27197265625
2013-07-29,1976.3060302734375,2967.50341796875,,8342.421875,5416.91845703125,1493.5045166015625,3687.168212890625,7668.4541015625
2013-07-30,1990.06396484375,2967.50341796875,,8342.421875,5416.91845703125,1493.5045166015625,3687.168212890625,7730.08349609375
2013-07-31,1993.7989501953125,2967.50341796875,,8342.421875,5416.91845703125,1493.5045166015625,3687.168212890625,7765.3125
2013-08-01,2029.0670166015625,2967.50341796875,,8342.421875,5416.91845703125,1493.5045166015625,3687.168212890625,7931.701171875
2013-08-02,2029.41796875,2967.50341796875,,8342.421875,5416.91845703125,1493.5045166015625,3687.168212890625,7961.380859375
2013-08-05,2050.48095703125,2967.50341796875,,8342.421875,5416.91845703125,1493.5045166015625,3687.168212890625,8060.2998046875
2013-08-06,2060.5,2967.50341796875,,8342.421875,5416.91845703125,1493.5045166015625,3687.168212890625,8143.03857421875
2013-08-07,2046.7779541015625,2967.50341796875,,8342.421875,5416.91845703125,1493.5045166015625,3687.168212890625,8095.9990234375
2013-08-08,2044.89501953125,2967.50341796875,,8342.421875,5416.91845703125,1493.5045166015625,3687.168212890625,8114.779296875
2013-08-09,2052.235107421875,2967.50341796875,,8342.421875,5416.91845703125,1493.5045166015625,3687.168212890625,8145.87890625
2013-08-12,2101.282958984375,2967.50341796875,,8342.421875,5416.91845703125,1493.5045166015625,3687.168212890625,8356.63671875
2013-08-13,2106.156005859375,2967.50341796875,,8342.421875,5416.91845703125,1493.5045166015625,3687.168212890625,8362.556640625
2013-08-14,2100.136962890625,2967.50341796875,,8342.421875,5416.91845703125,1493.5045166015625,3687.168212890625,8336.7158203125
2013-08-15,2081.8798828125,2967.50341796875,,8342.421875,5416.91845703125,1493.5045166015625,3687.168212890625,8228.7783203125
2013-08-16,2068.451904296875,2967.50341796875,,8342.421875,5416.91845703125,1493.5045166015625,3687.168212890625,8167.998046875
2013-08-19,2085.60205078125,2967.50341796875,,8342.421875,5416.91845703125,1493.5045166015625,3687.168212890625,8285.626953125
2013-08-20,2072.594970703125,2967.50341796875,,8342.421875,5416.91845703125,1493.5045166015625,3687.168212890625,8234.4677734375
2013-08-21,2072.9609375,2967.50341796875,,8342.421875,5416.91845703125,1493.5045166015625,3687.168212890625,8235.998046875
2013-08-22,2067.1240234375,2967.50341796875,,8342.421875,5416.91845703125,1493.5045166015625,3687.168212890625,8244.9482421875
2013-08-23,2057.4580078125,2967.50341796875,,8342.421875,5416.91845703125,1493.5045166015625,3687.168212890625,8166.18798828125
2013-08-26,2096.47412109375,2967.50341796875,,8342.421875,5416.91845703125,1493.5045166015625,3687.168212890625,8334.4765625
2013-08-27,2103.56591796875,2967.50341796875,,8342.421875,5416.91845703125,1493.5045166015625,3687.168212890625,8341.67578125
2013-08-28,2101.301025390625,2967.50341796875,,8342.421875,5416.91845703125,1493.5045166015625,3687.168212890625,8259.287109375
2013-08-29,2097.22705078125,2967.50341796875,,8342.421875,5416.91845703125,1493.5045166015625,3687.168212890625,8214.3984375
2013-08-30,2098.382080078125,2967.50341796875,,8342.421875,5416.91845703125,1493.5045166015625,3687.168212890625,8202.388671875
2013-09-02,2098.447998046875,2967.50341796875,,8342.421875,5416.91845703125,1493.5045166015625,3687.168212890625,8243.48828125
2013-09-03,2123.112060546875,2967.50341796875,,8342.421875,5416.91845703125,1493.5045166015625,3687.168212890625,8367.9462890625
2013-09-04,2127.617919921875,2967.50341796875,,8342.421875,5416.91845703125,1493.5045166015625,3687.168212890625,8344.8662109375
2013-09-05,2122.429931640625,2967.50341796875,,8342.421875,5416.91845703125,1493.5045166015625,3687.168212890625,8285.966796875
2013-09-06,2139.992919921875,2967.50341796875,,8342.421875,5416.91845703125,1493.5045166015625,3687.168212890625,8280.2373046875
2013-09-09,2212.51611328125,2967.50341796875,,8342.421875,5416.91845703125,1493.5045166015625,3687.168212890625,8504.6455078125
2013-09-10,2237.98388671875,2967.50341796875,,8342.421875,5416.91845703125,1493.5045166015625,3687.168212890625,8636.533203125
2013-09-11,2241.26806640625,2967.50341796875,,8342.421875,5416.91845703125,1493.5045166015625,3687.168212890625,8675.5322265625
2013-09-12,2255.60400390625,2967.50341796875,,8342.421875,5416.91845703125,1493.5045166015625,3687.168212890625,8714.7822265625
2013-09-13,2236.217041015625,2967.50341796875,,8342.421875,5416.91845703125,1493.5045166015625,3687.168212890625,8687.4423828125
2013-09-16,2231.40087890625,2967.50341796875,,8342.421875,5416.91845703125,1493.5045166015625,3687.168212890625,8658.9033203125
2013-09-17,2185.56005859375,2967.50341796875,,8342.421875,5416.91845703125,1493.5045166015625,3687.168212890625,8493.685546875
2013-09-18,2191.85107421875,2967.50341796875,,8342.421875,5416.91845703125,1493.5045166015625,3687.168212890625,8480.6455078125
2013-09-23,2221.0439453125,2967.50341796875,,8342.421875,5416.91845703125,1493.5045166015625,3687.168212890625,8719.1923828125
2013-09-24,2207.531005859375,2967.50341796875,,8342.421875,5416.91845703125,1493.5045166015625,3687.168212890625,8664.7021484375
2013-09-25,2198.514892578125,2967.50341796875,,8342.421875,5416.91845703125,1493.5045166015625,3687.168212890625,8613.61328125
2013-09-26,2155.80908203125,2967.50341796875,,8342.421875,5416.91845703125,1493.5045166015625,3687.168212890625,8439.375
2013-09-27,2160.027099609375,2967.50341796875,,8342.421875,5416.91845703125,1493.5045166015625,3687.168212890625,8472.1953125
2013-09-30,2174.6650390625,2967.50341796875,,8342.421875,5416.91845703125,1493.5045166015625,3687.168212890625,8514.4755859375
2013-10-08,2198.198974609375,2967.50341796875,,8342.421875,5416.91845703125,1493.5045166015625,3687.168212890625,8681.4326171875
2013-10-09,2211.76904296875,2967.50341796875,,8342.421875,5416.91845703125,1493.5045166015625,3687.168212890625,8667.671875
2013-10-10,2190.928955078125,2967.50341796875,,8342.421875,5416.91845703125,1493.5045166015625,3687.168212890625,8685.6923828125
2013-10-11,2228.14599609375,2967.50341796875,,8342.421875,5416.91845703125,1493.5045166015625,3687.168212890625,8737.8720703125
2013-10-14,2237.77294921875,2967.50341796875,,8342.421875,5416.91845703125,1493.5045166015625,3687.168212890625,8760.001953125
2013-10-15,2233.412109375,2967.50341796875,,8342.421875,5416.91845703125,1493.5045166015625,3687.168212890625,8700.2421875
2013-10-16,2193.073974609375,2967.50341796875,,8342.421875,5416.91845703125,1493.5045166015625,3687.168212890625,8542.7744140625
2013-10-17,2188.5419921875,2967.50341796875,,8342.421875,5416.91845703125,1493.5045166015625,3687.168212890625,8521.10546875
2013-10-18,2193.780029296875,2967.50341796875,,8342.421875,5416.91845703125,1493.5045166015625,3687.168212890625,8584.7734375
2013-10-21,2229.237060546875,2967.50341796875,,8342.421875,5416.91845703125,1493.5045166015625,3687.168212890625,8739.421875
2013-10-22,2210.652099609375,2967.50341796875,,8342.421875,5416.91845703125,1493.5045166015625,3687.168212890625,8619.54296875
2013-10-23,2183.10693359375,2967.50341796875,,8342.421875,5416.91845703125,1493.5045166015625,3687.168212890625,8512.865234375
2013-10-24,2164.322021484375,2967.50341796875,,8342.421875,5416.91845703125,1493.5045166015625,3687.168212890625,8486.4248046875
2013-10-25,2132.955078125,2967.50341796875,,8342.421875,5416.91845703125,1493.5045166015625,3687.168212890625,8379.5166015625
2013-10-28,2133.868896484375,2967.50341796875,,8342.421875,5416.91845703125,1493.5045166015625,3687.168212890625,8336.5859375
2013-10-29,2128.864013671875,2967.50341796875,,8342.421875,5416.91845703125,1493.5045166015625,3687.168212890625,8398.8251953125
2013-10-30,2160.462890625,2967.50341796875,,8342.421875,5416.91845703125,1493.5045166015625,3687.168212890625,8553.2744140625
2013-10-31,2141.614013671875,2967.50341796875,,8342.421875,5416.91845703125,1493.5045166015625,3687.168212890625,8444.3154296875
2013-11-01,2149.56201171875,2967.50341796875,,8342.421875,5416.91845703125,1493.5045166015625,3687.168212890625,8451.625
2013-11-04,2149.634033203125,2967.50341796875,,8342.421875,5416.91845703125,1493.5045166015625,3687.168212890625,8416.8349609375
2013-11-05,2157.239990234375,2967.50341796875,,8342.421875,5416.91845703125,1493.5045166015625,3687.168212890625,8451.6357421875
2013-11-06,2139.60693359375,2967.50341796875,,8342.421875,5416.91845703125,1493.5045166015625,3687.168212890625,8287.767578125
2013-11-07,2129.39990234375,2967.50341796875,,8342.421875,5416.91845703125,1493.5045166015625,3687.168212890625,8240.158203125
2013-11-08,2106.126953125,2967.50341796875,,8342.421875,5416.91845703125,1493.5045166015625,3687.168212890625,8155.30859375
2013-11-11,2109.470947265625,2967.50341796875,,8342.421875,5416.91845703125,1493.5045166015625,3687.168212890625,8168.578125
2013-11-12,2126.77197265625,2967.50341796875,,8342.421875,5416.91845703125,1493.5045166015625,3687.168212890625,8279.216796875
2013-11-13,2087.94091796875,2967.50341796875,,8342.421875,5416.91845703125,1493.5045166015625,3687.168212890625,8110.9091796875
2013-11-14,2100.506103515625,2967.50341796875,,8342.421875,5416.91845703125,1493.5045166015625,3687.168212890625,8156.44873046875
2013-11-15,2135.826904296875,2967.50341796875,,8342.421875,5416.91845703125,1493.5045166015625,3687.168212890625,8305.8173828125
2013-11-18,2197.218994140625,2967.50341796875,,8342.421875,5416.91845703125,1493.5045166015625,3687.168212890625,8523.6552734375
2013-11-19,2193.125,2967.50341796875,,8342.421875,5416.91845703125,1493.5045166015625,3687.168212890625,8461.115234375
2013-11-20,2206.613037109375,2967.50341796875,,8342.421875,5416.91845703125,1493.5045166015625,3687.168212890625,8510.5849609375
2013-11-21,2205.76611328125,2967.50341796875,,8342.421875,5416.91845703125,1493.5045166015625,3687.168212890625,8471.9248046875
2013-11-22,2196.3779296875,2967.50341796875,,8342.421875,5416.91845703125,1493.5045166015625,3687.168212890625,8413.2451171875
2013-11-25,2186.114990234375,2967.50341796875,,8342.421875,5416.91845703125,1493.5045166015625,3687.168212890625,8379.4560546875
2013-11-26,2183.072998046875,2967.50341796875,,8342.421875,5416.91845703125,1493.5045166015625,3687.168212890625,8365.255859375
2013-11-27,2201.070068359375,2967.50341796875,,8342.421875,5416.91845703125,1493.5045166015625,3687.168212890625,8447.365234375
2013-11-28,2219.3720703125,2967.50341796875,,8342.421875,5416.91845703125,1493.5045166015625,3687.168212890625,8548.2744140625
2013-11-29,2220.50390625,2967.50341796875,,8342.421875,5416.91845703125,1493.5045166015625,3687.168212890625,8542.5146484375
2013-12-02,2207.37109375,2967.50341796875,,8342.421875,5416.91845703125,1493.5045166015625,3687.168212890625,8376.5458984375
2013-12-03,2222.669921875,2967.50341796875,,8342.421875,5416.91845703125,1493.5045166015625,3687.168212890625,8492.4248046875
2013-12-04,2251.761962890625,2967.50341796875,,8342.421875,5416.91845703125,1493.5045166015625,3687.168212890625,8600.7236328125
2013-12-05,2247.06298828125,2967.50341796875,,8342.421875,5416.91845703125,1493.5045166015625,3687.168212890625,8560.6943359375
2013-12-06,2237.10791015625,2967.50341796875,,8342.421875,5416.91845703125,1493.5045166015625,3687.168212890625,8526.5849609375
2013-12-09,2238.199951171875,2967.50341796875,,8342.421875,5416.91845703125,1493.5045166015625,3687.168212890625,8519.5751953125
2013-12-10,2237.491943359375,2967.50341796875,,8342.421875,5416.91845703125,1493.5045166015625,3687.168212890625,8554.07421875
2013-12-11,2204.166015625,2967.50341796875,,8342.421875,5416.91845703125,1493.5045166015625,3687.168212890625,8409.705078125
2013-12-12,2202.7958984375,2967.50341796875,,8342.421875,5416.91845703125,1493.5045166015625,3687.168212890625,8400.5556640625
2013-12-13,2196.074951171875,2967.50341796875,,8342.421875,5416.91845703125,1493.5045166015625,3687.168212890625,8429.7255859375
2013-12-16,2160.861083984375,2967.50341796875,,8342.421875,5416.91845703125,1493.5045166015625,3687.168212890625,8272.5771484375
2013-12-17,2151.0791015625,2967.50341796875,,8342.421875,5416.91845703125,1493.5045166015625,3687.168212890625,8213.337890625
2013-12-18,2148.284912109375,2967.50341796875,,8342.421875,5416.91845703125,1493.5045166015625,3687.168212890625,8236.8583984375
2013-12-19,2127.7919921875,2967.50341796875,,8342.421875,5416.91845703125,1493.5045166015625,3687.168212890625,8147.61865234375
2013-12-20,2084.7939453125,2967.50341796875,,8342.421875,5416.91845703125,1493.5045166015625,3687.168212890625,7966.630859375
2013-12-23,2089.70703125,2967.50341796875,,8342.421875,5416.91845703125,1493.5045166015625,3687.168212890625,7989.42041015625
2013-12-24,2092.905029296875,2967.50341796875,,8342.421875,5416.91845703125,1493.5045166015625,3687.168212890625,8027.33984375
2013-12-25,2106.35400390625,2967.50341796875,,8342.421875,5416.91845703125,1493.5045166015625,3687.168212890625,8096.279296875
2013-12-26,2073.09912109375,2967.50341796875,,8342.421875,5416.91845703125,1493.5045166015625,3687.168212890625,7897.2412109375
2013-12-27,2101.2509765625,2967.50341796875,,8342.421875,5416.91845703125,1493.5045166015625,3687.168212890625,8048.759765625
2013-12-30,2097.529052734375,2967.50341796875,,8342.421875,5416.91845703125,1493.5045166015625,3687.168212890625,7999.21044921875
2013-12-31,2115.97802734375,2967.50341796875,,8342.421875,5416.91845703125,1493.5045166015625,3687.168212890625,8121.69921875
2014-01-02,2109.386962890625,2967.50341796875,,8342.421875,5416.91845703125,1493.5045166015625,3687.168212890625,8114.29931640625
2014-01-03,2083.135009765625,2967.50341796875,,8342.421875,5416.91845703125,1493.5045166015625,3687.168212890625,8028.23974609375
2014-01-06,2045.708984375,2967.50341796875,,8342.421875,5416.91845703125,1493.5045166015625,3687.168212890625,7818.37255859375
2014-01-07,2047.3170166015625,2967.50341796875,,8342.421875,5416.91845703125,1493.5045166015625,3687.168212890625,7806.22265625
2014-01-08,2044.3399658203125,2967.50341796875,,8342.421875,5416.91845703125,1493.5045166015625,3687.168212890625,7802.052734375
2014-01-09,2027.6219482421875,2967.50341796875,,8342.421875,5416.91845703125,1493.5045166015625,3687.168212890625,7746.65380859375
2014-01-10,2013.2979736328125,2967.50341796875,,8342.421875,5416.91845703125,1493.5045166015625,3687.168212890625,7647.9541015625
2014-01-13,2009.56396484375,2967.50341796875,,8342.421875,5416.91845703125,1493.5045166015625,3687.168212890625,7572.47509765625
2014-01-14,2026.842041015625,2967.50341796875,,8342.421875,5416.91845703125,1493.5045166015625,3687.168212890625,7665.68408203125
2014-01-15,2023.3480224609375,2967.50341796875,,8342.421875,5416.91845703125,1493.5045166015625,3687.168212890625,7668.7138671875
2014-01-16,2023.7010498046875,2967.50341796875,,8342.421875,5416.91845703125,1493.5045166015625,3687.168212890625,7667.13427734375
2014-01-17,2004.948974609375,2967.50341796875,,8342.421875,5416.91845703125,1493.5045166015625,3687.168212890625,7544.4853515625
2014-01-20,1991.2530517578125,2967.50341796875,,8342.421875,5416.91845703125,1493.5045166015625,3687.168212890625,7524.24560546875
2014-01-21,2008.31298828125,2967.50341796875,,8342.421875,5416.91845703125,1493.5045166015625,3687.168212890625,7593.34521484375
2014-01-22,2051.7490234375,2967.50341796875,,8342.421875,5416.91845703125,1493.5045166015625,3687.168212890625,7820.36279296875
2014-01-23,2042.1800537109375,2967.50341796875,,8342.421875,5416.91845703125,1493.5045166015625,3687.168212890625,7788.3828125
2014-01-24,2054.39208984375,2967.50341796875,,8342.421875,5416.91845703125,1493.5045166015625,3687.168212890625,7855.05224609375
2014-01-27,2033.300048828125,2967.50341796875,,8342.421875,5416.91845703125,1493.5045166015625,3687.168212890625,7752.45361328125
2014-01-28,2038.512939453125,2967.50341796875,,8342.421875,5416.91845703125,1493.5045166015625,3687.168212890625,7740.66357421875
2014-01-29,2049.9140625,2967.50341796875,,8342.421875,5416.91845703125,1493.5045166015625,3687.168212890625,7707.50341796875
2014-01-30,2033.0830078125,2967.50341796875,,8342.421875,5416.91845703125,1493.5045166015625,3687.168212890625,7572.544921875
2014-02-07,2044.4969482421875,2967.50341796875,,8342.421875,5416.91845703125,1493.5045166015625,3687.168212890625,7616.48486328125
2014-02-10,2086.06689453125,2967.50341796875,,8342.421875,5416.91845703125,1493.5045166015625,3687.168212890625,7812.07275390625
2014-02-11,2103.6708984375,2967.50341796875,,8342.421875,5416.91845703125,1493.5045166015625,3687.168212890625,7838.0322265625
2014-02-12,2109.955078125,2967.50341796875,,8342.421875,5416.91845703125,1493.5045166015625,3687.168212890625,7901.9912109375
2014-02-13,2098.40087890625,2967.50341796875,,8342.421875,5416.91845703125,1493.5045166015625,3687.168212890625,7857.02197265625
2014-02-14,2115.847900390625,2967.50341796875,,8342.421875,5416.91845703125,1493.5045166015625,3687.168212890625,7883.66162109375
2014-02-17,2135.4150390625,2967.50341796875,,8342.421875,5416.91845703125,1493.5045166015625,3687.168212890625,7943.87109375
2014-02-18,2119.06591796875,2967.50341796875,,8342.421875,5416.91845703125,1493.5045166015625,3687.168212890625,7832.38232421875
2014-02-19,2142.553955078125,2967.50341796875,,8342.421875,5416.91845703125,1493.5045166015625,3687.168212890625,7953.85107421875
2014-02-20,2138.781982421875,2967.50341796875,,8342.421875,5416.91845703125,1493.5045166015625,3687.168212890625,7842.0322265625
2014-02-21,2113.693115234375,2967.50341796875,,8342.421875,5416.91845703125,1493.5045166015625,3687.168212890625,7750.4736328125
2014-02-24,2076.68603515625,2967.50341796875,,8342.421875,5416.91845703125,1493.5045166015625,3687.168212890625,7542.4453125
2014-02-25,2034.218994140625,2967.50341796875,,8342.421875,5416.91845703125,1493.5045166015625,3687.168212890625,7303.8681640625
2014-02-26,2041.2540283203125,2967.50341796875,,8342.421875,5416.91845703125,1493.5045166015625,3687.168212890625,7319.52783203125
2014-02-27,2047.35400390625,2967.50341796875,,8342.421875,5416.91845703125,1493.5045166015625,3687.168212890625,7188.65966796875
2014-02-28,2056.302001953125,2967.50341796875,,8342.421875,5416.91845703125,1493.5045166015625,3687.168212890625,7365.84765625
2014-03-03,2075.235107421875,2967.50341796875,,8342.421875,5416.91845703125,1493.5045166015625,3687.168212890625,7391.8271484375
2014-03-04,2071.472900390625,2967.50341796875,,8342.421875,5416.91845703125,1493.5045166015625,3687.168212890625,7347.02783203125
2014-03-05,2053.083984375,2967.50341796875,,8342.421875,5416.91845703125,1493.5045166015625,3687.168212890625,7298.0478515625
2014-03-06,2059.577880859375,2967.50341796875,,8342.421875,5416.91845703125,1493.5045166015625,3687.168212890625,7351.94775390625
2014-03-07,2057.907958984375,2967.50341796875,,8342.421875,5416.91845703125,1493.5045166015625,3687.168212890625,7328.39794921875
2014-03-10,1999.06494140625,2967.50341796875,,8342.421875,5416.91845703125,1493.5045166015625,3687.168212890625,7118.3603515625
2014-03-11,2001.156982421875,2967.50341796875,,8342.421875,5416.91845703125,1493.5045166015625,3687.168212890625,7212.4892578125
2014-03-12,1997.6920166015625,2967.50341796875,,8342.421875,5416.91845703125,1493.5045166015625,3687.168212890625,7216.939453125
2014-03-13,2019.1109619140625,2967.50341796875,,8342.421875,5416.91845703125,1493.5045166015625,3687.168212890625,7319.2080078125
2014-03-14,2004.3389892578125,2967.50341796875,,8342.421875,5416.91845703125,1493.5045166015625,3687.168212890625,7238.97900390625
2014-03-17,2023.6729736328125,2967.50341796875,,8342.421875,5416.91845703125,1493.5045166015625,3687.168212890625,7340.5380859375
2014-03-18,2025.196044921875,2967.50341796875,,8342.421875,5416.91845703125,1493.5045166015625,3687.168212890625,7273.86865234375
2014-03-19,2021.7340087890625,2967.50341796875,,8342.421875,5416.91845703125,1493.5045166015625,3687.168212890625,7150.0400390625
2014-03-20,1993.47900390625,2967.50341796875,,8342.421875,5416.91845703125,1493.5045166015625,3687.168212890625,6998.11181640625
2014-03-21,2047.6190185546875,2967.50341796875,,8342.421875,5416.91845703125,1493.5045166015625,3687.168212890625,7241.48876953125
2014-03-24,2066.279052734375,2967.50341796875,,8342.421875,5416.91845703125,1493.5045166015625,3687.168212890625,7273.67822265625
2014-03-25,2067.31103515625,2967.50341796875,,8342.421875,5416.91845703125,1493.5045166015625,3687.168212890625,7252.26904296875
2014-03-26,2063.669921875,2967.50341796875,,8342.421875,5416.91845703125,1493.5045166015625,3687.168212890625,7244.10888671875
2014-03-27,2046.5880126953125,2967.50341796875,,8342.421875,5416.91845703125,1493.5045166015625,3687.168212890625,7172.939453125
2014-03-28,2041.7120361328125,2967.50341796875,,8342.421875,5416.91845703125,1493.5045166015625,3687.168212890625,7165.4892578125
2014-03-31,2033.3060302734375,2967.50341796875,,8342.421875,5416.91845703125,1493.5045166015625,3687.168212890625,7189.49951171875
2014-04-01,2047.4599609375,2967.50341796875,,8342.421875,5416.91845703125,1493.5045166015625,3687.168212890625,7281.0283203125
2014-04-02,2058.988037109375,2967.50341796875,,8342.421875,5416.91845703125,1493.5045166015625,3687.168212890625,7333.5078125
2014-04-03,2043.7020263671875,2967.50341796875,,8342.421875,5416.91845703125,1493.5045166015625,3687.168212890625,7297.91796875
2014-04-04,2058.8310546875,2967.50341796875,,8342.421875,5416.91845703125,1493.5045166015625,3687.168212890625,7367.71728515625
2014-04-08,2098.283935546875,2967.50341796875,,8342.421875,5416.91845703125,1493.5045166015625,3687.168212890625,7508.576171875
2014-04-09,2105.237060546875,2967.50341796875,,8342.421875,5416.91845703125,1493.5045166015625,3687.168212890625,7511.16552734375
2014-04-10,2134.300048828125,2967.50341796875,,8342.421875,5416.91845703125,1493.5045166015625,3687.168212890625,7563.115234375
2014-04-11,2130.5419921875,2967.50341796875,,8342.421875,5416.91845703125,1493.5045166015625,3687.168212890625,7586.7451171875
2014-04-14,2131.5390625,2967.50341796875,,8342.421875,5416.91845703125,1493.5045166015625,3687.168212890625,7583.19482421875
2014-04-15,2101.60107421875,2967.50341796875,,8342.421875,5416.91845703125,1493.5045166015625,3687.168212890625,7449.62646484375
2014-04-16,2105.1220703125,2967.50341796875,,8342.421875,5416.91845703125,1493.5045166015625,3687.168212890625,7468.37646484375
2014-04-17,2098.885009765625,2967.50341796875,,8342.421875,5416.91845703125,1493.5045166015625,3687.168212890625,7450.95654296875
2014-04-18,2097.748046875,2967.50341796875,,8342.421875,5416.91845703125,1493.5045166015625,3687.168212890625,7455.65673828125
2014-04-21,2065.825927734375,2967.50341796875,,8342.421875,5416.91845703125,1493.5045166015625,3687.168212890625,7353.517578125
2014-04-22,2072.8310546875,2967.50341796875,,8342.421875,5416.91845703125,1493.5045166015625,3687.168212890625,7391.13720703125
2014-04-23,2067.382080078125,2967.50341796875,,8342.421875,5416.91845703125,1493.5045166015625,3687.168212890625,7434.646484375
2014-04-24,2057.032958984375,2967.50341796875,,8342.421875,5416.91845703125,1493.5045166015625,3687.168212890625,7419.35693359375
2014-04-25,2036.51904296875,2967.50341796875,,8342.421875,5416.91845703125,1493.5045166015625,3687.168212890625,7323.56787109375
2014-04-28,2003.487060546875,2967.50341796875,,8342.421875,5416.91845703125,1493.5045166015625,3687.168212890625,7240.37890625
2014-04-29,2020.3409423828125,2967.50341796875,,8342.421875,5416.91845703125,1493.5045166015625,3687.168212890625,7339.77783203125
2014-04-30,2026.3580322265625,2967.50341796875,,8342.421875,5416.91845703125,1493.5045166015625,3687.168212890625,7312.77783203125
2014-05-05,2027.35302734375,2967.50341796875,,8342.421875,5416.91845703125,1493.5045166015625,3687.168212890625,7309.47802734375
2014-05-06,2028.0379638671875,2967.50341796875,,8342.421875,5416.91845703125,1493.5045166015625,3687.168212890625,7311.80810546875
2014-05-07,2010.0830078125,2967.50341796875,,8342.421875,5416.91845703125,1493.5045166015625,3687.168212890625,7234.60888671875
2014-05-08,2015.2740478515625,2967.50341796875,,8342.421875,5416.91845703125,1493.5045166015625,3687.168212890625,7169.8994140625
2014-05-09,2011.135009765625,2967.50341796875,,8342.421875,5416.91845703125,1493.5045166015625,3687.168212890625,7162.359375
2014-05-12,2052.87109375,2967.50341796875,,8342.421875,5416.91845703125,1493.5045166015625,3687.168212890625,7318.05810546875
2014-05-13,2050.72802734375,2967.50341796875,,8342.421875,5416.91845703125,1493.5045166015625,3687.168212890625,7310.22802734375
2014-05-14,2047.9100341796875,2967.50341796875,,8342.421875,5416.91845703125,1493.5045166015625,3687.168212890625,7325.43798828125
2014-05-15,2024.9739990234375,2967.50341796875,,8342.421875,5416.91845703125,1493.5045166015625,3687.168212890625,7213.689453125
2014-05-16,2026.5040283203125,2967.50341796875,,8342.421875,5416.91845703125,1493.5045166015625,3687.168212890625,7242.0888671875
2014-05-19,2005.1829833984375,2967.50341796875,,8342.421875,5416.91845703125,1493.5045166015625,3687.168212890625,7151.40966796875
2014-05-20,2008.1190185546875,2967.50341796875,,8342.421875,5416.91845703125,1493.5045166015625,3687.168212890625,7151.10009765625
2014-05-21,2024.9510498046875,2967.50341796875,,8342.421875,5416.91845703125,1493.5045166015625,3687.168212890625,7204.5693359375
2014-05-22,2021.2850341796875,2967.50341796875,,8342.421875,5416.91845703125,1493.5045166015625,3687.168212890625,7183.599609375
2014-05-23,2034.5689697265625,2967.50341796875,,8342.421875,5416.91845703125,1493.5045166015625,3687.168212890625,7240.8388671875
2014-05-26,2041.4759521484375,2967.50341796875,,8342.421875,5416.91845703125,1493.5045166015625,3687.168212890625,7275.0283203125
2014-05-27,2034.56494140625,2967.50341796875,,8342.421875,5416.91845703125,1493.5045166015625,3687.168212890625,7260.0390625
2014-05-28,2050.22802734375,2967.50341796875,,8342.421875,5416.91845703125,1493.5045166015625,3687.168212890625,7380.607421875
2014-05-29,2040.594970703125,2967.50341796875,,8342.421875,5416.91845703125,1493.5045166015625,3687.168212890625,7341.47802734375
2014-05-30,2039.2120361328125,2967.50341796875,,8342.421875,5416.91845703125,1493.5045166015625,3687.168212890625,7364.74755859375
2014-06-03,2038.3050537109375,2967.50341796875,,8342.421875,5416.91845703125,1493.5045166015625,3687.168212890625,7321.43798828125
2014-06-04,2024.833984375,2967.50341796875,,8342.421875,5416.91845703125,1493.5045166015625,3687.168212890625,7223.048828125
2014-06-05,2040.8780517578125,2967.50341796875,,8342.421875,5416.91845703125,1493.5045166015625,3687.168212890625,7303.55810546875
2014-06-06,2029.9560546875,2967.50341796875,,8342.421875,5416.91845703125,1493.5045166015625,3687.168212890625,7235.30908203125
2014-06-09,2030.501953125,2967.50341796875,,8342.421875,5416.91845703125,1493.5045166015625,3687.168212890625,7227.1591796875
2014-06-10,2052.531982421875,2967.50341796875,,8342.421875,5416.91845703125,1493.5045166015625,3687.168212890625,7341.578125
2014-06-11,2054.947998046875,2967.50341796875,,8342.421875,5416.91845703125,1493.5045166015625,3687.168212890625,7340.60791015625
2014-06-12,2051.712890625,2967.50341796875,,8342.421875,5416.91845703125,1493.5045166015625,3687.168212890625,7299.72802734375
2014-06-13,2070.715087890625,2967.50341796875,,8342.421875,5416.91845703125,1493.5045166015625,3687.168212890625,7401.26708984375
2014-06-16,2085.98291015625,2967.50341796875,,8342.421875,5416.91845703125,1493.5045166015625,3687.168212890625,7416.9072265625
2014-06-17,2066.697998046875,2967.50341796875,,8342.421875,5416.91845703125,1493.5045166015625,3687.168212890625,7331.2880859375
2014-06-18,2055.51904296875,2967.50341796875,,8342.421875,5416.91845703125,1493.5045166015625,3687.168212890625,7297.31787109375
2014-06-19,2023.7349853515625,2967.50341796875,,8342.421875,5416.91845703125,1493.5045166015625,3687.168212890625,7180.2392578125
2014-06-20,2026.6739501953125,2967.50341796875,,8342.421875,5416.91845703125,1493.5045166015625,3687.168212890625,7195.609375
2014-06-23,2024.364990234375,2967.50341796875,,8342.421875,5416.91845703125,1493.5045166015625,3687.168212890625,7192.78955078125
2014-06-24,2033.9310302734375,2967.50341796875,,8342.421875,5416.91845703125,1493.5045166015625,3687.168212890625,7240.76904296875
2014-06-25,2025.501953125,2967.50341796875,,8342.421875,5416.91845703125,1493.5045166015625,3687.168212890625,7217.5693359375
2014-06-26,2038.677001953125,2967.50341796875,,8342.421875,5416.91845703125,1493.5045166015625,3687.168212890625,7291.7978515625
2014-06-27,2036.510009765625,2967.50341796875,,8342.421875,5416.91845703125,1493.5045166015625,3687.168212890625,7312.5380859375
2014-06-30,2048.326904296875,2967.50341796875,,8342.421875,5416.91845703125,1493.5045166015625,3687.168212890625,7343.19775390625
2014-07-01,2050.381103515625,2967.50341796875,,8342.421875,5416.91845703125,1493.5045166015625,3687.168212890625,7297.41796875
2014-07-02,2059.41796875,2967.50341796875,,8342.421875,5416.91845703125,1493.5045166015625,3687.168212890625,7310.2978515625
2014-07-03,2063.22900390625,2967.50341796875,,8342.421875,5416.91845703125,1493.5045166015625,3687.168212890625,7335.4580078125
2014-07-04,2059.375,2967.50341796875,,8342.421875,5416.91845703125,1493.5045166015625,3687.168212890625,7333.828125
2014-07-07,2059.927001953125,2967.50341796875,,8342.421875,5416.91845703125,1493.5045166015625,3687.168212890625,7321.43798828125
2014-07-08,2064.02099609375,2967.50341796875,,8342.421875,5416.91845703125,1493.5045166015625,3687.168212890625,7358.24755859375
2014-07-09,2038.612060546875,2967.50341796875,,8342.421875,5416.91845703125,1493.5045166015625,3687.168212890625,7192.62939453125
2014-07-10,2038.342041015625,2967.50341796875,,8342.421875,5416.91845703125,1493.5045166015625,3687.168212890625,7159.54931640625
2014-07-11,2046.9610595703125,2967.50341796875,,8342.421875,5416.91845703125,1493.5045166015625,3687.168212890625,7206.8896484375
2014-07-14,2066.64599609375,2967.50341796875,,8342.421875,5416.91845703125,1493.5045166015625,3687.168212890625,7278.7783203125
2014-07-15,2070.35693359375,2967.50341796875,,8342.421875,5416.91845703125,1493.5045166015625,3687.168212890625,7304.328125
2014-07-16,2067.27587890625,2967.50341796875,,8342.421875,5416.91845703125,1493.5045166015625,3687.168212890625,7261.82861328125
2014-07-17,2055.591064453125,2967.50341796875,,8342.421875,5416.91845703125,1493.5045166015625,3687.168212890625,7194.65966796875
2014-07-18,2059.06689453125,2967.50341796875,,8342.421875,5416.91845703125,1493.5045166015625,3687.168212890625,7259.369140625
2014-07-21,2054.47900390625,2967.50341796875,,8342.421875,5416.91845703125,1493.5045166015625,3687.168212890625,7274.42822265625
2014-07-22,2075.48095703125,2967.50341796875,,8342.421875,5416.91845703125,1493.5045166015625,3687.168212890625,7372.5673828125
2014-07-23,2078.489013671875,2967.50341796875,,8342.421875,5416.91845703125,1493.5045166015625,3687.168212890625,7375.2275390625
2014-07-24,2105.06201171875,2967.50341796875,,8342.421875,5416.91845703125,1493.5045166015625,3687.168212890625,7503.31591796875
2014-07-25,2126.614013671875,2967.50341796875,,8342.421875,5416.91845703125,1493.5045166015625,3687.168212890625,7578.03515625
2014-07-28,2177.947998046875,2967.50341796875,,8342.421875,5416.91845703125,1493.5045166015625,3687.168212890625,7808.57275390625
2014-07-29,2183.19189453125,2967.50341796875,,8342.421875,5416.91845703125,1493.5045166015625,3687.168212890625,7866.9521484375
2014-07-30,2181.242919921875,2967.50341796875,,8342.421875,5416.91845703125,1493.5045166015625,3687.168212890625,7853.14208984375
2014-07-31,2201.56201171875,2967.50341796875,,8342.421875,5416.91845703125,1493.5045166015625,3687.168212890625,7956.8212890625
2014-08-01,2185.302978515625,2967.50341796875,,8342.421875,5416.91845703125,1493.5045166015625,3687.168212890625,7880.89208984375
2014-08-04,2223.3310546875,2967.50341796875,,8342.421875,5416.91845703125,1493.5045166015625,3687.168212890625,8006.8203125
2014-08-05,2219.945068359375,2967.50341796875,,8342.421875,5416.91845703125,1493.5045166015625,3687.168212890625,8007.669921875
2014-08-06,2217.465087890625,2967.50341796875,,8342.421875,5416.91845703125,1493.5045166015625,3687.168212890625,7995.41064453125
2014-08-07,2187.6689453125,2967.50341796875,,8342.421875,5416.91845703125,1493.5045166015625,3687.168212890625,7872.8623046875
2014-08-08,2194.425048828125,2967.50341796875,,8342.421875,5416.91845703125,1493.5045166015625,3687.168212890625,7885.24169921875
2014-08-11,2224.654052734375,2967.50341796875,,8342.421875,5416.91845703125,1493.5045166015625,3687.168212890625,8009.650390625
2014-08-12,2221.594970703125,2967.50341796875,,8342.421875,5416.91845703125,1493.5045166015625,3687.168212890625,7966.80078125
2014-08-13,2222.876953125,2967.50341796875,,8342.421875,5416.91845703125,1493.5045166015625,3687.168212890625,7980.40087890625
2014-08-14,2206.466064453125,2967.50341796875,,8342.421875,5416.91845703125,1493.5045166015625,3687.168212890625,7893.81103515625
2014-08-15,2226.73388671875,2967.50341796875,,8342.421875,5416.91845703125,1493.5045166015625,3687.168212890625,7981.98046875
2014-08-18,2239.466064453125,2967.50341796875,,8342.421875,5416.91845703125,1493.5045166015625,3687.168212890625,8045.76953125
2014-08-19,2245.330078125,2967.50341796875,,8342.421875,5416.91845703125,1493.5045166015625,3687.168212890625,8043.15966796875
2014-08-20,2240.2109375,2967.50341796875,,8342.421875,5416.91845703125,1493.5045166015625,3687.168212890625,8022.97998046875
2014-08-21,2230.4580078125,2967.50341796875,,8342.421875,5416.91845703125,1493.5045166015625,3687.168212890625,8010.6201171875
2014-08-22,2240.81201171875,2967.50341796875,,8342.421875,5416.91845703125,1493.5045166015625,3687.168212890625,8059.3095703125
2014-08-25,2229.27392578125,2967.50341796875,,8342.421875,5416.91845703125,1493.5045166015625,3687.168212890625,7934.72119140625
2014-08-26,2207.10595703125,2967.50341796875,,8342.421875,5416.91845703125,1493.5045166015625,3687.168212890625,7813.892578125
2014-08-27,2209.465087890625,2967.50341796875,,8342.421875,5416.91845703125,1493.5045166015625,3687.168212890625,7840.98193359375
2014-08-28,2195.818115234375,2967.50341796875,,8342.421875,5416.91845703125,1493.5045166015625,3687.168212890625,7743.45361328125
2014-08-29,2217.199951171875,2967.50341796875,,8342.421875,5416.91845703125,1493.5045166015625,3687.168212890625,7841.6123046875
2014-09-01,2235.510986328125,2967.50341796875,,8342.421875,5416.91845703125,1493.5045166015625,3687.168212890625,7941.0712890625
2014-09-02,2266.0458984375,2967.50341796875,,8342.421875,5416.91845703125,1493.5045166015625,3687.168212890625,8043.2197265625
2014-09-03,2288.626953125,2967.50341796875,,8342.421875,5416.91845703125,1493.5045166015625,3687.168212890625,8115.779296875
2014-09-04,2306.862060546875,2967.50341796875,,8342.421875,5416.91845703125,1493.5045166015625,3687.168212890625,8176.47802734375
2014-09-05,2326.431884765625,2967.50341796875,,8342.421875,5416.91845703125,1493.5045166015625,3687.168212890625,8214.4384765625
2014-09-09,2326.527099609375,2967.50341796875,,8342.421875,5416.91845703125,1493.5045166015625,3687.168212890625,8201.41796875
2014-09-10,2318.304931640625,2967.50341796875,,8342.421875,5416.91845703125,1493.5045166015625,3687.168212890625,8158.50830078125
2014-09-11,2311.678955078125,2967.50341796875,,8342.421875,5416.91845703125,1493.5045166015625,3687.168212890625,8117.8291015625
2014-09-12,2331.949951171875,2967.50341796875,,8342.421875,5416.91845703125,1493.5045166015625,3687.168212890625,8146.89892578125
2014-09-15,2339.139892578125,2967.50341796875,,8342.421875,5416.91845703125,1493.5045166015625,3687.168212890625,8112.55908203125
2014-09-16,2296.554931640625,2967.50341796875,,8342.421875,5416.91845703125,1493.5045166015625,3687.168212890625,7920.98095703125
2014-09-17,2307.89306640625,2967.50341796875,,8342.421875,5416.91845703125,1493.5045166015625,3687.168212890625,7981.73046875
2014-09-18,2315.927978515625,2967.50341796875,,8342.421875,5416.91845703125,1493.5045166015625,3687.168212890625,8004.48046875
2014-09-19,2329.450927734375,2967.50341796875,,8342.421875,5416.91845703125,1493.5045166015625,3687.168212890625,8047.15966796875
2014-09-22,2289.865966796875,2967.50341796875,,8342.421875,5416.91845703125,1493.5045166015625,3687.168212890625,7895.78125
2014-09-23,2309.718017578125,2967.50341796875,,8342.421875,5416.91845703125,1493.5045166015625,3687.168212890625,7965.80078125
2014-09-24,2343.574951171875,2967.50341796875,,8342.421875,5416.91845703125,1493.5045166015625,3687.168212890625,8100.12939453125
2014-09-25,2345.10302734375,2967.50341796875,,8342.421875,5416.91845703125,1493.5045166015625,3687.168212890625,8076.41943359375
2014-09-26,2347.718017578125,2967.50341796875,,8342.421875,5416.91845703125,1493.5045166015625,3687.168212890625,8072.78955078125
2014-09-29,2357.7109375,2967.50341796875,,8342.421875,5416.91845703125,1493.5045166015625,3687.168212890625,8082.759765625
2014-09-30,2363.8701171875,2967.50341796875,,8342.421875,5416.91845703125,1493.5045166015625,3687.168212890625,8080.259765625
2014-10-08,2382.7939453125,2967.50341796875,,8342.421875,5416.91845703125,1493.5045166015625,3687.168212890625,8183.55810546875
2014-10-09,2389.37109375,2967.50341796875,,8342.421875,5416.91845703125,1493.5045166015625,3687.168212890625,8203.91796875
2014-10-10,2374.5400390625,2967.50341796875,,8342.421875,5416.91845703125,1493.5045166015625,3687.168212890625,8211.4482421875
2014-10-13,2366.009033203125,2967.50341796875,,8342.421875,5416.91845703125,1493.5045166015625,3687.168212890625,8163.97802734375
2014-10-14,2359.47509765625,2967.50341796875,,8342.421875,5416.91845703125,1493.5045166015625,3687.168212890625,8139.86865234375
2014-10-15,2373.669921875,2967.50341796875,,8342.421875,5416.91845703125,1493.5045166015625,3687.168212890625,8198.0283203125
2014-10-16,2356.4990234375,2967.50341796875,,8342.421875,5416.91845703125,1493.5045166015625,3687.168212890625,8110.59912109375
2014-10-17,2341.18408203125,2967.50341796875,,8342.421875,5416.91845703125,1493.5045166015625,3687.168212890625,8151.4287109375
2014-10-20,2356.72802734375,2967.50341796875,,8342.421875,5416.91845703125,1493.5045166015625,3687.168212890625,8204.1083984375
2014-10-21,2339.656982421875,2967.50341796875,,8342.421875,5416.91845703125,1493.5045166015625,3687.168212890625,8106.8291015625
2014-10-22,2326.552978515625,2967.50341796875,,8342.421875,5416.91845703125,1493.5045166015625,3687.168212890625,8063.10986328125
2014-10-23,2302.41796875,2967.50341796875,,8342.421875,5416.91845703125,1493.5045166015625,3687.168212890625,7969.07080078125
2014-10-24,2302.280029296875,2967.50341796875,,8342.421875,5416.91845703125,1493.5045166015625,3687.168212890625,7921.041015625
2014-10-27,2290.43701171875,2967.50341796875,,8342.421875,5416.91845703125,1493.5045166015625,3687.168212890625,7829.2421875
2014-10-28,2337.87109375,2967.50341796875,,8342.421875,5416.91845703125,1493.5045166015625,3687.168212890625,7988.25048828125
2014-10-29,2373.030029296875,2967.50341796875,,8342.421875,5416.91845703125,1493.5045166015625,3687.168212890625,8090.58984375
2014-10-30,2391.075927734375,2967.50341796875,,8342.421875,5416.91845703125,1493.5045166015625,3687.168212890625,8090.45947265625
2014-10-31,2420.177978515625,2967.50341796875,,8342.421875,5416.91845703125,1493.5045166015625,3687.168212890625,8225.5185546875
2014-11-03,2430.970947265625,2967.50341796875,,8342.421875,5416.91845703125,1493.5045166015625,3687.168212890625,8240.05859375
2014-11-04,2430.737060546875,2967.50341796875,,8342.421875,5416.91845703125,1493.5045166015625,3687.168212890625,8206.6982421875
2014-11-05,2420.39599609375,2967.50341796875,,8342.421875,5416.91845703125,1493.5045166015625,3687.168212890625,8198.478515625
2014-11-06,2425.80908203125,2967.50341796875,,8342.421875,5416.91845703125,1493.5045166015625,3687.168212890625,8211.8681640625
2014-11-07,2419.14599609375,2967.50341796875,,8342.421875,5416.91845703125,1493.5045166015625,3687.168212890625,8234.7783203125
2014-11-10,2473.18310546875,2967.50341796875,,8342.421875,5416.91845703125,1493.5045166015625,3687.168212890625,8410.125
2014-11-11,2470.594970703125,2967.50341796875,,8342.421875,5416.91845703125,1493.5045166015625,3687.168212890625,8312.796875
2014-11-12,2494.27587890625,2967.50341796875,,8342.421875,5416.91845703125,1493.5045166015625,3687.168212890625,8410.1953125
2014-11-13,2486.669921875,2967.50341796875,,8342.421875,5416.91845703125,1493.5045166015625,3687.168212890625,8304.9873046875
2014-11-14,2479.18505859375,2967.50341796875,,8342.421875,5416.91845703125,1493.5045166015625,3687.168212890625,8326.806640625
2014-11-17,2475.1201171875,2967.50341796875,,8342.421875,5416.91845703125,1493.5045166015625,3687.168212890625,8283.70703125
2014-11-18,2457.529052734375,2967.50341796875,,8342.421875,5416.91845703125,1493.5045166015625,3687.168212890625,8196.498046875
2014-11-19,2451.1669921875,2967.50341796875,,8342.421875,5416.91845703125,1493.5045166015625,3687.168212890625,8224.978515625
2014-11-20,2452.616943359375,2967.50341796875,,8342.421875,5416.91845703125,1493.5045166015625,3687.168212890625,8205.2880859375
2014-11-21,2487.111083984375,2967.50341796875,,8342.421875,5416.91845703125,1493.5045166015625,3687.168212890625,8332.2060546875
2014-11-24,2533.887939453125,2967.50341796875,,8342.421875,5416.91845703125,1493.5045166015625,3687.168212890625,8577.8134765625
2014-11-25,2567.596923828125,2967.50341796875,,8342.421875,5416.91845703125,1493.5045166015625,3687.168212890625,8693.33203125
2014-11-26,2604.886962890625,2967.50341796875,,8342.421875,5416.91845703125,1493.5045166015625,3687.168212890625,8763.6826171875
2014-11-27,2630.0458984375,2967.50341796875,,8342.421875,5416.91845703125,1493.5045166015625,3687.168212890625,8860.330078125
2014-11-28,2682.9189453125,2967.50341796875,,8342.421875,5416.91845703125,1493.5045166015625,3687.168212890625,9002.1298828125
2014-12-01,2680.739990234375,2967.50341796875,,8342.421875,5416.91845703125,1493.5045166015625,3687.168212890625,9095.6572265625
2014-12-02,2763.31689453125,2967.50341796875,,8342.421875,5416.91845703125,1493.5045166015625,3687.168212890625,9366.8447265625
2014-12-03,2779.736083984375,2967.50341796875,,8342.421875,5416.91845703125,1493.5045166015625,3687.168212890625,9643.8115234375
2014-12-04,2900.362060546875,2967.50341796875,,8342.421875,5416.91845703125,1493.5045166015625,3687.168212890625,10029.7177734375
2014-12-05,2938.781005859375,2967.50341796875,,8342.421875,5416.91845703125,1493.5045166015625,3687.168212890625,10067.1669921875
2014-12-08,3021.52392578125,2967.50341796875,,8342.421875,5416.91845703125,1493.5045166015625,3687.168212890625,10554.451171875
2014-12-09,2859.9189453125,2967.50341796875,,8342.421875,5416.91845703125,1493.5045166015625,3687.168212890625,10116.376953125
2014-12-10,2940.876953125,2967.50341796875,,8342.421875,5416.91845703125,1493.5045166015625,3687.168212890625,10545.4013671875
2014-12-11,2925.742919921875,2967.50341796875,,8342.421875,5416.91845703125,1493.5045166015625,3687.168212890625,10478.7626953125
2014-12-12,2938.173095703125,2967.50341796875,,8342.421875,5416.91845703125,1493.5045166015625,3687.168212890625,10462.1923828125
2014-12-15,2953.4208984375,2967.50341796875,,8342.421875,5416.91845703125,1493.5045166015625,3687.168212890625,10504.11328125
2014-12-16,3021.51806640625,2967.50341796875,,8342.421875,5416.91845703125,1493.5045166015625,3687.168212890625,10668.5009765625
2014-12-17,3061.02001953125,2967.50341796875,,8342.421875,5416.91845703125,1493.5045166015625,3687.168212890625,10786.599609375
2014-12-18,3057.52099609375,2967.50341796875,,8342.421875,5416.91845703125,1493.5045166015625,3687.168212890625,10665.060546875
2014-12-19,3108.595947265625,2967.50341796875,,8342.421875,5416.91845703125,1493.5045166015625,3687.168212890625,10626.9912109375
2014-12-22,3127.445068359375,2967.50341796875,,8342.421875,5416.91845703125,1493.5045166015625,3687.168212890625,10608.400390625
2014-12-23,3032.612060546875,2967.50341796875,,8342.421875,5416.91845703125,1493.5045166015625,3687.168212890625,10570.6708984375
2014-12-24,2972.531982421875,2967.50341796875,,8342.421875,5416.91845703125,1493.5045166015625,3687.168212890625,10292.404296875
2014-12-25,,2967.50341796875,,8342.421875,5416.91845703125,1493.5045166015625,3687.168212890625,10493.6630859375
2014-12-26,3157.60302734375,2967.50341796875,,8342.421875,5416.91845703125,1493.5045166015625,3687.168212890625,10802.5185546875
2014-12-29,3168.01611328125,2967.50341796875,,8342.421875,5416.91845703125,1493.5045166015625,3687.168212890625,10780.2802734375
2014-12-30,3165.81494140625,2967.50341796875,,8342.421875,5416.91845703125,1493.5045166015625,3687.168212890625,10722.1396484375
2014-12-31,3234.677001953125,2967.50341796875,,8342.421875,5416.91845703125,1493.5045166015625,3687.168212890625,11014.4970703125
2015-01-05,3350.51904296875,2967.50341796875,,8342.421875,5416.91845703125,1493.5045166015625,3687.168212890625,11520.4609375
2015-01-06,3351.446044921875,2967.50341796875,,8342.421875,5416.91845703125,1493.5045166015625,3687.168212890625,11667.8388671875
2015-01-07,3373.9541015625,2967.50341796875,,8342.421875,5416.91845703125,1493.5045166015625,3687.168212890625,11613.23046875
2015-01-08,3293.4560546875,2967.50341796875,,8342.421875,5416.91845703125,1493.5045166015625,3687.168212890625,11465.01171875
2015-01-09,3285.412109375,2967.50341796875,,8342.421875,5416.91845703125,1493.5045166015625,3687.168212890625,11324.6328125
2015-01-12,3229.31591796875,2967.50341796875,,8342.421875,5416.91845703125,1493.5045166015625,3687.168212890625,11285.0537109375
2015-01-13,3235.301025390625,2967.50341796875,,8342.421875,5416.91845703125,1493.5045166015625,3687.168212890625,11355.681640625
2015-01-14,3222.43701171875,2967.50341796875,,8342.421875,5416.91845703125,1493.5045166015625,3687.168212890625,11237.654296875
2015-01-15,3336.455078125,2967.50341796875,,8342.421875,5416.91845703125,1493.5045166015625,3687.168212890625,11483.55078125
2015-01-16,3376.4951171875,2967.50341796875,,8342.421875,5416.91845703125,1493.5045166015625,3687.168212890625,11532.6708984375
2015-01-19,3116.35107421875,2967.50341796875,,8342.421875,5416.91845703125,1493.5045166015625,3687.168212890625,10770.8095703125
2015-01-20,3173.052001953125,2967.50341796875,,8342.421875,5416.91845703125,1493.5045166015625,3687.168212890625,10996.357421875
2015-01-21,3323.611083984375,2967.50341796875,,8342.421875,5416.91845703125,1493.5045166015625,3687.168212890625,11372.0517578125
2015-01-22,3343.343994140625,2967.50341796875,,8342.421875,5416.91845703125,1493.5045166015625,3687.168212890625,11471.08203125
2015-01-23,3351.763916015625,2967.50341796875,,8342.421875,5416.91845703125,1493.5045166015625,3687.168212890625,11436.162109375
2015-01-26,3383.181884765625,2967.50341796875,,8342.421875,5416.91845703125,1493.5045166015625,3687.168212890625,11686.8388671875
2015-01-27,3352.9599609375,2967.50341796875,,8342.421875,5416.91845703125,1493.5045166015625,3687.168212890625,11551.740234375
2015-01-28,3305.738037109375,2967.50341796875,,8342.421875,5416.91845703125,1493.5045166015625,3687.168212890625,11354.072265625
2015-01-29,3262.304931640625,2967.50341796875,,8342.421875,5416.91845703125,1493.5045166015625,3687.168212890625,11248.9140625
2015-01-30,3210.363037109375,2967.50341796875,,8342.421875,5416.91845703125,1493.5045166015625,3687.168212890625,11150.5654296875
2015-02-02,3128.300048828125,2967.50341796875,,8342.421875,5416.91845703125,1493.5045166015625,3687.168212890625,10963.0166015625
2015-02-03,3204.906982421875,2967.50341796875,,8342.421875,5416.91845703125,1493.5045166015625,3687.168212890625,11209.0654296875
2015-02-04,3174.1259765625,2967.50341796875,,8342.421875,5416.91845703125,1493.5045166015625,3687.168212890625,11116.4248046875
2015-02-05,3136.531005859375,2967.50341796875,,8342.421875,5416.91845703125,1493.5045166015625,3687.168212890625,11065.4560546875
2015-02-06,3075.906982421875,2967.50341796875,,8342.421875,5416.91845703125,1493.5045166015625,3687.168212890625,10790.9794921875
2015-02-09,3095.1240234375,2967.50341796875,,8342.421875,5416.91845703125,1493.5045166015625,3687.168212890625,10868.017578125
2015-02-10,3141.593017578125,2967.50341796875,,8342.421875,5416.91845703125,1493.5045166015625,3687.168212890625,11136.4951171875
2015-02-11,3157.7041015625,2967.50341796875,,8342.421875,5416.91845703125,1493.5045166015625,3687.168212890625,11265.50390625
2015-02-12,3173.416015625,2967.50341796875,,8342.421875,5416.91845703125,1493.5045166015625,3687.168212890625,11302.603515625
2015-02-13,3203.826904296875,2967.50341796875,,8342.421875,5416.91845703125,1493.5045166015625,3687.168212890625,11442.921875
2015-02-16,3222.363037109375,2967.50341796875,,8342.421875,5416.91845703125,1493.5045166015625,3687.168212890625,11595.1201171875
2015-02-17,3246.906005859375,2967.50341796875,,8342.421875,5416.91845703125,1493.5045166015625,3687.168212890625,11718.4287109375
2015-02-25,3228.843017578125,2967.50341796875,,8342.421875,5416.91845703125,1493.5045166015625,3687.168212890625,11539.5712890625
2015-02-26,3298.35888671875,2967.50341796875,,8342.421875,5416.91845703125,1493.5045166015625,3687.168212890625,11750.6494140625
2015-02-27,3310.302978515625,2967.50341796875,,8342.421875,5416.91845703125,1493.5045166015625,3687.168212890625,11757.5478515625
2015-03-02,3336.284912109375,2967.50341796875,,8342.421875,5416.91845703125,1493.5045166015625,3687.168212890625,11883.88671875
2015-03-03,3263.052001953125,2967.50341796875,,8342.421875,5416.91845703125,1493.5045166015625,3687.168212890625,11526.0908203125
2015-03-04,3279.532958984375,2967.50341796875,,8342.421875,5416.91845703125,1493.5045166015625,3687.168212890625,11654.94921875
2015-03-05,3248.47607421875,2967.50341796875,,8342.421875,5416.91845703125,1493.5045166015625,3687.168212890625,11566.259765625
2015-03-06,3241.18701171875,2967.50341796875,,8342.421875,5416.91845703125,1493.5045166015625,3687.168212890625,11392.2724609375
2015-03-09,3302.407958984375,2967.50341796875,,8342.421875,5416.91845703125,1493.5045166015625,3687.168212890625,11533.1015625
2015-03-10,3286.068115234375,2967.50341796875,,8342.421875,5416.91845703125,1493.5045166015625,3687.168212890625,11556.5205078125
2015-03-11,3290.89990234375,2967.50341796875,,8342.421875,5416.91845703125,1493.5045166015625,3687.168212890625,11524.9609375
2015-03-12,3349.322998046875,2967.50341796875,,8342.421875,5416.91845703125,1493.5045166015625,3687.168212890625,11635.458984375
2015-03-13,3372.910888671875,2967.50341796875,,8342.421875,5416.91845703125,1493.5045166015625,3687.168212890625,11713.4794921875
2015-03-16,3449.304931640625,2967.50341796875,,8342.421875,5416.91845703125,1493.5045166015625,3687.168212890625,12017.6357421875
2015-03-17,3502.846923828125,2967.50341796875,,8342.421875,5416.91845703125,1493.5045166015625,3687.168212890625,12169.3828125
2015-03-18,3577.301025390625,2967.50341796875,,8342.421875,5416.91845703125,1493.5045166015625,3687.168212890625,12496.1005859375
2015-03-19,3582.27099609375,2967.50341796875,,8342.421875,5416.91845703125,1493.5045166015625,3687.168212890625,12428.970703125
2015-03-20,3617.318115234375,2967.50341796875,,8342.421875,5416.91845703125,1493.5045166015625,3687.168212890625,12544.3095703125
2015-03-23,3687.72802734375,2967.50341796875,,8342.421875,5416.91845703125,1493.5045166015625,3687.168212890625,12780.177734375
2015-03-24,3691.409912109375,2967.50341796875,,8342.421875,5416.91845703125,1493.5045166015625,3687.168212890625,12801.056640625
2015-03-25,3660.72705078125,2967.50341796875,,8342.421875,5416.91845703125,1493.5045166015625,3687.168212890625,12756.95703125
2015-03-26,3682.094970703125,2967.50341796875,,8342.421875,5416.91845703125,1493.5045166015625,3687.168212890625,12712.837890625
2015-03-27,3691.095947265625,2967.50341796875,,8342.421875,5416.91845703125,1493.5045166015625,3687.168212890625,12874.275390625
2015-03-30,3786.568115234375,2967.50341796875,,8342.421875,5416.91845703125,1493.5045166015625,3687.168212890625,13193.1728515625
2015-03-31,3747.89892578125,2967.50341796875,,8342.421875,5416.91845703125,1493.5045166015625,3687.168212890625,13160.5126953125
2015-04-01,3810.2939453125,2967.50341796875,,8342.421875,5416.91845703125,1493.5045166015625,3687.168212890625,13394.580078125
2015-04-02,3825.783935546875,2967.50341796875,,8342.421875,5416.91845703125,1493.5045166015625,3687.168212890625,13425.94921875
2015-04-03,3863.928955078125,2967.50341796875,,8342.421875,5416.91845703125,1493.5045166015625,3687.168212890625,13494.4892578125
2015-04-07,3961.3779296875,2967.50341796875,,8342.421875,5416.91845703125,1493.5045166015625,3687.168212890625,13768.576171875
2015-04-08,3994.81103515625,2967.50341796875,,8342.421875,5416.91845703125,1493.5045166015625,3687.168212890625,13841.564453125
2015-04-09,3957.533935546875,2967.50341796875,,8342.421875,5416.91845703125,1493.5045166015625,3687.168212890625,13796.5751953125
2015-04-10,4034.31005859375,2967.50341796875,,8342.421875,5416.91845703125,1493.5045166015625,3687.168212890625,14013.18359375
2015-04-13,4121.71484375,2967.50341796875,,8342.421875,5416.91845703125,1493.5045166015625,3687.168212890625,14149.3515625
2015-04-14,4135.56494140625,2967.50341796875,,8342.421875,5416.91845703125,1493.5045166015625,3687.168212890625,14042.3017578125
2015-04-15,4084.1630859375,2967.50341796875,,8342.421875,5416.91845703125,1493.5045166015625,3687.168212890625,13646.45703125
2015-04-16,4194.8232421875,2967.50341796875,,8342.421875,5416.91845703125,1493.5045166015625,3687.168212890625,13967.6435546875
2015-04-17,4287.2958984375,2967.50341796875,,8342.421875,5416.91845703125,1493.5045166015625,3687.168212890625,14149.181640625
2015-04-20,4217.0771484375,2967.50341796875,,8342.421875,5416.91845703125,1493.5045166015625,3687.168212890625,13871.4443359375
2015-04-21,4293.623046875,2967.50341796875,,8342.421875,5416.91845703125,1493.5045166015625,3687.168212890625,14438.837890625
2015-04-22,4398.494140625,2967.50341796875,,8342.421875,5416.91845703125,1493.5045166015625,3687.168212890625,14748.96484375
2015-04-23,4414.5078125,2967.50341796875,,8342.421875,5416.91845703125,1493.5045166015625,3687.168212890625,14743.0546875
2015-04-24,4393.68603515625,2967.50341796875,,8342.421875,5416.91845703125,1493.5045166015625,3687.168212890625,14598.5361328125
2015-04-27,4527.39599609375,2967.50341796875,,8342.421875,5416.91845703125,1493.5045166015625,3687.168212890625,14809.25390625
2015-04-28,4476.21484375,2967.50341796875,,8342.421875,5416.91845703125,1493.5045166015625,3687.168212890625,14707.0849609375
2015-04-29,4476.6201171875,2967.50341796875,,8342.421875,5416.91845703125,1493.5045166015625,3687.168212890625,14871.783203125
2015-04-30,4441.65478515625,2967.50341796875,,8342.421875,5416.91845703125,1493.5045166015625,3687.168212890625,14818.4736328125
2015-05-04,4480.4638671875,2967.50341796875,,8342.421875,5416.91845703125,1493.5045166015625,3687.168212890625,14860.36328125
2015-05-05,4298.7060546875,2967.50341796875,,8342.421875,5416.91845703125,1493.5045166015625,3687.168212890625,14232.9404296875
2015-05-06,4229.26611328125,2967.50341796875,,8342.421875,5416.91845703125,1493.5045166015625,3687.168212890625,14136.01171875
2015-05-07,4112.2138671875,2967.50341796875,,8342.421875,5416.91845703125,1493.5045166015625,3687.168212890625,14114.572265625
2015-05-08,4205.9169921875,2967.50341796875,,8342.421875,5416.91845703125,1493.5045166015625,3687.168212890625,14481.087890625
2015-05-11,4333.583984375,2967.50341796875,,8342.421875,5416.91845703125,1493.5045166015625,3687.168212890625,14944.712890625
2015-05-12,4401.21923828125,2967.50341796875,,8342.421875,5416.91845703125,1493.5045166015625,3687.168212890625,15066.12109375
2015-05-13,4375.759765625,2967.50341796875,,8342.421875,5416.91845703125,1493.5045166015625,3687.168212890625,15172.919921875
2015-05-14,4378.31103515625,2967.50341796875,,8342.421875,5416.91845703125,1493.5045166015625,3687.168212890625,15024.30078125
2015-05-15,4308.69091796875,2967.50341796875,,8342.421875,5416.91845703125,1493.5045166015625,3687.168212890625,14694.7861328125
2015-05-18,4283.4912109375,2967.50341796875,,8342.421875,5416.91845703125,1493.5045166015625,3687.168212890625,14672.4658203125
2015-05-19,4417.5517578125,2967.50341796875,,8342.421875,5416.91845703125,1493.5045166015625,3687.168212890625,15127.2099609375
2015-05-20,4446.2880859375,2967.50341796875,,8342.421875,5416.91845703125,1493.5045166015625,3687.168212890625,15336.908203125
2015-05-21,4529.421875,2967.50341796875,,8342.421875,5416.91845703125,1493.5045166015625,3687.168212890625,15872.3525390625
2015-05-22,4657.59619140625,2967.50341796875,,8342.421875,5416.91845703125,1493.5045166015625,3687.168212890625,16045.6201171875
2015-05-25,4813.7978515625,2967.50341796875,,8342.421875,5416.91845703125,1493.5045166015625,3687.168212890625,16350.8759765625
2015-05-26,4910.89697265625,2967.50341796875,,8342.421875,5416.91845703125,1493.5045166015625,3687.168212890625,16903.28125
2015-05-27,4941.7138671875,2967.50341796875,,8342.421875,5416.91845703125,1493.5045166015625,3687.168212890625,16963.330078125
2015-05-28,4620.26611328125,2967.50341796875,,8342.421875,5416.91845703125,1493.5045166015625,3687.168212890625,15912.7724609375
2015-05-29,4611.744140625,2967.50341796875,,8342.421875,5416.91845703125,1493.5045166015625,3687.168212890625,16100.26953125
2015-06-01,4828.73779296875,2967.50341796875,,8342.421875,5416.91845703125,1493.5045166015625,3687.168212890625,16917.33984375
2015-06-02,4910.52685546875,2967.50341796875,,8342.421875,5416.91845703125,1493.5045166015625,3687.168212890625,17485.384765625
2015-06-03,4909.97802734375,2967.50341796875,,8342.421875,5416.91845703125,1493.5045166015625,3687.168212890625,17538.3046875
2015-06-04,4947.10205078125,2967.50341796875,,8342.421875,5416.91845703125,1493.5045166015625,3687.168212890625,17500.85546875
2015-06-05,5023.09619140625,2967.50341796875,,8342.421875,5416.91845703125,1493.5045166015625,3687.168212890625,17648.890625
2015-06-08,5131.880859375,2967.50341796875,,8342.421875,5416.91845703125,1493.5045166015625,3687.168212890625,17452.115234375
2015-06-09,5113.5341796875,2967.50341796875,,8342.421875,5416.91845703125,1493.5045166015625,3687.168212890625,17398.8046875
2015-06-10,5106.0361328125,2967.50341796875,,8342.421875,5416.91845703125,1493.5045166015625,3687.168212890625,17677.37109375
2015-06-11,5121.5927734375,2967.50341796875,,8342.421875,5416.91845703125,1493.5045166015625,3687.168212890625,17889.48828125
2015-06-12,5166.35009765625,2967.50341796875,,8342.421875,5416.91845703125,1493.5045166015625,3687.168212890625,18098.068359375
2015-06-15,5062.9931640625,2967.50341796875,,8342.421875,5416.91845703125,1493.5045166015625,3687.168212890625,17702.3515625
2015-06-16,4887.43212890625,2967.50341796875,,8342.421875,5416.91845703125,1493.5045166015625,3687.168212890625,17075.73828125
2015-06-17,4967.89794921875,2967.50341796875,,8342.421875,5416.91845703125,1493.5045166015625,3687.168212890625,17405.375
2015-06-18,4785.35595703125,2967.50341796875,,8342.421875,5416.91845703125,1493.5045166015625,3687.168212890625,16734.65234375
2015-06-19,4478.36376953125,2967.50341796875,,8342.421875,5416.91845703125,1493.5045166015625,3687.168212890625,15725.2939453125
2015-06-23,4576.4921875,2967.50341796875,,8342.421875,5416.91845703125,1493.5045166015625,3687.168212890625,16045.810546875
2015-06-24,4690.14990234375,2967.50341796875,,8342.421875,5416.91845703125,1493.5045166015625,3687.168212890625,16312.126953125
2015-06-25,4527.77880859375,2967.50341796875,,8342.421875,5416.91845703125,1493.5045166015625,3687.168212890625,15692.2646484375
2015-06-26,4192.873046875,2967.50341796875,,8342.421875,5416.91845703125,1493.5045166015625,3687.168212890625,14398.62890625
2015-06-29,4053.030029296875,2967.50341796875,,8342.421875,5416.91845703125,1493.5045166015625,3687.168212890625,13566.1171875
2015-06-30,4277.22216796875,2967.50341796875,,8342.421875,5416.91845703125,1493.5045166015625,3687.168212890625,14337.80859375
2015-07-01,4053.699951171875,2967.50341796875,,8342.421875,5416.91845703125,1493.5045166015625,3687.168212890625,13650.6669921875
2015-07-02,3912.76708984375,2967.50341796875,,8342.421875,5416.91845703125,1493.5045166015625,3687.168212890625,12924.0458984375
2015-07-03,3686.9150390625,2967.50341796875,,8342.421875,5416.91845703125,1493.5045166015625,3687.168212890625,12245.9228515625
2015-07-06,3775.912109375,2967.50341796875,,8342.421875,5416.91845703125,1493.5045166015625,3687.168212890625,12075.6337890625
2015-07-07,3727.125,2967.50341796875,,8342.421875,5416.91845703125,1493.5045166015625,3687.168212890625,11375.4716796875
2015-07-08,3507.19189453125,2967.50341796875,,8342.421875,5416.91845703125,1493.5045166015625,3687.168212890625,11040.7666015625
2015-07-09,3709.330078125,2967.50341796875,,8342.421875,5416.91845703125,1493.5045166015625,3687.168212890625,11510.2109375
2015-07-10,3877.802978515625,2967.50341796875,,8342.421875,5416.91845703125,1493.5045166015625,3687.168212890625,12038.015625
2015-07-13,3970.387939453125,2967.50341796875,,8342.421875,5416.91845703125,1493.5045166015625,3687.168212890625,12614.0185546875
2015-07-14,3924.487060546875,2967.50341796875,,8342.421875,5416.91845703125,1493.5045166015625,3687.168212890625,12728.3671875
2015-07-15,3805.702880859375,2967.50341796875,,8342.421875,5416.91845703125,1493.5045166015625,3687.168212890625,12132.2841796875
2015-07-16,3823.176025390625,2967.50341796875,,8342.421875,5416.91845703125,1493.5045166015625,3687.168212890625,12357.4716796875
2015-07-17,3957.35205078125,2967.50341796875,,8342.421875,5416.91845703125,1493.5045166015625,3687.168212890625,13004.814453125
2015-07-20,3992.110107421875,2967.50341796875,,8342.421875,5416.91845703125,1493.5045166015625,3687.168212890625,13202.2529296875
2015-07-21,4017.675048828125,2967.50341796875,,8342.421875,5416.91845703125,1493.5045166015625,3687.168212890625,13315.41015625
2015-07-22,4026.044921875,2967.50341796875,,8342.421875,5416.91845703125,1493.5045166015625,3687.168212890625,13416.3896484375
2015-07-23,4123.9228515625,2967.50341796875,,8342.421875,5416.91845703125,1493.5045166015625,3687.168212890625,13754.376953125
2015-07-24,4070.907958984375,2967.50341796875,,8342.421875,5416.91845703125,1493.5045166015625,3687.168212890625,13518.3681640625
2015-07-27,3725.55810546875,2967.50341796875,,8342.421875,5416.91845703125,1493.5045166015625,3687.168212890625,12492.91015625
2015-07-28,3663.001953125,2967.50341796875,,8342.421875,5416.91845703125,1493.5045166015625,3687.168212890625,12316.6416015625
2015-07-29,3789.16796875,2967.50341796875,,8342.421875,5416.91845703125,1493.5045166015625,3687.168212890625,12822.9267578125
2015-07-30,3705.76611328125,2967.50341796875,,8342.421875,5416.91845703125,1493.5045166015625,3687.168212890625,12395.78125
2015-07-31,3663.72607421875,2967.50341796875,,8342.421875,5416.91845703125,1493.5045166015625,3687.168212890625,12374.111328125
2015-08-03,3622.905029296875,2967.50341796875,,8342.421875,5416.91845703125,1493.5045166015625,3687.168212890625,12161.443359375
2015-08-04,3756.544921875,2967.50341796875,,8342.421875,5416.91845703125,1493.5045166015625,3687.168212890625,12711.4169921875
2015-08-05,3694.572998046875,2967.50341796875,,8342.421875,5416.91845703125,1493.5045166015625,3687.168212890625,12524.55078125
2015-08-06,3661.5390625,2967.50341796875,,8342.421875,5416.91845703125,1493.5045166015625,3687.168212890625,12421.7109375
2015-08-07,3744.205078125,2967.50341796875,,8342.421875,5416.91845703125,1493.5045166015625,3687.168212890625,12752.9072265625
2015-08-10,3928.4150390625,2967.50341796875,,8342.421875,5416.91845703125,1493.5045166015625,3687.168212890625,13302.810546875
2015-08-11,3927.907958984375,2967.50341796875,,8342.421875,5416.91845703125,1493.5045166015625,3687.168212890625,13322.9404296875
2015-08-12,3886.320068359375,2967.50341796875,,8342.421875,5416.91845703125,1493.5045166015625,3687.168212890625,13116.9521484375
2015-08-13,3954.555908203125,2967.50341796875,,8342.421875,5416.91845703125,1493.5045166015625,3687.168212890625,13395.029296875
2015-08-14,3965.3349609375,2967.50341796875,,8342.421875,5416.91845703125,1493.5045166015625,3687.168212890625,13445.7197265625
2015-08-17,3993.66796875,2967.50341796875,,8342.421875,5416.91845703125,1493.5045166015625,3687.168212890625,13573.748046875
2015-08-18,3748.1640625,2967.50341796875,,8342.421875,5416.91845703125,1493.5045166015625,3687.168212890625,12683.71875
2015-08-19,3794.10888671875,2967.50341796875,,8342.421875,5416.91845703125,1493.5045166015625,3687.168212890625,12960.5146484375
2015-08-20,3664.291015625,2967.50341796875,,8342.421875,5416.91845703125,1493.5045166015625,3687.168212890625,12584.4384765625
2015-08-21,3507.743896484375,2967.50341796875,,8342.421875,5416.91845703125,1493.5045166015625,3687.168212890625,11901.916015625
2015-08-24,3209.905029296875,2967.50341796875,,8342.421875,5416.91845703125,1493.5045166015625,3687.168212890625,10970.1669921875
2015-08-25,2964.967041015625,2967.50341796875,,8342.421875,5416.91845703125,1493.5045166015625,3687.168212890625,10197.826171875
2015-08-26,2927.2880859375,2967.50341796875,,8342.421875,5416.91845703125,1493.5045166015625,3687.168212890625,9899.6083984375
2015-08-27,3083.591064453125,2967.50341796875,,8342.421875,5416.91845703125,1493.5045166015625,3687.168212890625,10254.2353515625
2015-08-28,3232.35009765625,2967.50341796875,,8342.421875,5416.91845703125,1493.5045166015625,3687.168212890625,10799.87890625
2015-08-31,3205.986083984375,2967.50341796875,,8342.421875,5416.91845703125,1493.5045166015625,3687.168212890625,10549.0419921875
2015-09-01,3166.6240234375,2967.50341796875,,8342.421875,5416.91845703125,1493.5045166015625,3687.168212890625,10162.4052734375
2015-09-02,3160.1669921875,2967.50341796875,,8342.421875,5416.91845703125,1493.5045166015625,3687.168212890625,10054.6865234375
2015-09-07,3080.419921875,2967.50341796875,,8342.421875,5416.91845703125,1493.5045166015625,3687.168212890625,9991.6484375
2015-09-08,3170.451904296875,2967.50341796875,,8342.421875,5416.91845703125,1493.5045166015625,3687.168212890625,10320.1142578125
2015-09-09,3243.089111328125,2967.50341796875,,8342.421875,5416.91845703125,1493.5045166015625,3687.168212890625,10620.0107421875
2015-09-10,3197.89306640625,2967.50341796875,,8342.421875,5416.91845703125,1493.5045166015625,3687.168212890625,10424.533203125
2015-09-11,3200.23388671875,2967.50341796875,,8342.421875,5416.91845703125,1493.5045166015625,3687.168212890625,10463.5732421875
2015-09-14,3114.798095703125,2967.50341796875,,8342.421875,5416.91845703125,1493.5045166015625,3687.168212890625,9778.12109375
2015-09-15,3005.172119140625,2967.50341796875,,8342.421875,5416.91845703125,1493.5045166015625,3687.168212890625,9290.7060546875
2015-09-16,3152.262939453125,2967.50341796875,,8342.421875,5416.91845703125,1493.5045166015625,3687.168212890625,9890.318359375
2015-09-17,3086.06103515625,2967.50341796875,,8342.421875,5416.91845703125,1493.5045166015625,3687.168212890625,9739.7802734375
2015-09-18,3097.9169921875,2967.50341796875,,8342.421875,5416.91845703125,1493.5045166015625,3687.168212890625,9850.6591796875
2015-09-21,3156.5400390625,2967.50341796875,,8342.421875,5416.91845703125,1493.5045166015625,3687.168212890625,10176.6162109375
2015-09-22,3185.618896484375,2967.50341796875,,8342.421875,5416.91845703125,1493.5045166015625,3687.168212890625,10238.576171875
2015-09-23,3115.887939453125,2967.50341796875,,8342.421875,5416.91845703125,1493.5045166015625,3687.168212890625,10132.1865234375
2015-09-24,3142.68701171875,2967.50341796875,,8342.421875,5416.91845703125,1493.5045166015625,3687.168212890625,10237.92578125
2015-09-25,3092.346923828125,2967.50341796875,,8342.421875,5416.91845703125,1493.5045166015625,3687.168212890625,9904.6484375
2015-09-28,3100.756103515625,2967.50341796875,,8342.421875,5416.91845703125,1493.5045166015625,3687.168212890625,10115.4365234375
2015-09-29,3038.136962890625,2967.50341796875,,8342.421875,5416.91845703125,1493.5045166015625,3687.168212890625,9949.80859375
2015-09-30,3052.781005859375,2967.50341796875,,8342.421875,5416.91845703125,1493.5045166015625,3687.168212890625,9988.138671875
2015-10-08,3143.35693359375,2967.50341796875,,8342.421875,5416.91845703125,1493.5045166015625,3687.168212890625,10394.6142578125
2015-10-09,3183.152099609375,2967.50341796875,,8342.421875,5416.91845703125,1493.5045166015625,3687.168212890625,10540.0732421875
2015-10-12,3287.662109375,2967.50341796875,,8342.421875,5416.91845703125,1493.5045166015625,3687.168212890625,10961.2373046875
2015-10-13,3293.22998046875,2967.50341796875,,8342.421875,5416.91845703125,1493.5045166015625,3687.168212890625,11042.0068359375
2015-10-14,3262.44091796875,2967.50341796875,,8342.421875,5416.91845703125,1493.5045166015625,3687.168212890625,10901.3583984375
2015-10-15,3338.072998046875,2967.50341796875,,8342.421875,5416.91845703125,1493.5045166015625,3687.168212890625,11229.25390625
2015-10-16,3391.35205078125,2967.50341796875,,8342.421875,5416.91845703125,1493.5045166015625,3687.168212890625,11374.7021484375
2015-10-19,3386.699951171875,2967.50341796875,,8342.421875,5416.91845703125,1493.5045166015625,3687.168212890625,11390.8818359375
2015-10-20,3425.330078125,2967.50341796875,,8342.421875,5416.91845703125,1493.5045166015625,3687.168212890625,11596.9501953125
2015-10-21,3320.676025390625,2967.50341796875,,8342.421875,5416.91845703125,1493.5045166015625,3687.168212890625,10915.8681640625
2015-10-22,3368.739013671875,2967.50341796875,,8342.421875,5416.91845703125,1493.5045166015625,3687.168212890625,11304.97265625
2015-10-23,3412.43408203125,2967.50341796875,,8342.421875,5416.91845703125,1493.5045166015625,3687.168212890625,11603.330078125
2015-10-26,3429.5810546875,2967.50341796875,,8342.421875,5416.91845703125,1493.5045166015625,3687.168212890625,11687.638671875
2015-10-27,3434.3359375,2967.50341796875,,8342.421875,5416.91845703125,1493.5045166015625,3687.168212890625,11758.2783203125
2015-10-28,3375.196044921875,2967.50341796875,,8342.421875,5416.91845703125,1493.5045166015625,3687.168212890625,11494.220703125
2015-10-29,3387.31494140625,2967.50341796875,,8342.421875,5416.91845703125,1493.5045166015625,3687.168212890625,11566.5302734375
2015-10-30,3382.56103515625,2967.50341796875,,8342.421875,5416.91845703125,1493.5045166015625,3687.168212890625,11545.919921875
2015-11-02,3325.0849609375,2967.50341796875,,8342.421875,5416.91845703125,1493.5045166015625,3687.168212890625,11304.7529296875
2015-11-03,3316.695068359375,2967.50341796875,,8342.421875,5416.91845703125,1493.5045166015625,3687.168212890625,11288.013671875
2015-11-04,3459.639892578125,2967.50341796875,,8342.421875,5416.91845703125,1493.5045166015625,3687.168212890625,11884.767578125
2015-11-05,3522.819091796875,2967.50341796875,,8342.421875,5416.91845703125,1493.5045166015625,3687.168212890625,11939.67578125
2015-11-06,3590.031982421875,2967.50341796875,,8342.421875,5416.91845703125,1493.5045166015625,3687.168212890625,12273.212890625
2015-11-09,3646.881103515625,2967.50341796875,,8342.421875,5416.91845703125,1493.5045166015625,3687.168212890625,12453.1005859375
2015-11-10,3640.485107421875,2967.50341796875,,8342.421875,5416.91845703125,1493.5045166015625,3687.168212890625,12500.390625
2015-11-11,3650.2490234375,2967.50341796875,,8342.421875,5416.91845703125,1493.5045166015625,3687.168212890625,12677.3984375
2015-11-12,3632.902099609375,2967.50341796875,,8342.421875,5416.91845703125,1493.5045166015625,3687.168212890625,12635.248046875
2015-11-13,3580.839111328125,2967.50341796875,,8342.421875,5416.91845703125,1493.5045166015625,3687.168212890625,12401.9013671875
2015-11-16,3606.95703125,2967.50341796875,,8342.421875,5416.91845703125,1493.5045166015625,3687.168212890625,12620.23828125
2015-11-17,3604.794921875,2967.50341796875,,8342.421875,5416.91845703125,1493.5045166015625,3687.168212890625,12511.41015625
2015-11-18,3568.468017578125,2967.50341796875,,8342.421875,5416.91845703125,1493.5045166015625,3687.168212890625,12283.623046875
2015-11-19,3617.06201171875,2967.50341796875,,8342.421875,5416.91845703125,1493.5045166015625,3687.168212890625,12609.6982421875
2015-11-20,3630.5,2967.50341796875,,8342.421875,5416.91845703125,1493.5045166015625,3687.168212890625,12701.8876953125
2015-11-23,3610.31494140625,2967.50341796875,,8342.421875,5416.91845703125,1493.5045166015625,3687.168212890625,12586.548828125
2015-11-24,3616.113037109375,2967.50341796875,,8342.421875,5416.91845703125,1493.5045166015625,3687.168212890625,12694.7177734375
2015-11-25,3647.929931640625,2967.50341796875,,8342.421875,5416.91845703125,1493.5045166015625,3687.168212890625,12893.0859375
2015-11-26,3635.552001953125,2967.50341796875,,8342.421875,5416.91845703125,1493.5045166015625,3687.168212890625,12767.357421875
2015-11-27,3436.302978515625,2967.50341796875,,8342.421875,5416.91845703125,1493.5045166015625,3687.168212890625,11961.56640625
2015-11-30,3445.405029296875,2967.50341796875,,8342.421875,5416.91845703125,1493.5045166015625,3687.168212890625,12037.7255859375
2015-12-01,3456.30908203125,2967.50341796875,,8342.421875,5416.91845703125,1493.5045166015625,3687.168212890625,12081.0341796875
2015-12-02,3536.905029296875,2967.50341796875,,8342.421875,5416.91845703125,1493.5045166015625,3687.168212890625,12186.1328125
2015-12-03,3584.823974609375,2967.50341796875,,8342.421875,5416.91845703125,1493.5045166015625,3687.168212890625,12447.240234375
2015-12-04,3524.991943359375,2967.50341796875,,8342.421875,5416.91845703125,1493.5045166015625,3687.168212890625,12329.041015625
2015-12-07,3536.927001953125,2967.50341796875,,8342.421875,5416.91845703125,1493.5045166015625,3687.168212890625,12442.91015625
2015-12-08,3470.070068359375,2967.50341796875,,8342.421875,5416.91845703125,1493.5045166015625,3687.168212890625,12164.8330078125
2015-12-09,3472.43896484375,2967.50341796875,,8342.421875,5416.91845703125,1493.5045166015625,3687.168212890625,12179.693359375
2015-12-10,3455.4951171875,2967.50341796875,,8342.421875,5416.91845703125,1493.5045166015625,3687.168212890625,12180.8935546875
2015-12-11,3434.5810546875,2967.50341796875,,8342.421875,5416.91845703125,1493.5045166015625,3687.168212890625,12133.8837890625
2015-12-14,3520.66796875,2967.50341796875,,8342.421875,5416.91845703125,1493.5045166015625,3687.168212890625,12400.451171875
2015-12-15,3510.35400390625,2967.50341796875,,8342.421875,5416.91845703125,1493.5045166015625,3687.168212890625,12495.1103515625
2015-12-16,3516.18701171875,2967.50341796875,,8342.421875,5416.91845703125,1493.5045166015625,3687.168212890625,12510.890625
2015-12-17,3579.9990234375,2967.50341796875,,8342.421875,5416.91845703125,1493.5045166015625,3687.168212890625,12825.3359375
2015-12-18,3578.964111328125,2967.50341796875,,8342.421875,5416.91845703125,1493.5045166015625,3687.168212890625,12830.10546875
2015-12-21,3642.471923828125,2967.50341796875,,8342.421875,5416.91845703125,1493.5045166015625,3687.168212890625,13028.1640625
2015-12-22,3651.76708984375,2967.50341796875,,8342.421875,5416.91845703125,1493.5045166015625,3687.168212890625,13138.982421875
2015-12-23,3636.089111328125,2967.50341796875,,8342.421875,5416.91845703125,1493.5045166015625,3687.168212890625,13007.724609375
2015-12-24,3612.485107421875,2967.50341796875,,8342.421875,5416.91845703125,1493.5045166015625,3687.168212890625,12932.2255859375
2015-12-25,3628.0009765625,2967.50341796875,,8342.421875,5416.91845703125,1493.5045166015625,3687.168212890625,12980.4248046875
2015-12-28,3533.779052734375,2967.50341796875,,8342.421875,5416.91845703125,1493.5045166015625,3687.168212890625,12686.1982421875
2015-12-29,3563.736083984375,2967.50341796875,,8342.421875,5416.91845703125,1493.5045166015625,3687.168212890625,12806.0166015625
2015-12-30,3572.8759765625,2967.50341796875,,8342.421875,5416.91845703125,1493.5045166015625,3687.168212890625,12889.685546875
2015-12-31,3539.181884765625,2967.50341796875,,8342.421875,5416.91845703125,1493.5045166015625,3687.168212890625,12664.748046875
2016-01-04,3296.258056640625,2967.50341796875,,8342.421875,5416.91845703125,1493.5045166015625,3687.168212890625,11625.9091796875
2016-01-05,3287.7109375,2967.50341796875,,8342.421875,5416.91845703125,1493.5045166015625,3687.168212890625,11467.931640625
2016-01-06,3361.840087890625,2967.50341796875,,8342.421875,5416.91845703125,1493.5045166015625,3687.168212890625,11724.7490234375
2016-01-07,3125.001953125,2967.50341796875,,8342.421875,5416.91845703125,1493.5045166015625,3687.168212890625,10760.1494140625
2016-01-08,3186.412109375,2967.50341796875,,8342.421875,5416.91845703125,1493.5045166015625,3687.168212890625,10888.7880859375
2016-01-11,3016.7041015625,2967.50341796875,,8342.421875,5416.91845703125,1493.5045166015625,3687.168212890625,10212.345703125
2016-01-12,3022.861083984375,2967.50341796875,,8342.421875,5416.91845703125,1493.5045166015625,3687.168212890625,10293.5849609375
2016-01-13,2949.596923828125,2967.50341796875,,8342.421875,5416.91845703125,1493.5045166015625,3687.168212890625,9978.708984375
2016-01-14,3007.64892578125,2967.50341796875,,8342.421875,5416.91845703125,1493.5045166015625,3687.168212890625,10344.82421875
2016-01-15,2900.969970703125,2967.50341796875,,8342.421875,5416.91845703125,1493.5045166015625,3687.168212890625,9997.80859375
2016-01-18,2913.8369140625,2967.50341796875,,8342.421875,5416.91845703125,1493.5045166015625,3687.168212890625,10155.845703125
2016-01-19,3007.739013671875,2967.50341796875,,8342.421875,5416.91845703125,1493.5045166015625,3687.168212890625,10501.6728515625
2016-01-20,2976.694091796875,2967.50341796875,,8342.421875,5416.91845703125,1493.5045166015625,3687.168212890625,10366.7333984375
2016-01-21,2880.48193359375,2967.50341796875,,8342.421875,5416.91845703125,1493.5045166015625,3687.168212890625,9975.8583984375
2016-01-22,2916.56201171875,2967.50341796875,,8342.421875,5416.91845703125,1493.5045166015625,3687.168212890625,10111.45703125
2016-01-25,2938.514892578125,2967.50341796875,,8342.421875,5416.91845703125,1493.5045166015625,3687.168212890625,10192.416015625
2016-01-26,2749.784912109375,2967.50341796875,,8342.421875,5416.91845703125,1493.5045166015625,3687.168212890625,9483.443359375
2016-01-27,2735.55810546875,2967.50341796875,,8342.421875,5416.91845703125,1493.5045166015625,3687.168212890625,9422.32421875
2016-01-28,2655.660888671875,2967.50341796875,,8342.421875,5416.91845703125,1493.5045166015625,3687.168212890625,9082.4873046875
2016-01-29,2737.60009765625,2967.50341796875,,8342.421875,5416.91845703125,1493.5045166015625,3687.168212890625,9418.0947265625
2016-02-01,2688.85400390625,2967.50341796875,,8342.421875,5416.91845703125,1493.5045166015625,3687.168212890625,9321.9052734375
2016-02-02,2749.570068359375,2967.50341796875,,8342.421875,5416.91845703125,1493.5045166015625,3687.168212890625,9610.8212890625
2016-02-03,2739.2470703125,2967.50341796875,,8342.421875,5416.91845703125,1493.5045166015625,3687.168212890625,9638.76171875
2016-02-04,2781.02294921875,2967.50341796875,,8342.421875,5416.91845703125,1493.5045166015625,3687.168212890625,9792.9609375
2016-02-05,2763.491943359375,2967.50341796875,,8342.421875,5416.91845703125,1493.5045166015625,3687.168212890625,9673.3720703125
2016-02-15,2746.196044921875,2967.50341796875,,8342.421875,5416.91845703125,1493.5045166015625,3687.168212890625,9668.7314453125
2016-02-16,2836.571044921875,2967.50341796875,,8342.421875,5416.91845703125,1493.5045166015625,3687.168212890625,10045.2578125
2016-02-17,2867.337890625,2967.50341796875,,8342.421875,5416.91845703125,1493.5045166015625,3687.168212890625,10161.6552734375
2016-02-18,2862.89306640625,2967.50341796875,,8342.421875,5416.91845703125,1493.5045166015625,3687.168212890625,10116.287109375
2016-02-19,2860.02099609375,2967.50341796875,,8342.421875,5416.91845703125,1493.5045166015625,3687.168212890625,10162.2060546875
2016-02-22,2927.175048828125,2967.50341796875,,8342.421875,5416.91845703125,1493.5045166015625,3687.168212890625,10370.8740234375
2016-02-23,2903.3310546875,2967.50341796875,,8342.421875,5416.91845703125,1493.5045166015625,3687.168212890625,10299.5546875
2016-02-24,2928.89599609375,2967.50341796875,,8342.421875,5416.91845703125,1493.5045166015625,3687.168212890625,10307.513671875
2016-02-25,2741.2451171875,2967.50341796875,,8342.421875,5416.91845703125,1493.5045166015625,3687.168212890625,9550.9736328125
2016-02-26,2767.2099609375,2967.50341796875,,8342.421875,5416.91845703125,1493.5045166015625,3687.168212890625,9573.5927734375
2016-02-29,2687.97900390625,2967.50341796875,,8342.421875,5416.91845703125,1493.5045166015625,3687.168212890625,9097.2578125
2016-03-01,2733.169921875,2967.50341796875,,8342.421875,5416.91845703125,1493.5045166015625,3687.168212890625,9321.8955078125
2016-03-02,2849.680908203125,2967.50341796875,,8342.421875,5416.91845703125,1493.5045166015625,3687.168212890625,9766.2607421875
2016-03-03,2859.758056640625,2967.50341796875,,8342.421875,5416.91845703125,1493.5045166015625,3687.168212890625,9761.900390625
2016-03-04,2874.14697265625,2967.50341796875,,8342.421875,5416.91845703125,1493.5045166015625,3687.168212890625,9536.603515625
2016-03-07,2897.340087890625,2967.50341796875,,8342.421875,5416.91845703125,1493.5045166015625,3687.168212890625,9703.7216796875
2016-03-08,2901.386962890625,2967.50341796875,,8342.421875,5416.91845703125,1493.5045166015625,3687.168212890625,9732.6220703125
2016-03-09,2862.555908203125,2967.50341796875,,8342.421875,5416.91845703125,1493.5045166015625,3687.168212890625,9523.033203125
2016-03-10,2804.72607421875,2967.50341796875,,8342.421875,5416.91845703125,1493.5045166015625,3687.168212890625,9390.244140625
2016-03-11,2810.306884765625,2967.50341796875,,8342.421875,5416.91845703125,1493.5045166015625,3687.168212890625,9363.3046875
2016-03-14,2859.4990234375,2967.50341796875,,8342.421875,5416.91845703125,1493.5045166015625,3687.168212890625,9665.021484375
2016-03-15,2864.367919921875,2967.50341796875,,8342.421875,5416.91845703125,1493.5045166015625,3687.168212890625,9574.0830078125
2016-03-16,2870.429931640625,2967.50341796875,,8342.421875,5416.91845703125,1493.5045166015625,3687.168212890625,9468.923828125
2016-03-17,2904.83203125,2967.50341796875,,8342.421875,5416.91845703125,1493.5045166015625,3687.168212890625,9791.740234375
2016-03-18,2955.14990234375,2967.50341796875,,8342.421875,5416.91845703125,1493.5045166015625,3687.168212890625,10126.4765625
2016-03-21,3018.802001953125,2967.50341796875,,8342.421875,5416.91845703125,1493.5045166015625,3687.168212890625,10394.0234375
2016-03-22,2999.363037109375,2967.50341796875,,8342.421875,5416.91845703125,1493.5045166015625,3687.168212890625,10343.9638671875
2016-03-23,3009.9599609375,2967.50341796875,,8342.421875,5416.91845703125,1493.5045166015625,3687.168212890625,10442.2626953125
2016-03-24,2960.969970703125,2967.50341796875,,8342.421875,5416.91845703125,1493.5045166015625,3687.168212890625,10283.564453125
2016-03-25,2979.1259765625,2967.50341796875,,8342.421875,5416.91845703125,1493.5045166015625,3687.168212890625,10339.5634765625
2016-03-28,2957.820068359375,2967.50341796875,,8342.421875,5416.91845703125,1493.5045166015625,3687.168212890625,10276.724609375
2016-03-29,2919.83203125,2967.50341796875,,8342.421875,5416.91845703125,1493.5045166015625,3687.168212890625,10094.5966796875
2016-03-30,3000.64501953125,2967.50341796875,,8342.421875,5416.91845703125,1493.5045166015625,3687.168212890625,10445.5732421875
2016-03-31,3003.9150390625,2967.50341796875,,8342.421875,5416.91845703125,1493.5045166015625,3687.168212890625,10455.2529296875
2016-04-01,3009.530029296875,2967.50341796875,,8342.421875,5416.91845703125,1493.5045166015625,3687.168212890625,10379.5341796875
2016-04-05,3053.06494140625,2967.50341796875,,8342.421875,5416.91845703125,1493.5045166015625,3687.168212890625,10640.150390625
2016-04-06,3050.592041015625,2967.50341796875,,8342.421875,5416.91845703125,1493.5045166015625,3687.168212890625,10683.740234375
2016-04-07,3008.419921875,2967.50341796875,,8342.421875,5416.91845703125,1493.5045166015625,3687.168212890625,10504.7626953125
2016-04-08,2984.9580078125,2967.50341796875,,8342.421875,5416.91845703125,1493.5045166015625,3687.168212890625,10413.4228515625
2016-04-11,3033.95703125,2967.50341796875,,8342.421875,5416.91845703125,1493.5045166015625,3687.168212890625,10609.48046875
2016-04-12,3023.64599609375,2967.50341796875,,8342.421875,5416.91845703125,1493.5045166015625,3687.168212890625,10533.29296875
2016-04-13,3066.637939453125,2967.50341796875,,8342.421875,5416.91845703125,1493.5045166015625,3687.168212890625,10684.7998046875
2016-04-14,3082.362060546875,2967.50341796875,,8342.421875,5416.91845703125,1493.5045166015625,3687.168212890625,10771.490234375
2016-04-15,3078.116943359375,2967.50341796875,,8342.421875,5416.91845703125,1493.5045166015625,3687.168212890625,10733.51953125
2016-04-18,3033.659912109375,2967.50341796875,,8342.421875,5416.91845703125,1493.5045166015625,3687.168212890625,10568.810546875
2016-04-19,3042.822998046875,2967.50341796875,,8342.421875,5416.91845703125,1493.5045166015625,3687.168212890625,10602.3408203125
2016-04-20,2972.583984375,2967.50341796875,,8342.421875,5416.91845703125,1493.5045166015625,3687.168212890625,10164.6259765625
2016-04-21,2952.89111328125,2967.50341796875,,8342.421875,5416.91845703125,1493.5045166015625,3687.168212890625,10058.6865234375
2016-04-22,2959.239990234375,2967.50341796875,,8342.421875,5416.91845703125,1493.5045166015625,3687.168212890625,10151.6455078125
2016-04-25,2946.669921875,2967.50341796875,,8342.421875,5416.91845703125,1493.5045166015625,3687.168212890625,10106.6767578125
2016-04-26,2964.699951171875,2967.50341796875,,8342.421875,5416.91845703125,1493.5045166015625,3687.168212890625,10209.7861328125
2016-04-27,2953.6708984375,2967.50341796875,,8342.421875,5416.91845703125,1493.5045166015625,3687.168212890625,10174.0458984375
2016-04-28,2945.589111328125,2967.50341796875,,8342.421875,5416.91845703125,1493.5045166015625,3687.168212890625,10149.7958984375
2016-04-29,2938.323974609375,2967.50341796875,,8342.421875,5416.91845703125,1493.5045166015625,3687.168212890625,10141.42578125
2016-05-03,2992.64306640625,2967.50341796875,,8342.421875,5416.91845703125,1493.5045166015625,3687.168212890625,10441.802734375
2016-05-04,2991.27197265625,2967.50341796875,,8342.421875,5416.91845703125,1493.5045166015625,3687.168212890625,10422.6826171875
2016-05-05,2997.842041015625,2967.50341796875,,8342.421875,5416.91845703125,1493.5045166015625,3687.168212890625,10473.892578125
2016-05-06,2913.248046875,2967.50341796875,,8342.421875,5416.91845703125,1493.5045166015625,3687.168212890625,10100.4267578125
2016-05-09,2832.113037109375,2967.50341796875,,8342.421875,5416.91845703125,1493.5045166015625,3687.168212890625,9790.37109375
2016-05-10,2832.591064453125,2967.50341796875,,8342.421875,5416.91845703125,1493.5045166015625,3687.168212890625,9793.1005859375
2016-05-11,2837.037109375,2967.50341796875,,8342.421875,5416.91845703125,1493.5045166015625,3687.168212890625,9781.041015625
2016-05-12,2835.862060546875,2967.50341796875,,8342.421875,5416.91845703125,1493.5045166015625,3687.168212890625,9796.470703125
2016-05-13,2827.10888671875,2967.50341796875,,8342.421875,5416.91845703125,1493.5045166015625,3687.168212890625,9759.16015625
2016-05-16,2850.862060546875,2967.50341796875,,8342.421875,5416.91845703125,1493.5045166015625,3687.168212890625,9909.96875
2016-05-17,2843.68408203125,2967.50341796875,,8342.421875,5416.91845703125,1493.5045166015625,3687.168212890625,9908.6787109375
2016-05-18,2807.513916015625,2967.50341796875,,8342.421875,5416.91845703125,1493.5045166015625,3687.168212890625,9694.671875
2016-05-19,2806.906005859375,2967.50341796875,,8342.421875,5416.91845703125,1493.5045166015625,3687.168212890625,9733.6318359375
2016-05-20,2825.48291015625,2967.50341796875,,8342.421875,5416.91845703125,1493.5045166015625,3687.168212890625,9816.6396484375
2016-05-23,2843.64501953125,2967.50341796875,,8342.421875,5416.91845703125,1493.5045166015625,3687.168212890625,9918.048828125
2016-05-24,2821.666015625,2967.50341796875,,8342.421875,5416.91845703125,1493.5045166015625,3687.168212890625,9821.58984375
2016-05-25,2815.0859375,2967.50341796875,,8342.421875,5416.91845703125,1493.5045166015625,3687.168212890625,9784.490234375
2016-05-26,2822.443115234375,2967.50341796875,,8342.421875,5416.91845703125,1493.5045166015625,3687.168212890625,9826.029296875
2016-05-27,2821.0458984375,2967.50341796875,,8342.421875,5416.91845703125,1493.5045166015625,3687.168212890625,9813.51953125
2016-05-30,2822.450927734375,2967.50341796875,,8342.421875,5416.91845703125,1493.5045166015625,3687.168212890625,9768.73046875
2016-05-31,2916.615966796875,2967.50341796875,,8342.421875,5416.91845703125,1493.5045166015625,3687.168212890625,10159.8154296875
2016-06-01,2913.508056640625,2967.50341796875,,8342.421875,5416.91845703125,1493.5045166015625,3687.168212890625,10209.025390625
2016-06-02,2925.22900390625,2967.50341796875,,8342.421875,5416.91845703125,1493.5045166015625,3687.168212890625,10273.9150390625
2016-06-03,2938.681884765625,2967.50341796875,,8342.421875,5416.91845703125,1493.5045166015625,3687.168212890625,10344.7939453125
2016-06-06,2934.097900390625,2967.50341796875,,8342.421875,5416.91845703125,1493.5045166015625,3687.168212890625,10362.9638671875
2016-06-07,2936.044921875,2967.50341796875,,8342.421875,5416.91845703125,1493.5045166015625,3687.168212890625,10347.7236328125
2016-06-08,2927.158935546875,2967.50341796875,,8342.421875,5416.91845703125,1493.5045166015625,3687.168212890625,10316.7041015625
2016-06-13,2833.071044921875,2967.50341796875,,8342.421875,5416.91845703125,1493.5045166015625,3687.168212890625,9862.4697265625
2016-06-14,2842.18896484375,2967.50341796875,,8342.421875,5416.91845703125,1493.5045166015625,3687.168212890625,9895.0390625
2016-06-15,2887.2099609375,2967.50341796875,,8342.421875,5416.91845703125,1493.5045166015625,3687.168212890625,10173.7353515625
2016-06-16,2872.81689453125,2967.50341796875,,8342.421875,5416.91845703125,1493.5045166015625,3687.168212890625,10115.0068359375
2016-06-17,2885.10498046875,2967.50341796875,,8342.421875,5416.91845703125,1493.5045166015625,3687.168212890625,10182.416015625
2016-06-20,2888.80908203125,2967.50341796875,,8342.421875,5416.91845703125,1493.5045166015625,3687.168212890625,10221.7353515625
2016-06-21,2878.55810546875,2967.50341796875,,8342.421875,5416.91845703125,1493.5045166015625,3687.168212890625,10131.7470703125
2016-06-22,2905.550048828125,2967.50341796875,,8342.421875,5416.91845703125,1493.5045166015625,3687.168212890625,10297.865234375
2016-06-23,2891.9599609375,2967.50341796875,,8342.421875,5416.91845703125,1493.5045166015625,3687.168212890625,10255.1552734375
2016-06-24,2854.285888671875,2967.50341796875,,8342.421875,5416.91845703125,1493.5045166015625,3687.168212890625,10147.5859375
2016-06-27,2895.702880859375,2967.50341796875,,8342.421875,5416.91845703125,1493.5045166015625,3687.168212890625,10377.4541015625
2016-06-28,2912.556884765625,2967.50341796875,,8342.421875,5416.91845703125,1493.5045166015625,3687.168212890625,10463.3330078125
2016-06-29,2931.592041015625,2967.50341796875,,8342.421875,5416.91845703125,1493.5045166015625,3687.168212890625,10460.8525390625
2016-06-30,2929.60595703125,2967.50341796875,,8342.421875,5416.91845703125,1493.5045166015625,3687.168212890625,10489.873046875
2016-07-01,2932.47607421875,2967.50341796875,,8342.421875,5416.91845703125,1493.5045166015625,3687.168212890625,10458.3125
2016-07-04,2988.60400390625,2967.50341796875,,8342.421875,5416.91845703125,1493.5045166015625,3687.168212890625,10609.7412109375
2016-07-05,3006.39208984375,2967.50341796875,,8342.421875,5416.91845703125,1493.5045166015625,3687.168212890625,10602.650390625
2016-07-06,3017.2919921875,2967.50341796875,,8342.421875,5416.91845703125,1493.5045166015625,3687.168212890625,10641.53125
2016-07-07,3016.846923828125,2967.50341796875,,8342.421875,5416.91845703125,1493.5045166015625,3687.168212890625,10620.4609375
2016-07-08,2988.093994140625,2967.50341796875,,8342.421875,5416.91845703125,1493.5045166015625,3687.168212890625,10611.6806640625
2016-07-11,2994.9169921875,2967.50341796875,,8342.421875,5416.91845703125,1493.5045166015625,3687.168212890625,10594.701171875
2016-07-12,3049.381103515625,2967.50341796875,,8342.421875,5416.91845703125,1493.5045166015625,3687.168212890625,10757.7294921875
2016-07-13,3060.68896484375,2967.50341796875,,8342.421875,5416.91845703125,1493.5045166015625,3687.168212890625,10853.4375
2016-07-14,3054.01806640625,2967.50341796875,,8342.421875,5416.91845703125,1493.5045166015625,3687.168212890625,10854.017578125
2016-07-15,3054.2958984375,2967.50341796875,,8342.421875,5416.91845703125,1493.5045166015625,3687.168212890625,10823.087890625
2016-07-18,3043.56396484375,2967.50341796875,,8342.421875,5416.91845703125,1493.5045166015625,3687.168212890625,10761.8798828125
2016-07-19,3036.597900390625,2967.50341796875,,8342.421875,5416.91845703125,1493.5045166015625,3687.168212890625,10778.1298828125
2016-07-20,3027.89990234375,2967.50341796875,,8342.421875,5416.91845703125,1493.5045166015625,3687.168212890625,10759.740234375
2016-07-21,3039.009033203125,2967.50341796875,,8342.421875,5416.91845703125,1493.5045166015625,3687.168212890625,10787.08984375
2016-07-22,3012.81591796875,2967.50341796875,,8342.421875,5416.91845703125,1493.5045166015625,3687.168212890625,10708.9501953125
2016-07-25,3015.827880859375,2967.50341796875,,8342.421875,5416.91845703125,1493.5045166015625,3687.168212890625,10718.240234375
2016-07-26,3050.166015625,2967.50341796875,,8342.421875,5416.91845703125,1493.5045166015625,3687.168212890625,10852.087890625
2016-07-27,2991.9990234375,2967.50341796875,,8342.421875,5416.91845703125,1493.5045166015625,3687.168212890625,10405.7333984375
2016-07-28,2994.322998046875,2967.50341796875,,8342.421875,5416.91845703125,1493.5045166015625,3687.168212890625,10396.193359375
2016-07-29,2979.339111328125,2967.50341796875,,8342.421875,5416.91845703125,1493.5045166015625,3687.168212890625,10329.32421875
2016-08-01,2953.385009765625,2967.50341796875,,8342.421875,5416.91845703125,1493.5045166015625,3687.168212890625,10185.3662109375
2016-08-02,2971.279052734375,2967.50341796875,,8342.421875,5416.91845703125,1493.5045166015625,3687.168212890625,10250.435546875
2016-08-03,2978.4609375,2967.50341796875,,8342.421875,5416.91845703125,1493.5045166015625,3687.168212890625,10281.134765625
2016-08-04,2982.426025390625,2967.50341796875,,8342.421875,5416.91845703125,1493.5045166015625,3687.168212890625,10366.3837890625
2016-08-05,2976.696044921875,2967.50341796875,,8342.421875,5416.91845703125,1493.5045166015625,3687.168212890625,10342.1640625
2016-08-08,3004.277099609375,2967.50341796875,,8342.421875,5416.91845703125,1493.5045166015625,3687.168212890625,10468.7626953125
2016-08-09,3025.680908203125,2967.50341796875,,8342.421875,5416.91845703125,1493.5045166015625,3687.168212890625,10564.6611328125
2016-08-10,3018.74609375,2967.50341796875,,8342.421875,5416.91845703125,1493.5045166015625,3687.168212890625,10511.04296875
2016-08-11,3002.637939453125,2967.50341796875,,8342.421875,5416.91845703125,1493.5045166015625,3687.168212890625,10390.84375
2016-08-12,3050.6669921875,2967.50341796875,,8342.421875,5416.91845703125,1493.5045166015625,3687.168212890625,10527.982421875
2016-08-15,3125.195068359375,2967.50341796875,,8342.421875,5416.91845703125,1493.5045166015625,3687.168212890625,10821.98828125
2016-08-16,3110.037109375,2967.50341796875,,8342.421875,5416.91845703125,1493.5045166015625,3687.168212890625,10882.828125
2016-08-17,3109.554931640625,2967.50341796875,,8342.421875,5416.91845703125,1493.5045166015625,3687.168212890625,10890.568359375
2016-08-18,3104.114013671875,2967.50341796875,,8342.421875,5416.91845703125,1493.5045166015625,3687.168212890625,10879.078125
2016-08-19,3108.10205078125,2967.50341796875,,8342.421875,5416.91845703125,1493.5045166015625,3687.168212890625,10872.587890625
2016-08-22,3084.804931640625,2967.50341796875,,8342.421875,5416.91845703125,1493.5045166015625,3687.168212890625,10731.2802734375
2016-08-23,3089.7060546875,2967.50341796875,,8342.421875,5416.91845703125,1493.5045166015625,3687.168212890625,10750.169921875
2016-08-24,3085.8798828125,2967.50341796875,,8342.421875,5416.91845703125,1493.5045166015625,3687.168212890625,10760.3203125
2016-08-25,3068.3291015625,2967.50341796875,,8342.421875,5416.91845703125,1493.5045166015625,3687.168212890625,10679.0302734375
2016-08-26,3070.30908203125,2967.50341796875,,8342.421875,5416.91845703125,1493.5045166015625,3687.168212890625,10693.6298828125
2016-08-29,3070.027099609375,2967.50341796875,,8342.421875,5416.91845703125,1493.5045166015625,3687.168212890625,10724.2802734375
2016-08-30,3074.677001953125,2967.50341796875,,8342.421875,5416.91845703125,1493.5045166015625,3687.168212890625,10729.0
2016-08-31,3085.490966796875,2967.50341796875,,8342.421875,5416.91845703125,1493.5045166015625,3687.168212890625,10757.759765625
2016-09-01,3063.304931640625,2967.50341796875,,8342.421875,5416.91845703125,1493.5045166015625,3687.168212890625,10669.390625
2016-09-02,3067.35205078125,2967.50341796875,,8342.421875,5416.91845703125,1493.5045166015625,3687.168212890625,10640.30078125
2016-09-05,3072.094970703125,2967.50341796875,,8342.421875,5416.91845703125,1493.5045166015625,3687.168212890625,10695.330078125
2016-09-06,3090.712890625,2967.50341796875,,8342.421875,5416.91845703125,1493.5045166015625,3687.168212890625,10861.3779296875
2016-09-07,3091.927978515625,2967.50341796875,,8342.421875,5416.91845703125,1493.5045166015625,3687.168212890625,10838.59765625
2016-09-08,3095.9541015625,2967.50341796875,,8342.421875,5416.91845703125,1493.5045166015625,3687.168212890625,10851.068359375
2016-09-09,3078.85498046875,2967.50341796875,,8342.421875,5416.91845703125,1493.5045166015625,3687.168212890625,10762.669921875
2016-09-12,3021.97705078125,2967.50341796875,,8342.421875,5416.91845703125,1493.5045166015625,3687.168212890625,10461.462890625
2016-09-13,3023.510009765625,2967.50341796875,,8342.421875,5416.91845703125,1493.5045166015625,3687.168212890625,10514.462890625
2016-09-14,3002.84912109375,2967.50341796875,,8342.421875,5416.91845703125,1493.5045166015625,3687.168212890625,10454.123046875
2016-09-19,3026.051025390625,2967.50341796875,,8342.421875,5416.91845703125,1493.5045166015625,3687.168212890625,10557.130859375
2016-09-20,3023.0,2967.50341796875,,8342.421875,5416.91845703125,1493.5045166015625,3687.168212890625,10544.412109375
2016-09-21,3025.8740234375,2967.50341796875,,8342.421875,5416.91845703125,1493.5045166015625,3687.168212890625,10583.28125
2016-09-22,3042.31298828125,2967.50341796875,,8342.421875,5416.91845703125,1493.5045166015625,3687.168212890625,10662.0908203125
2016-09-23,3033.89599609375,2967.50341796875,,8342.421875,5416.91845703125,1493.5045166015625,3687.168212890625,10609.5810546875
2016-09-26,2980.429931640625,2967.50341796875,,8342.421875,5416.91845703125,1493.5045166015625,3687.168212890625,10392.583984375
2016-09-27,2998.172119140625,2967.50341796875,,8342.421875,5416.91845703125,1493.5045166015625,3687.168212890625,10476.8525390625
2016-09-28,2987.85791015625,2967.50341796875,,8342.421875,5416.91845703125,1493.5045166015625,3687.168212890625,10467.04296875
2016-09-29,2998.48291015625,2967.50341796875,,8342.421875,5416.91845703125,1493.5045166015625,3687.168212890625,10512.1328125
2016-09-30,3004.702880859375,2967.50341796875,,8342.421875,5416.91845703125,1493.5045166015625,3687.168212890625,10567.4609375
2016-10-10,3048.14306640625,2967.50341796875,,8342.421875,5416.91845703125,1493.5045166015625,3687.168212890625,10741.5703125
2016-10-11,3065.25,2967.50341796875,,8342.421875,5416.91845703125,1493.5045166015625,3687.168212890625,10782.189453125
2016-10-12,3058.498046875,2967.50341796875,,8342.421875,5416.91845703125,1493.5045166015625,3687.168212890625,10788.4697265625
2016-10-13,3061.345947265625,2967.50341796875,,8342.421875,5416.91845703125,1493.5045166015625,3687.168212890625,10787.3701171875
2016-10-14,3063.80908203125,2967.50341796875,,8342.421875,5416.91845703125,1493.5045166015625,3687.168212890625,10759.5595703125
2016-10-17,3041.166015625,2967.50341796875,,8342.421875,5416.91845703125,1493.5045166015625,3687.168212890625,10651.380859375
2016-10-18,3083.875,2967.50341796875,,8342.421875,5416.91845703125,1493.5045166015625,3687.168212890625,10796.8994140625
2016-10-19,3084.718994140625,2967.50341796875,,8342.421875,5416.91845703125,1493.5045166015625,3687.168212890625,10757.7998046875
2016-10-20,3084.4580078125,2967.50341796875,,8342.421875,5416.91845703125,1493.5045166015625,3687.168212890625,10784.2099609375
2016-10-21,3090.94091796875,2967.50341796875,,8342.421875,5416.91845703125,1493.5045166015625,3687.168212890625,10748.7802734375
2016-10-24,3128.2470703125,2967.50341796875,,8342.421875,5416.91845703125,1493.5045166015625,3687.168212890625,10842.517578125
2016-10-25,3131.93896484375,2967.50341796875,,8342.421875,5416.91845703125,1493.5045166015625,3687.168212890625,10871.3876953125
2016-10-26,3116.31201171875,2967.50341796875,,8342.421875,5416.91845703125,1493.5045166015625,3687.168212890625,10817.3876953125
2016-10-27,3112.35009765625,2967.50341796875,,8342.421875,5416.91845703125,1493.5045166015625,3687.168212890625,10788.849609375
2016-10-28,3104.27001953125,2967.50341796875,,8342.421875,5416.91845703125,1493.5045166015625,3687.168212890625,10710.919921875
2016-10-31,3100.491943359375,2967.50341796875,,8342.421875,5416.91845703125,1493.5045166015625,3687.168212890625,10704.1796875
2016-11-01,3122.43603515625,2967.50341796875,,8342.421875,5416.91845703125,1493.5045166015625,3687.168212890625,10796.01953125
2016-11-02,3102.73291015625,2967.50341796875,,8342.421875,5416.91845703125,1493.5045166015625,3687.168212890625,10692.5302734375
2016-11-03,3128.93603515625,2967.50341796875,,8342.421875,5416.91845703125,1493.5045166015625,3687.168212890625,10743.83984375
2016-11-04,3125.31689453125,2967.50341796875,,8342.421875,5416.91845703125,1493.5045166015625,3687.168212890625,10702.4501953125
2016-11-07,3133.3330078125,2967.50341796875,,8342.421875,5416.91845703125,1493.5045166015625,3687.168212890625,10695.0595703125
2016-11-08,3147.887939453125,2967.50341796875,,8342.421875,5416.91845703125,1493.5045166015625,3687.168212890625,10763.009765625
2016-11-09,3128.3701171875,2967.50341796875,,8342.421875,5416.91845703125,1493.5045166015625,3687.168212890625,10696.990234375
2016-11-10,3171.281982421875,2967.50341796875,,8342.421875,5416.91845703125,1493.5045166015625,3687.168212890625,10821.5380859375
2016-11-11,3196.0439453125,2967.50341796875,,8342.421875,5416.91845703125,1493.5045166015625,3687.168212890625,10878.017578125
2016-11-14,3210.37109375,2967.50341796875,,8342.421875,5416.91845703125,1493.5045166015625,3687.168212890625,10907.408203125
2016-11-15,3206.986083984375,2967.50341796875,,8342.421875,5416.91845703125,1493.5045166015625,3687.168212890625,10957.9765625
2016-11-16,3205.056884765625,2967.50341796875,,8342.421875,5416.91845703125,1493.5045166015625,3687.168212890625,10967.95703125
2016-11-17,3208.452880859375,2967.50341796875,,8342.421875,5416.91845703125,1493.5045166015625,3687.168212890625,10945.296875
2016-11-18,3192.85595703125,2967.50341796875,,8342.421875,5416.91845703125,1493.5045166015625,3687.168212890625,10888.98828125
2016-11-21,3218.14794921875,2967.50341796875,,8342.421875,5416.91845703125,1493.5045166015625,3687.168212890625,10899.7978515625
2016-11-22,3248.35205078125,2967.50341796875,,8342.421875,5416.91845703125,1493.5045166015625,3687.168212890625,10985.4765625
2016-11-23,3241.136962890625,2967.50341796875,,8342.421875,5416.91845703125,1493.5045166015625,3687.168212890625,10973.6767578125
2016-11-24,3241.736083984375,2967.50341796875,,8342.421875,5416.91845703125,1493.5045166015625,3687.168212890625,10967.3466796875
2016-11-25,3261.93798828125,2967.50341796875,,8342.421875,5416.91845703125,1493.5045166015625,3687.168212890625,11036.4072265625
2016-11-28,3277.0,2967.50341796875,,8342.421875,5416.91845703125,1493.5045166015625,3687.168212890625,11068.74609375
2016-11-29,3282.924072265625,2967.50341796875,,8342.421875,5416.91845703125,1493.5045166015625,3687.168212890625,11034.5771484375
2016-11-30,3250.033935546875,2967.50341796875,,8342.421875,5416.91845703125,1493.5045166015625,3687.168212890625,11012.0673828125
2016-12-01,3273.30908203125,2967.50341796875,,8342.421875,5416.91845703125,1493.5045166015625,3687.168212890625,11088.03515625
2016-12-02,3243.843017578125,2967.50341796875,,8342.421875,5416.91845703125,1493.5045166015625,3687.168212890625,10912.5078125
2016-12-05,3204.708984375,2967.50341796875,,8342.421875,5416.91845703125,1493.5045166015625,3687.168212890625,10784.2099609375
2016-12-06,3199.64697265625,2967.50341796875,,8342.421875,5416.91845703125,1493.5045166015625,3687.168212890625,10779.6494140625
2016-12-07,3222.241943359375,2967.50341796875,,8342.421875,5416.91845703125,1493.5045166015625,3687.168212890625,10855.59765625
2016-12-08,3215.365966796875,2967.50341796875,,8342.421875,5416.91845703125,1493.5045166015625,3687.168212890625,10812.177734375
2016-12-09,3232.883056640625,2967.50341796875,,8342.421875,5416.91845703125,1493.5045166015625,3687.168212890625,10789.5
2016-12-12,3152.969970703125,2967.50341796875,,8342.421875,5416.91845703125,1493.5045166015625,3687.168212890625,10302.7333984375
2016-12-13,3155.037109375,2967.50341796875,,8342.421875,5416.91845703125,1493.5045166015625,3687.168212890625,10332.1640625
2016-12-14,3140.531005859375,2967.50341796875,,8342.421875,5416.91845703125,1493.5045166015625,3687.168212890625,10232.7060546875
2016-12-15,3117.677001953125,2967.50341796875,,8342.421875,5416.91845703125,1493.5045166015625,3687.168212890625,10255.99609375
2016-12-16,3122.98193359375,2967.50341796875,,8342.421875,5416.91845703125,1493.5045166015625,3687.168212890625,10334.6435546875
2016-12-19,3118.0849609375,2967.50341796875,,8342.421875,5416.91845703125,1493.5045166015625,3687.168212890625,10283.044921875
2016-12-20,3102.8759765625,2967.50341796875,,8342.421875,5416.91845703125,1493.5045166015625,3687.168212890625,10245.2158203125
2016-12-21,3137.429931640625,2967.50341796875,,8342.421875,5416.91845703125,1493.5045166015625,3687.168212890625,10313.4541015625
2016-12-22,3139.55810546875,2967.50341796875,,8342.421875,5416.91845703125,1493.5045166015625,3687.168212890625,10306.8037109375
2016-12-23,3110.154052734375,2967.50341796875,,8342.421875,5416.91845703125,1493.5045166015625,3687.168212890625,10199.74609375
2016-12-26,3122.569091796875,2967.50341796875,,8342.421875,5416.91845703125,1493.5045166015625,3687.168212890625,10233.3056640625
2016-12-27,3114.6640625,2967.50341796875,,8342.421875,5416.91845703125,1493.5045166015625,3687.168212890625,10230.4560546875
2016-12-28,3102.236083984375,2967.50341796875,,8342.421875,5416.91845703125,1493.5045166015625,3687.168212890625,10187.0458984375
2016-12-29,3096.096923828125,2967.50341796875,,8342.421875,5416.91845703125,1493.5045166015625,3687.168212890625,10159.3359375
2016-12-30,3103.636962890625,2967.50341796875,,8342.421875,5416.91845703125,1493.5045166015625,3687.168212890625,10177.025390625
2017-01-03,3135.9208984375,2967.50341796875,,8342.421875,5416.91845703125,1493.5045166015625,3687.168212890625,10262.7353515625
2017-01-04,3158.7939453125,2967.50341796875,,8342.421875,5416.91845703125,1493.5045166015625,3687.168212890625,10384.75390625
2017-01-05,3165.410888671875,2967.50341796875,,8342.421875,5416.91845703125,1493.5045166015625,3687.168212890625,10371.353515625
2017-01-06,3154.321044921875,2967.50341796875,,8342.421875,5416.91845703125,1493.5045166015625,3687.168212890625,10289.2451171875
2017-01-09,3171.236083984375,2967.50341796875,,8342.421875,5416.91845703125,1493.5045166015625,3687.168212890625,10331.673828125
2017-01-10,3161.6708984375,2967.50341796875,,8342.421875,5416.91845703125,1493.5045166015625,3687.168212890625,10306.2236328125
2017-01-11,3136.75390625,2967.50341796875,,8342.421875,5416.91845703125,1493.5045166015625,3687.168212890625,10215.3662109375
2017-01-12,3119.2890625,2967.50341796875,,8342.421875,5416.91845703125,1493.5045166015625,3687.168212890625,10131.1171875
2017-01-13,3112.763916015625,2967.50341796875,,8342.421875,5416.91845703125,1493.5045166015625,3687.168212890625,10008.1875
2017-01-16,3103.427978515625,2967.50341796875,,8342.421875,5416.91845703125,1493.5045166015625,3687.168212890625,9712.69140625
2017-01-17,3108.77490234375,2967.50341796875,,8342.421875,5416.91845703125,1493.5045166015625,3687.168212890625,9826.6796875
2017-01-18,3113.011962890625,2967.50341796875,,8342.421875,5416.91845703125,1493.5045166015625,3687.168212890625,9804.650390625
2017-01-19,3101.299072265625,2967.50341796875,,8342.421875,5416.91845703125,1493.5045166015625,3687.168212890625,9768.4609375
2017-01-20,3123.138916015625,2967.50341796875,,8342.421875,5416.91845703125,1493.5045166015625,3687.168212890625,9906.0283203125
2017-01-23,3136.77490234375,2967.50341796875,,8342.421875,5416.91845703125,1493.5045166015625,3687.168212890625,9976.0791015625
2017-01-24,3142.552978515625,2967.50341796875,,8342.421875,5416.91845703125,1493.5045166015625,3687.168212890625,9941.4384765625
2017-01-25,3149.554931640625,2967.50341796875,,8342.421875,5416.91845703125,1493.5045166015625,3687.168212890625,9977.8486328125
2017-01-26,3159.166015625,2967.50341796875,,8342.421875,5416.91845703125,1493.5045166015625,3687.168212890625,10051.9375
2017-02-03,3140.169921875,2967.50341796875,,8342.421875,5416.91845703125,1493.5045166015625,3687.168212890625,10004.728515625
2017-02-06,3156.98388671875,2967.50341796875,,8342.421875,5416.91845703125,1493.5045166015625,3687.168212890625,10078.6171875
2017-02-07,3153.087890625,2967.50341796875,,8342.421875,5416.91845703125,1493.5045166015625,3687.168212890625,10055.45703125
2017-02-08,3166.98193359375,2967.50341796875,,8342.421875,5416.91845703125,1493.5045166015625,3687.168212890625,10130.0068359375
2017-02-09,3183.178955078125,2967.50341796875,,8342.421875,5416.91845703125,1493.5045166015625,3687.168212890625,10182.6162109375
2017-02-10,3196.698974609375,2967.50341796875,,8342.421875,5416.91845703125,1493.5045166015625,3687.168212890625,10186.265625
2017-02-13,3216.839111328125,2967.50341796875,,8342.421875,5416.91845703125,1493.5045166015625,3687.168212890625,10270.7158203125
2017-02-14,3217.927978515625,2967.50341796875,,8342.421875,5416.91845703125,1493.5045166015625,3687.168212890625,10264.8056640625
2017-02-15,3212.986083984375,2967.50341796875,,8342.421875,5416.91845703125,1493.5045166015625,3687.168212890625,10177.1357421875
2017-02-16,3229.617919921875,2967.50341796875,,8342.421875,5416.91845703125,1493.5045166015625,3687.168212890625,10253.845703125
2017-02-17,3202.075927734375,2967.50341796875,,8342.421875,5416.91845703125,1493.5045166015625,3687.168212890625,10197.8056640625
2017-02-20,3239.9609375,2967.50341796875,,8342.421875,5416.91845703125,1493.5045166015625,3687.168212890625,10328.8837890625
2017-02-21,3253.325927734375,2967.50341796875,,8342.421875,5416.91845703125,1493.5045166015625,3687.168212890625,10405.6337890625
2017-02-22,3261.218017578125,2967.50341796875,,8342.421875,5416.91845703125,1493.5045166015625,3687.168212890625,10444.2626953125
2017-02-23,3251.375,2967.50341796875,,8342.421875,5416.91845703125,1493.5045166015625,3687.168212890625,10432.5224609375
2017-02-24,3253.43310546875,2967.50341796875,,8342.421875,5416.91845703125,1493.5045166015625,3687.168212890625,10443.61328125
2017-02-27,3228.659912109375,2967.50341796875,,8342.421875,5416.91845703125,1493.5045166015625,3687.168212890625,10353.43359375
2017-02-28,3241.73291015625,2967.50341796875,,8342.421875,5416.91845703125,1493.5045166015625,3687.168212890625,10391.2236328125
2017-03-01,3246.93408203125,2967.50341796875,,8342.421875,5416.91845703125,1493.5045166015625,3687.168212890625,10418.5029296875
2017-03-02,3230.028076171875,2967.50341796875,,8342.421875,5416.91845703125,1493.5045166015625,3687.168212890625,10367.193359375
2017-03-03,3218.31201171875,2967.50341796875,,8342.421875,5416.91845703125,1493.5045166015625,3687.168212890625,10396.93359375
2017-03-06,3233.865966796875,2967.50341796875,,8342.421875,5416.91845703125,1493.5045166015625,3687.168212890625,10522.1630859375
2017-03-07,3242.406005859375,2967.50341796875,,8342.421875,5416.91845703125,1493.5045166015625,3687.168212890625,10552.0205078125
2017-03-08,3240.6650390625,2967.50341796875,,8342.421875,5416.91845703125,1493.5045166015625,3687.168212890625,10498.1923828125
2017-03-09,3216.74609375,2967.50341796875,,8342.421875,5416.91845703125,1493.5045166015625,3687.168212890625,10420.9423828125
2017-03-10,3212.760009765625,2967.50341796875,,8342.421875,5416.91845703125,1493.5045166015625,3687.168212890625,10450.892578125
2017-03-13,3237.02392578125,2967.50341796875,,8342.421875,5416.91845703125,1493.5045166015625,3687.168212890625,10559.7607421875
2017-03-14,3239.327880859375,2967.50341796875,,8342.421875,5416.91845703125,1493.5045166015625,3687.168212890625,10531.61328125
2017-03-15,3241.760009765625,2967.50341796875,,8342.421875,5416.91845703125,1493.5045166015625,3687.168212890625,10542.8916015625
2017-03-16,3268.93505859375,2967.50341796875,,8342.421875,5416.91845703125,1493.5045166015625,3687.168212890625,10624.30078125
2017-03-17,3237.447021484375,2967.50341796875,,8342.421875,5416.91845703125,1493.5045166015625,3687.168212890625,10515.29296875
2017-03-20,3250.80810546875,2967.50341796875,,8342.421875,5416.91845703125,1493.5045166015625,3687.168212890625,10532.212890625
2017-03-21,3261.611083984375,2967.50341796875,,8342.421875,5416.91845703125,1493.5045166015625,3687.168212890625,10586.5009765625
2017-03-22,3245.219970703125,2967.50341796875,,8342.421875,5416.91845703125,1493.5045166015625,3687.168212890625,10553.4111328125
2017-03-23,3248.550048828125,2967.50341796875,,8342.421875,5416.91845703125,1493.5045166015625,3687.168212890625,10582.9208984375
2017-03-24,3269.445068359375,2967.50341796875,,8342.421875,5416.91845703125,1493.5045166015625,3687.168212890625,10646.6005859375
2017-03-27,3266.955078125,2967.50341796875,,8342.421875,5416.91845703125,1493.5045166015625,3687.168212890625,10581.80078125
2017-03-28,3252.947998046875,2967.50341796875,,8342.421875,5416.91845703125,1493.5045166015625,3687.168212890625,10563.1708984375
2017-03-29,3241.31396484375,2967.50341796875,,8342.421875,5416.91845703125,1493.5045166015625,3687.168212890625,10520.703125
2017-03-30,3210.237060546875,2967.50341796875,,8342.421875,5416.91845703125,1493.5045166015625,3687.168212890625,10348.1533203125
2017-03-31,3222.513916015625,2967.50341796875,,8342.421875,5416.91845703125,1493.5045166015625,3687.168212890625,10428.6025390625
2017-04-05,3270.304931640625,2967.50341796875,,8342.421875,5416.91845703125,1493.5045166015625,3687.168212890625,10627.0107421875
2017-04-06,3281.0048828125,2967.50341796875,,8342.421875,5416.91845703125,1493.5045166015625,3687.168212890625,10656.05078125
2017-04-07,3286.615966796875,2967.50341796875,,8342.421875,5416.91845703125,1493.5045166015625,3687.168212890625,10669.361328125
2017-04-10,3269.39306640625,2967.50341796875,,8342.421875,5416.91845703125,1493.5045166015625,3687.168212890625,10603.1611328125
2017-04-11,3288.966064453125,2967.50341796875,,8342.421875,5416.91845703125,1493.5045166015625,3687.168212890625,10655.6708984375
2017-04-12,3273.830078125,2967.50341796875,,8342.421875,5416.91845703125,1493.5045166015625,3687.168212890625,10587.1904296875
2017-04-13,3275.9599609375,2967.50341796875,,8342.421875,5416.91845703125,1493.5045166015625,3687.168212890625,10653.970703125
2017-04-14,3244.48291015625,2967.50341796875,,8342.421875,5416.91845703125,1493.5045166015625,3687.168212890625,10519.7431640625
2017-04-17,3222.1669921875,2967.50341796875,,8342.421875,5416.91845703125,1493.5045166015625,3687.168212890625,10450.7431640625
2017-04-18,3196.712890625,2967.50341796875,,8342.421875,5416.91845703125,1493.5045166015625,3687.168212890625,10411.3232421875
2017-04-19,3170.68701171875,2967.50341796875,,8342.421875,5416.91845703125,1493.5045166015625,3687.168212890625,10348.2939453125
2017-04-20,3172.10009765625,2967.50341796875,,8342.421875,5416.91845703125,1493.5045166015625,3687.168212890625,10358.9736328125
2017-04-21,3173.15087890625,2967.50341796875,,8342.421875,5416.91845703125,1493.5045166015625,3687.168212890625,10314.2333984375
2017-04-24,3129.531005859375,2967.50341796875,,8342.421875,5416.91845703125,1493.5045166015625,3687.168212890625,10091.7763671875
2017-04-25,3134.56689453125,2967.50341796875,,8342.421875,5416.91845703125,1493.5045166015625,3687.168212890625,10165.10546875
2017-04-26,3140.846923828125,2967.50341796875,,8342.421875,5416.91845703125,1493.5045166015625,3687.168212890625,10204.7255859375
2017-04-27,3152.18701171875,2967.50341796875,,8342.421875,5416.91845703125,1493.5045166015625,3687.168212890625,10229.076171875
2017-04-28,3154.657958984375,2967.50341796875,,8342.421875,5416.91845703125,1493.5045166015625,3687.168212890625,10234.5361328125
2017-05-02,3143.7119140625,2967.50341796875,,8342.421875,5416.91845703125,1493.5045166015625,3687.168212890625,10223.85546875
2017-05-03,3135.345947265625,2967.50341796875,,8342.421875,5416.91845703125,1493.5045166015625,3687.168212890625,10184.025390625
2017-05-04,3127.368896484375,2967.50341796875,,8342.421875,5416.91845703125,1493.5045166015625,3687.168212890625,10147.326171875
2017-05-05,3103.0380859375,2967.50341796875,,8342.421875,5416.91845703125,1493.5045166015625,3687.168212890625,10024.328125
2017-05-08,3078.613037109375,2967.50341796875,,8342.421875,5416.91845703125,1493.5045166015625,3687.168212890625,9833.0595703125
2017-05-09,3080.527099609375,2967.50341796875,,8342.421875,5416.91845703125,1493.5045166015625,3687.168212890625,9885.228515625
2017-05-10,3052.784912109375,2967.50341796875,,8342.421875,5416.91845703125,1493.5045166015625,3687.168212890625,9756.7001953125
2017-05-11,3061.5,2967.50341796875,,8342.421875,5416.91845703125,1493.5045166015625,3687.168212890625,9776.3408203125
2017-05-12,3083.512939453125,2967.50341796875,,8342.421875,5416.91845703125,1493.5045166015625,3687.168212890625,9787.880859375
2017-05-15,3090.22900390625,2967.50341796875,,8342.421875,5416.91845703125,1493.5045166015625,3687.168212890625,9845.4892578125
2017-05-16,3112.964111328125,2967.50341796875,,8342.421875,5416.91845703125,1493.5045166015625,3687.168212890625,10046.5478515625
2017-05-17,3104.44189453125,2967.50341796875,,8342.421875,5416.91845703125,1493.5045166015625,3687.168212890625,10029.998046875
2017-05-18,3090.138916015625,2967.50341796875,,8342.421875,5416.91845703125,1493.5045166015625,3687.168212890625,9974.23828125
2017-05-19,3090.631103515625,2967.50341796875,,8342.421875,5416.91845703125,1493.5045166015625,3687.168212890625,9970.8486328125
2017-05-22,3075.676025390625,2967.50341796875,,8342.421875,5416.91845703125,1493.5045166015625,3687.168212890625,9899.5390625
2017-05-23,3061.947021484375,2967.50341796875,,8342.421875,5416.91845703125,1493.5045166015625,3687.168212890625,9763.6708984375
2017-05-24,3064.075927734375,2967.50341796875,,8342.421875,5416.91845703125,1493.5045166015625,3687.168212890625,9812.349609375
2017-05-25,3107.8310546875,2967.50341796875,,8342.421875,5416.91845703125,1493.5045166015625,3687.168212890625,9893.6689453125
2017-05-26,3110.05908203125,2967.50341796875,,8342.421875,5416.91845703125,1493.5045166015625,3687.168212890625,9859.1201171875
2017-05-31,3117.177978515625,2967.50341796875,,8342.421875,5416.91845703125,1493.5045166015625,3687.168212890625,9864.7294921875
2017-06-01,3102.623046875,2967.50341796875,,8342.421875,5416.91845703125,1493.5045166015625,3687.168212890625,9730.2216796875
2017-06-02,3105.5400390625,2967.50341796875,,8342.421875,5416.91845703125,1493.5045166015625,3687.168212890625,9794.7802734375
2017-06-05,3091.656005859375,2967.50341796875,,8342.421875,5416.91845703125,1493.5045166015625,3687.168212890625,9842.4892578125
2017-06-06,3102.1259765625,2967.50341796875,,8342.421875,5416.91845703125,1493.5045166015625,3687.168212890625,9915.80859375
2017-06-07,3140.324951171875,2967.50341796875,,8342.421875,5416.91845703125,1493.5045166015625,3687.168212890625,10109.7666015625
2017-06-08,3150.333984375,2967.50341796875,,8342.421875,5416.91845703125,1493.5045166015625,3687.168212890625,10148.60546875
2017-06-09,3158.39990234375,2967.50341796875,,8342.421875,5416.91845703125,1493.5045166015625,3687.168212890625,10177.3359375
2017-06-12,3139.876953125,2967.50341796875,,8342.421875,5416.91845703125,1493.5045166015625,3687.168212890625,10119.876953125
2017-06-13,3153.742919921875,2967.50341796875,,8342.421875,5416.91845703125,1493.5045166015625,3687.168212890625,10224.7060546875
2017-06-14,3130.674072265625,2967.50341796875,,8342.421875,5416.91845703125,1493.5045166015625,3687.168212890625,10151.416015625
2017-06-15,3132.486083984375,2967.50341796875,,8342.421875,5416.91845703125,1493.5045166015625,3687.168212890625,10221.576171875
2017-06-16,3123.166015625,2967.50341796875,,8342.421875,5416.91845703125,1493.5045166015625,3687.168212890625,10191.1259765625
2017-06-19,3144.3740234375,2967.50341796875,,8342.421875,5416.91845703125,1493.5045166015625,3687.168212890625,10262.685546875
2017-06-20,3140.013916015625,2967.50341796875,,8342.421875,5416.91845703125,1493.5045166015625,3687.168212890625,10288.4150390625
2017-06-21,3156.2119140625,2967.50341796875,,8342.421875,5416.91845703125,1493.5045166015625,3687.168212890625,10367.0537109375
2017-06-22,3147.452880859375,2967.50341796875,,8342.421875,5416.91845703125,1493.5045166015625,3687.168212890625,10265.0859375
2017-06-23,3157.873046875,2967.50341796875,,8342.421875,5416.91845703125,1493.5045166015625,3687.168212890625,10366.6640625
2017-06-26,3185.444091796875,2967.50341796875,,8342.421875,5416.91845703125,1493.5045166015625,3687.168212890625,10537.47265625
2017-06-27,3191.197021484375,2967.50341796875,,8342.421875,5416.91845703125,1493.5045166015625,3687.168212890625,10535.2431640625
2017-06-28,3173.200927734375,2967.50341796875,,8342.421875,5416.91845703125,1493.5045166015625,3687.168212890625,10451.453125
2017-06-29,3188.06298828125,2967.50341796875,,8342.421875,5416.91845703125,1493.5045166015625,3687.168212890625,10511.7431640625
2017-06-30,3192.427001953125,2967.50341796875,,8342.421875,5416.91845703125,1493.5045166015625,3687.168212890625,10529.4931640625
2017-07-03,3195.912109375,2967.50341796875,,8342.421875,5416.91845703125,1493.5045166015625,3687.168212890625,10534.9326171875
2017-07-04,3182.803955078125,2967.50341796875,,8342.421875,5416.91845703125,1493.5045166015625,3687.168212890625,10474.712890625
2017-07-05,3207.134033203125,2967.50341796875,,8342.421875,5416.91845703125,1493.5045166015625,3687.168212890625,10560.970703125
2017-07-06,3212.444091796875,2967.50341796875,,8342.421875,5416.91845703125,1493.5045166015625,3687.168212890625,10561.9404296875
2017-07-07,3217.95703125,2967.50341796875,,8342.421875,5416.91845703125,1493.5045166015625,3687.168212890625,10563.6005859375
2017-07-10,3212.632080078125,2967.50341796875,,8342.421875,5416.91845703125,1493.5045166015625,3687.168212890625,10505.482421875
2017-07-11,3203.0380859375,2967.50341796875,,8342.421875,5416.91845703125,1493.5045166015625,3687.168212890625,10467.5927734375
2017-07-12,3197.5439453125,2967.50341796875,,8342.421875,5416.91845703125,1493.5045166015625,3687.168212890625,10453.0732421875
2017-07-13,3218.1630859375,2967.50341796875,,8342.421875,5416.91845703125,1493.5045166015625,3687.168212890625,10465.982421875
2017-07-14,3222.4169921875,2967.50341796875,,8342.421875,5416.91845703125,1493.5045166015625,3687.168212890625,10427.6728515625
2017-07-17,3176.465087890625,2967.50341796875,,8342.421875,5416.91845703125,1493.5045166015625,3687.168212890625,10055.6865234375
2017-07-18,3187.56689453125,2967.50341796875,,8342.421875,5416.91845703125,1493.5045166015625,3687.168212890625,10103.646484375
2017-07-19,3230.97607421875,2967.50341796875,,8342.421875,5416.91845703125,1493.5045166015625,3687.168212890625,10295.455078125
2017-07-20,3244.864990234375,2967.50341796875,,8342.421875,5416.91845703125,1493.5045166015625,3687.168212890625,10366.8642578125
2017-07-21,3237.98193359375,2967.50341796875,,8342.421875,5416.91845703125,1493.5045166015625,3687.168212890625,10364.7041015625
2017-07-24,3250.59912109375,2967.50341796875,,8342.421875,5416.91845703125,1493.5045166015625,3687.168212890625,10404.103515625
2017-07-25,3243.68896484375,2967.50341796875,,8342.421875,5416.91845703125,1493.5045166015625,3687.168212890625,10353.09375
2017-07-26,3247.675048828125,2967.50341796875,,8342.421875,5416.91845703125,1493.5045166015625,3687.168212890625,10297.224609375
2017-07-27,3249.781005859375,2967.50341796875,,8342.421875,5416.91845703125,1493.5045166015625,3687.168212890625,10395.07421875
2017-07-28,3253.239990234375,2967.50341796875,,8342.421875,5416.91845703125,1493.5045166015625,3687.168212890625,10437.8232421875
2017-07-31,3273.028076171875,2967.50341796875,,8342.421875,5416.91845703125,1493.5045166015625,3687.168212890625,10504.9228515625
2017-08-01,3292.637939453125,2967.50341796875,,8342.421875,5416.91845703125,1493.5045166015625,3687.168212890625,10525.232421875
2017-08-02,3285.056884765625,2967.50341796875,,8342.421875,5416.91845703125,1493.5045166015625,3687.168212890625,10469.22265625
2017-08-03,3272.928955078125,2967.50341796875,,8342.421875,5416.91845703125,1493.5045166015625,3687.168212890625,10436.052734375
2017-08-04,3262.0810546875,2967.50341796875,,8342.421875,5416.91845703125,1493.5045166015625,3687.168212890625,10361.1142578125
2017-08-07,3279.45703125,2967.50341796875,,8342.421875,5416.91845703125,1493.5045166015625,3687.168212890625,10450.962890625
2017-08-08,3281.873046875,2967.50341796875,,8342.421875,5416.91845703125,1493.5045166015625,3687.168212890625,10496.1328125
2017-08-09,3275.572998046875,2967.50341796875,,8342.421875,5416.91845703125,1493.5045166015625,3687.168212890625,10544.4716796875
2017-08-10,3261.7490234375,2967.50341796875,,8342.421875,5416.91845703125,1493.5045166015625,3687.168212890625,10480.5224609375
2017-08-11,3208.541015625,2967.50341796875,,8342.421875,5416.91845703125,1493.5045166015625,3687.168212890625,10291.234375
2017-08-14,3237.360107421875,2967.50341796875,,8342.421875,5416.91845703125,1493.5045166015625,3687.168212890625,10519.6826171875
2017-08-15,3251.261962890625,2967.50341796875,,8342.421875,5416.91845703125,1493.5045166015625,3687.168212890625,10559.6611328125
2017-08-16,3246.450927734375,2967.50341796875,,8342.421875,5416.91845703125,1493.5045166015625,3687.168212890625,10600.6611328125
2017-08-17,3268.429931640625,2967.50341796875,,8342.421875,5416.91845703125,1493.5045166015625,3687.168212890625,10653.611328125
2017-08-18,3268.72412109375,2967.50341796875,,8342.421875,5416.91845703125,1493.5045166015625,3687.168212890625,10613.9609375
2017-08-21,3286.906005859375,2967.50341796875,,8342.421875,5416.91845703125,1493.5045166015625,3687.168212890625,10689.6494140625
2017-08-22,3290.22607421875,2967.50341796875,,8342.421875,5416.91845703125,1493.5045166015625,3687.168212890625,10653.861328125
2017-08-23,3287.705078125,2967.50341796875,,8342.421875,5416.91845703125,1493.5045166015625,3687.168212890625,10619.220703125
2017-08-24,3271.511962890625,2967.50341796875,,8342.421875,5416.91845703125,1493.5045166015625,3687.168212890625,10552.8408203125
2017-08-25,3331.52197265625,2967.50341796875,,8342.421875,5416.91845703125,1493.5045166015625,3687.168212890625,10658.890625
2017-08-28,3362.65087890625,2967.50341796875,,8342.421875,5416.91845703125,1493.5045166015625,3687.168212890625,
2017-08-29,3365.22607421875,2967.50341796875,,8342.421875,5416.91845703125,1493.5045166015625,3687.168212890625,10762.25
2017-08-30,3363.626953125,2967.50341796875,,8342.421875,5416.91845703125,1493.5045166015625,3687.168212890625,10813.8076171875
2017-08-31,3360.81005859375,2967.50341796875,,8342.421875,5416.91845703125,1493.5045166015625,3687.168212890625,10816.517578125
2017-09-01,3367.118896484375,2967.50341796875,,8342.421875,5416.91845703125,1493.5045166015625,3687.168212890625,10880.4375
2017-09-04,3379.8359375,2967.50341796875,,8342.421875,5416.91845703125,1493.5045166015625,3687.168212890625,
2017-09-05,3384.31689453125,2967.50341796875,,8342.421875,5416.91845703125,1493.5045166015625,3687.168212890625,10986.8271484375
2017-09-06,3385.388916015625,2967.50341796875,,8342.421875,5416.91845703125,1493.5045166015625,3687.168212890625,11024.466796875
2017-09-07,3365.4970703125,2967.50341796875,,8342.421875,5416.91845703125,1493.5045166015625,3687.168212890625,10969.0068359375
2017-09-08,3365.242919921875,2967.50341796875,,8342.421875,5416.91845703125,1493.5045166015625,3687.168212890625,10970.646484375
2017-09-11,3376.4189453125,2967.50341796875,,8342.421875,5416.91845703125,1493.5045166015625,3687.168212890625,11053.6865234375
2017-09-12,3379.488037109375,2967.50341796875,,8342.421875,5416.91845703125,1493.5045166015625,3687.168212890625,11043.5673828125
2017-09-13,3384.14697265625,2967.50341796875,,8342.421875,5416.91845703125,1493.5045166015625,3687.168212890625,11091.4462890625
2017-09-14,3371.426025390625,2967.50341796875,,8342.421875,5416.91845703125,1493.5045166015625,3687.168212890625,11070.4462890625
2017-09-15,3353.618896484375,2967.50341796875,,8342.421875,5416.91845703125,1493.5045166015625,3687.168212890625,11063.0556640625
2017-09-18,3362.85888671875,2967.50341796875,,8342.421875,5416.91845703125,1493.5045166015625,3687.168212890625,11153.486328125
2017-09-19,3356.844970703125,2967.50341796875,,8342.421875,5416.91845703125,1493.5045166015625,3687.168212890625,11083.8564453125
2017-09-20,3365.99609375,2967.50341796875,,8342.421875,5416.91845703125,1493.5045166015625,3687.168212890625,11191.0859375
2017-09-21,3357.81201171875,2967.50341796875,,8342.421875,5416.91845703125,1493.5045166015625,3687.168212890625,11098.2958984375
2017-09-22,3352.529052734375,2967.50341796875,,8342.421875,5416.91845703125,1493.5045166015625,3687.168212890625,11069.7763671875
2017-09-25,3341.549072265625,2967.50341796875,,8342.421875,5416.91845703125,1493.5045166015625,3687.168212890625,10930.626953125
2017-09-26,3343.5830078125,2967.50341796875,,8342.421875,5416.91845703125,1493.5045166015625,3687.168212890625,10950.7265625
2017-09-27,3345.27197265625,2967.50341796875,,8342.421875,5416.91845703125,1493.5045166015625,3687.168212890625,11036.7373046875
2017-09-28,3339.64208984375,2967.50341796875,,8342.421875,5416.91845703125,1493.5045166015625,3687.168212890625,11031.376953125
2017-09-29,3348.943115234375,2967.50341796875,,8342.421875,5416.91845703125,1493.5045166015625,3687.168212890625,11087.146484375
2017-10-09,3374.3779296875,2967.50341796875,,8342.421875,5416.91845703125,1493.5045166015625,3687.168212890625,11264.2255859375
2017-10-10,3382.988037109375,2967.50341796875,,8342.421875,5416.91845703125,1493.5045166015625,3687.168212890625,11329.46484375
2017-10-11,3388.283935546875,2967.50341796875,,8342.421875,5416.91845703125,1493.5045166015625,3687.168212890625,11312.455078125
2017-10-12,3386.10009765625,2967.50341796875,,8342.421875,5416.91845703125,1493.5045166015625,3687.168212890625,11307.275390625
2017-10-13,3390.52294921875,2967.50341796875,,8342.421875,5416.91845703125,1493.5045166015625,3687.168212890625,11399.044921875
2017-10-16,3378.469970703125,2967.50341796875,,8342.421875,5416.91845703125,1493.5045166015625,3687.168212890625,11271.15625
2017-10-17,3372.041015625,2967.50341796875,,8342.421875,5416.91845703125,1493.5045166015625,3687.168212890625,11275.2958984375
2017-10-18,3381.7939453125,2967.50341796875,,8342.421875,5416.91845703125,1493.5045166015625,3687.168212890625,11282.7060546875
2017-10-19,3370.172119140625,2967.50341796875,,8342.421875,5416.91845703125,1493.5045166015625,3687.168212890625,11189.505859375
2017-10-20,3378.64794921875,2967.50341796875,,8342.421875,5416.91845703125,1493.5045166015625,3687.168212890625,11238.8359375
2017-10-23,3380.698974609375,2967.50341796875,,8342.421875,5416.91845703125,1493.5045166015625,3687.168212890625,11306.2646484375
2017-10-24,3388.248046875,2967.50341796875,,8342.421875,5416.91845703125,1493.5045166015625,3687.168212890625,11339.0849609375
2017-10-25,3396.89794921875,2967.50341796875,,8342.421875,5416.91845703125,1493.5045166015625,3687.168212890625,11437.1650390625
2017-10-26,3407.56689453125,2967.50341796875,,8342.421875,5416.91845703125,1493.5045166015625,3687.168212890625,11461.2353515625
2017-10-27,3416.81201171875,2967.50341796875,,8342.421875,5416.91845703125,1493.5045166015625,3687.168212890625,11444.474609375
2017-10-30,3390.3369140625,2967.50341796875,,8342.421875,5416.91845703125,1493.5045166015625,3687.168212890625,11312.5654296875
2017-10-31,3393.342041015625,2967.50341796875,,8342.421875,5416.91845703125,1493.5045166015625,3687.168212890625,11367.5751953125
2017-11-01,3395.9130859375,2967.50341796875,,8342.421875,5416.91845703125,1493.5045166015625,3687.168212890625,11350.275390625
2017-11-02,3383.31005859375,2967.50341796875,,8342.421875,5416.91845703125,1493.5045166015625,3687.168212890625,11292.3759765625
2017-11-03,3371.743896484375,2967.50341796875,,8342.421875,5416.91845703125,1493.5045166015625,3687.168212890625,11215.146484375
2017-11-06,3388.174072265625,2967.50341796875,,8342.421875,5416.91845703125,1493.5045166015625,3687.168212890625,11373.6953125
2017-11-07,3413.574951171875,2967.50341796875,,8342.421875,5416.91845703125,1493.5045166015625,3687.168212890625,11467.9248046875
2017-11-08,3415.4599609375,2967.50341796875,,8342.421875,5416.91845703125,1493.5045166015625,3687.168212890625,11447.35546875
2017-11-09,3427.794921875,2967.50341796875,,8342.421875,5416.91845703125,1493.5045166015625,3687.168212890625,11553.1943359375
2017-11-10,3432.673095703125,2967.50341796875,,8342.421875,5416.91845703125,1493.5045166015625,3687.168212890625,11645.00390625
2017-11-13,3447.8359375,2967.50341796875,,8342.421875,5416.91845703125,1493.5045166015625,3687.168212890625,11694.9541015625
2017-11-14,3429.548095703125,2967.50341796875,,8342.421875,5416.91845703125,1493.5045166015625,3687.168212890625,11582.8740234375
2017-11-15,3402.52490234375,2967.50341796875,,8342.421875,5416.91845703125,1493.5045166015625,3687.168212890625,11462.0654296875
2017-11-16,3399.25,2967.50341796875,,8342.421875,5416.91845703125,1493.5045166015625,3687.168212890625,11537.9150390625
2017-11-17,3382.907958984375,2967.50341796875,,8342.421875,5416.91845703125,1493.5045166015625,3687.168212890625,11292.8857421875
2017-11-20,3392.39892578125,2967.50341796875,,8342.421875,5416.91845703125,1493.5045166015625,3687.168212890625,11437.5048828125
2017-11-21,3410.498046875,2967.50341796875,,8342.421875,5416.91845703125,1493.5045166015625,3687.168212890625,11602.0537109375
2017-11-22,3430.464111328125,2967.50341796875,,8342.421875,5416.91845703125,1493.5045166015625,3687.168212890625,11560.75390625
2017-11-23,3352.989013671875,2967.50341796875,,8342.421875,5416.91845703125,1493.5045166015625,3687.168212890625,11175.42578125
2017-11-24,3353.821044921875,2967.50341796875,,8342.421875,5416.91845703125,1493.5045166015625,3687.168212890625,11168.345703125
2017-11-27,3322.22998046875,2967.50341796875,,8342.421875,5416.91845703125,1493.5045166015625,3687.168212890625,10954.13671875
2017-11-28,3333.656982421875,2967.50341796875,,8342.421875,5416.91845703125,1493.5045166015625,3687.168212890625,11091.095703125
2017-11-29,3337.862060546875,2967.50341796875,,8342.421875,5416.91845703125,1493.5045166015625,3687.168212890625,11082.0859375
2017-11-30,3317.18798828125,2967.50341796875,,8342.421875,5416.91845703125,1493.5045166015625,3687.168212890625,10944.056640625
2017-12-01,3317.616943359375,2967.50341796875,,8342.421875,5416.91845703125,1493.5045166015625,3687.168212890625,11013.107421875
2017-12-04,3309.617919921875,2967.50341796875,,8342.421875,5416.91845703125,1493.5045166015625,3687.168212890625,11014.5068359375
2017-12-05,3303.675048828125,2967.50341796875,,8342.421875,5416.91845703125,1493.5045166015625,3687.168212890625,10854.716796875
2017-12-06,3293.965087890625,2967.50341796875,,8342.421875,5416.91845703125,1493.5045166015625,3687.168212890625,10911.287109375
2017-12-07,3272.053955078125,2967.50341796875,,8342.421875,5416.91845703125,1493.5045166015625,3687.168212890625,10801.20703125
2017-12-08,3289.991943359375,2967.50341796875,,8342.421875,5416.91845703125,1493.5045166015625,3687.168212890625,10935.0166015625
2017-12-11,3322.196044921875,2967.50341796875,,8342.421875,5416.91845703125,1493.5045166015625,3687.168212890625,11143.2158203125
2017-12-12,3280.81396484375,2967.50341796875,,8342.421875,5416.91845703125,1493.5045166015625,3687.168212890625,11043.1669921875
2017-12-13,3303.037109375,2967.50341796875,,8342.421875,5416.91845703125,1493.5045166015625,3687.168212890625,11143.845703125
2017-12-14,3292.43896484375,2967.50341796875,,8342.421875,5416.91845703125,1493.5045166015625,3687.168212890625,11110.1357421875
2017-12-15,3266.136962890625,2967.50341796875,,8342.421875,5416.91845703125,1493.5045166015625,3687.168212890625,10998.0771484375
2017-12-18,3267.922119140625,2967.50341796875,,8342.421875,5416.91845703125,1493.5045166015625,3687.168212890625,10960.0771484375
2017-12-19,3296.5380859375,2967.50341796875,,8342.421875,5416.91845703125,1493.5045166015625,3687.168212890625,11074.9462890625
2017-12-20,3287.60595703125,2967.50341796875,,8342.421875,5416.91845703125,1493.5045166015625,3687.168212890625,11003.287109375
2017-12-21,3300.05908203125,2967.50341796875,,8342.421875,5416.91845703125,1493.5045166015625,3687.168212890625,11118.2060546875
2017-12-22,3297.06298828125,2967.50341796875,,8342.421875,5416.91845703125,1493.5045166015625,3687.168212890625,11094.1162109375
2017-12-25,3280.839111328125,2967.50341796875,,8342.421875,5416.91845703125,1493.5045166015625,3687.168212890625,11005.45703125
2017-12-26,3306.125,2967.50341796875,,8342.421875,5416.91845703125,1493.5045166015625,3687.168212890625,11021.787109375
2017-12-27,3275.782958984375,2967.50341796875,,8342.421875,5416.91845703125,1493.5045166015625,3687.168212890625,10911.1669921875
2017-12-28,3296.385009765625,2967.50341796875,,8342.421875,5416.91845703125,1493.5045166015625,3687.168212890625,10973.966796875
2017-12-29,3307.172119140625,2967.50341796875,,8342.421875,5416.91845703125,1493.5045166015625,3687.168212890625,11040.4072265625
2018-01-02,3348.325927734375,2967.50341796875,,8342.421875,5416.91845703125,1493.5045166015625,3687.168212890625,11178.005859375
2018-01-03,3369.10791015625,2967.50341796875,,8342.421875,5416.91845703125,1493.5045166015625,3687.168212890625,11280.255859375
2018-01-04,3385.7099609375,2967.50341796875,,8342.421875,5416.91845703125,1493.5045166015625,3687.168212890625,11341.3046875
2018-01-05,3391.75,2967.50341796875,,8342.421875,5416.91845703125,1493.5045166015625,3687.168212890625,11342.8046875
2018-01-08,3409.47998046875,2967.50341796875,,8342.421875,5416.91845703125,1493.5045166015625,3687.168212890625,11382.6748046875
2018-01-09,3413.89990234375,2967.50341796875,,8342.421875,5416.91845703125,1493.5045166015625,3687.168212890625,11447.044921875
2018-01-10,3421.833984375,2967.50341796875,,8342.421875,5416.91845703125,1493.5045166015625,3687.168212890625,11437.03515625
2018-01-11,3425.344970703125,2967.50341796875,,8342.421875,5416.91845703125,1493.5045166015625,3687.168212890625,11464.1552734375
2018-01-12,3428.94091796875,2967.50341796875,,8342.421875,5416.91845703125,1493.5045166015625,3687.168212890625,11461.9453125
2018-01-15,3410.488037109375,2967.50341796875,,8342.421875,5416.91845703125,1493.5045166015625,3687.168212890625,11307.4150390625
2018-01-16,3436.593994140625,2967.50341796875,,8342.421875,5416.91845703125,1493.5045166015625,3687.168212890625,11386.865234375
2018-01-17,3444.6708984375,2967.50341796875,,8342.421875,5416.91845703125,1493.5045166015625,3687.168212890625,11303.9248046875
2018-01-18,3474.75390625,2967.50341796875,,8342.421875,5416.91845703125,1493.5045166015625,3687.168212890625,11319.865234375
2018-01-19,3487.864013671875,2967.50341796875,,8342.421875,5416.91845703125,1493.5045166015625,3687.168212890625,11296.224609375
2018-01-22,3501.362060546875,2967.50341796875,,8342.421875,5416.91845703125,1493.5045166015625,3687.168212890625,11513.03515625
2018-01-23,3546.5048828125,2967.50341796875,,8342.421875,5416.91845703125,1493.5045166015625,3687.168212890625,11555.2041015625
2018-01-24,3559.465087890625,2967.50341796875,,8342.421875,5416.91845703125,1493.5045166015625,3687.168212890625,11607.5244140625
2018-01-25,3548.306884765625,2967.50341796875,,8342.421875,5416.91845703125,1493.5045166015625,3687.168212890625,11552.513671875
2018-01-26,3558.12890625,2967.50341796875,,8342.421875,5416.91845703125,1493.5045166015625,3687.168212890625,11557.7744140625
2018-01-29,3523.0009765625,2967.50341796875,,8342.421875,5416.91845703125,1493.5045166015625,3687.168212890625,11352.6748046875
2018-01-30,3488.009033203125,2967.50341796875,,8342.421875,5416.91845703125,1493.5045166015625,3687.168212890625,11278.736328125
2018-01-31,3480.8330078125,2967.50341796875,,8342.421875,5416.91845703125,1493.5045166015625,3687.168212890625,11159.6357421875
2018-02-01,3446.97998046875,2967.50341796875,,8342.421875,5416.91845703125,1493.5045166015625,3687.168212890625,10864.296875
2018-02-02,3462.0810546875,2967.50341796875,,8342.421875,5416.91845703125,1493.5045166015625,3687.168212890625,10925.1171875
2018-02-05,3487.4970703125,2967.50341796875,,8342.421875,5416.91845703125,1493.5045166015625,3687.168212890625,10836.20703125
2018-02-06,3370.652099609375,2967.50341796875,,8342.421875,5416.91845703125,1493.5045166015625,3687.168212890625,10377.5693359375
2018-02-07,3309.260009765625,2967.50341796875,,8342.421875,5416.91845703125,1493.5045166015625,3687.168212890625,10246.9296875
2018-02-08,3262.050048828125,2967.50341796875,,8342.421875,5416.91845703125,1493.5045166015625,3687.168212890625,10372.548828125
2018-02-09,3129.85107421875,2967.50341796875,,8342.421875,5416.91845703125,1493.5045166015625,3687.168212890625,10001.19140625
2018-02-12,3154.125,2967.50341796875,,8342.421875,5416.91845703125,1493.5045166015625,3687.168212890625,10291.83984375
2018-02-13,3184.958984375,2967.50341796875,,8342.421875,5416.91845703125,1493.5045166015625,3687.168212890625,10362.388671875
2018-02-14,3199.158935546875,2967.50341796875,,8342.421875,5416.91845703125,1493.5045166015625,3687.168212890625,10431.869140625
2018-02-22,3268.55908203125,2967.50341796875,,8342.421875,5416.91845703125,1493.5045166015625,3687.168212890625,10658.8984375
2018-02-23,3289.02392578125,2967.50341796875,,8342.421875,5416.91845703125,1493.5045166015625,3687.168212890625,10662.748046875
2018-02-26,3329.573974609375,2967.50341796875,,8342.421875,5416.91845703125,1493.5045166015625,3687.168212890625,10895.5166015625
2018-02-27,3292.068115234375,2967.50341796875,,8342.421875,5416.91845703125,1493.5045166015625,3687.168212890625,10807.4873046875
2018-02-28,3259.407958984375,2967.50341796875,,8342.421875,5416.91845703125,1493.5045166015625,3687.168212890625,10828.6875
2018-03-01,3273.7548828125,2967.50341796875,,8342.421875,5416.91845703125,1493.5045166015625,3687.168212890625,10943.0869140625
2018-03-02,3254.528076171875,2967.50341796875,,8342.421875,5416.91845703125,1493.5045166015625,3687.168212890625,10856.20703125
2018-03-05,3256.926025390625,2967.50341796875,,8342.421875,5416.91845703125,1493.5045166015625,3687.168212890625,10875.63671875
2018-03-06,3289.64208984375,2967.50341796875,,8342.421875,5416.91845703125,1493.5045166015625,3687.168212890625,11007.9072265625
2018-03-07,3271.66796875,2967.50341796875,,8342.421875,5416.91845703125,1493.5045166015625,3687.168212890625,10904.947265625
2018-03-08,3288.406005859375,2967.50341796875,,8342.421875,5416.91845703125,1493.5045166015625,3687.168212890625,11019.037109375
2018-03-09,3307.166015625,2967.50341796875,,8342.421875,5416.91845703125,1493.5045166015625,3687.168212890625,11194.8662109375
2018-03-12,3326.698974609375,2967.50341796875,,8342.421875,5416.91845703125,1493.5045166015625,3687.168212890625,11326.224609375
2018-03-13,3310.239013671875,2967.50341796875,,8342.421875,5416.91845703125,1493.5045166015625,3687.168212890625,11241.3662109375
2018-03-14,3291.382080078125,2967.50341796875,,8342.421875,5416.91845703125,1493.5045166015625,3687.168212890625,11139.5859375
2018-03-15,3291.112060546875,2967.50341796875,,8342.421875,5416.91845703125,1493.5045166015625,3687.168212890625,11163.6064453125
2018-03-16,3269.882080078125,2967.50341796875,,8342.421875,5416.91845703125,1493.5045166015625,3687.168212890625,11051.076171875
2018-03-19,3279.251953125,2967.50341796875,,8342.421875,5416.91845703125,1493.5045166015625,3687.168212890625,11068.4462890625
2018-03-20,3290.639892578125,2967.50341796875,,8342.421875,5416.91845703125,1493.5045166015625,3687.168212890625,11077.755859375
2018-03-21,3280.951904296875,2967.50341796875,,8342.421875,5416.91845703125,1493.5045166015625,3687.168212890625,10980.5068359375
2018-03-22,3263.47998046875,2967.50341796875,,8342.421875,5416.91845703125,1493.5045166015625,3687.168212890625,10877.20703125
2018-03-23,3152.760986328125,2967.50341796875,,8342.421875,5416.91845703125,1493.5045166015625,3687.168212890625,10439.94921875
2018-03-26,3133.721923828125,2967.50341796875,,8342.421875,5416.91845703125,1493.5045166015625,3687.168212890625,10564.337890625
2018-03-27,3166.64892578125,2967.50341796875,,8342.421875,5416.91845703125,1493.5045166015625,3687.168212890625,10775.66796875
2018-03-28,3122.2900390625,2967.50341796875,,8342.421875,5416.91845703125,1493.5045166015625,3687.168212890625,10630.6484375
2018-03-29,3160.531005859375,2967.50341796875,,8342.421875,5416.91845703125,1493.5045166015625,3687.168212890625,10755.8779296875
2018-03-30,3168.89697265625,2967.50341796875,,8342.421875,5416.91845703125,1493.5045166015625,3687.168212890625,10868.607421875
2018-04-02,3163.178955078125,2967.50341796875,,8342.421875,5416.91845703125,1493.5045166015625,3687.168212890625,10852.9072265625
2018-04-03,3136.633056640625,2967.50341796875,,8342.421875,5416.91845703125,1493.5045166015625,3687.168212890625,10754.248046875
2018-04-04,3131.111083984375,2967.50341796875,,8342.421875,5416.91845703125,1493.5045166015625,3687.168212890625,10684.517578125
2018-04-09,3138.2939453125,2967.50341796875,,8342.421875,5416.91845703125,1493.5045166015625,3687.168212890625,10653.337890625
2018-04-10,3190.322021484375,2967.50341796875,,8342.421875,5416.91845703125,1493.5045166015625,3687.168212890625,10765.578125
2018-04-11,3208.08203125,2967.50341796875,,8342.421875,5416.91845703125,1493.5045166015625,3687.168212890625,10808.3271484375
2018-04-12,3180.157958984375,2967.50341796875,,8342.421875,5416.91845703125,1493.5045166015625,3687.168212890625,10726.908203125
2018-04-13,3159.052001953125,2967.50341796875,,8342.421875,5416.91845703125,1493.5045166015625,3687.168212890625,10686.9775390625
2018-04-16,3110.64892578125,2967.50341796875,,8342.421875,5416.91845703125,1493.5045166015625,3687.168212890625,10621.748046875
2018-04-17,3066.797119140625,2967.50341796875,,8342.421875,5416.91845703125,1493.5045166015625,3687.168212890625,10395.119140625
2018-04-18,3091.39892578125,2967.50341796875,,8342.421875,5416.91845703125,1493.5045166015625,3687.168212890625,10491.109375
2018-04-19,3117.3759765625,2967.50341796875,,8342.421875,5416.91845703125,1493.5045166015625,3687.168212890625,10598.3076171875
2018-04-20,3071.54296875,2967.50341796875,,8342.421875,5416.91845703125,1493.5045166015625,3687.168212890625,10408.869140625
2018-04-23,3068.011962890625,2967.50341796875,,8342.421875,5416.91845703125,1493.5045166015625,3687.168212890625,10330.5888671875
2018-04-24,3128.927001953125,2967.50341796875,,8342.421875,5416.91845703125,1493.5045166015625,3687.168212890625,10556.7783203125
2018-04-25,3117.97412109375,2967.50341796875,,8342.421875,5416.91845703125,1493.5045166015625,3687.168212890625,10547.05859375
2018-04-26,3075.030029296875,2967.50341796875,,8342.421875,5416.91845703125,1493.5045166015625,3687.168212890625,10292.080078125
2018-04-27,3082.23193359375,2967.50341796875,,8342.421875,5416.91845703125,1493.5045166015625,3687.168212890625,10324.4287109375
2018-05-02,3081.177001953125,2967.50341796875,,8342.421875,5416.91845703125,1493.5045166015625,3687.168212890625,10342.80859375
2018-05-03,3100.85888671875,2967.50341796875,,8342.421875,5416.91845703125,1493.5045166015625,3687.168212890625,10458.5791015625
2018-05-04,3091.032958984375,2967.50341796875,,8342.421875,5416.91845703125,1493.5045166015625,3687.168212890625,10426.1494140625
2018-05-07,3136.64501953125,2967.50341796875,,8342.421875,5416.91845703125,1493.5045166015625,3687.168212890625,10626.4677734375
2018-05-08,3161.498046875,2967.50341796875,,8342.421875,5416.91845703125,1493.5045166015625,3687.168212890625,10707.7578125
2018-05-09,3159.14990234375,2967.50341796875,,8342.421875,5416.91845703125,1493.5045166015625,3687.168212890625,10689.0283203125
2018-05-10,3174.4130859375,2967.50341796875,,8342.421875,5416.91845703125,1493.5045166015625,3687.168212890625,10729.7275390625
2018-05-11,3163.262939453125,2967.50341796875,,8342.421875,5416.91845703125,1493.5045166015625,3687.168212890625,10634.2578125
2018-05-14,3174.031982421875,2967.50341796875,,8342.421875,5416.91845703125,1493.5045166015625,3687.168212890625,10671.41796875
2018-05-15,3192.117919921875,2967.50341796875,,8342.421875,5416.91845703125,1493.5045166015625,3687.168212890625,10747.9482421875
2018-05-16,3169.56494140625,2967.50341796875,,8342.421875,5416.91845703125,1493.5045166015625,3687.168212890625,10701.2783203125
2018-05-17,3154.282958984375,2967.50341796875,,8342.421875,5416.91845703125,1493.5045166015625,3687.168212890625,10635.4580078125
2018-05-18,3193.302978515625,2967.50341796875,,8342.421875,5416.91845703125,1493.5045166015625,3687.168212890625,10672.4775390625
2018-05-21,3213.840087890625,2967.50341796875,,8342.421875,5416.91845703125,1493.5045166015625,3687.168212890625,10765.3076171875
2018-05-22,3214.35009765625,2967.50341796875,,8342.421875,5416.91845703125,1493.5045166015625,3687.168212890625,10765.767578125
2018-05-23,3168.964111328125,2967.50341796875,,8342.421875,5416.91845703125,1493.5045166015625,3687.168212890625,10631.078125
2018-05-24,3154.65087890625,2967.50341796875,,8342.421875,5416.91845703125,1493.5045166015625,3687.168212890625,10564.087890625
2018-05-25,3141.302978515625,2967.50341796875,,8342.421875,5416.91845703125,1493.5045166015625,3687.168212890625,10448.1787109375
2018-05-28,3135.08203125,2967.50341796875,,8342.421875,5416.91845703125,1493.5045166015625,3687.168212890625,10465.4990234375
2018-05-29,3120.4609375,2967.50341796875,,8342.421875,5416.91845703125,1493.5045166015625,3687.168212890625,10349.029296875
2018-05-30,3041.443115234375,2967.50341796875,,8342.421875,5416.91845703125,1493.5045166015625,3687.168212890625,10105.75
2018-05-31,3095.47412109375,2967.50341796875,,8342.421875,5416.91845703125,1493.5045166015625,3687.168212890625,10295.6904296875
2018-06-01,3075.136962890625,2967.50341796875,,8342.421875,5416.91845703125,1493.5045166015625,3687.168212890625,10169.3095703125
2018-06-04,3091.19091796875,2967.50341796875,,8342.421875,5416.91845703125,1493.5045166015625,3687.168212890625,10204.2802734375
2018-06-05,3114.2060546875,2967.50341796875,,8342.421875,5416.91845703125,1493.5045166015625,3687.168212890625,10385.5693359375
2018-06-06,3115.179931640625,2967.50341796875,,8342.421875,5416.91845703125,1493.5045166015625,3687.168212890625,10365.0888671875
2018-06-07,3109.4990234375,2967.50341796875,,8342.421875,5416.91845703125,1493.5045166015625,3687.168212890625,10313.80859375
2018-06-08,3067.14794921875,2967.50341796875,,8342.421875,5416.91845703125,1493.5045166015625,3687.168212890625,10205.4794921875
2018-06-11,3052.782958984375,2967.50341796875,,8342.421875,5416.91845703125,1493.5045166015625,3687.168212890625,10175.3095703125
2018-06-12,3079.802001953125,2967.50341796875,,8342.421875,5416.91845703125,1493.5045166015625,3687.168212890625,10315.2392578125
2018-06-13,3049.797119140625,2967.50341796875,,8342.421875,5416.91845703125,1493.5045166015625,3687.168212890625,10161.6103515625
2018-06-14,3044.159912109375,2967.50341796875,,8342.421875,5416.91845703125,1493.5045166015625,3687.168212890625,10084.1396484375
2018-06-15,3021.90087890625,2967.50341796875,,8342.421875,5416.91845703125,1493.5045166015625,3687.168212890625,9943.0908203125
2018-06-19,2907.822021484375,2967.50341796875,,8342.421875,5416.91845703125,1493.5045166015625,3687.168212890625,9414.72265625
2018-06-20,2915.73095703125,2967.50341796875,,8342.421875,5416.91845703125,1493.5045166015625,3687.168212890625,9501.302734375
2018-06-21,2875.81005859375,2967.50341796875,,8342.421875,5416.91845703125,1493.5045166015625,3687.168212890625,9316.642578125
2018-06-22,2889.760009765625,2967.50341796875,,8342.421875,5416.91845703125,1493.5045166015625,3687.168212890625,9409.9130859375
2018-06-25,2859.3359375,2967.50341796875,,8342.421875,5416.91845703125,1493.5045166015625,3687.168212890625,9324.79296875
2018-06-26,2844.508056640625,2967.50341796875,,8342.421875,5416.91845703125,1493.5045166015625,3687.168212890625,9339.3330078125
2018-06-27,2813.177978515625,2967.50341796875,,8342.421875,5416.91845703125,1493.5045166015625,3687.168212890625,9168.6240234375
2018-06-28,2786.89697265625,2967.50341796875,,8342.421875,5416.91845703125,1493.5045166015625,3687.168212890625,9071.6943359375
2018-06-29,2847.41796875,2967.50341796875,,8342.421875,5416.91845703125,1493.5045166015625,3687.168212890625,9379.4326171875
2018-07-02,2775.556884765625,2967.50341796875,,8342.421875,5416.91845703125,1493.5045166015625,3687.168212890625,9179.763671875
2018-07-03,2786.887939453125,2967.50341796875,,8342.421875,5416.91845703125,1493.5045166015625,3687.168212890625,9221.50390625
2018-07-04,2759.1259765625,2967.50341796875,,8342.421875,5416.91845703125,1493.5045166015625,3687.168212890625,9035.455078125
2018-07-05,2733.882080078125,2967.50341796875,,8342.421875,5416.91845703125,1493.5045166015625,3687.168212890625,8862.14453125
2018-07-06,2747.22900390625,2967.50341796875,,8342.421875,5416.91845703125,1493.5045166015625,3687.168212890625,8911.3046875
2018-07-09,2815.110107421875,2967.50341796875,,8342.421875,5416.91845703125,1493.5045166015625,3687.168212890625,9160.583984375
2018-07-10,2827.625,2967.50341796875,,8342.421875,5416.91845703125,1493.5045166015625,3687.168212890625,9205.3935546875
2018-07-11,2777.77099609375,2967.50341796875,,8342.421875,5416.91845703125,1493.5045166015625,3687.168212890625,9023.78515625
2018-07-12,2837.658935546875,2967.50341796875,,8342.421875,5416.91845703125,1493.5045166015625,3687.168212890625,9273.57421875
2018-07-13,2831.18408203125,2967.50341796875,,8342.421875,5416.91845703125,1493.5045166015625,3687.168212890625,9326.9326171875
2018-07-16,2814.0419921875,2967.50341796875,,8342.421875,5416.91845703125,1493.5045166015625,3687.168212890625,9317.3232421875
2018-07-17,2798.1259765625,2967.50341796875,,8342.421875,5416.91845703125,1493.5045166015625,3687.168212890625,9285.1240234375
2018-07-18,2787.257080078125,2967.50341796875,,8342.421875,5416.91845703125,1493.5045166015625,3687.168212890625,9195.2041015625
2018-07-19,2772.544921875,2967.50341796875,,8342.421875,5416.91845703125,1493.5045166015625,3687.168212890625,9148.744140625
2018-07-20,2829.27099609375,2967.50341796875,,8342.421875,5416.91845703125,1493.5045166015625,3687.168212890625,9251.4443359375
2018-07-23,2859.5419921875,2967.50341796875,,8342.421875,5416.91845703125,1493.5045166015625,3687.168212890625,9314.2626953125
2018-07-24,2905.56201171875,2967.50341796875,,8342.421875,5416.91845703125,1493.5045166015625,3687.168212890625,9465.7626953125
2018-07-25,2903.64697265625,2967.50341796875,,8342.421875,5416.91845703125,1493.5045166015625,3687.168212890625,9463.72265625
2018-07-26,2882.22509765625,2967.50341796875,,8342.421875,5416.91845703125,1493.5045166015625,3687.168212890625,9352.212890625
2018-07-27,2873.593994140625,2967.50341796875,,8342.421875,5416.91845703125,1493.5045166015625,3687.168212890625,9295.8935546875
2018-07-30,2869.050048828125,2967.50341796875,,8342.421875,5416.91845703125,1493.5045166015625,3687.168212890625,9181.904296875
2018-07-31,2876.40087890625,2967.50341796875,,8342.421875,5416.91845703125,1493.5045166015625,3687.168212890625,9178.744140625
2018-08-01,2824.533935546875,2967.50341796875,,8342.421875,5416.91845703125,1493.5045166015625,3687.168212890625,9005.3349609375
2018-08-02,2768.02392578125,2967.50341796875,,8342.421875,5416.91845703125,1493.5045166015625,3687.168212890625,8780.525390625
2018-08-03,2740.443115234375,2967.50341796875,,8342.421875,5416.91845703125,1493.5045166015625,3687.168212890625,8602.0859375
2018-08-06,2705.156982421875,2967.50341796875,,8342.421875,5416.91845703125,1493.5045166015625,3687.168212890625,8422.806640625
2018-08-07,2779.3740234375,2967.50341796875,,8342.421875,5416.91845703125,1493.5045166015625,3687.168212890625,8673.99609375
2018-08-08,2744.070068359375,2967.50341796875,,8342.421875,5416.91845703125,1493.5045166015625,3687.168212890625,8499.1865234375
2018-08-09,2794.382080078125,2967.50341796875,,8342.421875,5416.91845703125,1493.5045166015625,3687.168212890625,8752.166015625
2018-08-10,2795.31005859375,2967.50341796875,,8342.421875,5416.91845703125,1493.5045166015625,3687.168212890625,8813.455078125
2018-08-13,2785.8720703125,2967.50341796875,,8342.421875,5416.91845703125,1493.5045166015625,3687.168212890625,8844.8251953125
2018-08-14,2780.965087890625,2967.50341796875,,8342.421875,5416.91845703125,1493.5045166015625,3687.168212890625,8784.8662109375
2018-08-15,2723.258056640625,2967.50341796875,,8342.421875,5416.91845703125,1493.5045166015625,3687.168212890625,8581.1455078125
2018-08-16,2705.19189453125,2967.50341796875,,8342.421875,5416.91845703125,1493.5045166015625,3687.168212890625,8500.38671875
2018-08-17,2668.966064453125,2967.50341796875,,8342.421875,5416.91845703125,1493.5045166015625,3687.168212890625,8357.0068359375
2018-08-20,2698.466064453125,2967.50341796875,,8342.421875,5416.91845703125,1493.5045166015625,3687.168212890625,8414.1171875
2018-08-21,2733.825927734375,2967.50341796875,,8342.421875,5416.91845703125,1493.5045166015625,3687.168212890625,8549.0263671875
2018-08-22,2714.60791015625,2967.50341796875,,8342.421875,5416.91845703125,1493.5045166015625,3687.168212890625,8454.716796875
2018-08-23,2724.6240234375,2967.50341796875,,8342.421875,5416.91845703125,1493.5045166015625,3687.168212890625,8501.3564453125
2018-08-24,2729.430908203125,2967.50341796875,,8342.421875,5416.91845703125,1493.5045166015625,3687.168212890625,8484.70703125
2018-08-27,2780.89892578125,2967.50341796875,,8342.421875,5416.91845703125,1493.5045166015625,3687.168212890625,8728.525390625
2018-08-28,2777.98095703125,2967.50341796875,,8342.421875,5416.91845703125,1493.5045166015625,3687.168212890625,8733.7158203125
2018-08-29,2769.294921875,2967.50341796875,,8342.421875,5416.91845703125,1493.5045166015625,3687.168212890625,8678.2255859375
2018-08-30,2737.737060546875,2967.50341796875,,8342.421875,5416.91845703125,1493.5045166015625,3687.168212890625,8552.7666015625
2018-08-31,2725.25,2967.50341796875,,8342.421875,5416.91845703125,1493.5045166015625,3687.168212890625,8465.4365234375
2018-09-03,2720.73388671875,2967.50341796875,,8342.421875,5416.91845703125,1493.5045166015625,3687.168212890625,8455.5166015625
2018-09-04,2750.580078125,2967.50341796875,,8342.421875,5416.91845703125,1493.5045166015625,3687.168212890625,8554.4072265625
2018-09-05,2704.3369140625,2967.50341796875,,8342.421875,5416.91845703125,1493.5045166015625,3687.168212890625,8402.4765625
2018-09-06,2691.593017578125,2967.50341796875,,8342.421875,5416.91845703125,1493.5045166015625,3687.168212890625,8324.126953125
2018-09-07,2702.301025390625,2967.50341796875,,8342.421875,5416.91845703125,1493.5045166015625,3687.168212890625,8322.3271484375
2018-09-10,2669.485107421875,2967.50341796875,,8342.421875,5416.91845703125,1493.5045166015625,3687.168212890625,8158.4580078125
2018-09-11,2664.800048828125,2967.50341796875,,8342.421875,5416.91845703125,1493.5045166015625,3687.168212890625,8168.06787109375
2018-09-12,2656.110107421875,2967.50341796875,,8342.421875,5416.91845703125,1493.5045166015625,3687.168212890625,8111.12841796875
2018-09-13,2686.577880859375,2967.50341796875,,8342.421875,5416.91845703125,1493.5045166015625,3687.168212890625,8163.7275390625
2018-09-14,2681.64306640625,2967.50341796875,,8342.421875,5416.91845703125,1493.5045166015625,3687.168212890625,8113.84814453125
2018-09-17,2651.7890625,2967.50341796875,,8342.421875,5416.91845703125,1493.5045166015625,3687.168212890625,7999.31884765625
2018-09-18,2699.949951171875,2967.50341796875,,8342.421875,5416.91845703125,1493.5045166015625,3687.168212890625,8133.18798828125
2018-09-19,2730.85009765625,2967.50341796875,,8342.421875,5416.91845703125,1493.5045166015625,3687.168212890625,8248.087890625
2018-09-20,2729.243896484375,2967.50341796875,,8342.421875,5416.91845703125,1493.5045166015625,3687.168212890625,8233.857421875
2018-09-21,2797.485107421875,2967.50341796875,,8342.421875,5416.91845703125,1493.5045166015625,3687.168212890625,8409.146484375
2018-09-25,2781.138916015625,2967.50341796875,,8342.421875,5416.91845703125,1493.5045166015625,3687.168212890625,8353.3466796875
2018-09-26,2806.81298828125,2967.50341796875,,8342.421875,5416.91845703125,1493.5045166015625,3687.168212890625,8420.5068359375
2018-09-27,2791.77490234375,2967.50341796875,,8342.421875,5416.91845703125,1493.5045166015625,3687.168212890625,8334.716796875
2018-09-28,2821.35009765625,2967.50341796875,,8342.421875,5416.91845703125,1493.5045166015625,3687.168212890625,8401.056640625
2018-10-08,2716.510009765625,2967.50341796875,,8342.421875,5416.91845703125,1493.5045166015625,3687.168212890625,8060.79833984375
2018-10-09,2721.012939453125,2967.50341796875,,8342.421875,5416.91845703125,1493.5045166015625,3687.168212890625,8046.3583984375
2018-10-10,2725.8369140625,2967.50341796875,,8342.421875,5416.91845703125,1493.5045166015625,3687.168212890625,8010.658203125
2018-10-11,2583.4580078125,2967.50341796875,,8342.421875,5416.91845703125,1493.5045166015625,3687.168212890625,7524.06005859375
2018-10-12,2606.9130859375,2967.50341796875,,8342.421875,5416.91845703125,1493.5045166015625,3687.168212890625,7558.25
2018-10-15,2568.097900390625,2967.50341796875,,8342.421875,5416.91845703125,1493.5045166015625,3687.168212890625,7444.45068359375
2018-10-16,2546.330078125,2967.50341796875,,8342.421875,5416.91845703125,1493.5045166015625,3687.168212890625,7298.951171875
2018-10-17,2561.614013671875,2967.50341796875,,8342.421875,5416.91845703125,1493.5045166015625,3687.168212890625,7365.18115234375
2018-10-18,2486.4189453125,2967.50341796875,,8342.421875,5416.91845703125,1493.5045166015625,3687.168212890625,7187.4619140625
2018-10-19,2550.465087890625,2967.50341796875,,8342.421875,5416.91845703125,1493.5045166015625,3687.168212890625,7387.7109375
2018-10-22,2654.8759765625,2967.50341796875,,8342.421875,5416.91845703125,1493.5045166015625,3687.168212890625,7748.78955078125
2018-10-23,2594.825927734375,2967.50341796875,,8342.421875,5416.91845703125,1493.5045166015625,3687.168212890625,7574.96044921875
2018-10-24,2603.294921875,2967.50341796875,,8342.421875,5416.91845703125,1493.5045166015625,3687.168212890625,7545.080078125
2018-10-25,2603.800048828125,2967.50341796875,,8342.421875,5416.91845703125,1493.5045166015625,3687.168212890625,7529.38037109375
2018-10-26,2598.846923828125,2967.50341796875,,8342.421875,5416.91845703125,1493.5045166015625,3687.168212890625,7504.69091796875
2018-10-29,2542.10302734375,2967.50341796875,,8342.421875,5416.91845703125,1493.5045166015625,3687.168212890625,7322.21142578125
2018-10-30,2568.048095703125,2967.50341796875,,8342.421875,5416.91845703125,1493.5045166015625,3687.168212890625,7375.201171875
2018-10-31,2602.782958984375,2967.50341796875,,8342.421875,5416.91845703125,1493.5045166015625,3687.168212890625,7482.80078125
2018-11-01,2606.237060546875,2967.50341796875,,8342.421875,5416.91845703125,1493.5045166015625,3687.168212890625,7567.76025390625
2018-11-02,2676.47607421875,2967.50341796875,,8342.421875,5416.91845703125,1493.5045166015625,3687.168212890625,7867.50927734375
2018-11-05,2665.430908203125,2967.50341796875,,8342.421875,5416.91845703125,1493.5045166015625,3687.168212890625,7839.04931640625
2018-11-06,2659.35595703125,2967.50341796875,,8342.421875,5416.91845703125,1493.5045166015625,3687.168212890625,7791.21923828125
2018-11-07,2641.342041015625,2967.50341796875,,8342.421875,5416.91845703125,1493.5045166015625,3687.168212890625,7752.009765625
2018-11-08,2635.632080078125,2967.50341796875,,8342.421875,5416.91845703125,1493.5045166015625,3687.168212890625,7697.98974609375
2018-11-09,2598.8720703125,2967.50341796875,,8342.421875,5416.91845703125,1493.5045166015625,3687.168212890625,7648.51953125
2018-11-12,2630.52001953125,2967.50341796875,,8342.421875,5416.91845703125,1493.5045166015625,3687.168212890625,7832.25927734375
2018-11-13,2654.8798828125,2967.50341796875,,8342.421875,5416.91845703125,1493.5045166015625,3687.168212890625,7963.62890625
2018-11-14,2632.242919921875,2967.50341796875,,8342.421875,5416.91845703125,1493.5045166015625,3687.168212890625,7908.5185546875
2018-11-15,2668.169921875,2967.50341796875,,8342.421875,5416.91845703125,1493.5045166015625,3687.168212890625,8002.06884765625
2018-11-16,2679.110107421875,2967.50341796875,,8342.421875,5416.91845703125,1493.5045166015625,3687.168212890625,8062.25830078125
2018-11-19,2703.511962890625,2967.50341796875,,8342.421875,5416.91845703125,1493.5045166015625,3687.168212890625,8108.818359375
2018-11-20,2645.85498046875,2967.50341796875,,8342.421875,5416.91845703125,1493.5045166015625,3687.168212890625,7879.4892578125
2018-11-21,2651.5048828125,2967.50341796875,,8342.421875,5416.91845703125,1493.5045166015625,3687.168212890625,7908.43896484375
2018-11-22,2645.43408203125,2967.50341796875,,8342.421875,5416.91845703125,1493.5045166015625,3687.168212890625,7893.958984375
2018-11-23,2579.48291015625,2967.50341796875,,8342.421875,5416.91845703125,1493.5045166015625,3687.168212890625,7636.669921875
2018-11-26,2575.81005859375,2967.50341796875,,8342.421875,5416.91845703125,1493.5045166015625,3687.168212890625,7615.88037109375
2018-11-27,2574.678955078125,2967.50341796875,,8342.421875,5416.91845703125,1493.5045166015625,3687.168212890625,7635.1298828125
2018-11-28,2601.737060546875,2967.50341796875,,8342.421875,5416.91845703125,1493.5045166015625,3687.168212890625,7757.03955078125
2018-11-29,2567.443115234375,2967.50341796875,,8342.421875,5416.91845703125,1493.5045166015625,3687.168212890625,7596.97998046875
2018-11-30,2588.18798828125,2967.50341796875,,8342.421875,5416.91845703125,1493.5045166015625,3687.168212890625,7681.7197265625
2018-12-03,2654.798095703125,2967.50341796875,,8342.421875,5416.91845703125,1493.5045166015625,3687.168212890625,7938.47021484375
2018-12-04,2665.9580078125,2967.50341796875,,8342.421875,5416.91845703125,1493.5045166015625,3687.168212890625,7953.72021484375
2018-12-05,2649.804931640625,2967.50341796875,,8342.421875,5416.91845703125,1493.5045166015625,3687.168212890625,7928.509765625
2018-12-06,2605.180908203125,2967.50341796875,,8342.421875,5416.91845703125,1493.5045166015625,3687.168212890625,7735.0498046875
2018-12-07,2605.887939453125,2967.50341796875,,8342.421875,5416.91845703125,1493.5045166015625,3687.168212890625,7733.89013671875
2018-12-10,2584.58203125,2967.50341796875,,8342.421875,5416.91845703125,1493.5045166015625,3687.168212890625,7624.85986328125
2018-12-11,2594.087890625,2967.50341796875,,8342.421875,5416.91845703125,1493.5045166015625,3687.168212890625,7685.39990234375
2018-12-12,2602.153076171875,2967.50341796875,,8342.421875,5416.91845703125,1493.5045166015625,3687.168212890625,7698.02001953125
2018-12-13,2634.049072265625,2967.50341796875,,8342.421875,5416.91845703125,1493.5045166015625,3687.168212890625,7808.0400390625
2018-12-14,2593.740966796875,2967.50341796875,,8342.421875,5416.91845703125,1493.5045166015625,3687.168212890625,7629.64990234375
2018-12-17,2597.97412109375,2967.50341796875,,8342.421875,5416.91845703125,1493.5045166015625,3687.168212890625,7592.64990234375
2018-12-18,2576.64990234375,2967.50341796875,,8342.421875,5416.91845703125,1493.5045166015625,3687.168212890625,7530.31982421875
2018-12-19,2549.56298828125,2967.50341796875,,8342.421875,5416.91845703125,1493.5045166015625,3687.168212890625,7418.68994140625
2018-12-20,2536.26806640625,2967.50341796875,,8342.421875,5416.91845703125,1493.5045166015625,3687.168212890625,7426.43994140625
2018-12-21,2516.2509765625,2967.50341796875,,8342.421875,5416.91845703125,1493.5045166015625,3687.168212890625,7337.60009765625
2018-12-24,2527.007080078125,2967.50341796875,,8342.421875,5416.91845703125,1493.5045166015625,3687.168212890625,7392.56005859375
2018-12-25,2504.819091796875,2967.50341796875,,8342.421875,5416.91845703125,1493.5045166015625,3687.168212890625,7332.35009765625
2018-12-26,2498.2939453125,2967.50341796875,,8342.421875,5416.91845703125,1493.5045166015625,3687.168212890625,7289.5498046875
2018-12-27,2483.0859375,2967.50341796875,,8342.421875,5416.91845703125,1493.5045166015625,3687.168212890625,7215.33984375
2018-12-28,2493.89599609375,2967.50341796875,,8342.421875,5416.91845703125,1493.5045166015625,3687.168212890625,7239.7900390625
2019-01-02,2465.291015625,2967.50341796875,,8342.421875,5416.91845703125,1493.5045166015625,3687.168212890625,7149.27001953125
2019-01-03,2464.363037109375,2967.50341796875,,8342.421875,5416.91845703125,1493.5045166015625,3687.168212890625,7089.43994140625
2019-01-04,2514.867919921875,2967.50341796875,,8342.421875,5416.91845703125,1493.5045166015625,3687.168212890625,7284.83984375
2019-01-07,2533.089111328125,2967.50341796875,,8342.421875,5416.91845703125,1493.5045166015625,3687.168212890625,7400.2001953125
2019-01-08,2526.4619140625,2967.50341796875,,8342.421875,5416.91845703125,1493.5045166015625,3687.168212890625,7391.64990234375
2019-01-09,2544.344970703125,2967.50341796875,,8342.421875,5416.91845703125,1493.5045166015625,3687.168212890625,7447.93017578125
2019-01-10,2535.09912109375,2967.50341796875,,8342.421875,5416.91845703125,1493.5045166015625,3687.168212890625,7428.60986328125
2019-01-11,2553.8310546875,2967.50341796875,,8342.421875,5416.91845703125,1493.5045166015625,3687.168212890625,7474.009765625
2019-01-14,2535.764892578125,2967.50341796875,,8342.421875,5416.91845703125,1493.5045166015625,3687.168212890625,7409.2001953125
2019-01-15,2570.344970703125,2967.50341796875,,8342.421875,5416.91845703125,1493.5045166015625,3687.168212890625,7547.35009765625
2019-01-16,2570.422119140625,2967.50341796875,,8342.421875,5416.91845703125,1493.5045166015625,3687.168212890625,7540.4501953125
2019-01-17,2559.636962890625,2967.50341796875,,8342.421875,5416.91845703125,1493.5045166015625,3687.168212890625,7470.35986328125
2019-01-18,2596.006103515625,2967.50341796875,,8342.421875,5416.91845703125,1493.5045166015625,3687.168212890625,7581.39013671875
2019-01-21,2610.509033203125,2967.50341796875,,8342.421875,5416.91845703125,1493.5045166015625,3687.168212890625,7626.240234375
2019-01-22,2579.7041015625,2967.50341796875,,8342.421875,5416.91845703125,1493.5045166015625,3687.168212890625,7516.7900390625
2019-01-23,2581.00390625,2967.50341796875,,8342.421875,5416.91845703125,1493.5045166015625,3687.168212890625,7523.77001953125
2019-01-24,2591.694091796875,2967.50341796875,,8342.421875,5416.91845703125,1493.5045166015625,3687.168212890625,7573.52001953125
2019-01-25,2601.722900390625,2967.50341796875,,8342.421875,5416.91845703125,1493.5045166015625,3687.168212890625,7595.4501953125
2019-01-28,2596.97705078125,2967.50341796875,,8342.421875,5416.91845703125,1493.5045166015625,3687.168212890625,7589.580078125
2019-01-29,2594.25390625,2967.50341796875,,8342.421875,5416.91845703125,1493.5045166015625,3687.168212890625,7551.2998046875
2019-01-30,2575.575927734375,2967.50341796875,,8342.421875,5416.91845703125,1493.5045166015625,3687.168212890625,7470.47021484375
2019-01-31,2584.572021484375,2967.50341796875,,8342.421875,5416.91845703125,1493.5045166015625,3687.168212890625,7479.22021484375
2019-02-01,2618.23193359375,2967.50341796875,,8342.421875,5416.91845703125,1493.5045166015625,3687.168212890625,7684.0
2019-02-11,2653.89599609375,2967.50341796875,,8342.421875,5416.91845703125,1493.5045166015625,3687.168212890625,7919.0498046875
2019-02-12,2671.89404296875,2967.50341796875,,8342.421875,5416.91845703125,1493.5045166015625,3687.168212890625,8010.06982421875
2019-02-13,2721.068115234375,2967.50341796875,,8342.421875,5416.91845703125,1493.5045166015625,3687.168212890625,8171.2099609375
2019-02-14,2719.699951171875,2967.50341796875,,8342.421875,5416.91845703125,1493.5045166015625,3687.168212890625,8219.9599609375
2019-02-15,2682.385009765625,2967.50341796875,,8342.421875,5416.91845703125,1493.5045166015625,3687.168212890625,8125.6298828125
2019-02-18,2754.35693359375,2967.50341796875,,8342.421875,5416.91845703125,1493.5045166015625,3687.168212890625,8446.919921875
2019-02-19,2755.64599609375,2967.50341796875,,8342.421875,5416.91845703125,1493.5045166015625,3687.168212890625,8440.8701171875
2019-02-20,2761.218994140625,2967.50341796875,,8342.421875,5416.91845703125,1493.5045166015625,3687.168212890625,8473.4296875
2019-02-21,2751.801025390625,2967.50341796875,,8342.421875,5416.91845703125,1493.5045166015625,3687.168212890625,8451.7099609375
2019-02-22,2804.22607421875,2967.50341796875,,8342.421875,5416.91845703125,1493.5045166015625,3687.168212890625,8651.2001953125
2019-02-25,2961.282958984375,2967.50341796875,,8342.421875,5416.91845703125,1493.5045166015625,3687.168212890625,9134.580078125
2019-02-26,2941.51611328125,2967.50341796875,,8342.421875,5416.91845703125,1493.5045166015625,3687.168212890625,9089.0400390625
2019-02-27,2953.823974609375,2967.50341796875,,8342.421875,5416.91845703125,1493.5045166015625,3687.168212890625,9005.76953125
2019-02-28,2940.9541015625,2967.50341796875,,8342.421875,5416.91845703125,1493.5045166015625,3687.168212890625,9031.9296875
2019-03-01,2994.0048828125,2967.50341796875,,8342.421875,5416.91845703125,1493.5045166015625,3687.168212890625,9167.650390625
2019-03-04,3027.575927734375,2967.50341796875,,8342.421875,5416.91845703125,1493.5045166015625,3687.168212890625,9384.419921875
2019-03-05,3054.2470703125,2967.50341796875,,8342.421875,5416.91845703125,1493.5045166015625,3687.168212890625,9595.740234375
2019-03-06,3102.09912109375,2967.50341796875,,8342.421875,5416.91845703125,1493.5045166015625,3687.168212890625,9700.490234375
2019-03-07,3106.41796875,2967.50341796875,,8342.421875,5416.91845703125,1493.5045166015625,3687.168212890625,9678.1103515625
2019-03-08,2969.861083984375,2967.50341796875,,8342.421875,5416.91845703125,1493.5045166015625,3687.168212890625,9363.7197265625
2019-03-11,3026.992919921875,2967.50341796875,,8342.421875,5416.91845703125,1493.5045166015625,3687.168212890625,9704.330078125
2019-03-12,3060.306884765625,2967.50341796875,,8342.421875,5416.91845703125,1493.5045166015625,3687.168212890625,9841.240234375
2019-03-13,3026.950927734375,2967.50341796875,,8342.421875,5416.91845703125,1493.5045166015625,3687.168212890625,9592.0595703125
2019-03-14,2990.68505859375,2967.50341796875,,8342.421875,5416.91845703125,1493.5045166015625,3687.168212890625,9417.9296875
2019-03-15,3021.7509765625,2967.50341796875,,8342.421875,5416.91845703125,1493.5045166015625,3687.168212890625,9550.5400390625
2019-03-18,3096.41796875,2967.50341796875,,8342.421875,5416.91845703125,1493.5045166015625,3687.168212890625,9843.4296875
2019-03-19,3090.97509765625,2967.50341796875,,8342.421875,5416.91845703125,1493.5045166015625,3687.168212890625,9839.740234375
2019-03-20,3090.639892578125,2967.50341796875,,8342.421875,5416.91845703125,1493.5045166015625,3687.168212890625,9800.599609375
2019-03-21,3101.455078125,2967.50341796875,,8342.421875,5416.91845703125,1493.5045166015625,3687.168212890625,9869.7998046875
2019-03-22,3104.14892578125,2967.50341796875,,8342.421875,5416.91845703125,1493.5045166015625,3687.168212890625,9879.2197265625
2019-03-25,3043.031005859375,2967.50341796875,,8342.421875,5416.91845703125,1493.5045166015625,3687.168212890625,9701.7001953125
2019-03-26,2997.094970703125,2967.50341796875,,8342.421875,5416.91845703125,1493.5045166015625,3687.168212890625,9513.0
2019-03-27,3022.719970703125,2967.50341796875,,8342.421875,5416.91845703125,1493.5045166015625,3687.168212890625,9609.4404296875
2019-03-28,2994.943115234375,2967.50341796875,,8342.421875,5416.91845703125,1493.5045166015625,3687.168212890625,9546.509765625
2019-03-29,3090.758056640625,2967.50341796875,,8342.421875,5416.91845703125,1493.5045166015625,3687.168212890625,9906.8603515625
2019-04-01,3170.361083984375,2967.50341796875,,8342.421875,5416.91845703125,1493.5045166015625,3687.168212890625,10267.7001953125
2019-04-02,3176.822998046875,2967.50341796875,,8342.421875,5416.91845703125,1493.5045166015625,3687.168212890625,10260.3603515625
2019-04-03,3216.294921875,2967.50341796875,,8342.421875,5416.91845703125,1493.5045166015625,3687.168212890625,10340.509765625
2019-04-04,3246.571044921875,2967.50341796875,,8342.421875,5416.91845703125,1493.5045166015625,3687.168212890625,10415.7998046875
2019-04-08,3244.81005859375,2967.50341796875,,8342.421875,5416.91845703125,1493.5045166015625,3687.168212890625,10351.8701171875
2019-04-09,3239.6640625,2967.50341796875,,8342.421875,5416.91845703125,1493.5045166015625,3687.168212890625,10436.6201171875
2019-04-10,3241.929931640625,2967.50341796875,,8342.421875,5416.91845703125,1493.5045166015625,3687.168212890625,10435.080078125
2019-04-11,3189.9619140625,2967.50341796875,,8342.421875,5416.91845703125,1493.5045166015625,3687.168212890625,10158.400390625
2019-04-12,3188.6259765625,2967.50341796875,,8342.421875,5416.91845703125,1493.5045166015625,3687.168212890625,10132.33984375
2019-04-15,3177.787109375,2967.50341796875,,8342.421875,5416.91845703125,1493.5045166015625,3687.168212890625,10053.759765625
2019-04-16,3253.597900390625,2967.50341796875,,8342.421875,5416.91845703125,1493.5045166015625,3687.168212890625,10287.6396484375
2019-04-17,3263.117919921875,2967.50341796875,,8342.421875,5416.91845703125,1493.5045166015625,3687.168212890625,10344.4296875
2019-04-18,3250.200927734375,2967.50341796875,,8342.421875,5416.91845703125,1493.5045166015625,3687.168212890625,10287.669921875
2019-04-19,3270.797119140625,2967.50341796875,,8342.421875,5416.91845703125,1493.5045166015625,3687.168212890625,10418.240234375
2019-04-22,3215.04296875,2967.50341796875,,8342.421875,5416.91845703125,1493.5045166015625,3687.168212890625,10224.3095703125
2019-04-23,3198.593994140625,2967.50341796875,,8342.421875,5416.91845703125,1493.5045166015625,3687.168212890625,10124.66015625
2019-04-24,3201.614013671875,2967.50341796875,,8342.421875,5416.91845703125,1493.5045166015625,3687.168212890625,10236.26953125
2019-04-25,3123.825927734375,2967.50341796875,,8342.421875,5416.91845703125,1493.5045166015625,3687.168212890625,9907.6201171875
2019-04-26,3086.39892578125,2967.50341796875,,8342.421875,5416.91845703125,1493.5045166015625,3687.168212890625,9780.8203125
2019-05-06,2906.464111328125,2967.50341796875,,8342.421875,5416.91845703125,1493.5045166015625,3687.168212890625,8943.51953125
2019-05-07,2926.39111328125,2967.50341796875,,8342.421875,5416.91845703125,1493.5045166015625,3687.168212890625,9089.4599609375
2019-05-08,2893.757080078125,2967.50341796875,,8342.421875,5416.91845703125,1493.5045166015625,3687.168212890625,9002.5302734375
2019-05-09,2850.9541015625,2967.50341796875,,8342.421875,5416.91845703125,1493.5045166015625,3687.168212890625,8877.3095703125
2019-05-10,2939.2109375,2967.50341796875,,8342.421875,5416.91845703125,1493.5045166015625,3687.168212890625,9235.3896484375
2019-05-13,2903.712890625,2967.50341796875,,8342.421875,5416.91845703125,1493.5045166015625,3687.168212890625,9103.3603515625
2019-05-14,2883.611083984375,2967.50341796875,,8342.421875,5416.91845703125,1493.5045166015625,3687.168212890625,9038.3603515625
2019-05-15,2938.677978515625,2967.50341796875,,8342.421875,5416.91845703125,1493.5045166015625,3687.168212890625,9259.0302734375
2019-05-16,2955.7109375,2967.50341796875,,8342.421875,5416.91845703125,1493.5045166015625,3687.168212890625,9293.3203125
2019-05-17,2882.2958984375,2967.50341796875,,8342.421875,5416.91845703125,1493.5045166015625,3687.168212890625,9000.1904296875
2019-05-20,2870.60498046875,2967.50341796875,,8342.421875,5416.91845703125,1493.5045166015625,3687.168212890625,8916.1103515625
2019-05-21,2905.968994140625,2967.50341796875,,8342.421875,5416.91845703125,1493.5045166015625,3687.168212890625,9087.51953125
2019-05-22,2891.705078125,2967.50341796875,,8342.421875,5416.91845703125,1493.5045166015625,3687.168212890625,9041.2197265625
2019-05-23,2852.514892578125,2967.50341796875,,8342.421875,5416.91845703125,1493.5045166015625,3687.168212890625,8809.5302734375
2019-05-24,2852.9951171875,2967.50341796875,,8342.421875,5416.91845703125,1493.5045166015625,3687.168212890625,8776.76953125
2019-05-27,2892.3779296875,2967.50341796875,,8342.421875,5416.91845703125,1493.5045166015625,3687.168212890625,8979.830078125
2019-05-28,2909.910888671875,2967.50341796875,,8342.421875,5416.91845703125,1493.5045166015625,3687.168212890625,9035.6904296875
2019-05-29,2914.696044921875,2967.50341796875,,8342.421875,5416.91845703125,1493.5045166015625,3687.168212890625,9010.3603515625
2019-05-30,2905.804931640625,2967.50341796875,,8342.421875,5416.91845703125,1493.5045166015625,3687.168212890625,8943.349609375
2019-05-31,2898.696044921875,2967.50341796875,,8342.421875,5416.91845703125,1493.5045166015625,3687.168212890625,8922.6904296875
2019-06-03,2890.0810546875,2967.50341796875,,8342.421875,5416.91845703125,1493.5045166015625,3687.168212890625,8856.990234375
2019-06-04,2862.280029296875,2967.50341796875,,8342.421875,5416.91845703125,1493.5045166015625,3687.168212890625,8748.26953125
2019-06-05,2861.41796875,2967.50341796875,,8342.421875,5416.91845703125,1493.5045166015625,3687.168212890625,8746.0498046875
2019-06-06,2827.798095703125,2967.50341796875,,8342.421875,5416.91845703125,1493.5045166015625,3687.168212890625,8584.9404296875
2019-06-10,2852.1298828125,2967.50341796875,,8342.421875,5416.91845703125,1493.5045166015625,3687.168212890625,8711.7900390625
2019-06-11,2925.716064453125,2967.50341796875,,8342.421875,5416.91845703125,1493.5045166015625,3687.168212890625,9037.669921875
2019-06-12,2909.3798828125,2967.50341796875,,8342.421875,5416.91845703125,1493.5045166015625,3687.168212890625,8954.7197265625
2019-06-13,2910.740966796875,2967.50341796875,,8342.421875,5416.91845703125,1493.5045166015625,3687.168212890625,8951.6103515625
2019-06-14,2881.97412109375,2967.50341796875,,8342.421875,5416.91845703125,1493.5045166015625,3687.168212890625,8810.1298828125
2019-06-17,2887.6220703125,2967.50341796875,,8342.421875,5416.91845703125,1493.5045166015625,3687.168212890625,8780.8701171875
2019-06-18,2890.157958984375,2967.50341796875,,8342.421875,5416.91845703125,1493.5045166015625,3687.168212890625,8804.3203125
2019-06-19,2917.802978515625,2967.50341796875,,8342.421875,5416.91845703125,1493.5045166015625,3687.168212890625,8925.73046875
2019-06-20,2987.118896484375,2967.50341796875,,8342.421875,5416.91845703125,1493.5045166015625,3687.168212890625,9134.9599609375
2019-06-21,3001.97998046875,2967.50341796875,,8342.421875,5416.91845703125,1493.5045166015625,3687.168212890625,9214.26953125
2019-06-24,3008.14794921875,2967.50341796875,,8342.421875,5416.91845703125,1493.5045166015625,3687.168212890625,9212.1201171875
2019-06-25,2982.073974609375,2967.50341796875,,8342.421875,5416.91845703125,1493.5045166015625,3687.168212890625,9118.099609375
2019-06-26,2976.283935546875,2967.50341796875,,8342.421875,5416.91845703125,1493.5045166015625,3687.168212890625,9122.4296875
2019-06-27,2996.79296875,2967.50341796875,,8342.421875,5416.91845703125,1493.5045166015625,3687.168212890625,9239.48046875
2019-06-28,2978.8779296875,2967.50341796875,,8342.421875,5416.91845703125,1493.5045166015625,3687.168212890625,9178.3095703125
2019-07-01,3044.903076171875,2967.50341796875,,8342.421875,5416.91845703125,1493.5045166015625,3687.168212890625,9530.4599609375
2019-07-02,3043.943115234375,2967.50341796875,,8342.421875,5416.91845703125,1493.5045166015625,3687.168212890625,9545.51953125
2019-07-03,3015.262939453125,2967.50341796875,,8342.421875,5416.91845703125,1493.5045166015625,3687.168212890625,9419.83984375
2019-07-04,3005.2490234375,2967.50341796875,,8342.421875,5416.91845703125,1493.5045166015625,3687.168212890625,9368.2998046875
2019-07-05,3011.05908203125,2967.50341796875,,8342.421875,5416.91845703125,1493.5045166015625,3687.168212890625,9443.2197265625
2019-07-08,2933.363037109375,2967.50341796875,,8342.421875,5416.91845703125,1493.5045166015625,3687.168212890625,9186.2900390625
2019-07-09,2928.22998046875,2967.50341796875,,8342.421875,5416.91845703125,1493.5045166015625,3687.168212890625,9198.7900390625
2019-07-10,2915.302001953125,2967.50341796875,,8342.421875,5416.91845703125,1493.5045166015625,3687.168212890625,9166.150390625
2019-07-11,2917.760986328125,2967.50341796875,,8342.421875,5416.91845703125,1493.5045166015625,3687.168212890625,9152.76953125
2019-07-12,2930.550048828125,2967.50341796875,,8342.421875,5416.91845703125,1493.5045166015625,3687.168212890625,9213.3798828125
2019-07-15,2942.18994140625,2967.50341796875,,8342.421875,5416.91845703125,1493.5045166015625,3687.168212890625,9309.419921875
2019-07-16,2937.6201171875,2967.50341796875,,8342.421875,5416.91845703125,1493.5045166015625,3687.168212890625,9283.41015625
2019-07-17,2931.68994140625,2967.50341796875,,8342.421875,5416.91845703125,1493.5045166015625,3687.168212890625,9302.0
2019-07-18,2901.179931640625,2967.50341796875,,8342.421875,5416.91845703125,1493.5045166015625,3687.168212890625,9154.650390625
2019-07-19,2924.199951171875,2967.50341796875,,8342.421875,5416.91845703125,1493.5045166015625,3687.168212890625,9228.5498046875
2019-07-22,2886.97412109375,2967.50341796875,,8342.421875,5416.91845703125,1493.5045166015625,3687.168212890625,9122.6396484375
2019-07-23,2899.93994140625,2967.50341796875,,8342.421875,5416.91845703125,1493.5045166015625,3687.168212890625,9175.830078125
2019-07-24,2923.280029296875,2967.50341796875,,8342.421875,5416.91845703125,1493.5045166015625,3687.168212890625,9266.2998046875
2019-07-25,2937.360107421875,2967.50341796875,,8342.421875,5416.91845703125,1493.5045166015625,3687.168212890625,9344.8203125
2019-07-26,2944.5400390625,2967.50341796875,,8342.421875,5416.91845703125,1493.5045166015625,3687.168212890625,9349.0
2019-07-29,2941.010009765625,2967.50341796875,,8342.421875,5416.91845703125,1493.5045166015625,3687.168212890625,9354.2802734375
2019-07-30,2952.340087890625,2967.50341796875,,8342.421875,5416.91845703125,1493.5045166015625,3687.168212890625,9399.099609375
2019-07-31,2932.510009765625,2967.50341796875,,8342.421875,5416.91845703125,1493.5045166015625,3687.168212890625,9326.6103515625
2019-08-01,2908.77001953125,2967.50341796875,,8342.421875,5416.91845703125,1493.5045166015625,3687.168212890625,9268.0498046875
2019-08-02,2867.840087890625,2967.50341796875,,8342.421875,5416.91845703125,1493.5045166015625,3687.168212890625,9136.4599609375
2019-08-05,2821.5,2967.50341796875,,8342.421875,5416.91845703125,1493.5045166015625,3687.168212890625,8984.73046875
2019-08-06,2777.555908203125,2967.50341796875,,8342.421875,5416.91845703125,1493.5045166015625,3687.168212890625,8859.4697265625
2019-08-07,2768.679931640625,2967.50341796875,,8342.421875,5416.91845703125,1493.5045166015625,3687.168212890625,8814.740234375
2019-08-08,2794.552001953125,2967.50341796875,,8342.421875,5416.91845703125,1493.5045166015625,3687.168212890625,8919.2802734375
2019-08-09,2774.75,2967.50341796875,,8342.421875,5416.91845703125,1493.5045166015625,3687.168212890625,8795.1796875
2019-08-12,2814.989990234375,2967.50341796875,,8342.421875,5416.91845703125,1493.5045166015625,3687.168212890625,8978.51953125
2019-08-13,2797.260009765625,2967.50341796875,,8342.421875,5416.91845703125,1493.5045166015625,3687.168212890625,8902.6298828125
2019-08-14,2808.909912109375,2967.50341796875,,8342.421875,5416.91845703125,1493.5045166015625,3687.168212890625,8966.4697265625
2019-08-15,2815.800048828125,2967.50341796875,,8342.421875,5416.91845703125,1493.5045166015625,3687.168212890625,9009.6796875
2019-08-16,2823.820068359375,2967.50341796875,,8342.421875,5416.91845703125,1493.5045166015625,3687.168212890625,9060.919921875
2019-08-19,2883.10009765625,2967.50341796875,,8342.421875,5416.91845703125,1493.5045166015625,3687.168212890625,9328.9697265625
2019-08-20,2880.0,2967.50341796875,,8342.421875,5416.91845703125,1493.5045166015625,3687.168212890625,9328.73046875
2019-08-21,2880.330078125,2967.50341796875,,8342.421875,5416.91845703125,1493.5045166015625,3687.168212890625,9322.75
2019-08-22,2883.43994140625,2967.50341796875,,8342.421875,5416.91845703125,1493.5045166015625,3687.168212890625,9350.5595703125
2019-08-23,2897.429931640625,2967.50341796875,,8342.421875,5416.91845703125,1493.5045166015625,3687.168212890625,9362.5498046875
2019-08-26,2863.570068359375,2967.50341796875,,8342.421875,5416.91845703125,1493.5045166015625,3687.168212890625,9270.3896484375
2019-08-27,2902.18994140625,2967.50341796875,,8342.421875,5416.91845703125,1493.5045166015625,3687.168212890625,9443.1796875
2019-08-28,2893.760009765625,2967.50341796875,,8342.421875,5416.91845703125,1493.5045166015625,3687.168212890625,9414.0
2019-08-29,2890.919921875,2967.50341796875,,8342.421875,5416.91845703125,1493.5045166015625,3687.168212890625,9398.4697265625
2019-08-30,2886.239990234375,2967.50341796875,,8342.421875,5416.91845703125,1493.5045166015625,3687.168212890625,9365.6796875
2019-09-02,2924.10595703125,2967.50341796875,,8342.421875,5416.91845703125,1493.5045166015625,3687.168212890625,9569.4697265625
2019-09-03,2930.14990234375,2967.50341796875,,8342.421875,5416.91845703125,1493.5045166015625,3687.168212890625,9633.6904296875
2019-09-04,2957.409912109375,2967.50341796875,,8342.421875,5416.91845703125,1493.5045166015625,3687.168212890625,9700.3203125
2019-09-05,2985.860107421875,2967.50341796875,,8342.421875,5416.91845703125,1493.5045166015625,3687.168212890625,9783.5
2019-09-06,2999.60009765625,2967.50341796875,,8342.421875,5416.91845703125,1493.5045166015625,3687.168212890625,9823.419921875
2019-09-09,3024.739990234375,2967.50341796875,,8342.421875,5416.91845703125,1493.5045166015625,3687.168212890625,10001.9296875
2019-09-10,3021.199951171875,2967.50341796875,,8342.421875,5416.91845703125,1493.5045166015625,3687.168212890625,9964.9296875
2019-09-11,3008.81005859375,2967.50341796875,,8342.421875,5416.91845703125,1493.5045166015625,3687.168212890625,9853.7197265625
2019-09-12,3031.239990234375,2967.50341796875,,8342.421875,5416.91845703125,1493.5045166015625,3687.168212890625,9919.7998046875
2019-09-16,3030.75,2967.50341796875,,8342.421875,5416.91845703125,1493.5045166015625,3687.168212890625,9918.08984375
2019-09-17,2978.1201171875,2967.50341796875,,8342.421875,5416.91845703125,1493.5045166015625,3687.168212890625,9722.7998046875
2019-09-18,2985.659912109375,2967.50341796875,,8342.421875,5416.91845703125,1493.5045166015625,3687.168212890625,9753.3095703125
2019-09-19,2999.280029296875,2967.50341796875,,8342.421875,5416.91845703125,1493.5045166015625,3687.168212890625,9852.2001953125
2019-09-20,3006.449951171875,2967.50341796875,,8342.421875,5416.91845703125,1493.5045166015625,3687.168212890625,9881.25
2019-09-23,2977.080078125,2967.50341796875,,8342.421875,5416.91845703125,1493.5045166015625,3687.168212890625,9781.1396484375
2019-09-24,2985.340087890625,2967.50341796875,,8342.421875,5416.91845703125,1493.5045166015625,3687.168212890625,9811.3798828125
2019-09-25,2955.429931640625,2967.50341796875,,8342.421875,5416.91845703125,1493.5045166015625,3687.168212890625,9671.0595703125
2019-09-26,2929.090087890625,2967.50341796875,,8342.421875,5416.91845703125,1493.5045166015625,3687.168212890625,9464.83984375
2019-09-27,2932.169921875,2967.50341796875,,8342.421875,5416.91845703125,1493.5045166015625,3687.168212890625,9548.9599609375
2019-09-30,2905.18994140625,2967.50341796875,,8342.421875,5416.91845703125,1493.5045166015625,3687.168212890625,9446.240234375
2019-10-08,2913.570068359375,2967.50341796875,,8342.421875,5416.91845703125,1493.5045166015625,3687.168212890625,9474.75
2019-10-09,2924.860107421875,2967.50341796875,,8342.421875,5416.91845703125,1493.5045166015625,3687.168212890625,9506.5595703125
2019-10-10,2947.7099609375,2967.50341796875,,8342.421875,5416.91845703125,1493.5045166015625,3687.168212890625,9638.099609375
2019-10-11,2973.659912109375,2967.50341796875,,8342.421875,5416.91845703125,1493.5045166015625,3687.168212890625,9666.580078125
2019-10-14,3007.8798828125,2967.50341796875,,8342.421875,5416.91845703125,1493.5045166015625,3687.168212890625,9786.6396484375
2019-10-15,2991.050048828125,2967.50341796875,,8342.421875,5416.91845703125,1493.5045166015625,3687.168212890625,9671.73046875
2019-10-16,2978.7099609375,2967.50341796875,,8342.421875,5416.91845703125,1493.5045166015625,3687.168212890625,9642.0595703125
2019-10-17,2977.330078125,2967.50341796875,,8342.421875,5416.91845703125,1493.5045166015625,3687.168212890625,9645.3896484375
2019-10-18,2938.139892578125,2967.50341796875,,8342.421875,5416.91845703125,1493.5045166015625,3687.168212890625,9533.509765625
2019-10-21,2939.6201171875,2967.50341796875,,8342.421875,5416.91845703125,1493.5045166015625,3687.168212890625,9553.5703125
2019-10-22,2954.3798828125,2967.50341796875,,8342.421875,5416.91845703125,1493.5045166015625,3687.168212890625,9642.08984375
2019-10-23,2941.6201171875,2967.50341796875,,8342.421875,5416.91845703125,1493.5045166015625,3687.168212890625,9567.75
2019-10-24,2940.919921875,2967.50341796875,,8342.421875,5416.91845703125,1493.5045166015625,3687.168212890625,9555.759765625
2019-10-25,2954.929931640625,2967.50341796875,,8342.421875,5416.91845703125,1493.5045166015625,3687.168212890625,9660.4404296875
2019-10-28,2980.050048828125,2967.50341796875,,8342.421875,5416.91845703125,1493.5045166015625,3687.168212890625,9801.8701171875
2019-10-29,2954.179931640625,2967.50341796875,,8342.421875,5416.91845703125,1493.5045166015625,3687.168212890625,9746.0302734375
2019-10-30,2939.320068359375,2967.50341796875,,8342.421875,5416.91845703125,1493.5045166015625,3687.168212890625,9681.5400390625
2019-10-31,2929.06005859375,2967.50341796875,,8342.421875,5416.91845703125,1493.5045166015625,3687.168212890625,9635.330078125
2019-11-01,2958.199951171875,2967.50341796875,,8342.421875,5416.91845703125,1493.5045166015625,3687.168212890625,9802.330078125
2019-11-04,2975.489990234375,2967.50341796875,,8342.421875,5416.91845703125,1493.5045166015625,3687.168212890625,9868.1298828125
2019-11-05,2991.56005859375,2967.50341796875,,8342.421875,5416.91845703125,1493.5045166015625,3687.168212890625,9938.6103515625
2019-11-06,2978.60009765625,2967.50341796875,,8342.421875,5416.91845703125,1493.5045166015625,3687.168212890625,9860.9697265625
2019-11-07,2978.7099609375,2967.50341796875,,8342.421875,5416.91845703125,1493.5045166015625,3687.168212890625,9917.490234375
2019-11-08,2964.179931640625,2967.50341796875,,8342.421875,5416.91845703125,1493.5045166015625,3687.168212890625,9895.33984375
2019-11-11,2909.969970703125,2967.50341796875,,8342.421875,5416.91845703125,1493.5045166015625,3687.168212890625,9680.5703125
2019-11-12,2914.820068359375,2967.50341796875,,8342.421875,5416.91845703125,1493.5045166015625,3687.168212890625,9670.1396484375
2019-11-13,2905.239990234375,2967.50341796875,,8342.421875,5416.91845703125,1493.5045166015625,3687.168212890625,9687.849609375
2019-11-14,2909.8701171875,2967.50341796875,,8342.421875,5416.91845703125,1493.5045166015625,3687.168212890625,9746.5595703125
2019-11-15,2891.340087890625,2967.50341796875,,8342.421875,5416.91845703125,1493.5045166015625,3687.168212890625,9647.990234375
2019-11-18,2909.199951171875,2967.50341796875,,8342.421875,5416.91845703125,1493.5045166015625,3687.168212890625,9715.26953125
2019-11-19,2933.989990234375,2967.50341796875,,8342.421875,5416.91845703125,1493.5045166015625,3687.168212890625,9889.75
2019-11-20,2911.050048828125,2967.50341796875,,8342.421875,5416.91845703125,1493.5045166015625,3687.168212890625,9809.0498046875
2019-11-21,2903.639892578125,2967.50341796875,,8342.421875,5416.91845703125,1493.5045166015625,3687.168212890625,9774.4404296875
2019-11-22,2885.2900390625,2967.50341796875,,8342.421875,5416.91845703125,1493.5045166015625,3687.168212890625,9626.900390625
2019-11-25,2906.169921875,2967.50341796875,,8342.421875,5416.91845703125,1493.5045166015625,3687.168212890625,9626.3603515625
2019-11-26,2907.06005859375,2967.50341796875,,8342.421875,5416.91845703125,1493.5045166015625,3687.168212890625,9677.23046875
2019-11-27,2903.18994140625,2967.50341796875,,8342.421875,5416.91845703125,1493.5045166015625,3687.168212890625,9648.3896484375
2019-11-28,2889.693115234375,2967.50341796875,,8342.421875,5416.91845703125,1493.5045166015625,3687.168212890625,9622.1396484375
2019-11-29,2871.97998046875,2967.50341796875,,8342.421875,5416.91845703125,1493.5045166015625,3687.168212890625,9582.16015625
2019-12-02,2875.81005859375,2967.50341796875,,8342.421875,5416.91845703125,1493.5045166015625,3687.168212890625,9605.1904296875
2019-12-03,2884.699951171875,2967.50341796875,,8342.421875,5416.91845703125,1493.5045166015625,3687.168212890625,9657.650390625
2019-12-04,2878.115966796875,2967.50341796875,,8342.421875,5416.91845703125,1493.5045166015625,3687.168212890625,9687.9501953125
2019-12-05,2899.468994140625,2967.50341796875,,8342.421875,5416.91845703125,1493.5045166015625,3687.168212890625,9799.0703125
2019-12-06,2912.013916015625,2967.50341796875,,8342.421875,5416.91845703125,1493.5045166015625,3687.168212890625,9878.6201171875
2019-12-09,2914.47802734375,2967.50341796875,,8342.421875,5416.91845703125,1493.5045166015625,3687.168212890625,9876.26953125
2019-12-10,2917.31591796875,2967.50341796875,,8342.421875,5416.91845703125,1493.5045166015625,3687.168212890625,9915.8701171875
2019-12-11,2924.4169921875,2967.50341796875,,8342.421875,5416.91845703125,1493.5045166015625,3687.168212890625,9852.7099609375
2019-12-12,2915.697998046875,2967.50341796875,,8342.421875,5416.91845703125,1493.5045166015625,3687.168212890625,9836.23046875
2019-12-13,2967.676025390625,2967.50341796875,,8342.421875,5416.91845703125,1493.5045166015625,3687.168212890625,10004.6201171875
2019-12-16,2984.39306640625,2967.50341796875,,8342.421875,5416.91845703125,1493.5045166015625,3687.168212890625,10158.240234375
2019-12-17,3022.422119140625,2967.50341796875,,8342.421875,5416.91845703125,1493.5045166015625,3687.168212890625,10306.0302734375
2019-12-18,3017.0439453125,2967.50341796875,,8342.421875,5416.91845703125,1493.5045166015625,3687.168212890625,10294.66015625
2019-12-19,3017.06591796875,2967.50341796875,,8342.421875,5416.91845703125,1493.5045166015625,3687.168212890625,10296.2900390625
2019-12-20,3004.93798828125,2967.50341796875,,8342.421875,5416.91845703125,1493.5045166015625,3687.168212890625,10229.490234375
2019-12-23,2962.7509765625,2967.50341796875,,8342.421875,5416.91845703125,1493.5045166015625,3687.168212890625,10056.2099609375
2019-12-24,2982.680908203125,2967.50341796875,,8342.421875,5416.91845703125,1493.5045166015625,3687.168212890625,10189.2900390625
2019-12-25,2981.881103515625,2967.50341796875,,8342.421875,5416.91845703125,1493.5045166015625,3687.168212890625,10229.580078125
2019-12-26,3007.35498046875,2967.50341796875,,8342.421875,5416.91845703125,1493.5045166015625,3687.168212890625,10303.7197265625
2019-12-27,3005.035888671875,2967.50341796875,,8342.421875,5416.91845703125,1493.5045166015625,3687.168212890625,10233.76953125
2019-12-30,3040.02392578125,2967.50341796875,,8342.421875,5416.91845703125,1493.5045166015625,3687.168212890625,10365.9599609375
2019-12-31,3050.1240234375,2967.50341796875,,8342.421875,5416.91845703125,1493.5045166015625,3687.168212890625,10430.76953125
2020-01-02,3085.197998046875,2967.50341796875,,8342.421875,5416.91845703125,1493.5045166015625,3687.168212890625,10638.8203125
2020-01-03,3083.785888671875,2967.50341796875,,8342.421875,5416.91845703125,1493.5045166015625,3687.168212890625,10656.41015625
2020-01-06,3083.407958984375,2967.50341796875,,8342.421875,5416.91845703125,1493.5045166015625,3687.168212890625,10698.26953125
2020-01-07,3104.802001953125,2967.50341796875,,8342.421875,5416.91845703125,1493.5045166015625,3687.168212890625,10829.0498046875
2020-01-08,3066.89306640625,2967.50341796875,,8342.421875,5416.91845703125,1493.5045166015625,3687.168212890625,10706.8701171875
2020-01-09,3094.882080078125,2967.50341796875,,8342.421875,5416.91845703125,1493.5045166015625,3687.168212890625,10898.169921875
2020-01-10,3092.291015625,2967.50341796875,,8342.421875,5416.91845703125,1493.5045166015625,3687.168212890625,10879.83984375
2020-01-13,3115.570068359375,2967.50341796875,,8342.421875,5416.91845703125,1493.5045166015625,3687.168212890625,11040.2001953125
2020-01-14,3106.820068359375,2967.50341796875,,8342.421875,5416.91845703125,1493.5045166015625,3687.168212890625,10988.76953125
2020-01-15,3090.0400390625,2967.50341796875,,8342.421875,5416.91845703125,1493.5045166015625,3687.168212890625,10972.3203125
2020-01-16,3074.0810546875,2967.50341796875,,8342.421875,5416.91845703125,1493.5045166015625,3687.168212890625,10967.4404296875
2020-01-17,3075.49609375,2967.50341796875,,8342.421875,5416.91845703125,1493.5045166015625,3687.168212890625,10954.3896484375
2020-01-20,3095.787109375,2967.50341796875,,8342.421875,5416.91845703125,1493.5045166015625,3687.168212890625,11115.8798828125
2020-01-21,3052.139892578125,2967.50341796875,,8342.421875,5416.91845703125,1493.5045166015625,3687.168212890625,10953.41015625
2020-01-22,3060.7548828125,2967.50341796875,,8342.421875,5416.91845703125,1493.5045166015625,3687.168212890625,11072.0595703125
2020-01-23,2976.528076171875,2967.50341796875,,8342.421875,5416.91845703125,1493.5045166015625,3687.168212890625,10681.900390625
2020-02-03,2746.60595703125,2967.50341796875,,8342.421875,5416.91845703125,1493.5045166015625,3687.168212890625,9779.669921875
2020-02-04,2783.2880859375,2967.50341796875,,8342.421875,5416.91845703125,1493.5045166015625,3687.168212890625,10089.669921875
2020-02-05,2818.087890625,2967.50341796875,,8342.421875,5416.91845703125,1493.5045166015625,3687.168212890625,10305.5
2020-02-06,2866.510009765625,2967.50341796875,,8342.421875,5416.91845703125,1493.5045166015625,3687.168212890625,10601.33984375
2020-02-07,2875.9599609375,2967.50341796875,,8342.421875,5416.91845703125,1493.5045166015625,3687.168212890625,10611.5498046875
2020-02-10,2890.488037109375,2967.50341796875,,8342.421875,5416.91845703125,1493.5045166015625,3687.168212890625,10728.4599609375
2020-02-11,2901.669921875,2967.50341796875,,8342.421875,5416.91845703125,1493.5045166015625,3687.168212890625,10768.6298828125
2020-02-12,2926.89892578125,2967.50341796875,,8342.421875,5416.91845703125,1493.5045166015625,3687.168212890625,10940.7998046875
2020-02-13,2906.073974609375,2967.50341796875,,8342.421875,5416.91845703125,1493.5045166015625,3687.168212890625,10864.3203125
2020-02-14,2917.008056640625,2967.50341796875,,8342.421875,5416.91845703125,1493.5045166015625,3687.168212890625,10916.3095703125
2020-02-17,2983.6220703125,2967.50341796875,,8342.421875,5416.91845703125,1493.5045166015625,3687.168212890625,11241.5
2020-02-18,2984.971923828125,2967.50341796875,,8342.421875,5416.91845703125,1493.5045166015625,3687.168212890625,11306.490234375
2020-02-19,2975.402099609375,2967.50341796875,,8342.421875,5416.91845703125,1493.5045166015625,3687.168212890625,11235.599609375
2020-02-20,3030.154052734375,2967.50341796875,,8342.421875,5416.91845703125,1493.5045166015625,3687.168212890625,11509.08984375
2020-02-21,3039.6689453125,2967.50341796875,,8342.421875,5416.91845703125,1493.5045166015625,3687.168212890625,11629.7001953125
2020-02-24,3031.23291015625,2967.50341796875,,8342.421875,5416.91845703125,1493.5045166015625,3687.168212890625,11772.3798828125
2020-02-25,3013.050048828125,2967.50341796875,,8342.421875,5416.91845703125,1493.5045166015625,3687.168212890625,11856.080078125
2020-02-26,2987.928955078125,2967.50341796875,,8342.421875,5416.91845703125,1493.5045166015625,3687.168212890625,11497.5498046875
2020-02-27,2991.330078125,2967.50341796875,,8342.421875,5416.91845703125,1493.5045166015625,3687.168212890625,11534.01953125
2020-02-28,2880.303955078125,2967.50341796875,,8342.421875,5416.91845703125,1493.5045166015625,3687.168212890625,10980.76953125
2020-03-02,2970.930908203125,2967.50341796875,,8342.421875,5416.91845703125,1493.5045166015625,3687.168212890625,11381.759765625
2020-03-03,2992.89697265625,2967.50341796875,,8342.421875,5416.91845703125,1493.5045166015625,3687.168212890625,11484.2099609375
2020-03-04,3011.666015625,2967.50341796875,,8342.421875,5416.91845703125,1493.5045166015625,3687.168212890625,11493.01953125
2020-03-05,3071.677001953125,2967.50341796875,,8342.421875,5416.91845703125,1493.5045166015625,3687.168212890625,11711.3701171875
2020-03-06,3034.510986328125,2967.50341796875,,8342.421875,5416.91845703125,1493.5045166015625,3687.168212890625,11582.8203125
2020-03-09,2943.291015625,2967.50341796875,,8342.421875,5416.91845703125,1493.5045166015625,3687.168212890625,11108.5498046875
2020-03-10,2996.761962890625,2967.50341796875,,8342.421875,5416.91845703125,1493.5045166015625,3687.168212890625,11403.4697265625
2020-03-11,2968.51708984375,2967.50341796875,,8342.421875,5416.91845703125,1493.5045166015625,3687.168212890625,11200.0498046875
2020-03-12,2923.486083984375,2967.50341796875,,8342.421875,5416.91845703125,1493.5045166015625,3687.168212890625,10941.009765625
2020-03-13,2887.427001953125,2967.50341796875,,8342.421875,5416.91845703125,1493.5045166015625,3687.168212890625,10831.1298828125
2020-03-16,2789.25390625,2967.50341796875,,8342.421875,5416.91845703125,1493.5045166015625,3687.168212890625,10253.2802734375
2020-03-17,2779.64111328125,2967.50341796875,,8342.421875,5416.91845703125,1493.5045166015625,3687.168212890625,10202.75
2020-03-18,2728.756103515625,2967.50341796875,,8342.421875,5416.91845703125,1493.5045166015625,3687.168212890625,10029.5703125
2020-03-19,2702.1298828125,2967.50341796875,,8342.421875,5416.91845703125,1493.5045166015625,3687.168212890625,10019.8603515625
2020-03-20,2745.617919921875,2967.50341796875,,8342.421875,5416.91845703125,1493.5045166015625,3687.168212890625,10150.1298828125
2020-03-23,2660.169921875,2967.50341796875,,8342.421875,5416.91845703125,1493.5045166015625,3687.168212890625,9691.5302734375
2020-03-24,2722.43798828125,2967.50341796875,,8342.421875,5416.91845703125,1493.5045166015625,3687.168212890625,9921.6796875
2020-03-25,2781.591064453125,2967.50341796875,,8342.421875,5416.91845703125,1493.5045166015625,3687.168212890625,10241.080078125
2020-03-26,2764.910888671875,2967.50341796875,,8342.421875,5416.91845703125,1493.5045166015625,3687.168212890625,10155.3603515625
2020-03-27,2772.202880859375,2967.50341796875,,8342.421875,5416.91845703125,1493.5045166015625,3687.168212890625,10109.91015625
2020-03-30,2747.214111328125,2967.50341796875,,8342.421875,5416.91845703125,1493.5045166015625,3687.168212890625,9904.9501953125
2020-03-31,2750.2958984375,2967.50341796875,,8342.421875,5416.91845703125,1493.5045166015625,3687.168212890625,9962.2998046875
2020-04-01,2734.52197265625,2967.50341796875,,8342.421875,5416.91845703125,1493.5045166015625,3687.168212890625,9951.83984375
2020-04-02,2780.637939453125,2967.50341796875,,8342.421875,5416.91845703125,1493.5045166015625,3687.168212890625,10179.2001953125
2020-04-03,2763.987060546875,2967.50341796875,,8342.421875,5416.91845703125,1493.5045166015625,3687.168212890625,10110.1103515625
2020-04-07,2820.762939453125,2967.50341796875,,8342.421875,5416.91845703125,1493.5045166015625,3687.168212890625,10428.91015625
2020-04-08,2815.368896484375,2967.50341796875,,8342.421875,5416.91845703125,1493.5045166015625,3687.168212890625,10386.5498046875
2020-04-09,2825.904052734375,2967.50341796875,,8342.421875,5416.91845703125,1493.5045166015625,3687.168212890625,10463.0498046875
2020-04-10,2796.631103515625,2967.50341796875,,8342.421875,5416.91845703125,1493.5045166015625,3687.168212890625,10298.41015625
2020-04-13,2783.048095703125,2967.50341796875,,8342.421875,5416.91845703125,1493.5045166015625,3687.168212890625,10223.16015625
2020-04-14,2827.282958984375,2967.50341796875,,8342.421875,5416.91845703125,1493.5045166015625,3687.168212890625,10475.7099609375
2020-04-15,2811.174072265625,2967.50341796875,,8342.421875,5416.91845703125,1493.5045166015625,3687.168212890625,10417.3701171875
2020-04-16,2819.93505859375,2967.50341796875,,8342.421875,5416.91845703125,1493.5045166015625,3687.168212890625,10470.7900390625
2020-04-17,2838.4951171875,2967.50341796875,,8342.421875,5416.91845703125,1493.5045166015625,3687.168212890625,10527.990234375
2020-04-20,2852.552978515625,2967.50341796875,,8342.421875,5416.91845703125,1493.5045166015625,3687.168212890625,10621.5
2020-04-21,2827.012939453125,2967.50341796875,,8342.421875,5416.91845703125,1493.5045166015625,3687.168212890625,10506.8603515625
2020-04-22,2843.97998046875,2967.50341796875,,8342.421875,5416.91845703125,1493.5045166015625,3687.168212890625,10617.1904296875
2020-04-23,2838.4990234375,2967.50341796875,,8342.421875,5416.91845703125,1493.5045166015625,3687.168212890625,10564.0498046875
2020-04-24,2808.529052734375,2967.50341796875,,8342.421875,5416.91845703125,1493.5045166015625,3687.168212890625,10423.4599609375
2020-04-27,2815.4951171875,2967.50341796875,,8342.421875,5416.91845703125,1493.5045166015625,3687.168212890625,10452.169921875
2020-04-28,2810.02392578125,2967.50341796875,,8342.421875,5416.91845703125,1493.5045166015625,3687.168212890625,10501.150390625
2020-04-29,2822.44189453125,2967.50341796875,,8342.421875,5416.91845703125,1493.5045166015625,3687.168212890625,10514.169921875
2020-04-30,2860.08203125,2967.50341796875,,8342.421875,5416.91845703125,1493.5045166015625,3687.168212890625,10721.7802734375
2020-05-06,2878.139892578125,2967.50341796875,,8342.421875,5416.91845703125,1493.5045166015625,3687.168212890625,10883.2197265625
2020-05-07,2871.52294921875,2967.50341796875,,8342.421875,5416.91845703125,1493.5045166015625,3687.168212890625,10863.2900390625
2020-05-08,2895.340087890625,2967.50341796875,,8342.421875,5416.91845703125,1493.5045166015625,3687.168212890625,11001.580078125
2020-05-11,2894.800048828125,2967.50341796875,,8342.421875,5416.91845703125,1493.5045166015625,3687.168212890625,10969.2802734375
2020-05-12,2891.555908203125,2967.50341796875,,8342.421875,5416.91845703125,1493.5045166015625,3687.168212890625,11015.5595703125
2020-05-13,2898.050048828125,2967.50341796875,,8342.421875,5416.91845703125,1493.5045166015625,3687.168212890625,11074.58984375
2020-05-14,2870.342041015625,2967.50341796875,,8342.421875,5416.91845703125,1493.5045166015625,3687.168212890625,10962.150390625
2020-05-15,2868.458984375,2967.50341796875,,8342.421875,5416.91845703125,1493.5045166015625,3687.168212890625,10964.8896484375
2020-05-18,2875.41796875,2967.50341796875,,8342.421875,5416.91845703125,1493.5045166015625,3687.168212890625,10921.150390625
2020-05-19,2898.575927734375,2967.50341796875,,8342.421875,5416.91845703125,1493.5045166015625,3687.168212890625,11052.849609375
2020-05-20,2883.738037109375,2967.50341796875,,8342.421875,5416.91845703125,1493.5045166015625,3687.168212890625,10948.48046875
2020-05-21,2867.924072265625,2967.50341796875,,8342.421875,5416.91845703125,1493.5045166015625,3687.168212890625,10845.400390625
2020-05-22,2813.764892578125,2967.50341796875,,8342.421875,5416.91845703125,1493.5045166015625,3687.168212890625,10604.9697265625
2020-05-25,2817.969970703125,2967.50341796875,,8342.421875,5416.91845703125,1493.5045166015625,3687.168212890625,10592.83984375
2020-05-26,2846.547119140625,2967.50341796875,,8342.421875,5416.91845703125,1493.5045166015625,3687.168212890625,10815.4296875
2020-05-27,2836.803955078125,2967.50341796875,,8342.421875,5416.91845703125,1493.5045166015625,3687.168212890625,10682.7001953125
2020-05-28,2846.221923828125,2967.50341796875,,8342.421875,5416.91845703125,1493.5045166015625,3687.168212890625,10653.490234375
2020-05-29,2852.35107421875,2967.50341796875,,8342.421875,5416.91845703125,1493.5045166015625,3687.168212890625,10746.080078125
2020-06-01,2915.430908203125,2967.50341796875,,8342.421875,5416.91845703125,1493.5045166015625,3687.168212890625,11102.150390625
2020-06-02,2921.39794921875,2967.50341796875,,8342.421875,5416.91845703125,1493.5045166015625,3687.168212890625,11112.5
2020-06-03,2923.37109375,2967.50341796875,,8342.421875,5416.91845703125,1493.5045166015625,3687.168212890625,11108.3603515625
2020-06-04,2919.2509765625,2967.50341796875,,8342.421875,5416.91845703125,1493.5045166015625,3687.168212890625,11139.259765625
2020-06-05,2930.799072265625,2967.50341796875,,8342.421875,5416.91845703125,1493.5045166015625,3687.168212890625,11180.599609375
2020-06-08,2937.77099609375,2967.50341796875,,8342.421875,5416.91845703125,1493.5045166015625,3687.168212890625,11215.759765625
2020-06-09,2956.112060546875,2967.50341796875,,8342.421875,5416.91845703125,1493.5045166015625,3687.168212890625,11284.240234375
2020-06-10,2943.7529296875,2967.50341796875,,8342.421875,5416.91845703125,1493.5045166015625,3687.168212890625,11335.8603515625
2020-06-11,2920.89697265625,2967.50341796875,,8342.421875,5416.91845703125,1493.5045166015625,3687.168212890625,11243.6201171875
2020-06-12,2919.740966796875,2967.50341796875,,8342.421875,5416.91845703125,1493.5045166015625,3687.168212890625,11251.7099609375
2020-06-15,2890.030029296875,2967.50341796875,,8342.421875,5416.91845703125,1493.5045166015625,3687.168212890625,11192.26953125
2020-06-16,2931.75,2967.50341796875,,8342.421875,5416.91845703125,1493.5045166015625,3687.168212890625,11398.9697265625
2020-06-17,2935.8701171875,2967.50341796875,,8342.421875,5416.91845703125,1493.5045166015625,3687.168212890625,11420.83984375
2020-06-18,2939.320068359375,2967.50341796875,,8342.421875,5416.91845703125,1493.5045166015625,3687.168212890625,11494.5498046875
2020-06-19,2967.6298828125,2967.50341796875,,8342.421875,5416.91845703125,1493.5045166015625,3687.168212890625,11668.1298828125
2020-06-22,2965.27197265625,2967.50341796875,,8342.421875,5416.91845703125,1493.5045166015625,3687.168212890625,11702.4404296875
2020-06-23,2970.6201171875,2967.50341796875,,8342.421875,5416.91845703125,1493.5045166015625,3687.168212890625,11794.009765625
2020-06-24,2979.551025390625,2967.50341796875,,8342.421875,5416.91845703125,1493.5045166015625,3687.168212890625,11813.5302734375
2020-06-29,2961.51611328125,2967.50341796875,,8342.421875,5416.91845703125,1493.5045166015625,3687.168212890625,11752.3603515625
2020-06-30,2984.674072265625,2967.50341796875,,8342.421875,5416.91845703125,1493.5045166015625,3687.168212890625,11992.349609375
2020-07-01,3025.98095703125,2967.50341796875,,8342.421875,5416.91845703125,1493.5045166015625,3687.168212890625,12112.9599609375
2020-07-02,3090.569091796875,2967.50341796875,,8342.421875,5416.91845703125,1493.5045166015625,3687.168212890625,12269.490234375
2020-07-03,3152.81298828125,2967.50341796875,,8342.421875,5416.91845703125,1493.5045166015625,3687.168212890625,12433.259765625
2020-07-06,3332.881103515625,2967.50341796875,,8342.421875,5416.91845703125,1493.5045166015625,3687.168212890625,12941.7197265625
2020-07-07,3345.3369140625,2967.50341796875,,8342.421875,5416.91845703125,1493.5045166015625,3687.168212890625,13163.98046875
2020-07-08,3403.43994140625,2967.50341796875,,8342.421875,5416.91845703125,1493.5045166015625,3687.168212890625,13406.3701171875
2020-07-09,3450.593994140625,2967.50341796875,,8342.421875,5416.91845703125,1493.5045166015625,3687.168212890625,13754.740234375
2020-07-10,3383.322021484375,2967.50341796875,,8342.421875,5416.91845703125,1493.5045166015625,3687.168212890625,13671.240234375
2020-07-13,3443.285888671875,2967.50341796875,,8342.421875,5416.91845703125,1493.5045166015625,3687.168212890625,14149.1396484375
2020-07-14,3414.618896484375,2967.50341796875,,8342.421875,5416.91845703125,1493.5045166015625,3687.168212890625,13996.4599609375
2020-07-15,3361.303955078125,2967.50341796875,,8342.421875,5416.91845703125,1493.5045166015625,3687.168212890625,13734.1298828125
2020-07-16,3210.09912109375,2967.50341796875,,8342.421875,5416.91845703125,1493.5045166015625,3687.168212890625,12996.33984375
2020-07-17,3214.12890625,2967.50341796875,,8342.421875,5416.91845703125,1493.5045166015625,3687.168212890625,13114.9404296875
2020-07-20,3314.14892578125,2967.50341796875,,8342.421875,5416.91845703125,1493.5045166015625,3687.168212890625,13448.849609375
2020-07-21,3320.89501953125,2967.50341796875,,8342.421875,5416.91845703125,1493.5045166015625,3687.168212890625,13536.169921875
2020-07-22,3333.1640625,2967.50341796875,,8342.421875,5416.91845703125,1493.5045166015625,3687.168212890625,13657.0302734375
2020-07-23,3325.110107421875,2967.50341796875,,8342.421875,5416.91845703125,1493.5045166015625,3687.168212890625,13661.5
2020-07-24,3196.76806640625,2967.50341796875,,8342.421875,5416.91845703125,1493.5045166015625,3687.168212890625,12935.7001953125
2020-07-27,3205.22705078125,2967.50341796875,,8342.421875,5416.91845703125,1493.5045166015625,3687.168212890625,12976.8701171875
2020-07-28,3227.9599609375,2967.50341796875,,8342.421875,5416.91845703125,1493.5045166015625,3687.168212890625,13147.349609375
2020-07-29,3294.552001953125,2967.50341796875,,8342.421875,5416.91845703125,1493.5045166015625,3687.168212890625,13557.4404296875
2020-07-30,3286.822021484375,2967.50341796875,,8342.421875,5416.91845703125,1493.5045166015625,3687.168212890625,13466.849609375
2020-07-31,3310.007080078125,2967.50341796875,,8342.421875,5416.91845703125,1493.5045166015625,3687.168212890625,13637.8798828125
2020-08-03,3367.966064453125,2967.50341796875,,8342.421875,5416.91845703125,1493.5045166015625,3687.168212890625,13964.5595703125
2020-08-04,3371.68994140625,2967.50341796875,,8342.421875,5416.91845703125,1493.5045166015625,3687.168212890625,13860.4599609375
2020-08-05,3377.56005859375,2967.50341796875,,8342.421875,5416.91845703125,1493.5045166015625,3687.168212890625,13960.9296875
2020-08-06,3386.4599609375,2967.50341796875,,8342.421875,5416.91845703125,1493.5045166015625,3687.168212890625,13863.1298828125
2020-08-07,3354.034912109375,2967.50341796875,,8342.421875,5416.91845703125,1493.5045166015625,3687.168212890625,13648.5
2020-08-10,3379.251953125,2967.50341796875,,8342.421875,5416.91845703125,1493.5045166015625,3687.168212890625,13657.3095703125
2020-08-11,3340.2900390625,2967.50341796875,,8342.421875,5416.91845703125,1493.5045166015625,3687.168212890625,13466.26953125
2020-08-12,3319.26611328125,2967.50341796875,,8342.421875,5416.91845703125,1493.5045166015625,3687.168212890625,13308.51953125
2020-08-13,3320.72607421875,2967.50341796875,,8342.421875,5416.91845703125,1493.5045166015625,3687.168212890625,13291.3203125
2020-08-14,3360.09912109375,2967.50341796875,,8342.421875,5416.91845703125,1493.5045166015625,3687.168212890625,13489.009765625
2020-08-17,3438.801025390625,2967.50341796875,,8342.421875,5416.91845703125,1493.5045166015625,3687.168212890625,13742.23046875
2020-08-18,3451.089111328125,2967.50341796875,,8342.421875,5416.91845703125,1493.5045166015625,3687.168212890625,13768.169921875
2020-08-19,3408.12890625,2967.50341796875,,8342.421875,5416.91845703125,1493.5045166015625,3687.168212890625,13480.849609375
2020-08-20,3363.89892578125,2967.50341796875,,8342.421875,5416.91845703125,1493.5045166015625,3687.168212890625,13320.919921875
2020-08-21,3380.68310546875,2967.50341796875,,8342.421875,5416.91845703125,1493.5045166015625,3687.168212890625,13478.0
2020-08-24,3385.637939453125,2967.50341796875,,8342.421875,5416.91845703125,1493.5045166015625,3687.168212890625,13666.6904296875
2020-08-25,3373.577880859375,2967.50341796875,,8342.421875,5416.91845703125,1493.5045166015625,3687.168212890625,13669.41015625
2020-08-26,3329.739013671875,2967.50341796875,,8342.421875,5416.91845703125,1493.5045166015625,3687.168212890625,13428.400390625
2020-08-27,3350.110107421875,2967.50341796875,,8342.421875,5416.91845703125,1493.5045166015625,3687.168212890625,13535.08984375
2020-08-28,3403.806884765625,2967.50341796875,,8342.421875,5416.91845703125,1493.5045166015625,3687.168212890625,13851.3203125
2020-08-31,3395.677978515625,2967.50341796875,,8342.421875,5416.91845703125,1493.5045166015625,3687.168212890625,13758.23046875
2020-09-01,3410.60693359375,2967.50341796875,,8342.421875,5416.91845703125,1493.5045166015625,3687.168212890625,13849.66015625
2020-09-02,3404.802001953125,2967.50341796875,,8342.421875,5416.91845703125,1493.5045166015625,3687.168212890625,13887.4296875
2020-09-03,3384.98095703125,2967.50341796875,,8342.421875,5416.91845703125,1493.5045166015625,3687.168212890625,13772.3701171875
2020-09-04,3355.366943359375,2967.50341796875,,8342.421875,5416.91845703125,1493.5045166015625,3687.168212890625,13656.66015625
2020-09-07,3292.591064453125,2967.50341796875,,8342.421875,5416.91845703125,1493.5045166015625,3687.168212890625,13284.0302734375
2020-09-08,3316.4169921875,2967.50341796875,,8342.421875,5416.91845703125,1493.5045166015625,3687.168212890625,13293.330078125
2020-09-09,3254.6279296875,2967.50341796875,,8342.421875,5416.91845703125,1493.5045166015625,3687.168212890625,12861.75
2020-09-10,3234.822998046875,2967.50341796875,,8342.421875,5416.91845703125,1493.5045166015625,3687.168212890625,12742.849609375
2020-09-11,3260.345947265625,2967.50341796875,,8342.421875,5416.91845703125,1493.5045166015625,3687.168212890625,12942.9501953125
2020-09-14,3278.81396484375,2967.50341796875,,8342.421875,5416.91845703125,1493.5045166015625,3687.168212890625,13021.990234375
2020-09-15,3295.679931640625,2967.50341796875,,8342.421875,5416.91845703125,1493.5045166015625,3687.168212890625,13143.4599609375
2020-09-16,3283.924072265625,2967.50341796875,,8342.421875,5416.91845703125,1493.5045166015625,3687.168212890625,13011.2802734375
2020-09-17,3270.43505859375,2967.50341796875,,8342.421875,5416.91845703125,1493.5045166015625,3687.168212890625,13015.1904296875
2020-09-18,3338.090087890625,2967.50341796875,,8342.421875,5416.91845703125,1493.5045166015625,3687.168212890625,13245.08984375
2020-09-21,3316.93505859375,2967.50341796875,,8342.421875,5416.91845703125,1493.5045166015625,3687.168212890625,13149.5
2020-09-22,3274.302001953125,2967.50341796875,,8342.421875,5416.91845703125,1493.5045166015625,3687.168212890625,13023.4296875
2020-09-23,3279.7109375,2967.50341796875,,8342.421875,5416.91845703125,1493.5045166015625,3687.168212890625,13110.0703125
2020-09-24,3223.176025390625,2967.50341796875,,8342.421875,5416.91845703125,1493.5045166015625,3687.168212890625,12816.6103515625
2020-09-25,3219.41796875,2967.50341796875,,8342.421875,5416.91845703125,1493.5045166015625,3687.168212890625,12814.169921875
2020-09-28,3217.534912109375,2967.50341796875,,8342.421875,5416.91845703125,1493.5045166015625,3687.168212890625,12760.9296875
2020-09-29,3224.35888671875,2967.50341796875,,8342.421875,5416.91845703125,1493.5045166015625,3687.168212890625,12900.7001953125
2020-09-30,3218.052001953125,2967.50341796875,,8342.421875,5416.91845703125,1493.5045166015625,3687.168212890625,12907.4501953125
2020-10-09,3272.075927734375,2967.50341796875,,8342.421875,5416.91845703125,1493.5045166015625,3687.168212890625,13289.259765625
2020-10-12,3358.465087890625,2967.50341796875,,8342.421875,5416.91845703125,1493.5045166015625,3687.168212890625,13708.0703125
2020-10-13,3359.75,2967.50341796875,,8342.421875,5416.91845703125,1493.5045166015625,3687.168212890625,13798.580078125
2020-10-14,3340.778076171875,2967.50341796875,,8342.421875,5416.91845703125,1493.5045166015625,3687.168212890625,13691.0400390625
2020-10-15,3332.18310546875,2967.50341796875,,8342.421875,5416.91845703125,1493.5045166015625,3687.168212890625,13624.8896484375
2020-10-16,3336.35791015625,2967.50341796875,,8342.421875,5416.91845703125,1493.5045166015625,3687.168212890625,13532.73046875
2020-10-19,3312.669921875,2967.50341796875,,8342.421875,5416.91845703125,1493.5045166015625,3687.168212890625,13421.1904296875
2020-10-20,3328.10009765625,2967.50341796875,,8342.421875,5416.91845703125,1493.5045166015625,3687.168212890625,13603.8798828125
2020-10-21,3325.02001953125,2967.50341796875,,8342.421875,5416.91845703125,1493.5045166015625,3687.168212890625,13467.91015625
2020-10-22,3312.5,2967.50341796875,,8342.421875,5416.91845703125,1493.5045166015625,3687.168212890625,13396.1796875
2020-10-23,3277.9970703125,2967.50341796875,,8342.421875,5416.91845703125,1493.5045166015625,3687.168212890625,13128.4599609375
2020-10-26,3251.118896484375,2967.50341796875,,8342.421875,5416.91845703125,1493.5045166015625,3687.168212890625,13191.25
2020-10-27,3254.31591796875,2967.50341796875,,8342.421875,5416.91845703125,1493.5045166015625,3687.168212890625,13269.650390625
2020-10-28,3269.239990234375,2967.50341796875,,8342.421875,5416.91845703125,1493.5045166015625,3687.168212890625,13388.099609375
2020-10-29,3272.72998046875,2967.50341796875,,8342.421875,5416.91845703125,1493.5045166015625,3687.168212890625,13519.66015625
2020-10-30,3224.532958984375,2967.50341796875,,8342.421875,5416.91845703125,1493.5045166015625,3687.168212890625,13236.599609375
2020-11-02,3225.1201171875,2967.50341796875,,8342.421875,5416.91845703125,1493.5045166015625,3687.168212890625,13420.9599609375
2020-11-03,3271.073974609375,2967.50341796875,,8342.421875,5416.91845703125,1493.5045166015625,3687.168212890625,13580.0400390625
2020-11-04,3277.43994140625,2967.50341796875,,8342.421875,5416.91845703125,1493.5045166015625,3687.168212890625,13659.5
2020-11-05,3320.133056640625,2967.50341796875,,8342.421875,5416.91845703125,1493.5045166015625,3687.168212890625,13894.259765625
2020-11-06,3312.158935546875,2967.50341796875,,8342.421875,5416.91845703125,1493.5045166015625,3687.168212890625,13838.419921875
2020-11-09,3373.72998046875,2967.50341796875,,8342.421875,5416.91845703125,1493.5045166015625,3687.168212890625,14141.150390625
2020-11-10,3360.14892578125,2967.50341796875,,8342.421875,5416.91845703125,1493.5045166015625,3687.168212890625,13993.33984375
2020-11-11,3342.202880859375,2967.50341796875,,8342.421875,5416.91845703125,1493.5045166015625,3687.168212890625,13720.169921875
2020-11-12,3338.679931640625,2967.50341796875,,8342.421875,5416.91845703125,1493.5045166015625,3687.168212890625,13792.0703125
2020-11-13,3310.10498046875,2967.50341796875,,8342.421875,5416.91845703125,1493.5045166015625,3687.168212890625,13754.5498046875
2020-11-16,3346.968994140625,2967.50341796875,,8342.421875,5416.91845703125,1493.5045166015625,3687.168212890625,13850.830078125
2020-11-17,3339.89990234375,2967.50341796875,,8342.421875,5416.91845703125,1493.5045166015625,3687.168212890625,13732.51953125
2020-11-18,3347.302978515625,2967.50341796875,,8342.421875,5416.91845703125,1493.5045166015625,3687.168212890625,13658.2001953125
2020-11-19,3363.087890625,2967.50341796875,,8342.421875,5416.91845703125,1493.5045166015625,3687.168212890625,13777.4501953125
2020-11-20,3377.72998046875,2967.50341796875,,8342.421875,5416.91845703125,1493.5045166015625,3687.168212890625,13852.419921875
2020-11-23,3414.489990234375,2967.50341796875,,8342.421875,5416.91845703125,1493.5045166015625,3687.168212890625,13955.2802734375
2020-11-24,3402.822998046875,2967.50341796875,,8342.421875,5416.91845703125,1493.5045166015625,3687.168212890625,13902.5400390625
2020-11-25,3362.326904296875,2967.50341796875,,8342.421875,5416.91845703125,1493.5045166015625,3687.168212890625,13656.08984375
2020-11-26,3369.73291015625,2967.50341796875,,8342.421875,5416.91845703125,1493.5045166015625,3687.168212890625,13599.990234375
2020-11-27,3408.306884765625,2967.50341796875,,8342.421875,5416.91845703125,1493.5045166015625,3687.168212890625,13690.8798828125
2020-11-30,3391.760009765625,2967.50341796875,,8342.421875,5416.91845703125,1493.5045166015625,3687.168212890625,13670.1103515625
2020-12-01,3451.93994140625,2967.50341796875,,8342.421875,5416.91845703125,1493.5045166015625,3687.168212890625,13930.3701171875
2020-12-02,3449.381103515625,2967.50341796875,,8342.421875,5416.91845703125,1493.5045166015625,3687.168212890625,13961.580078125
2020-12-03,3442.135986328125,2967.50341796875,,8342.421875,5416.91845703125,1493.5045166015625,3687.168212890625,13970.6796875
2020-12-04,3444.5810546875,2967.50341796875,,8342.421875,5416.91845703125,1493.5045166015625,3687.168212890625,14026.66015625
2020-12-07,3416.60400390625,2967.50341796875,,8342.421875,5416.91845703125,1493.5045166015625,3687.168212890625,13973.48046875
2020-12-08,3410.179931640625,2967.50341796875,,8342.421875,5416.91845703125,1493.5045166015625,3687.168212890625,13973.8896484375
2020-12-09,3371.964111328125,2967.50341796875,,8342.421875,5416.91845703125,1493.5045166015625,3687.168212890625,13716.5302734375
2020-12-10,3373.27587890625,2967.50341796875,,8342.421875,5416.91845703125,1493.5045166015625,3687.168212890625,13731.33984375
2020-12-11,3347.19091796875,2967.50341796875,,8342.421875,5416.91845703125,1493.5045166015625,3687.168212890625,13555.1396484375
2020-12-14,3369.1201171875,2967.50341796875,,8342.421875,5416.91845703125,1493.5045166015625,3687.168212890625,13692.1298828125
2020-12-15,3367.22998046875,2967.50341796875,,8342.421875,5416.91845703125,1493.5045166015625,3687.168212890625,13763.3095703125
2020-12-16,3366.98291015625,2967.50341796875,,8342.421875,5416.91845703125,1493.5045166015625,3687.168212890625,13751.08984375
2020-12-17,3404.873046875,2967.50341796875,,8342.421875,5416.91845703125,1493.5045166015625,3687.168212890625,13889.8701171875
2020-12-18,3394.89990234375,2967.50341796875,,8342.421875,5416.91845703125,1493.5045166015625,3687.168212890625,13854.1201171875
2020-12-21,3420.569091796875,2967.50341796875,,8342.421875,5416.91845703125,1493.5045166015625,3687.168212890625,14134.849609375
2020-12-22,3356.781982421875,2967.50341796875,,8342.421875,5416.91845703125,1493.5045166015625,3687.168212890625,13882.2998046875
2020-12-23,3382.320068359375,2967.50341796875,,8342.421875,5416.91845703125,1493.5045166015625,3687.168212890625,14015.01953125
2020-12-24,3363.113037109375,2967.50341796875,,8342.421875,5416.91845703125,1493.5045166015625,3687.168212890625,13915.5703125
2020-12-25,3396.56298828125,2967.50341796875,,8342.421875,5416.91845703125,1493.5045166015625,3687.168212890625,14017.0595703125
2020-12-28,3397.284912109375,2967.50341796875,,8342.421875,5416.91845703125,1493.5045166015625,3687.168212890625,14044.099609375
2020-12-29,3379.035888671875,2967.50341796875,,8342.421875,5416.91845703125,1493.5045166015625,3687.168212890625,13970.2099609375
2020-12-30,3414.452880859375,2967.50341796875,,8342.421875,5416.91845703125,1493.5045166015625,3687.168212890625,14201.5703125
2020-12-31,3473.069091796875,2967.50341796875,,8342.421875,5416.91845703125,1493.5045166015625,3687.168212890625,14470.6796875
2021-01-04,3502.9580078125,2967.50341796875,,8342.421875,5416.91845703125,1493.5045166015625,3687.168212890625,14827.4697265625
2021-01-05,3528.677001953125,2967.50341796875,,8342.421875,5416.91845703125,1493.5045166015625,3687.168212890625,15147.5703125
2021-01-06,3550.876953125,2967.50341796875,,8342.421875,5416.91845703125,1493.5045166015625,3687.168212890625,15187.6103515625
2021-01-07,3576.205078125,2967.50341796875,,8342.421875,5416.91845703125,1493.5045166015625,3687.168212890625,15356.400390625
2021-01-08,3570.110107421875,2967.50341796875,,8342.421875,5416.91845703125,1493.5045166015625,3687.168212890625,15319.2900390625
2021-01-11,3531.498046875,2967.50341796875,,8342.421875,5416.91845703125,1493.5045166015625,3687.168212890625,15115.3798828125
2021-01-12,3608.340087890625,2967.50341796875,,8342.421875,5416.91845703125,1493.5045166015625,3687.168212890625,15460.0302734375
2021-01-13,3598.652099609375,2967.50341796875,,8342.421875,5416.91845703125,1493.5045166015625,3687.168212890625,15365.4296875
2021-01-14,3565.905029296875,2967.50341796875,,8342.421875,5416.91845703125,1493.5045166015625,3687.168212890625,15070.1298828125
2021-01-15,3566.3779296875,2967.50341796875,,8342.421875,5416.91845703125,1493.5045166015625,3687.168212890625,15031.7001953125
2021-01-18,3596.219970703125,2967.50341796875,,8342.421875,5416.91845703125,1493.5045166015625,3687.168212890625,15269.26953125
2021-01-19,3566.3798828125,2967.50341796875,,8342.421875,5416.91845703125,1493.5045166015625,3687.168212890625,15003.990234375
2021-01-20,3583.092041015625,2967.50341796875,,8342.421875,5416.91845703125,1493.5045166015625,3687.168212890625,15223.3603515625
2021-01-21,3621.263916015625,2967.50341796875,,8342.421875,5416.91845703125,1493.5045166015625,3687.168212890625,15520.599609375
2021-01-22,3606.75,2967.50341796875,,8342.421875,5416.91845703125,1493.5045166015625,3687.168212890625,15628.73046875
2021-01-25,3624.238037109375,2967.50341796875,,8342.421875,5416.91845703125,1493.5045166015625,3687.168212890625,15710.1904296875
2021-01-26,3569.428955078125,2967.50341796875,,8342.421875,5416.91845703125,1493.5045166015625,3687.168212890625,15352.419921875
2021-01-27,3573.340087890625,2967.50341796875,,8342.421875,5416.91845703125,1493.5045166015625,3687.168212890625,15413.83984375
2021-01-28,3505.176025390625,2967.50341796875,,8342.421875,5416.91845703125,1493.5045166015625,3687.168212890625,14913.2099609375
2021-01-29,3483.069091796875,2967.50341796875,,8342.421875,5416.91845703125,1493.5045166015625,3687.168212890625,14821.990234375
2021-02-01,3505.283935546875,2967.50341796875,,8342.421875,5416.91845703125,1493.5045166015625,3687.168212890625,15024.240234375
2021-02-02,3533.68505859375,2967.50341796875,,8342.421875,5416.91845703125,1493.5045166015625,3687.168212890625,15335.66015625
2021-02-03,3517.30810546875,2967.50341796875,,8342.421875,5416.91845703125,1493.5045166015625,3687.168212890625,15233.150390625
2021-02-04,3501.85888671875,2967.50341796875,,8342.421875,5416.91845703125,1493.5045166015625,3687.168212890625,15105.9404296875
2021-02-05,3496.330078125,2967.50341796875,,8342.421875,5416.91845703125,1493.5045166015625,3687.168212890625,15007.2998046875
2021-02-08,3532.447021484375,2967.50341796875,,8342.421875,5416.91845703125,1493.5045166015625,3687.168212890625,15269.6298828125
2021-02-09,3603.489013671875,2967.50341796875,,8342.421875,5416.91845703125,1493.5045166015625,3687.168212890625,15630.5703125
2021-02-10,3655.087890625,2967.50341796875,,8342.421875,5416.91845703125,1493.5045166015625,3687.168212890625,15962.25
2021-02-18,3675.35693359375,2967.50341796875,,8342.421875,5416.91845703125,1493.5045166015625,3687.168212890625,15767.4404296875
2021-02-19,3696.16796875,2967.50341796875,,8342.421875,5416.91845703125,1493.5045166015625,3687.168212890625,15823.1103515625
2021-02-22,3642.43994140625,2967.50341796875,,8342.421875,5416.91845703125,1493.5045166015625,3687.168212890625,15336.9501953125
2021-02-23,3636.360107421875,2967.50341796875,,8342.421875,5416.91845703125,1493.5045166015625,3687.168212890625,15243.25
2021-02-24,3564.080078125,2967.50341796875,,8342.421875,5416.91845703125,1493.5045166015625,3687.168212890625,14870.66015625
2021-02-25,3585.050048828125,2967.50341796875,,8342.421875,5416.91845703125,1493.5045166015625,3687.168212890625,14828.7998046875
2021-02-26,3509.080078125,2967.50341796875,,8342.421875,5416.91845703125,1493.5045166015625,3687.168212890625,14507.4501953125
2021-03-01,3551.39990234375,2967.50341796875,,8342.421875,5416.91845703125,1493.5045166015625,3687.168212890625,14857.33984375
2021-03-02,3508.591064453125,2967.50341796875,,8342.421875,5416.91845703125,1493.5045166015625,3687.168212890625,14751.1201171875
2021-03-03,3576.89990234375,2967.50341796875,,8342.421875,5416.91845703125,1493.5045166015625,3687.168212890625,14932.3896484375
2021-03-04,3503.489990234375,2967.50341796875,,8342.421875,5416.91845703125,1493.5045166015625,3687.168212890625,14416.0595703125
2021-03-05,3501.987060546875,2967.50341796875,,8342.421875,5416.91845703125,1493.5045166015625,3687.168212890625,14412.3095703125
2021-03-08,3421.409912109375,2967.50341796875,,8342.421875,5416.91845703125,1493.5045166015625,3687.168212890625,13863.8095703125
2021-03-09,3359.2900390625,2967.50341796875,,8342.421875,5416.91845703125,1493.5045166015625,3687.168212890625,13475.7197265625
2021-03-10,3357.739990234375,2967.50341796875,,8342.421875,5416.91845703125,1493.5045166015625,3687.168212890625,13563.33984375
2021-03-11,3436.830078125,2967.50341796875,5128.22021484375,8342.421875,5416.91845703125,1493.5045166015625,3687.168212890625,13866.3701171875
2021-03-12,3453.080078125,2967.50341796875,5146.3798828125,8342.421875,5416.91845703125,1493.5045166015625,3687.168212890625,13897.0302734375
2021-03-15,3419.949951171875,2967.50341796875,5035.5400390625,8342.421875,5416.91845703125,1493.5045166015625,3687.168212890625,13520.0703125
2021-03-16,3446.73291015625,2967.50341796875,5079.35986328125,8342.421875,5416.91845703125,1493.5045166015625,3687.168212890625,13642.9501953125
2021-03-17,3445.551025390625,2967.50341796875,5100.85986328125,8342.421875,5416.91845703125,1493.5045166015625,3687.168212890625,13809.76953125
2021-03-18,3463.068115234375,2967.50341796875,5141.77001953125,8342.421875,5416.91845703125,1493.5045166015625,3687.168212890625,13963.919921875
2021-03-19,3404.659912109375,2967.50341796875,5007.08984375,8342.421875,5416.91845703125,1493.5045166015625,3687.168212890625,13606.0
2021-03-22,3443.43994140625,2967.50341796875,5057.14990234375,8342.421875,5416.91845703125,1493.5045166015625,3687.168212890625,13760.9697265625
2021-03-23,3411.510009765625,2967.50341796875,5009.25,8342.421875,5416.91845703125,1493.5045166015625,3687.168212890625,13607.26953125
2021-03-24,3367.06005859375,2967.50341796875,4928.68994140625,8342.421875,5416.91845703125,1493.5045166015625,3687.168212890625,13407.349609375
2021-03-25,3363.590087890625,2967.50341796875,4926.35009765625,8342.421875,5416.91845703125,1493.5045166015625,3687.168212890625,13421.16015625
2021-03-26,3418.326904296875,2967.50341796875,5037.990234375,8342.421875,5416.91845703125,1493.5045166015625,3687.168212890625,13769.6796875
2021-03-29,3435.300048828125,2967.50341796875,5046.8798828125,8342.421875,5416.91845703125,1493.5045166015625,3687.168212890625,13771.259765625
2021-03-30,3456.679931640625,2967.50341796875,5094.72998046875,8342.421875,5416.91845703125,1493.5045166015625,3687.168212890625,13888.4404296875
2021-03-31,3441.909912109375,2967.50341796875,5048.35986328125,8342.421875,5416.91845703125,1493.5045166015625,3687.168212890625,13778.669921875
2021-04-01,3466.330078125,2967.50341796875,5110.77978515625,8342.421875,5416.91845703125,1493.5045166015625,3687.168212890625,13979.6904296875
2021-04-02,3484.39208984375,2967.50341796875,5161.56005859375,8342.421875,5416.91845703125,1493.5045166015625,3687.168212890625,14122.6103515625
2021-04-06,3482.969970703125,2967.50341796875,5140.33984375,8342.421875,5416.91845703125,1493.5045166015625,3687.168212890625,14083.33984375
2021-04-07,3479.6298828125,2967.50341796875,5103.740234375,8342.421875,5416.91845703125,1493.5045166015625,3687.168212890625,13979.3095703125
2021-04-08,3482.550048828125,2967.50341796875,5112.2099609375,8342.421875,5416.91845703125,1493.5045166015625,3687.168212890625,13989.9404296875
2021-04-09,3450.679931640625,2967.50341796875,5035.33984375,8342.421875,5416.91845703125,1493.5045166015625,3687.168212890625,13813.3095703125
2021-04-12,3412.949951171875,2967.50341796875,4947.75,8342.421875,5416.91845703125,1493.5045166015625,3687.168212890625,13495.7197265625
2021-04-13,3396.469970703125,2967.50341796875,4939.64013671875,8342.421875,5416.91845703125,1493.5045166015625,3687.168212890625,13528.3095703125
2021-04-14,3416.719970703125,2967.50341796875,4980.6298828125,8342.421875,5416.91845703125,1493.5045166015625,3687.168212890625,13738.0
2021-04-15,3398.989990234375,2967.50341796875,4948.97021484375,8342.421875,5416.91845703125,1493.5045166015625,3687.168212890625,13680.26953125
2021-04-16,3426.6201171875,2967.50341796875,4966.18017578125,8342.421875,5416.91845703125,1493.5045166015625,3687.168212890625,13720.740234375
2021-04-19,3477.550048828125,2967.50341796875,5087.02001953125,8342.421875,5416.91845703125,1493.5045166015625,3687.168212890625,14117.7998046875
2021-04-20,3472.93994140625,2967.50341796875,5083.3701171875,8342.421875,5416.91845703125,1493.5045166015625,3687.168212890625,14101.900390625
2021-04-21,3472.929931640625,2967.50341796875,5098.740234375,8342.421875,5416.91845703125,1493.5045166015625,3687.168212890625,14151.150390625
2021-04-22,3465.110107421875,2967.50341796875,5089.240234375,8342.421875,5416.91845703125,1493.5045166015625,3687.168212890625,14209.4404296875
2021-04-23,3474.169921875,2967.50341796875,5135.4501953125,8342.421875,5416.91845703125,1493.5045166015625,3687.168212890625,14351.8603515625
2021-04-26,3441.169921875,2967.50341796875,5077.240234375,8342.421875,5416.91845703125,1493.5045166015625,3687.168212890625,14224.4501953125
2021-04-27,3442.610107421875,2967.50341796875,5090.52001953125,8342.421875,5416.91845703125,1493.5045166015625,3687.168212890625,14264.080078125
2021-04-28,3457.070068359375,2967.50341796875,5119.240234375,8342.421875,5416.91845703125,1493.5045166015625,3687.168212890625,14398.3798828125
2021-04-29,3474.89990234375,2967.50341796875,5164.169921875,8342.421875,5416.91845703125,1493.5045166015625,3687.168212890625,14464.080078125
2021-04-30,3446.860107421875,2967.50341796875,5123.490234375,8342.421875,5416.91845703125,1493.5045166015625,3687.168212890625,14438.5703125
2021-05-06,3441.280029296875,2967.50341796875,5061.1201171875,8342.421875,5416.91845703125,1493.5045166015625,3687.168212890625,14210.599609375
2021-05-07,3418.8701171875,2967.50341796875,4996.0498046875,8342.421875,5416.91845703125,1493.5045166015625,3687.168212890625,13933.8095703125
2021-05-10,3427.989990234375,2967.50341796875,4992.419921875,8342.421875,5416.91845703125,1493.5045166015625,3687.168212890625,13917.9697265625
2021-05-11,3441.85009765625,2967.50341796875,5023.06005859375,8342.421875,5416.91845703125,1493.5045166015625,3687.168212890625,13966.7900390625
2021-05-12,3462.75,2967.50341796875,5044.5498046875,8342.421875,5416.91845703125,1493.5045166015625,3687.168212890625,14064.8701171875
2021-05-13,3429.5400390625,2967.50341796875,4992.97021484375,8342.421875,5416.91845703125,1493.5045166015625,3687.168212890625,13917.650390625
2021-05-14,3490.3798828125,2967.50341796875,5110.58984375,8342.421875,5416.91845703125,1493.5045166015625,3687.168212890625,14208.7802734375
2021-05-17,3517.6201171875,2967.50341796875,5184.990234375,8342.421875,5416.91845703125,1493.5045166015625,3687.168212890625,14456.5400390625
2021-05-18,3529.010009765625,2967.50341796875,5187.60009765625,8342.421875,5416.91845703125,1493.5045166015625,3687.168212890625,14450.599609375
2021-05-19,3510.9599609375,2967.50341796875,5172.27001953125,8342.421875,5416.91845703125,1493.5045166015625,3687.168212890625,14484.4501953125
2021-05-20,3506.93994140625,2967.50341796875,5186.41015625,8342.421875,5416.91845703125,1493.5045166015625,3687.168212890625,14535.099609375
2021-05-21,3486.56005859375,2967.50341796875,5134.14990234375,8342.421875,5416.91845703125,1493.5045166015625,3687.168212890625,14417.4599609375
2021-05-24,3497.280029296875,2967.50341796875,5155.58984375,8342.421875,5416.91845703125,1493.5045166015625,3687.168212890625,14506.6103515625
2021-05-25,3581.340087890625,2967.50341796875,5318.47998046875,8342.421875,5416.91845703125,1493.5045166015625,3687.168212890625,14846.4501953125
2021-05-26,3593.360107421875,2967.50341796875,5320.58984375,8342.421875,5416.91845703125,1493.5045166015625,3687.168212890625,14793.6796875
2021-05-27,3608.85009765625,2967.50341796875,5338.22998046875,8342.421875,5416.91845703125,1493.5045166015625,3687.168212890625,14897.1904296875
2021-05-28,3600.780029296875,2967.50341796875,5321.08984375,8342.421875,5416.91845703125,1493.5045166015625,3687.168212890625,14852.8798828125
2021-05-31,3615.47998046875,2967.50341796875,5331.56982421875,8342.421875,5416.91845703125,1493.5045166015625,3687.168212890625,14996.3798828125
2021-06-01,3624.7099609375,2967.50341796875,5341.68017578125,8342.421875,5416.91845703125,1493.5045166015625,3687.168212890625,15034.7802734375
2021-06-02,3597.139892578125,2967.50341796875,5289.97021484375,8342.421875,5416.91845703125,1493.5045166015625,3687.168212890625,14857.91015625
2021-06-03,3584.2099609375,2967.50341796875,5255.2900390625,8342.421875,5416.91845703125,1493.5045166015625,3687.168212890625,14761.1298828125
2021-06-04,3591.840087890625,2967.50341796875,5282.27978515625,8342.421875,5416.91845703125,1493.5045166015625,3687.168212890625,14870.91015625
2021-06-07,3599.5400390625,2967.50341796875,5277.6298828125,8342.421875,5416.91845703125,1493.5045166015625,3687.168212890625,14862.599609375
2021-06-08,3580.110107421875,2967.50341796875,5232.1201171875,8342.421875,5416.91845703125,1493.5045166015625,3687.168212890625,14716.98046875
2021-06-09,3591.39990234375,2967.50341796875,5236.4501953125,8342.421875,5416.91845703125,1493.5045166015625,3687.168212890625,14718.400390625
2021-06-10,3610.860107421875,2967.50341796875,5271.47021484375,8342.421875,5416.91845703125,1493.5045166015625,3687.168212890625,14893.58984375
2021-06-11,3589.75,2967.50341796875,5224.7001953125,8342.421875,5416.91845703125,1493.5045166015625,3687.168212890625,14801.240234375
2021-06-15,3556.56005859375,2967.50341796875,5166.56005859375,8342.421875,5416.91845703125,1493.5045166015625,3687.168212890625,14673.33984375
2021-06-16,3518.330078125,2967.50341796875,5080.490234375,8342.421875,5416.91845703125,1493.5045166015625,3687.168212890625,14295.9296875
2021-06-17,3525.60009765625,2967.50341796875,5101.89013671875,8342.421875,5416.91845703125,1493.5045166015625,3687.168212890625,14472.3701171875
2021-06-18,3525.10009765625,2967.50341796875,5102.47021484375,8342.421875,5416.91845703125,1493.5045166015625,3687.168212890625,14583.669921875
2021-06-21,3529.179931640625,2967.50341796875,5090.39013671875,8342.421875,5416.91845703125,1493.5045166015625,3687.168212890625,14641.2900390625
2021-06-22,3557.409912109375,2967.50341796875,5122.16015625,8342.421875,5416.91845703125,1493.5045166015625,3687.168212890625,14696.2900390625
2021-06-23,3566.219970703125,2967.50341796875,5147.39013671875,8342.421875,5416.91845703125,1493.5045166015625,3687.168212890625,14843.830078125
2021-06-24,3566.64990234375,2967.50341796875,5155.97021484375,8342.421875,5416.91845703125,1493.5045166015625,3687.168212890625,14784.7998046875
2021-06-25,3607.56005859375,2967.50341796875,5239.97021484375,8342.421875,5416.91845703125,1493.5045166015625,3687.168212890625,15003.849609375
2021-06-28,3606.3701171875,2967.50341796875,5251.759765625,8342.421875,5416.91845703125,1493.5045166015625,3687.168212890625,15150.169921875
2021-06-29,3573.179931640625,2967.50341796875,5190.5400390625,8342.421875,5416.91845703125,1493.5045166015625,3687.168212890625,14999.7998046875
2021-06-30,3591.199951171875,2967.50341796875,5224.0400390625,8342.421875,5416.91845703125,1493.5045166015625,3687.168212890625,15161.7001953125
2021-07-01,3588.780029296875,2967.50341796875,5229.66015625,8342.421875,5416.91845703125,1493.5045166015625,3687.168212890625,15038.8798828125
2021-07-02,3518.760009765625,2967.50341796875,5081.1201171875,8342.421875,5416.91845703125,1493.5045166015625,3687.168212890625,14670.7099609375
2021-07-05,3534.320068359375,2967.50341796875,5085.7900390625,8342.421875,5416.91845703125,1493.5045166015625,3687.168212890625,14718.66015625
2021-07-06,3530.260009765625,2967.50341796875,5083.10009765625,8342.421875,5416.91845703125,1493.5045166015625,3687.168212890625,14667.650390625
2021-07-07,3553.719970703125,2967.50341796875,5140.490234375,8342.421875,5416.91845703125,1493.5045166015625,3687.168212890625,14940.0498046875
2021-07-08,3525.5,2967.50341796875,5088.259765625,8342.421875,5416.91845703125,1493.5045166015625,3687.168212890625,14882.900390625
2021-07-09,3524.090087890625,2967.50341796875,5069.43994140625,8342.421875,5416.91845703125,1493.5045166015625,3687.168212890625,14844.3603515625
2021-07-12,3547.840087890625,2967.50341796875,5132.7099609375,8342.421875,5416.91845703125,1493.5045166015625,3687.168212890625,15161.51953125
2021-07-13,3566.52001953125,2967.50341796875,5142.10009765625,8342.421875,5416.91845703125,1493.5045166015625,3687.168212890625,15189.2900390625
2021-07-14,3528.5,2967.50341796875,5083.080078125,8342.421875,5416.91845703125,1493.5045166015625,3687.168212890625,15056.3203125
2021-07-15,3564.590087890625,2967.50341796875,5151.4599609375,8342.421875,5416.91845703125,1493.5045166015625,3687.168212890625,15169.330078125
2021-07-16,3539.300048828125,2967.50341796875,5094.77001953125,8342.421875,5416.91845703125,1493.5045166015625,3687.168212890625,14972.2099609375
2021-07-19,3539.1201171875,2967.50341796875,5113.490234375,8342.421875,5416.91845703125,1493.5045166015625,3687.168212890625,14992.900390625
2021-07-20,3536.7900390625,2967.50341796875,5108.990234375,8342.421875,5416.91845703125,1493.5045166015625,3687.168212890625,15011.349609375
2021-07-21,3562.660888671875,2967.50341796875,5144.0400390625,8342.421875,5416.91845703125,1493.5045166015625,3687.168212890625,15212.599609375
2021-07-22,3574.73388671875,2967.50341796875,5151.75,8342.421875,5416.91845703125,1493.5045166015625,3687.168212890625,15262.1904296875
2021-07-23,3550.39990234375,2967.50341796875,5089.22998046875,8342.421875,5416.91845703125,1493.5045166015625,3687.168212890625,15028.5703125
2021-07-26,3467.43994140625,2967.50341796875,4925.2998046875,8342.421875,5416.91845703125,1493.5045166015625,3687.168212890625,14630.849609375
2021-07-27,3381.179931640625,2967.50341796875,4751.31005859375,8342.421875,5416.91845703125,1493.5045166015625,3687.168212890625,14093.6396484375
2021-07-28,3361.590087890625,2967.50341796875,4760.47998046875,8342.421875,5416.91845703125,1493.5045166015625,3687.168212890625,14086.419921875
2021-07-29,3411.719970703125,2967.50341796875,4850.27001953125,8342.421875,5416.91845703125,1493.5045166015625,3687.168212890625,14515.3203125
2021-07-30,3397.360107421875,2967.50341796875,4811.169921875,8342.421875,5416.91845703125,1493.5045166015625,3687.168212890625,14473.2099609375
2021-08-02,3464.2900390625,2967.50341796875,4933.740234375,8342.421875,5416.91845703125,1493.5045166015625,3687.168212890625,14798.16015625
2021-08-03,3447.989990234375,2967.50341796875,4934.4599609375,8342.421875,5416.91845703125,1493.5045166015625,3687.168212890625,14736.919921875
2021-08-04,3477.219970703125,2967.50341796875,4978.85009765625,8342.421875,5416.91845703125,1493.5045166015625,3687.168212890625,14990.1103515625
2021-08-05,3466.550048828125,2967.50341796875,4948.669921875,8342.421875,5416.91845703125,1493.5045166015625,3687.168212890625,14872.23046875
2021-08-06,3458.22998046875,2967.50341796875,4921.56005859375,8342.421875,5416.91845703125,1493.5045166015625,3687.168212890625,14827.41015625
2021-08-09,3494.6298828125,2967.50341796875,4985.56005859375,8342.421875,5416.91845703125,1493.5045166015625,3687.168212890625,14941.4404296875
2021-08-10,3529.929931640625,2967.50341796875,5043.14990234375,8342.421875,5416.91845703125,1493.5045166015625,3687.168212890625,15057.58984375
2021-08-11,3532.6201171875,2967.50341796875,5015.33984375,8342.421875,5416.91845703125,1493.5045166015625,3687.168212890625,15021.169921875
2021-08-12,3524.739990234375,2967.50341796875,4973.35009765625,8342.421875,5416.91845703125,1493.5045166015625,3687.168212890625,14901.9697265625
2021-08-13,3516.300048828125,2967.50341796875,4945.97998046875,8342.421875,5416.91845703125,1493.5045166015625,3687.168212890625,14799.0302734375
2021-08-16,3517.340087890625,2967.50341796875,4941.06982421875,8342.421875,5416.91845703125,1493.5045166015625,3687.168212890625,14693.740234375
2021-08-17,3446.97607421875,2967.50341796875,4837.39990234375,8342.421875,5416.91845703125,1493.5045166015625,3687.168212890625,14350.650390625
2021-08-18,3485.285888671875,2967.50341796875,4894.240234375,8342.421875,5416.91845703125,1493.5045166015625,3687.168212890625,14454.1103515625
2021-08-19,3465.554931640625,2967.50341796875,4862.14013671875,8342.421875,5416.91845703125,1493.5045166015625,3687.168212890625,14487.3603515625
2021-08-20,3427.333984375,2967.50341796875,4769.27001953125,8342.421875,5416.91845703125,1493.5045166015625,3687.168212890625,14253.5302734375
2021-08-23,3477.1298828125,2967.50341796875,4835.8798828125,8342.421875,5416.91845703125,1493.5045166015625,3687.168212890625,14535.8798828125
2021-08-24,3514.470947265625,2967.50341796875,4888.39013671875,8342.421875,5416.91845703125,1493.5045166015625,3687.168212890625,14663.5498046875
2021-08-25,3540.3798828125,2967.50341796875,4898.16015625,8342.421875,5416.91845703125,1493.5045166015625,3687.168212890625,14697.5
2021-08-26,3501.6640625,2967.50341796875,4801.60986328125,8342.421875,5416.91845703125,1493.5045166015625,3687.168212890625,14415.4599609375
2021-08-27,3522.156982421875,2967.50341796875,4827.0400390625,8342.421875,5416.91845703125,1493.5045166015625,3687.168212890625,14436.900390625
2021-08-30,3528.15087890625,2967.50341796875,4813.27001953125,8342.421875,5416.91845703125,1493.5045166015625,3687.168212890625,14423.3701171875
2021-08-31,3543.93994140625,2967.50341796875,4805.60986328125,8342.421875,5416.91845703125,1493.5045166015625,3687.168212890625,14328.3798828125
2021-09-01,3567.10009765625,2967.50341796875,4869.4599609375,8342.421875,5416.91845703125,1493.5045166015625,3687.168212890625,14314.08984375
2021-09-02,3597.0400390625,2967.50341796875,4869.41015625,8342.421875,5416.91845703125,1493.5045166015625,3687.168212890625,14277.33984375
2021-09-03,3581.72998046875,2967.50341796875,4843.06005859375,8342.421875,5416.91845703125,1493.5045166015625,3687.168212890625,14179.8603515625
2021-09-06,3621.860107421875,2967.50341796875,4933.72998046875,8342.421875,5416.91845703125,1493.5045166015625,3687.168212890625,14546.599609375
2021-09-07,3676.590087890625,2967.50341796875,4992.830078125,8342.421875,5416.91845703125,1493.5045166015625,3687.168212890625,14702.900390625
2021-09-08,3675.18994140625,2967.50341796875,4972.1298828125,8342.421875,5416.91845703125,1493.5045166015625,3687.168212890625,14688.080078125
2021-09-09,3693.1298828125,2967.50341796875,4970.009765625,8342.421875,5416.91845703125,1493.5045166015625,3687.168212890625,14698.5302734375
2021-09-10,3703.110107421875,2967.50341796875,5013.52001953125,8342.421875,5416.91845703125,1493.5045166015625,3687.168212890625,14771.8701171875
2021-09-13,3715.3701171875,2967.50341796875,4991.66015625,8342.421875,5416.91845703125,1493.5045166015625,3687.168212890625,14705.830078125
2021-09-14,3662.60009765625,2967.50341796875,4917.16015625,8342.421875,5416.91845703125,1493.5045166015625,3687.168212890625,14626.080078125
2021-09-15,3656.219970703125,2967.50341796875,4867.31982421875,8342.421875,5416.91845703125,1493.5045166015625,3687.168212890625,14536.3095703125
2021-09-16,3607.090087890625,2967.50341796875,4807.7001953125,8342.421875,5416.91845703125,1493.5045166015625,3687.168212890625,14258.1298828125
2021-09-17,3613.969970703125,2967.50341796875,4855.93994140625,8342.421875,5416.91845703125,1493.5045166015625,3687.168212890625,14359.3603515625
2021-09-22,3628.489990234375,2967.50341796875,4821.77001953125,8342.421875,5416.91845703125,1493.5045166015625,3687.168212890625,14277.080078125
2021-09-23,3642.219970703125,2967.50341796875,4853.2001953125,8342.421875,5416.91845703125,1493.5045166015625,3687.168212890625,14387.3603515625
2021-09-24,3613.070068359375,2967.50341796875,4849.43017578125,8342.421875,5416.91845703125,1493.5045166015625,3687.168212890625,14357.849609375
2021-09-27,3582.830078125,2967.50341796875,4877.3701171875,8342.421875,5416.91845703125,1493.5045166015625,3687.168212890625,14344.2900390625
2021-09-28,3602.219970703125,2967.50341796875,4883.830078125,8342.421875,5416.91845703125,1493.5045166015625,3687.168212890625,14313.8203125
2021-09-29,3536.2900390625,2967.50341796875,4833.93017578125,8342.421875,5416.91845703125,1493.5045166015625,3687.168212890625,14079.01953125
2021-09-30,3568.169921875,2967.50341796875,4866.3798828125,8342.421875,5416.91845703125,1493.5045166015625,3687.168212890625,14309.009765625
2021-10-08,3592.169921875,2967.50341796875,4929.93994140625,8342.421875,5416.91845703125,1493.5045166015625,3687.168212890625,14414.16015625
2021-10-11,3591.7099609375,2967.50341796875,4936.18994140625,8342.421875,5416.91845703125,1493.5045166015625,3687.168212890625,14367.599609375
2021-10-12,3546.93994140625,2967.50341796875,4883.83984375,8342.421875,5416.91845703125,1493.5045166015625,3687.168212890625,14135.3798828125
2021-10-13,3561.760009765625,2967.50341796875,4940.10986328125,8342.421875,5416.91845703125,1493.5045166015625,3687.168212890625,14353.080078125
2021-10-14,3558.280029296875,2967.50341796875,4913.60986328125,8342.421875,5416.91845703125,1493.5045166015625,3687.168212890625,14341.3798828125
2021-10-15,3572.3701171875,2967.50341796875,4932.10986328125,8342.421875,5416.91845703125,1493.5045166015625,3687.168212890625,14415.990234375
2021-10-18,3568.139892578125,2967.50341796875,4874.77978515625,8342.421875,5416.91845703125,1493.5045166015625,3687.168212890625,14350.01953125
2021-10-19,3593.14990234375,2967.50341796875,4922.72021484375,8342.421875,5416.91845703125,1493.5045166015625,3687.168212890625,14499.76953125
2021-10-20,3587.0,2967.50341796875,4910.18017578125,8342.421875,5416.91845703125,1493.5045166015625,3687.168212890625,14452.25
2021-10-21,3594.780029296875,2967.50341796875,4928.02001953125,8342.421875,5416.91845703125,1493.5045166015625,3687.168212890625,14444.8603515625
2021-10-22,3582.60009765625,2967.50341796875,4959.72998046875,8342.421875,5416.91845703125,1493.5045166015625,3687.168212890625,14492.8203125
2021-10-25,3609.860107421875,2967.50341796875,4979.52001953125,8342.421875,5416.91845703125,1493.5045166015625,3687.168212890625,14596.7197265625
2021-10-26,3597.639892578125,2967.50341796875,4963.10009765625,8342.421875,5416.91845703125,1493.5045166015625,3687.168212890625,14552.8203125
2021-10-27,3562.31005859375,2967.50341796875,4898.16015625,8342.421875,5416.91845703125,1493.5045166015625,3687.168212890625,14393.509765625
2021-10-28,3518.419921875,2967.50341796875,4864.14013671875,8342.421875,5416.91845703125,1493.5045166015625,3687.168212890625,14244.8203125
2021-10-29,3547.340087890625,2967.50341796875,4908.77001953125,8342.421875,5416.91845703125,1493.5045166015625,3687.168212890625,14451.3798828125
2021-11-01,3544.47998046875,2967.50341796875,4890.68994140625,8342.421875,5416.91845703125,1493.5045166015625,3687.168212890625,14476.5302734375
2021-11-02,3505.6298828125,2967.50341796875,4839.85009765625,8342.421875,5416.91845703125,1493.5045166015625,3687.168212890625,14377.26953125
2021-11-03,3498.5400390625,2967.50341796875,4821.10986328125,8342.421875,5416.91845703125,1493.5045166015625,3687.168212890625,14367.7802734375
2021-11-04,3526.8701171875,2967.50341796875,4868.740234375,8342.421875,5416.91845703125,1493.5045166015625,3687.168212890625,14555.26953125
2021-11-05,3491.570068359375,2967.50341796875,4842.35009765625,8342.421875,5416.91845703125,1493.5045166015625,3687.168212890625,14462.6201171875
2021-11-08,3498.6298828125,2967.50341796875,4848.18017578125,8342.421875,5416.91845703125,1493.5045166015625,3687.168212890625,14508.8603515625
2021-11-09,3507.0,2967.50341796875,4846.740234375,8342.421875,5416.91845703125,1493.5045166015625,3687.168212890625,14571.9296875
2021-11-10,3492.4599609375,2967.50341796875,4821.18994140625,8342.421875,5416.91845703125,1493.5045166015625,3687.168212890625,14515.8798828125
2021-11-11,3532.7900390625,2967.50341796875,4898.64990234375,8342.421875,5416.91845703125,1493.5045166015625,3687.168212890625,14699.740234375
2021-11-12,3539.10009765625,2967.50341796875,4888.3701171875,8342.421875,5416.91845703125,1493.5045166015625,3687.168212890625,14705.3701171875
2021-11-15,3533.300048828125,2967.50341796875,4882.3798828125,8342.421875,5416.91845703125,1493.5045166015625,3687.168212890625,14636.3896484375
2021-11-16,3521.7900390625,2967.50341796875,4883.31982421875,8342.421875,5416.91845703125,1493.5045166015625,3687.168212890625,14613.9697265625
2021-11-17,3537.3701171875,2967.50341796875,4885.75,8342.421875,5416.91845703125,1493.5045166015625,3687.168212890625,14711.1796875
2021-11-18,3520.7099609375,2967.50341796875,4837.6201171875,8342.421875,5416.91845703125,1493.5045166015625,3687.168212890625,14579.169921875
2021-11-19,3560.3701171875,2967.50341796875,4890.06005859375,8342.421875,5416.91845703125,1493.5045166015625,3687.168212890625,14752.490234375
2021-11-22,3582.080078125,2967.50341796875,4912.39990234375,8342.421875,5416.91845703125,1493.5045166015625,3687.168212890625,14960.66015625
2021-11-23,3589.089111328125,2967.50341796875,4913.35009765625,8342.421875,5416.91845703125,1493.5045166015625,3687.168212890625,14905.1298828125
2021-11-24,3592.702880859375,2967.50341796875,4916.66015625,8342.421875,5416.91845703125,1493.5045166015625,3687.168212890625,14887.599609375
2021-11-25,3584.179931640625,2967.50341796875,4896.43994140625,8342.421875,5416.91845703125,1493.5045166015625,3687.168212890625,14827.9501953125
2021-11-26,3564.090087890625,2967.50341796875,4860.1298828125,8342.421875,5416.91845703125,1493.5045166015625,3687.168212890625,14777.169921875
2021-11-29,3562.699951171875,2967.50341796875,4851.419921875,8342.421875,5416.91845703125,1493.5045166015625,3687.168212890625,14810.2001953125
2021-11-30,3563.889892578125,2967.50341796875,4832.02978515625,8342.421875,5416.91845703125,1493.5045166015625,3687.168212890625,14795.73046875
2021-12-01,3576.889892578125,2967.50341796875,4843.85009765625,8342.421875,5416.91845703125,1493.5045166015625,3687.168212890625,14794.25
2021-12-02,3573.840087890625,2967.50341796875,4856.16015625,8342.421875,5416.91845703125,1493.5045166015625,3687.168212890625,14765.5595703125
2021-12-03,3607.429931640625,2967.50341796875,4901.02001953125,8342.421875,5416.91845703125,1493.5045166015625,3687.168212890625,14892.0498046875
2021-12-06,3589.31005859375,2967.50341796875,4892.6201171875,8342.421875,5416.91845703125,1493.5045166015625,3687.168212890625,14752.9599609375
2021-12-07,3595.090087890625,2967.50341796875,4922.10009765625,8342.421875,5416.91845703125,1493.5045166015625,3687.168212890625,14697.169921875
2021-12-08,3637.570068359375,2967.50341796875,4995.93017578125,8342.421875,5416.91845703125,1493.5045166015625,3687.168212890625,14964.4599609375
2021-12-09,3673.0400390625,2967.50341796875,5078.68994140625,8342.421875,5416.91845703125,1493.5045166015625,3687.168212890625,15147.8701171875
2021-12-10,3666.35009765625,2967.50341796875,5055.1201171875,8342.421875,5416.91845703125,1493.5045166015625,3687.168212890625,15111.5595703125
2021-12-13,3681.080078125,2967.50341796875,5083.7998046875,8342.421875,5416.91845703125,1493.5045166015625,3687.168212890625,15212.490234375
2021-12-14,3661.530029296875,2967.50341796875,5049.7001953125,8342.421875,5416.91845703125,1493.5045166015625,3687.168212890625,15136.7802734375
2021-12-15,3647.6298828125,2967.50341796875,5005.89990234375,8342.421875,5416.91845703125,1493.5045166015625,3687.168212890625,15026.2099609375
2021-12-16,3675.02001953125,2967.50341796875,5034.72998046875,8342.421875,5416.91845703125,1493.5045166015625,3687.168212890625,15112.8095703125
2021-12-17,3632.360107421875,2967.50341796875,4954.759765625,8342.421875,5416.91845703125,1493.5045166015625,3687.168212890625,14867.5498046875
2021-12-20,3593.60009765625,2967.50341796875,4880.419921875,8342.421875,5416.91845703125,1493.5045166015625,3687.168212890625,14569.1796875
2021-12-21,3625.1298828125,2967.50341796875,4913.490234375,8342.421875,5416.91845703125,1493.5045166015625,3687.168212890625,14688.98046875
2021-12-22,3622.6201171875,2967.50341796875,4914.4501953125,8342.421875,5416.91845703125,1493.5045166015625,3687.168212890625,14791.330078125
2021-12-23,3643.340087890625,2967.50341796875,4948.740234375,8342.421875,5416.91845703125,1493.5045166015625,3687.168212890625,14863.9296875
2021-12-24,3618.053955078125,2967.50341796875,4921.33984375,8342.421875,5416.91845703125,1493.5045166015625,3687.168212890625,14710.330078125
2021-12-27,3615.969970703125,2967.50341796875,4919.31982421875,8342.421875,5416.91845703125,1493.5045166015625,3687.168212890625,14715.650390625
2021-12-28,3630.112060546875,2967.50341796875,4955.9599609375,8342.421875,5416.91845703125,1493.5045166015625,3687.168212890625,14837.8701171875
2021-12-29,3597.0,2967.50341796875,4883.47998046875,8342.421875,5416.91845703125,1493.5045166015625,3687.168212890625,14653.8203125
2021-12-30,3619.18994140625,2967.50341796875,4921.509765625,8342.421875,5416.91845703125,1493.5045166015625,3687.168212890625,14796.23046875
2021-12-31,3639.780029296875,2967.50341796875,4940.3701171875,8342.421875,5416.91845703125,1493.5045166015625,3687.168212890625,14857.349609375
2022-01-04,3632.330078125,2967.50341796875,4917.77001953125,8342.421875,5416.91845703125,1493.5045166015625,3687.168212890625,14791.3095703125
2022-01-05,3595.179931640625,2967.50341796875,4868.1201171875,8342.421875,5416.91845703125,1493.5045166015625,3687.168212890625,14525.759765625
2022-01-06,3586.080078125,2967.50341796875,4818.22998046875,8342.421875,5416.91845703125,1493.5045166015625,3687.168212890625,14429.509765625
2022-01-07,3579.5400390625,2967.50341796875,4822.3701171875,8342.421875,5416.91845703125,1493.5045166015625,3687.168212890625,14343.650390625
2022-01-10,3593.52001953125,2967.50341796875,4844.0498046875,8342.421875,5416.91845703125,1493.5045166015625,3687.168212890625,14406.9697265625
2022-01-11,3567.43994140625,2967.50341796875,4797.77001953125,8342.421875,5416.91845703125,1493.5045166015625,3687.168212890625,14223.349609375
2022-01-12,3597.429931640625,2967.50341796875,4845.580078125,8342.421875,5416.91845703125,1493.5045166015625,3687.168212890625,14421.2001953125
2022-01-13,3555.260009765625,2967.50341796875,4765.919921875,8342.421875,5416.91845703125,1493.5045166015625,3687.168212890625,14138.33984375
2022-01-14,3521.260009765625,2967.50341796875,4726.72998046875,8342.421875,5416.91845703125,1493.5045166015625,3687.168212890625,14150.5703125
2022-01-17,3541.669921875,2967.50341796875,4767.27978515625,8342.421875,5416.91845703125,1493.5045166015625,3687.168212890625,14363.5703125
2022-01-18,3569.909912109375,2967.50341796875,4813.35009765625,8342.421875,5416.91845703125,1493.5045166015625,3687.168212890625,14391.3896484375
2022-01-19,3558.179931640625,2967.50341796875,4780.3798828125,8342.421875,5416.91845703125,1493.5045166015625,3687.168212890625,14207.1904296875
2022-01-20,3555.06005859375,2967.50341796875,4823.509765625,8342.421875,5416.91845703125,1493.5045166015625,3687.168212890625,14198.2998046875
2022-01-21,3522.570068359375,2967.50341796875,4779.31005859375,8342.421875,5416.91845703125,1493.5045166015625,3687.168212890625,14029.5498046875
2022-01-24,3524.110107421875,2967.50341796875,4786.740234375,8342.421875,5416.91845703125,1493.5045166015625,3687.168212890625,14081.7998046875
2022-01-25,3433.06005859375,2967.50341796875,4678.4501953125,8342.421875,5416.91845703125,1493.5045166015625,3687.168212890625,13683.8896484375
2022-01-26,3455.669921875,2967.50341796875,4712.31005859375,8342.421875,5416.91845703125,1493.5045166015625,3687.168212890625,13780.2998046875
2022-01-27,3394.25,2967.50341796875,4619.8798828125,8342.421875,5416.91845703125,1493.5045166015625,3687.168212890625,13398.83984375
2022-01-28,3361.43994140625,2967.50341796875,4563.77001953125,8342.421875,5416.91845703125,1493.5045166015625,3687.168212890625,13328.0595703125
2022-02-07,3429.580078125,2967.50341796875,4634.08984375,8342.421875,5416.91845703125,1493.5045166015625,3687.168212890625,13456.650390625
2022-02-08,3452.6298828125,2967.50341796875,4608.77001953125,8342.421875,5416.91845703125,1493.5045166015625,3687.168212890625,13325.41015625
2022-02-09,3479.949951171875,2967.50341796875,4652.06005859375,8342.421875,5416.91845703125,1493.5045166015625,3687.168212890625,13531.3095703125
2022-02-10,3485.909912109375,2967.50341796875,4639.85986328125,8342.421875,5416.91845703125,1493.5045166015625,3687.168212890625,13432.0703125
2022-02-11,3462.949951171875,2967.50341796875,4601.39990234375,8342.421875,5416.91845703125,1493.5045166015625,3687.168212890625,13224.3798828125
2022-02-14,3428.8798828125,2967.50341796875,4551.68994140625,8342.421875,5416.91845703125,1493.5045166015625,3687.168212890625,13123.2099609375
2022-02-15,3446.090087890625,2967.50341796875,4600.10009765625,8342.421875,5416.91845703125,1493.5045166015625,3687.168212890625,13345.6298828125
2022-02-16,3465.830078125,2967.50341796875,4617.990234375,8342.421875,5416.91845703125,1493.5045166015625,3687.168212890625,13376.3603515625
2022-02-17,3468.0400390625,2967.50341796875,4629.16015625,8342.421875,5416.91845703125,1493.5045166015625,3687.168212890625,13422.900390625
2022-02-18,3490.760009765625,2967.50341796875,4651.240234375,8342.421875,5416.91845703125,1493.5045166015625,3687.168212890625,13459.6796875
2022-02-21,3490.610107421875,2967.50341796875,4634.31005859375,8342.421875,5416.91845703125,1493.5045166015625,3687.168212890625,13471.16015625
2022-02-22,3457.14990234375,2967.50341796875,4574.14990234375,8342.421875,5416.91845703125,1493.5045166015625,3687.168212890625,13297.1103515625
2022-02-23,3489.14990234375,2967.50341796875,4623.0498046875,8342.421875,5416.91845703125,1493.5045166015625,3687.168212890625,13549.990234375
2022-02-24,3429.9599609375,2967.50341796875,4529.31982421875,8342.421875,5416.91845703125,1493.5045166015625,3687.168212890625,13252.240234375
2022-02-25,3451.409912109375,2967.50341796875,4573.419921875,8342.421875,5416.91845703125,1493.5045166015625,3687.168212890625,13412.919921875
2022-02-28,3462.31005859375,2967.50341796875,4581.64990234375,8342.421875,5416.91845703125,1493.5045166015625,3687.168212890625,13455.73046875
2022-03-01,3488.830078125,2967.50341796875,4619.68994140625,8342.421875,5416.91845703125,1493.5045166015625,3687.168212890625,13488.6396484375
2022-03-02,3484.18994140625,2967.50341796875,4578.60009765625,8342.421875,5416.91845703125,1493.5045166015625,3687.168212890625,13346.9599609375
2022-03-03,3481.110107421875,2967.50341796875,4551.6298828125,8342.421875,5416.91845703125,1493.5045166015625,3687.168212890625,13201.8203125
2022-03-04,3447.64990234375,2967.50341796875,4496.43017578125,8342.421875,5416.91845703125,1493.5045166015625,3687.168212890625,13020.4599609375
2022-03-07,3372.860107421875,2967.50341796875,4352.77978515625,8342.421875,5416.91845703125,1493.5045166015625,3687.168212890625,12573.4296875
2022-03-08,3293.530029296875,2967.50341796875,4265.39013671875,8342.421875,5416.91845703125,1493.5045166015625,3687.168212890625,12244.5
2022-03-09,3256.389892578125,2967.50341796875,4226.35009765625,8342.421875,5416.91845703125,1493.5045166015625,3687.168212890625,12107.169921875
2022-03-10,3296.090087890625,2967.50341796875,4292.83984375,8342.421875,5416.91845703125,1493.5045166015625,3687.168212890625,12370.9501953125
2022-03-11,3309.75,2967.50341796875,4306.52001953125,8342.421875,5416.91845703125,1493.5045166015625,3687.168212890625,12447.3701171875
2022-03-14,3223.530029296875,2967.50341796875,4174.759765625,8342.421875,5416.91845703125,1493.5045166015625,3687.168212890625,12063.6298828125
2022-03-15,3063.969970703125,2967.50341796875,3983.81005859375,8342.421875,5416.91845703125,1493.5045166015625,3687.168212890625,11537.240234375
2022-03-16,3170.7099609375,2967.50341796875,4156.080078125,8342.421875,5416.91845703125,1493.5045166015625,3687.168212890625,12000.9599609375
2022-03-17,3215.0400390625,2967.50341796875,4237.7001953125,8342.421875,5416.91845703125,1493.5045166015625,3687.168212890625,12289.9697265625
2022-03-18,3251.070068359375,2967.50341796875,4265.89990234375,8342.421875,5416.91845703125,1493.5045166015625,3687.168212890625,12328.650390625
2022-03-21,3253.68994140625,2967.50341796875,4258.75,8342.421875,5416.91845703125,1493.5045166015625,3687.168212890625,12379.6396484375
2022-03-22,3259.860107421875,2967.50341796875,4255.2998046875,8342.421875,5416.91845703125,1493.5045166015625,3687.168212890625,12318.7802734375
2022-03-23,3271.030029296875,2967.50341796875,4276.52001953125,8342.421875,5416.91845703125,1493.5045166015625,3687.168212890625,12408.650390625
2022-03-24,3250.260009765625,2967.50341796875,4251.31005859375,8342.421875,5416.91845703125,1493.5045166015625,3687.168212890625,12305.5
2022-03-25,3212.239990234375,2967.50341796875,4174.56982421875,8342.421875,5416.91845703125,1493.5045166015625,3687.168212890625,12072.73046875
2022-03-28,3214.5,2967.50341796875,4148.47021484375,8342.421875,5416.91845703125,1493.5045166015625,3687.168212890625,11949.9404296875
2022-03-29,3203.93994140625,2967.50341796875,4134.14013671875,8342.421875,5416.91845703125,1493.5045166015625,3687.168212890625,11895.080078125
2022-03-30,3266.60009765625,2967.50341796875,4254.10009765625,8342.421875,5416.91845703125,1493.5045166015625,3687.168212890625,12263.7998046875
2022-03-31,3252.199951171875,2967.50341796875,4222.60009765625,8342.421875,5416.91845703125,1493.5045166015625,3687.168212890625,12118.25
2022-04-01,3282.719970703125,2967.50341796875,4276.16015625,8342.421875,5416.91845703125,1493.5045166015625,3687.168212890625,12227.9296875
2022-04-06,3283.429931640625,2967.50341796875,4263.83984375,8342.421875,5416.91845703125,1493.5045166015625,3687.168212890625,12172.91015625
2022-04-07,3236.699951171875,2967.50341796875,4209.10009765625,8342.421875,5416.91845703125,1493.5045166015625,3687.168212890625,11972.01953125
2022-04-08,3251.85009765625,2967.50341796875,4230.77001953125,8342.421875,5416.91845703125,1493.5045166015625,3687.168212890625,11959.26953125
2022-04-11,3167.1298828125,2967.50341796875,4100.06982421875,8342.421875,5416.91845703125,1493.5045166015625,3687.168212890625,11520.2099609375
2022-04-12,3213.330078125,2967.50341796875,4179.97021484375,8342.421875,5416.91845703125,1493.5045166015625,3687.168212890625,11756.3798828125
2022-04-13,3186.820068359375,2967.50341796875,4139.740234375,8342.421875,5416.91845703125,1493.5045166015625,3687.168212890625,11568.169921875
2022-04-14,3225.639892578125,2967.50341796875,4191.56982421875,8342.421875,5416.91845703125,1493.5045166015625,3687.168212890625,11714.6201171875
2022-04-15,3211.2451171875,2967.50341796875,4188.75,8342.421875,5416.91845703125,1493.5045166015625,3687.168212890625,11648.5703125
2022-04-18,3195.52001953125,2967.50341796875,4166.3798828125,8342.421875,5416.91845703125,1493.5045166015625,3687.168212890625,11691.4697265625
2022-04-19,3194.030029296875,2967.50341796875,4134.89990234375,8342.421875,5416.91845703125,1493.5045166015625,3687.168212890625,11633.3203125
2022-04-20,3151.050048828125,2967.50341796875,4070.7900390625,8342.421875,5416.91845703125,1493.5045166015625,3687.168212890625,11392.23046875
2022-04-21,3079.81005859375,2967.50341796875,3995.830078125,8342.421875,5416.91845703125,1493.5045166015625,3687.168212890625,11084.2802734375
2022-04-22,3086.919921875,2967.50341796875,4013.25,8342.421875,5416.91845703125,1493.5045166015625,3687.168212890625,11051.7001953125
2022-04-25,2928.510009765625,2967.50341796875,3814.909912109375,8342.421875,5416.91845703125,1493.5045166015625,3687.168212890625,10379.2802734375
2022-04-26,2886.429931640625,2967.50341796875,3784.1201171875,8342.421875,5416.91845703125,1493.5045166015625,3687.168212890625,10206.6396484375
2022-04-27,2958.280029296875,2967.50341796875,3895.5400390625,8342.421875,5416.91845703125,1493.5045166015625,3687.168212890625,10652.900390625
2022-04-28,2975.47998046875,2967.50341796875,3921.110107421875,8342.421875,5416.91845703125,1493.5045166015625,3687.168212890625,10628.919921875
2022-04-29,3047.06005859375,2967.50341796875,4016.239990234375,8342.421875,5416.91845703125,1493.5045166015625,3687.168212890625,11021.4404296875
2022-05-05,3067.760009765625,2967.50341796875,4010.2099609375,8342.421875,5416.91845703125,1493.5045166015625,3687.168212890625,11046.3798828125
2022-05-06,3001.56005859375,2967.50341796875,3908.820068359375,8342.421875,5416.91845703125,1493.5045166015625,3687.168212890625,10809.8798828125
2022-05-09,3004.139892578125,2967.50341796875,3877.43994140625,8342.421875,5416.91845703125,1493.5045166015625,3687.168212890625,10765.6298828125
2022-05-10,3035.840087890625,2967.50341796875,3919.8701171875,8342.421875,5416.91845703125,1493.5045166015625,3687.168212890625,10912.740234375
2022-05-11,3058.699951171875,2967.50341796875,3976.419921875,8342.421875,5416.91845703125,1493.5045166015625,3687.168212890625,11109.48046875
2022-05-12,3054.989990234375,2967.50341796875,3958.739990234375,8342.421875,5416.91845703125,1493.5045166015625,3687.168212890625,11094.8701171875
2022-05-13,3084.280029296875,2967.50341796875,3988.60009765625,8342.421875,5416.91845703125,1493.5045166015625,3687.168212890625,11159.7900390625
2022-05-16,3073.75,2967.50341796875,3956.5400390625,8342.421875,5416.91845703125,1493.5045166015625,3687.168212890625,11093.3701171875
2022-05-17,3093.699951171875,2967.50341796875,4005.889892578125,8342.421875,5416.91845703125,1493.5045166015625,3687.168212890625,11230.16015625
2022-05-18,3085.97998046875,2967.50341796875,3991.909912109375,8342.421875,5416.91845703125,1493.5045166015625,3687.168212890625,11208.080078125
2022-05-19,3096.9599609375,2967.50341796875,3999.60009765625,8342.421875,5416.91845703125,1493.5045166015625,3687.168212890625,11250.0595703125
2022-05-20,3146.570068359375,2967.50341796875,4077.60009765625,8342.421875,5416.91845703125,1493.5045166015625,3687.168212890625,11454.5302734375
2022-05-23,3146.860107421875,2967.50341796875,4053.97998046875,8342.421875,5416.91845703125,1493.5045166015625,3687.168212890625,11447.9501953125
2022-05-24,3070.929931640625,2967.50341796875,3959.14990234375,8342.421875,5416.91845703125,1493.5045166015625,3687.168212890625,11065.919921875
2022-05-25,3107.4599609375,2967.50341796875,3983.179931640625,8342.421875,5416.91845703125,1493.5045166015625,3687.168212890625,11143.1796875
2022-05-26,3123.110107421875,2967.50341796875,3993.0400390625,8342.421875,5416.91845703125,1493.5045166015625,3687.168212890625,11206.8203125
2022-05-27,3130.239990234375,2967.50341796875,4001.300048828125,8342.421875,5416.91845703125,1493.5045166015625,3687.168212890625,11193.58984375
2022-05-30,3149.06005859375,2967.50341796875,4029.02001953125,8342.421875,5416.91845703125,1493.5045166015625,3687.168212890625,11310.2802734375
2022-05-31,3186.429931640625,2967.50341796875,4091.52001953125,8342.421875,5416.91845703125,1493.5045166015625,3687.168212890625,11527.6201171875
2022-06-01,3182.159912109375,2967.50341796875,4083.179931640625,8342.421875,5416.91845703125,1493.5045166015625,3687.168212890625,11551.26953125
2022-06-02,3195.4599609375,2967.50341796875,4089.570068359375,8342.421875,5416.91845703125,1493.5045166015625,3687.168212890625,11628.3095703125
2022-06-06,3236.3701171875,2967.50341796875,4166.08984375,8342.421875,5416.91845703125,1493.5045166015625,3687.168212890625,11938.1201171875
2022-06-07,3241.760009765625,2967.50341796875,4179.1298828125,8342.421875,5416.91845703125,1493.5045166015625,3687.168212890625,11935.5703125
2022-06-08,3263.7900390625,2967.50341796875,4219.81005859375,8342.421875,5416.91845703125,1493.5045166015625,3687.168212890625,12033.259765625
2022-06-09,3238.949951171875,2967.50341796875,4175.669921875,8342.421875,5416.91845703125,1493.5045166015625,3687.168212890625,11810.580078125
2022-06-10,3284.830078125,2967.50341796875,4238.990234375,8342.421875,5416.91845703125,1493.5045166015625,3687.168212890625,12035.150390625
2022-06-13,3255.550048828125,2967.50341796875,4189.35009765625,8342.421875,5416.91845703125,1493.5045166015625,3687.168212890625,11999.3095703125
2022-06-14,3288.909912109375,2967.50341796875,4222.31005859375,8342.421875,5416.91845703125,1493.5045166015625,3687.168212890625,12023.7900390625
2022-06-15,3305.409912109375,2967.50341796875,4278.22021484375,8342.421875,5416.91845703125,1493.5045166015625,3687.168212890625,12137.759765625
2022-06-16,3285.3798828125,2967.50341796875,4250.06005859375,8342.421875,5416.91845703125,1493.5045166015625,3687.168212890625,12150.9599609375
2022-06-17,3316.7900390625,2967.50341796875,4309.0400390625,8342.421875,5416.91845703125,1493.5045166015625,3687.168212890625,12331.1396484375
2022-06-20,3315.429931640625,2967.50341796875,4330.43017578125,8342.421875,5416.91845703125,1493.5045166015625,3687.168212890625,12487.1298828125
2022-06-21,3306.719970703125,2967.50341796875,4325.56982421875,8342.421875,5416.91845703125,1493.5045166015625,3687.168212890625,12423.8603515625
2022-06-22,3267.199951171875,2967.50341796875,4270.6201171875,8342.421875,5416.91845703125,1493.5045166015625,3687.168212890625,12246.5498046875
2022-06-23,3320.14990234375,2967.50341796875,4343.8798828125,8342.421875,5416.91845703125,1493.5045166015625,3687.168212890625,12514.73046875
2022-06-24,3349.75,2967.50341796875,4394.77001953125,8342.421875,5416.91845703125,1493.5045166015625,3687.168212890625,12686.0302734375
2022-06-27,3379.18994140625,2967.50341796875,4444.259765625,8342.421875,5416.91845703125,1493.5045166015625,3687.168212890625,12825.5703125
2022-06-28,3409.2099609375,2967.50341796875,4490.52001953125,8342.421875,5416.91845703125,1493.5045166015625,3687.168212890625,12982.6904296875
2022-06-29,3361.52001953125,2967.50341796875,4421.35986328125,8342.421875,5416.91845703125,1493.5045166015625,3687.168212890625,12696.5
2022-06-30,3398.6201171875,2967.50341796875,4485.009765625,8342.421875,5416.91845703125,1493.5045166015625,3687.168212890625,12896.2001953125
2022-07-01,3387.639892578125,2967.50341796875,4466.72021484375,8342.421875,5416.91845703125,1493.5045166015625,3687.168212890625,12860.3603515625
2022-07-04,3405.429931640625,2967.50341796875,4496.02978515625,8342.421875,5416.91845703125,1493.5045166015625,3687.168212890625,13026.25
2022-07-05,3404.030029296875,2967.50341796875,4489.5400390625,8342.421875,5416.91845703125,1493.5045166015625,3687.168212890625,12973.1103515625
2022-07-06,3355.35009765625,2967.50341796875,4423.97021484375,8342.421875,5416.91845703125,1493.5045166015625,3687.168212890625,12811.330078125
2022-07-07,3364.39990234375,2967.50341796875,4443.47021484375,8342.421875,5416.91845703125,1493.5045166015625,3687.168212890625,12935.849609375
2022-07-08,3356.080078125,2967.50341796875,4428.77978515625,8342.421875,5416.91845703125,1493.5045166015625,3687.168212890625,12857.1298828125
2022-07-11,3313.580078125,2967.50341796875,4354.6201171875,8342.421875,5416.91845703125,1493.5045166015625,3687.168212890625,12617.23046875
2022-07-12,3281.469970703125,2967.50341796875,4313.6201171875,8342.421875,5416.91845703125,1493.5045166015625,3687.168212890625,12439.26953125
2022-07-13,3284.2900390625,2967.50341796875,4321.4599609375,8342.421875,5416.91845703125,1493.5045166015625,3687.168212890625,12508.8896484375
2022-07-14,3281.739990234375,2967.50341796875,4322.06982421875,8342.421875,5416.91845703125,1493.5045166015625,3687.168212890625,12602.7802734375
2022-07-15,3228.06005859375,2967.50341796875,4248.52978515625,8342.421875,5416.91845703125,1493.5045166015625,3687.168212890625,12411.009765625
2022-07-18,3278.10009765625,2967.50341796875,4292.58984375,8342.421875,5416.91845703125,1493.5045166015625,3687.168212890625,12532.650390625
2022-07-19,3279.429931640625,2967.50341796875,4269.33984375,8342.421875,5416.91845703125,1493.5045166015625,3687.168212890625,12494.76953125
2022-07-20,3304.719970703125,2967.50341796875,4283.7998046875,8342.421875,5416.91845703125,1493.5045166015625,3687.168212890625,12573.1201171875
2022-07-21,3272.0,2967.50341796875,4236.06005859375,8342.421875,5416.91845703125,1493.5045166015625,3687.168212890625,12455.1904296875
2022-07-22,3269.969970703125,2967.50341796875,4238.22998046875,8342.421875,5416.91845703125,1493.5045166015625,3687.168212890625,12394.01953125
2022-07-25,3250.389892578125,2967.50341796875,4212.64013671875,8342.421875,5416.91845703125,1493.5045166015625,3687.168212890625,12291.58984375
2022-07-26,3277.43994140625,2967.50341796875,4245.97998046875,8342.421875,5416.91845703125,1493.5045166015625,3687.168212890625,12408.5595703125
2022-07-27,3275.760009765625,2967.50341796875,4225.0400390625,8342.421875,5416.91845703125,1493.5045166015625,3687.168212890625,12399.6904296875
2022-07-28,3282.580078125,2967.50341796875,4225.669921875,8342.421875,5416.91845703125,1493.5045166015625,3687.168212890625,12428.7197265625
2022-07-29,3253.239990234375,2967.50341796875,4170.10009765625,8342.421875,5416.91845703125,1493.5045166015625,3687.168212890625,12266.919921875
2022-08-01,3259.9599609375,2967.50341796875,4188.68017578125,8342.421875,5416.91845703125,1493.5045166015625,3687.168212890625,12413.8701171875
2022-08-02,3186.27001953125,2967.50341796875,4107.02001953125,8342.421875,5416.91845703125,1493.5045166015625,3687.168212890625,12120.01953125
2022-08-03,3163.669921875,2967.50341796875,4066.97998046875,8342.421875,5416.91845703125,1493.5045166015625,3687.168212890625,11982.259765625
2022-08-04,3189.0400390625,2967.50341796875,4101.5400390625,8342.421875,5416.91845703125,1493.5045166015625,3687.168212890625,12065.2197265625
2022-08-05,3227.030029296875,2967.50341796875,4156.91015625,8342.421875,5416.91845703125,1493.5045166015625,3687.168212890625,12269.2099609375
2022-08-08,3236.929931640625,2967.50341796875,4148.06982421875,8342.421875,5416.91845703125,1493.5045166015625,3687.168212890625,12302.150390625
2022-08-09,3247.429931640625,2967.50341796875,4156.2900390625,8342.421875,5416.91845703125,1493.5045166015625,3687.168212890625,12331.08984375
2022-08-10,3230.02001953125,2967.50341796875,4109.740234375,8342.421875,5416.91845703125,1493.5045166015625,3687.168212890625,12223.509765625
2022-08-11,3281.669921875,2967.50341796875,4193.5400390625,8342.421875,5416.91845703125,1493.5045166015625,3687.168212890625,12474.0302734375
2022-08-12,3276.889892578125,2967.50341796875,4191.14990234375,8342.421875,5416.91845703125,1493.5045166015625,3687.168212890625,12419.3896484375
2022-08-15,3276.090087890625,2967.50341796875,4185.68017578125,8342.421875,5416.91845703125,1493.5045166015625,3687.168212890625,12460.2197265625
2022-08-16,3277.8798828125,2967.50341796875,4177.83984375,8342.421875,5416.91845703125,1493.5045166015625,3687.168212890625,12470.1103515625
2022-08-17,3292.530029296875,2967.50341796875,4216.9599609375,8342.421875,5416.91845703125,1493.5045166015625,3687.168212890625,12595.4599609375
2022-08-18,3277.5400390625,2967.50341796875,4180.10009765625,8342.421875,5416.91845703125,1493.5045166015625,3687.168212890625,12517.3203125
2022-08-19,3258.080078125,2967.50341796875,4151.06982421875,8342.421875,5416.91845703125,1493.5045166015625,3687.168212890625,12358.5498046875
2022-08-22,3277.7900390625,2967.50341796875,4181.39990234375,8342.421875,5416.91845703125,1493.5045166015625,3687.168212890625,12505.6796875
2022-08-23,3276.219970703125,2967.50341796875,4161.080078125,8342.421875,5416.91845703125,1493.5045166015625,3687.168212890625,12455.150390625
2022-08-24,3215.199951171875,2967.50341796875,4082.419921875,8342.421875,5416.91845703125,1493.5045166015625,3687.168212890625,12096.3896484375
2022-08-25,3246.25,2967.50341796875,4116.240234375,8342.421875,5416.91845703125,1493.5045166015625,3687.168212890625,12104.0302734375
2022-08-26,3236.219970703125,2967.50341796875,4107.5498046875,8342.421875,5416.91845703125,1493.5045166015625,3687.168212890625,12059.7099609375
2022-08-29,3240.72998046875,2967.50341796875,4089.52001953125,8342.421875,5416.91845703125,1493.5045166015625,3687.168212890625,12018.16015625
2022-08-30,3227.219970703125,2967.50341796875,4075.7900390625,8342.421875,5416.91845703125,1493.5045166015625,3687.168212890625,11970.7900390625
2022-08-31,3202.139892578125,2967.50341796875,4078.840087890625,8342.421875,5416.91845703125,1493.5045166015625,3687.168212890625,11815.7900390625
2022-09-01,3184.97998046875,2967.50341796875,4043.739990234375,8342.421875,5416.91845703125,1493.5045166015625,3687.168212890625,11712.3896484375
2022-09-02,3186.47998046875,2967.50341796875,4023.610107421875,8342.421875,5416.91845703125,1493.5045166015625,3687.168212890625,11702.3896484375
2022-09-05,3199.912109375,2967.50341796875,4015.429931640625,8342.421875,5416.91845703125,1493.5045166015625,3687.168212890625,11678.6904296875
2022-09-06,3243.449951171875,2967.50341796875,4052.280029296875,8342.421875,5416.91845703125,1493.5045166015625,3687.168212890625,11799.8095703125
2022-09-07,3246.2900390625,2967.50341796875,4054.97998046875,8342.421875,5416.91845703125,1493.5045166015625,3687.168212890625,11849.080078125
2022-09-08,3235.590087890625,2967.50341796875,4037.679931640625,8342.421875,5416.91845703125,1493.5045166015625,3687.168212890625,11746.919921875
2022-09-09,3262.050048828125,2967.50341796875,4093.7900390625,8342.421875,5416.91845703125,1493.5045166015625,3687.168212890625,11877.7900390625
2022-09-13,3263.800048828125,2967.50341796875,4111.10986328125,8342.421875,5416.91845703125,1493.5045166015625,3687.168212890625,11923.4697265625
2022-09-14,3237.5400390625,2967.50341796875,4065.360107421875,8342.421875,5416.91845703125,1493.5045166015625,3687.168212890625,11774.7802734375
2022-09-15,3199.919921875,2967.50341796875,4027.1201171875,8342.421875,5416.91845703125,1493.5045166015625,3687.168212890625,11526.9599609375
2022-09-16,3126.39990234375,2967.50341796875,3932.679931640625,8342.421875,5416.91845703125,1493.5045166015625,3687.168212890625,11261.5
2022-09-19,3115.60009765625,2967.50341796875,3928.0,8342.421875,5416.91845703125,1493.5045166015625,3687.168212890625,11207.0400390625
2022-09-20,3122.409912109375,2967.50341796875,3932.840087890625,8342.421875,5416.91845703125,1493.5045166015625,3687.168212890625,11283.919921875
2022-09-21,3117.179931640625,2967.50341796875,3903.72998046875,8342.421875,5416.91845703125,1493.5045166015625,3687.168212890625,11208.509765625
2022-09-22,3108.909912109375,2967.50341796875,3869.340087890625,8342.421875,5416.91845703125,1493.5045166015625,3687.168212890625,11114.4296875
2022-09-23,3088.3701171875,2967.50341796875,3856.02001953125,8342.421875,5416.91845703125,1493.5045166015625,3687.168212890625,11006.41015625
2022-09-26,3051.22998046875,2967.50341796875,3836.679931640625,8342.421875,5416.91845703125,1493.5045166015625,3687.168212890625,10962.5595703125
2022-09-27,3093.860107421875,2967.50341796875,3892.300048828125,8342.421875,5416.91845703125,1493.5045166015625,3687.168212890625,11175.1201171875
2022-09-28,3045.070068359375,2967.50341796875,3828.7099609375,8342.421875,5416.91845703125,1493.5045166015625,3687.168212890625,10899.7001953125
2022-09-29,3041.199951171875,2967.50341796875,3827.139892578125,8342.421875,5416.91845703125,1493.5045166015625,3687.168212890625,10919.4404296875
2022-09-30,3024.389892578125,2967.50341796875,3804.889892578125,8342.421875,5416.91845703125,1493.5045166015625,3687.168212890625,10778.6103515625
2022-10-10,2974.14990234375,2967.50341796875,3720.93994140625,8342.421875,5416.91845703125,1493.5045166015625,3687.168212890625,10522.1201171875
2022-10-11,2979.7900390625,2967.50341796875,3727.68994140625,8342.421875,5416.91845703125,1493.5045166015625,3687.168212890625,10577.8095703125
2022-10-12,3025.510009765625,2967.50341796875,3784.31005859375,8342.421875,5416.91845703125,1493.5045166015625,3687.168212890625,10838.48046875
2022-10-13,3016.360107421875,2967.50341796875,3752.669921875,8342.421875,5416.91845703125,1493.5045166015625,3687.168212890625,10817.669921875
2022-10-14,3071.989990234375,2967.50341796875,3842.469970703125,8342.421875,5416.91845703125,1493.5045166015625,3687.168212890625,11121.7197265625
2022-10-17,3084.93994140625,2967.50341796875,3846.409912109375,8342.421875,5416.91845703125,1493.5045166015625,3687.168212890625,11162.259765625
2022-10-18,3080.9599609375,2967.50341796875,3838.27001953125,8342.421875,5416.91845703125,1493.5045166015625,3687.168212890625,11187.7001953125
2022-10-19,3044.3798828125,2967.50341796875,3776.530029296875,8342.421875,5416.91845703125,1493.5045166015625,3687.168212890625,11027.240234375
2022-10-20,3035.050048828125,2967.50341796875,3754.929931640625,8342.421875,5416.91845703125,1493.5045166015625,3687.168212890625,10965.330078125
2022-10-21,3038.929931640625,2967.50341796875,3742.889892578125,8342.421875,5416.91845703125,1493.5045166015625,3687.168212890625,10918.9697265625
2022-10-24,2977.56005859375,2967.50341796875,3633.3701171875,8342.421875,5416.91845703125,1493.5045166015625,3687.168212890625,10694.6103515625
2022-10-25,2976.280029296875,2967.50341796875,3627.449951171875,8342.421875,5416.91845703125,1493.5045166015625,3687.168212890625,10639.8203125
2022-10-26,2999.5,2967.50341796875,3656.89990234375,8342.421875,5416.91845703125,1493.5045166015625,3687.168212890625,10818.330078125
2022-10-27,2982.89990234375,2967.50341796875,3631.139892578125,8342.421875,5416.91845703125,1493.5045166015625,3687.168212890625,10750.1396484375
2022-10-28,2915.929931640625,2967.50341796875,3541.330078125,8342.421875,5416.91845703125,1493.5045166015625,3687.168212890625,10401.83984375
2022-10-31,2893.47998046875,2967.50341796875,3508.699951171875,8342.421875,5416.91845703125,1493.5045166015625,3687.168212890625,10397.0400390625
2022-11-01,2969.199951171875,2967.50341796875,3634.169921875,8342.421875,5416.91845703125,1493.5045166015625,3687.168212890625,10734.25
2022-11-02,3003.3701171875,2967.50341796875,3677.81005859375,8342.421875,5416.91845703125,1493.5045166015625,3687.168212890625,10877.509765625
2022-11-03,2997.81005859375,2967.50341796875,3647.89990234375,8342.421875,5416.91845703125,1493.5045166015625,3687.168212890625,10840.0595703125
2022-11-04,3070.800048828125,2967.50341796875,3767.169921875,8342.421875,5416.91845703125,1493.5045166015625,3687.168212890625,11187.4296875
2022-11-07,3077.820068359375,2967.50341796875,3775.300048828125,8342.421875,5416.91845703125,1493.5045166015625,3687.168212890625,11207.73046875
2022-11-08,3064.489990234375,2967.50341796875,3749.330078125,8342.421875,5416.91845703125,1493.5045166015625,3687.168212890625,11142.9296875
2022-11-09,3048.169921875,2967.50341796875,3714.27001953125,8342.421875,5416.91845703125,1493.5045166015625,3687.168212890625,11055.2900390625
2022-11-10,3036.1298828125,2967.50341796875,3685.68994140625,8342.421875,5416.91845703125,1493.5045166015625,3687.168212890625,10908.5498046875
2022-11-11,3087.2900390625,2967.50341796875,3788.43994140625,8342.421875,5416.91845703125,1493.5045166015625,3687.168212890625,11139.76953125
2022-11-14,3083.39990234375,2967.50341796875,3794.02001953125,8342.421875,5416.91845703125,1493.5045166015625,3687.168212890625,11113.4599609375
2022-11-15,3134.080078125,2967.50341796875,3865.969970703125,8342.421875,5416.91845703125,1493.5045166015625,3687.168212890625,11351.330078125
2022-11-16,3119.97998046875,2967.50341796875,3834.389892578125,8342.421875,5416.91845703125,1493.5045166015625,3687.168212890625,11235.5595703125
2022-11-17,3115.429931640625,2967.50341796875,3818.659912109375,8342.421875,5416.91845703125,1493.5045166015625,3687.168212890625,11221.4501953125
2022-11-18,3097.239990234375,2967.50341796875,3801.570068359375,8342.421875,5416.91845703125,1493.5045166015625,3687.168212890625,11180.4296875
2022-11-21,3085.0439453125,2967.50341796875,3769.1298828125,8342.421875,5416.91845703125,1493.5045166015625,3687.168212890625,11134.4697265625
2022-11-22,3088.943115234375,2967.50341796875,3769.570068359375,8342.421875,5416.91845703125,1493.5045166015625,3687.168212890625,11002.9296875
2022-11-23,3096.906982421875,2967.50341796875,3773.530029296875,8342.421875,5416.91845703125,1493.5045166015625,3687.168212890625,10972.8095703125
2022-11-24,3089.31005859375,2967.50341796875,3756.81005859375,8342.421875,5416.91845703125,1493.5045166015625,3687.168212890625,10956.6796875
2022-11-25,3101.68994140625,2967.50341796875,3775.780029296875,8342.421875,5416.91845703125,1493.5045166015625,3687.168212890625,10904.26953125
2022-11-28,3078.550048828125,2967.50341796875,3733.239990234375,8342.421875,5416.91845703125,1493.5045166015625,3687.168212890625,10829.080078125
2022-11-29,3149.75,2967.50341796875,3848.419921875,8342.421875,5416.91845703125,1493.5045166015625,3687.168212890625,11089.009765625
2022-11-30,3151.340087890625,2967.50341796875,3853.0400390625,8342.421875,5416.91845703125,1493.5045166015625,3687.168212890625,11108.5
2022-12-01,3165.469970703125,2967.50341796875,3894.77001953125,8342.421875,5416.91845703125,1493.5045166015625,3687.168212890625,11264.16015625
2022-12-02,3156.139892578125,2967.50341796875,3870.949951171875,8342.421875,5416.91845703125,1493.5045166015625,3687.168212890625,11219.7900390625
2022-12-05,3211.81005859375,2967.50341796875,3946.8798828125,8342.421875,5416.91845703125,1493.5045166015625,3687.168212890625,11323.349609375
2022-12-06,3212.530029296875,2967.50341796875,3968.199951171875,8342.421875,5416.91845703125,1493.5045166015625,3687.168212890625,11398.8203125
2022-12-07,3199.6201171875,2967.50341796875,3958.43994140625,8342.421875,5416.91845703125,1493.5045166015625,3687.168212890625,11418.759765625
2022-12-08,3197.35009765625,2967.50341796875,3959.179931640625,8342.421875,5416.91845703125,1493.5045166015625,3687.168212890625,11389.7900390625
2022-12-09,3206.949951171875,2967.50341796875,3998.239990234375,8342.421875,5416.91845703125,1493.5045166015625,3687.168212890625,11501.580078125
2022-12-12,3179.0400390625,2967.50341796875,3953.43994140625,8342.421875,5416.91845703125,1493.5045166015625,3687.168212890625,11399.1298828125
2022-12-13,3176.330078125,2967.50341796875,3945.679931640625,8342.421875,5416.91845703125,1493.5045166015625,3687.168212890625,11323.7001953125
2022-12-14,3176.530029296875,2967.50341796875,3954.889892578125,8342.421875,5416.91845703125,1493.5045166015625,3687.168212890625,11321.8095703125
2022-12-15,3168.64990234375,2967.50341796875,3951.989990234375,8342.421875,5416.91845703125,1493.5045166015625,3687.168212890625,11358.1103515625
2022-12-16,3167.85791015625,2967.50341796875,3954.22998046875,8342.421875,5416.91845703125,1493.5045166015625,3687.168212890625,11295.0302734375
2022-12-19,3107.1201171875,2967.50341796875,3893.219970703125,8342.421875,5416.91845703125,1493.5045166015625,3687.168212890625,11124.7001953125
2022-12-20,3073.77001953125,2967.50341796875,3829.02001953125,8342.421875,5416.91845703125,1493.5045166015625,3687.168212890625,10949.1201171875
2022-12-21,3068.409912109375,2967.50341796875,3830.5400390625,8342.421875,5416.91845703125,1493.5045166015625,3687.168212890625,10912.08984375
2022-12-22,3054.429931640625,2967.50341796875,3836.030029296875,8342.421875,5416.91845703125,1493.5045166015625,3687.168212890625,10876.3095703125
2022-12-23,3045.865966796875,2967.50341796875,3828.219970703125,8342.421875,5416.91845703125,1493.5045166015625,3687.168212890625,10849.6396484375
2022-12-26,3065.56298828125,2967.50341796875,3843.489990234375,8342.421875,5416.91845703125,1493.5045166015625,3687.168212890625,10978.990234375
2022-12-27,3095.570068359375,2967.50341796875,3887.85009765625,8342.421875,5416.91845703125,1493.5045166015625,3687.168212890625,11106.5
2022-12-28,3087.39990234375,2967.50341796875,3871.260009765625,8342.421875,5416.91845703125,1493.5045166015625,3687.168212890625,11010.5302734375
2022-12-29,3073.699951171875,2967.50341796875,3856.699951171875,8342.421875,5416.91845703125,1493.5045166015625,3687.168212890625,10996.41015625
2022-12-30,3089.260009765625,2967.50341796875,3871.6298828125,8342.421875,5416.91845703125,1493.5045166015625,3687.168212890625,11015.990234375
2023-01-03,3116.510009765625,2967.50341796875,3887.89990234375,8342.421875,5416.91845703125,1493.5045166015625,3687.168212890625,11117.1298828125
2023-01-04,3123.52001953125,2967.50341796875,3892.949951171875,8342.421875,5416.91845703125,1493.5045166015625,3687.168212890625,11095.3701171875
2023-01-05,3155.219970703125,2967.50341796875,3968.580078125,8342.421875,5416.91845703125,1493.5045166015625,3687.168212890625,11332.009765625
2023-01-06,3157.639892578125,2967.50341796875,3980.889892578125,8342.421875,5416.91845703125,1493.5045166015625,3687.168212890625,11367.73046875
2023-01-09,3176.080078125,2967.50341796875,4013.1201171875,8342.421875,5416.91845703125,1493.5045166015625,3687.168212890625,11450.150390625
2023-01-10,3169.510009765625,2967.50341796875,4017.469970703125,8342.421875,5416.91845703125,1493.5045166015625,3687.168212890625,11506.7900390625
2023-01-11,3161.840087890625,2967.50341796875,4010.030029296875,8342.421875,5416.91845703125,1493.5045166015625,3687.168212890625,11439.4404296875
2023-01-12,3163.449951171875,2967.50341796875,4017.8701171875,8342.421875,5416.91845703125,1493.5045166015625,3687.168212890625,11465.73046875
2023-01-13,3195.31005859375,2967.50341796875,4074.3798828125,8342.421875,5416.91845703125,1493.5045166015625,3687.168212890625,11602.2998046875
2023-01-16,3227.592041015625,2967.50341796875,4137.9599609375,8342.421875,5416.91845703125,1493.5045166015625,3687.168212890625,11785.76953125
2023-01-17,3224.239990234375,2967.50341796875,4137.240234375,8342.421875,5416.91845703125,1493.5045166015625,3687.168212890625,11800.5498046875
2023-01-18,3224.409912109375,2967.50341796875,4130.31005859375,8342.421875,5416.91845703125,1493.5045166015625,3687.168212890625,11810.66015625
2023-01-19,3240.280029296875,2967.50341796875,4156.009765625,8342.421875,5416.91845703125,1493.5045166015625,3687.168212890625,11913.259765625
2023-01-20,3264.81005859375,2967.50341796875,4181.52978515625,8342.421875,5416.91845703125,1493.5045166015625,3687.168212890625,11980.6201171875
2023-01-30,3269.320068359375,2967.50341796875,4201.35009765625,8342.421875,5416.91845703125,1493.5045166015625,3687.168212890625,12097.759765625
2023-01-31,3255.669921875,2967.50341796875,4156.85986328125,8342.421875,5416.91845703125,1493.5045166015625,3687.168212890625,12001.259765625
2023-02-01,3284.919921875,2967.50341796875,4195.93017578125,8342.421875,5416.91845703125,1493.5045166015625,3687.168212890625,12158.1904296875
2023-02-02,3285.669921875,2967.50341796875,4181.14990234375,8342.421875,5416.91845703125,1493.5045166015625,3687.168212890625,12131.2001953125
2023-02-03,3263.409912109375,2967.50341796875,4141.6298828125,8342.421875,5416.91845703125,1493.5045166015625,3687.168212890625,12054.2998046875
2023-02-06,3238.699951171875,2967.50341796875,4086.8798828125,8342.421875,5416.91845703125,1493.5045166015625,3687.168212890625,11912.5595703125
2023-02-07,3248.090087890625,2967.50341796875,4094.22998046875,8342.421875,5416.91845703125,1493.5045166015625,3687.168212890625,11926.8798828125
2023-02-08,3232.110107421875,2967.50341796875,4076.139892578125,8342.421875,5416.91845703125,1493.5045166015625,3687.168212890625,11853.4599609375
2023-02-09,3270.3798828125,2967.50341796875,4130.85986328125,8342.421875,5416.91845703125,1493.5045166015625,3687.168212890625,12048.26953125
2023-02-10,3260.669921875,2967.50341796875,4106.31005859375,8342.421875,5416.91845703125,1493.5045166015625,3687.168212890625,11976.849609375
2023-02-13,3284.159912109375,2967.50341796875,4143.56982421875,8342.421875,5416.91845703125,1493.5045166015625,3687.168212890625,12113.6103515625
2023-02-14,3293.280029296875,2967.50341796875,4145.2900390625,8342.421875,5416.91845703125,1493.5045166015625,3687.168212890625,12094.9404296875
2023-02-15,3280.489990234375,2967.50341796875,4123.68994140625,8342.421875,5416.91845703125,1493.5045166015625,3687.168212890625,12064.3798828125
2023-02-16,3249.030029296875,2967.50341796875,4093.489990234375,8342.421875,5416.91845703125,1493.5045166015625,3687.168212890625,11907.400390625
2023-02-17,3224.02001953125,2967.50341796875,4034.510009765625,8342.421875,5416.91845703125,1493.5045166015625,3687.168212890625,11715.76953125
2023-02-20,3290.340087890625,2967.50341796875,4133.490234375,8342.421875,5416.91845703125,1493.5045166015625,3687.168212890625,11954.1298828125
2023-02-21,3306.52001953125,2967.50341796875,4144.35009765625,8342.421875,5416.91845703125,1493.5045166015625,3687.168212890625,11968.599609375
2023-02-22,3291.14990234375,2967.50341796875,4106.9501953125,8342.421875,5416.91845703125,1493.5045166015625,3687.168212890625,11900.1201171875
2023-02-23,3287.47998046875,2967.50341796875,4103.64990234375,8342.421875,5416.91845703125,1493.5045166015625,3687.168212890625,11884.2998046875
2023-02-24,3267.159912109375,2967.50341796875,4061.050048828125,8342.421875,5416.91845703125,1493.5045166015625,3687.168212890625,11787.4501953125
2023-02-27,3258.030029296875,2967.50341796875,4043.840087890625,8342.421875,5416.91845703125,1493.5045166015625,3687.168212890625,11701.9501953125
2023-02-28,3279.610107421875,2967.50341796875,4069.4599609375,8342.421875,5416.91845703125,1493.5045166015625,3687.168212890625,11783.7998046875
2023-03-01,3312.35009765625,2967.50341796875,4126.93994140625,8342.421875,5416.91845703125,1493.5045166015625,3687.168212890625,11914.3203125
2023-03-02,3310.64990234375,2967.50341796875,4117.740234375,8342.421875,5416.91845703125,1493.5045166015625,3687.168212890625,11849.509765625
2023-03-03,3328.389892578125,2967.50341796875,4130.5498046875,8342.421875,5416.91845703125,1493.5045166015625,3687.168212890625,11851.919921875
2023-03-06,3322.030029296875,2967.50341796875,4109.009765625,8342.421875,5416.91845703125,1493.5045166015625,3687.168212890625,11842.8798828125
2023-03-07,3285.10009765625,2967.50341796875,4048.85009765625,8342.421875,5416.91845703125,1493.5045166015625,3687.168212890625,11608.580078125
2023-03-08,3283.25,2967.50341796875,4034.110107421875,8342.421875,5416.91845703125,1493.5045166015625,3687.168212890625,11598.2900390625
2023-03-09,3276.090087890625,2967.50341796875,4019.85009765625,8342.421875,5416.91845703125,1493.5045166015625,3687.168212890625,11579.990234375
2023-03-10,3230.080078125,2967.50341796875,3967.139892578125,8342.421875,5416.91845703125,1493.5045166015625,3687.168212890625,11442.5400390625
2023-03-13,3268.699951171875,2967.50341796875,4008.68994140625,8342.421875,5416.91845703125,1493.5045166015625,3687.168212890625,11505.01953125
2023-03-14,3245.31005859375,2967.50341796875,3984.699951171875,8342.421875,5416.91845703125,1493.5045166015625,3687.168212890625,11416.5703125
2023-03-15,3263.31005859375,2967.50341796875,3986.89990234375,8342.421875,5416.91845703125,1493.5045166015625,3687.168212890625,11413.4296875
2023-03-16,3226.889892578125,2967.50341796875,3939.14990234375,8342.421875,5416.91845703125,1493.5045166015625,3687.168212890625,11237.7001953125
2023-03-17,3250.550048828125,2967.50341796875,3958.820068359375,8342.421875,5416.91845703125,1493.5045166015625,3687.168212890625,11278.0498046875
2023-03-20,3234.909912109375,2967.50341796875,3939.080078125,8342.421875,5416.91845703125,1493.5045166015625,3687.168212890625,11247.1298828125
2023-03-21,3255.64990234375,2967.50341796875,3982.3798828125,8342.421875,5416.91845703125,1493.5045166015625,3687.168212890625,11427.25
2023-03-22,3265.75,2967.50341796875,3999.43994140625,8342.421875,5416.91845703125,1493.5045166015625,3687.168212890625,11496.9296875
2023-03-23,3286.64990234375,2967.50341796875,4039.090087890625,8342.421875,5416.91845703125,1493.5045166015625,3687.168212890625,11605.2900390625
2023-03-24,3265.64990234375,2967.50341796875,4027.050048828125,8342.421875,5416.91845703125,1493.5045166015625,3687.168212890625,11634.2197265625
2023-03-27,3251.39990234375,2967.50341796875,4012.47998046875,8342.421875,5416.91845703125,1493.5045166015625,3687.168212890625,11647.9404296875
2023-03-28,3245.3798828125,2967.50341796875,3999.510009765625,8342.421875,5416.91845703125,1493.5045166015625,3687.168212890625,11564.4501953125
2023-03-29,3240.06005859375,2967.50341796875,4006.139892578125,8342.421875,5416.91845703125,1493.5045166015625,3687.168212890625,11579.91015625
2023-03-30,3261.25,2967.50341796875,4038.530029296875,8342.421875,5416.91845703125,1493.5045166015625,3687.168212890625,11651.830078125
2023-03-31,3272.860107421875,2967.50341796875,4050.929931640625,8342.421875,5416.91845703125,1493.5045166015625,3687.168212890625,11726.400390625
2023-04-03,3296.39990234375,2967.50341796875,4090.570068359375,8342.421875,5416.91845703125,1493.5045166015625,3687.168212890625,11889.419921875
2023-04-04,3312.56005859375,2967.50341796875,4103.10986328125,8342.421875,5416.91845703125,1493.5045166015625,3687.168212890625,11859.48046875
2023-04-06,3312.6298828125,2967.50341796875,4096.64013671875,8342.421875,5416.91845703125,1493.5045166015625,3687.168212890625,11866.3095703125
2023-04-07,3327.64990234375,2967.50341796875,4123.27978515625,8342.421875,5416.91845703125,1493.5045166015625,3687.168212890625,11967.740234375
2023-04-10,3315.360107421875,2967.50341796875,4104.81005859375,8342.421875,5416.91845703125,1493.5045166015625,3687.168212890625,11871.9296875
2023-04-11,3313.570068359375,2967.50341796875,4100.14990234375,8342.421875,5416.91845703125,1493.5045166015625,3687.168212890625,11877.150390625
2023-04-12,3327.179931640625,2967.50341796875,4097.2900390625,8342.421875,5416.91845703125,1493.5045166015625,3687.168212890625,11883.509765625
2023-04-13,3318.360107421875,2967.50341796875,4068.97998046875,8342.421875,5416.91845703125,1493.5045166015625,3687.168212890625,11739.83984375
2023-04-14,3338.14990234375,2967.50341796875,4092.0,8342.421875,5416.91845703125,1493.5045166015625,3687.168212890625,11800.08984375
2023-04-17,3385.610107421875,2967.50341796875,4149.3798828125,8342.421875,5416.91845703125,1493.5045166015625,3687.168212890625,11855.48046875
2023-04-18,3393.330078125,2967.50341796875,4162.02978515625,8342.421875,5416.91845703125,1493.5045166015625,3687.168212890625,11860.400390625
2023-04-19,3370.1298828125,2967.50341796875,4124.56005859375,8342.421875,5416.91845703125,1493.5045166015625,3687.168212890625,11760.26953125
2023-04-20,3367.030029296875,2967.50341796875,4113.02001953125,8342.421875,5416.91845703125,1493.5045166015625,3687.168212890625,11717.259765625
2023-04-21,3301.260009765625,2967.50341796875,4032.570068359375,8342.421875,5416.91845703125,1493.5045166015625,3687.168212890625,11450.4296875
2023-04-24,3275.409912109375,2967.50341796875,3982.639892578125,8342.421875,5416.91845703125,1493.5045166015625,3687.168212890625,11317.009765625
2023-04-25,3264.8701171875,2967.50341796875,3962.669921875,8342.421875,5416.91845703125,1493.5045166015625,3687.168212890625,11149.009765625
2023-04-26,3264.10009765625,2967.50341796875,3959.22998046875,8342.421875,5416.91845703125,1493.5045166015625,3687.168212890625,11185.6796875
2023-04-27,3285.8798828125,2967.50341796875,3988.419921875,8342.421875,5416.91845703125,1493.5045166015625,3687.168212890625,11217.0
2023-04-28,3323.27001953125,2967.50341796875,4029.090087890625,8342.421875,5416.91845703125,1493.5045166015625,3687.168212890625,11338.669921875
2023-05-04,3350.4599609375,2967.50341796875,4030.25,8342.421875,5416.91845703125,1493.5045166015625,3687.168212890625,11273.8701171875
2023-05-05,3334.5,2967.50341796875,4016.8798828125,8342.421875,5416.91845703125,1493.5045166015625,3687.168212890625,11180.8701171875
2023-05-08,3395.0,2967.50341796875,4062.659912109375,8342.421875,5416.91845703125,1493.5045166015625,3687.168212890625,11225.76953125
2023-05-09,3357.669921875,2967.50341796875,4027.8798828125,8342.421875,5416.91845703125,1493.5045166015625,3687.168212890625,11125.01953125
2023-05-10,3319.14990234375,2967.50341796875,3996.8701171875,8342.421875,5416.91845703125,1493.5045166015625,3687.168212890625,11140.1904296875
2023-05-11,3309.550048828125,2967.50341796875,3990.659912109375,8342.421875,5416.91845703125,1493.5045166015625,3687.168212890625,11142.5302734375
2023-05-12,3272.360107421875,2967.50341796875,3937.760009765625,8342.421875,5416.91845703125,1493.5045166015625,3687.168212890625,11005.6396484375
2023-05-15,3310.739990234375,2967.50341796875,3998.889892578125,8342.421875,5416.91845703125,1493.5045166015625,3687.168212890625,11178.6201171875
2023-05-16,3290.989990234375,2967.50341796875,3978.2099609375,8342.421875,5416.91845703125,1493.5045166015625,3687.168212890625,11099.259765625
2023-05-17,3284.22998046875,2967.50341796875,3960.169921875,8342.421875,5416.91845703125,1493.5045166015625,3687.168212890625,11091.080078125
2023-05-18,3297.320068359375,2967.50341796875,3956.070068359375,8342.421875,5416.91845703125,1493.5045166015625,3687.168212890625,11078.2802734375
2023-05-19,3283.5400390625,2967.50341796875,3944.5400390625,8342.421875,5416.91845703125,1493.5045166015625,3687.168212890625,11091.3603515625
2023-05-22,3296.469970703125,2967.50341796875,3969.330078125,8342.421875,5416.91845703125,1493.5045166015625,3687.168212890625,11127.0400390625
2023-05-23,3246.239990234375,2967.50341796875,3913.18994140625,8342.421875,5416.91845703125,1493.5045166015625,3687.168212890625,11012.580078125
2023-05-24,3204.75,2967.50341796875,3859.090087890625,8342.421875,5416.91845703125,1493.5045166015625,3687.168212890625,10920.330078125
2023-05-25,3201.260009765625,2967.50341796875,3850.5,8342.421875,5416.91845703125,1493.5045166015625,3687.168212890625,10896.580078125
2023-05-26,3212.5,2967.50341796875,3850.949951171875,8342.421875,5416.91845703125,1493.5045166015625,3687.168212890625,10909.650390625
2023-05-29,3221.449951171875,2967.50341796875,3833.93994140625,8342.421875,5416.91845703125,1493.5045166015625,3687.168212890625,10822.08984375
2023-05-30,3224.2099609375,2967.50341796875,3837.75,8342.421875,5416.91845703125,1493.5045166015625,3687.168212890625,10869.5498046875
2023-05-31,3204.56005859375,2967.50341796875,3798.5400390625,8342.421875,5416.91845703125,1493.5045166015625,3687.168212890625,10793.849609375
2023-06-01,3204.6298828125,2967.50341796875,3806.8701171875,8342.421875,5416.91845703125,1493.5045166015625,3687.168212890625,10835.900390625
2023-06-02,3230.070068359375,2967.50341796875,3861.830078125,8342.421875,5416.91845703125,1493.5045166015625,3687.168212890625,10998.0703125
2023-06-05,3232.43994140625,2967.50341796875,3844.25,8342.421875,5416.91845703125,1493.5045166015625,3687.168212890625,10946.080078125
2023-06-06,3195.340087890625,2967.50341796875,3808.159912109375,8342.421875,5416.91845703125,1493.5045166015625,3687.168212890625,10773.4501953125
2023-06-07,3197.760009765625,2967.50341796875,3789.340087890625,8342.421875,5416.91845703125,1493.5045166015625,3687.168212890625,10708.8203125
2023-06-08,3213.590087890625,2967.50341796875,3820.18994140625,8342.421875,5416.91845703125,1493.5045166015625,3687.168212890625,10722.8701171875
2023-06-09,3231.409912109375,2967.50341796875,3836.699951171875,8342.421875,5416.91845703125,1493.5045166015625,3687.168212890625,10793.9296875
2023-06-12,3228.830078125,2967.50341796875,3844.429931640625,8342.421875,5416.91845703125,1493.5045166015625,3687.168212890625,10873.740234375
2023-06-13,3233.669921875,2967.50341796875,3864.909912109375,8342.421875,5416.91845703125,1493.5045166015625,3687.168212890625,10955.9599609375
2023-06-14,3228.989990234375,2967.50341796875,3864.02001953125,8342.421875,5416.91845703125,1493.5045166015625,3687.168212890625,10984.5595703125
2023-06-15,3252.97998046875,2967.50341796875,3925.5,8342.421875,5416.91845703125,1493.5045166015625,3687.168212890625,11182.9404296875
2023-06-16,3273.330078125,2967.50341796875,3963.35009765625,8342.421875,5416.91845703125,1493.5045166015625,3687.168212890625,11306.5302734375
2023-06-19,3255.81005859375,2967.50341796875,3930.909912109375,8342.421875,5416.91845703125,1493.5045166015625,3687.168212890625,11274.0498046875
2023-06-20,3240.360107421875,2967.50341796875,3924.239990234375,8342.421875,5416.91845703125,1493.5045166015625,3687.168212890625,11305.349609375
2023-06-21,3197.89990234375,2967.50341796875,3864.030029296875,8342.421875,5416.91845703125,1493.5045166015625,3687.168212890625,11058.6298828125
2023-06-26,3150.6201171875,2967.50341796875,3809.699951171875,8342.421875,5416.91845703125,1493.5045166015625,3687.168212890625,10872.2998046875
2023-06-27,3189.43994140625,2967.50341796875,3845.429931640625,8342.421875,5416.91845703125,1493.5045166015625,3687.168212890625,10978.080078125
2023-06-28,3189.3798828125,2967.50341796875,3840.800048828125,8342.421875,5416.91845703125,1493.5045166015625,3687.168212890625,10926.3203125
2023-06-29,3182.3798828125,2967.50341796875,3821.840087890625,8342.421875,5416.91845703125,1493.5045166015625,3687.168212890625,10915.5
2023-06-30,3202.06005859375,2967.50341796875,3842.449951171875,8342.421875,5416.91845703125,1493.5045166015625,3687.168212890625,11026.58984375
2023-07-03,3243.97998046875,2967.50341796875,3892.8798828125,8342.421875,5416.91845703125,1493.5045166015625,3687.168212890625,11091.5595703125
2023-07-04,3245.35009765625,2967.50341796875,3899.010009765625,8342.421875,5416.91845703125,1493.5045166015625,3687.168212890625,11130.2998046875
2023-07-05,3222.949951171875,2967.50341796875,3868.81005859375,8342.421875,5416.91845703125,1493.5045166015625,3687.168212890625,11029.2998046875
2023-07-06,3205.570068359375,2967.50341796875,3842.75,8342.421875,5416.91845703125,1493.5045166015625,3687.168212890625,10968.3701171875
2023-07-07,3196.610107421875,2967.50341796875,3825.699951171875,8342.421875,5416.91845703125,1493.5045166015625,3687.168212890625,10888.5498046875
2023-07-10,3203.699951171875,2967.50341796875,3844.330078125,8342.421875,5416.91845703125,1493.5045166015625,3687.168212890625,10942.830078125
2023-07-11,3221.3701171875,2967.50341796875,3869.489990234375,8342.421875,5416.91845703125,1493.5045166015625,3687.168212890625,11028.6796875
2023-07-12,3196.1298828125,2967.50341796875,3843.43994140625,8342.421875,5416.91845703125,1493.5045166015625,3687.168212890625,10919.259765625
2023-07-13,3236.47998046875,2967.50341796875,3898.419921875,8342.421875,5416.91845703125,1493.5045166015625,3687.168212890625,11095.4404296875
2023-07-14,3237.699951171875,2967.50341796875,3899.10009765625,8342.421875,5416.91845703125,1493.5045166015625,3687.168212890625,11080.3203125
2023-07-17,3209.6298828125,2967.50341796875,3867.169921875,8342.421875,5416.91845703125,1493.5045166015625,3687.168212890625,11010.3603515625
2023-07-18,3197.820068359375,2967.50341796875,3854.93994140625,8342.421875,5416.91845703125,1493.5045166015625,3687.168212890625,10972.9599609375
2023-07-19,3198.840087890625,2967.50341796875,3850.8701171875,8342.421875,5416.91845703125,1493.5045166015625,3687.168212890625,10932.650390625
2023-07-20,3169.52001953125,2967.50341796875,3823.68994140625,8342.421875,5416.91845703125,1493.5045166015625,3687.168212890625,10816.26953125
2023-07-21,3167.75,2967.50341796875,3821.909912109375,8342.421875,5416.91845703125,1493.5045166015625,3687.168212890625,10810.1796875
2023-07-24,3164.159912109375,2967.50341796875,3805.219970703125,8342.421875,5416.91845703125,1493.5045166015625,3687.168212890625,10747.7900390625
2023-07-25,3231.52001953125,2967.50341796875,3915.1201171875,8342.421875,5416.91845703125,1493.5045166015625,3687.168212890625,11021.2900390625
2023-07-26,3223.030029296875,2967.50341796875,3907.010009765625,8342.421875,5416.91845703125,1493.5045166015625,3687.168212890625,10968.98046875
2023-07-27,3216.669921875,2967.50341796875,3902.35009765625,8342.421875,5416.91845703125,1493.5045166015625,3687.168212890625,10923.76953125
2023-07-28,3275.929931640625,2967.50341796875,3992.739990234375,8342.421875,5416.91845703125,1493.5045166015625,3687.168212890625,11100.400390625
2023-07-31,3291.0400390625,2967.50341796875,4014.6298828125,8342.421875,5416.91845703125,1493.5045166015625,3687.168212890625,11183.91015625
2023-08-01,3290.948974609375,2967.50341796875,3998.0,8342.421875,5416.91845703125,1493.5045166015625,3687.168212890625,11143.23046875
2023-08-02,3261.68994140625,2967.50341796875,3969.89990234375,8342.421875,5416.91845703125,1493.5045166015625,3687.168212890625,11104.16015625
2023-08-03,3280.462890625,2967.50341796875,4004.97998046875,8342.421875,5416.91845703125,1493.5045166015625,3687.168212890625,11163.419921875
2023-08-04,3288.083984375,2967.50341796875,4020.580078125,8342.421875,5416.91845703125,1493.5045166015625,3687.168212890625,11238.0595703125
2023-08-07,3268.8310546875,2967.50341796875,3990.14990234375,8342.421875,5416.91845703125,1493.5045166015625,3687.168212890625,11145.0302734375
2023-08-08,3260.6201171875,2967.50341796875,3979.72998046875,8342.421875,5416.91845703125,1493.5045166015625,3687.168212890625,11098.4501953125
2023-08-09,3244.489990234375,2967.50341796875,3967.570068359375,8342.421875,5416.91845703125,1493.5045166015625,3687.168212890625,11039.4501953125
2023-08-10,3254.56005859375,2967.50341796875,3975.719970703125,8342.421875,5416.91845703125,1493.5045166015625,3687.168212890625,11050.2197265625
2023-08-11,3189.25,2967.50341796875,3884.25,8342.421875,5416.91845703125,1493.5045166015625,3687.168212890625,10808.8701171875
2023-08-14,3178.429931640625,2967.50341796875,3855.909912109375,8342.421875,5416.91845703125,1493.5045166015625,3687.168212890625,10755.1396484375
2023-08-15,3176.179931640625,2967.50341796875,3846.5400390625,8342.421875,5416.91845703125,1493.5045166015625,3687.168212890625,10679.73046875
2023-08-16,3150.1298828125,2967.50341796875,3818.330078125,8342.421875,5416.91845703125,1493.5045166015625,3687.168212890625,10579.5595703125
2023-08-17,3163.739990234375,2967.50341796875,3831.10009765625,8342.421875,5416.91845703125,1493.5045166015625,3687.168212890625,10644.51953125
2023-08-18,3131.949951171875,2967.50341796875,3784.0,8342.421875,5416.91845703125,1493.5045166015625,3687.168212890625,10458.509765625
2023-08-21,3092.97998046875,2967.50341796875,3729.56005859375,8342.421875,5416.91845703125,1493.5045166015625,3687.168212890625,10320.3896484375
2023-08-22,3120.330078125,2967.50341796875,3758.22998046875,8342.421875,5416.91845703125,1493.5045166015625,3687.168212890625,10374.73046875
2023-08-23,3078.39990234375,2967.50341796875,3696.6298828125,8342.421875,5416.91845703125,1493.5045166015625,3687.168212890625,10152.599609375
2023-08-24,3082.239990234375,2967.50341796875,3723.429931640625,8342.421875,5416.91845703125,1493.5045166015625,3687.168212890625,10256.1904296875
2023-08-25,3064.070068359375,2967.50341796875,3730.7900390625,8342.421875,5416.91845703125,1493.5045166015625,3687.168212890625,10130.4697265625
2023-08-28,3098.639892578125,2967.50341796875,3752.6201171875,8342.421875,5416.91845703125,1493.5045166015625,3687.168212890625,10233.150390625
2023-08-29,3135.889892578125,2967.50341796875,3790.110107421875,8342.421875,5416.91845703125,1493.5045166015625,3687.168212890625,10454.98046875
2023-08-30,3137.139892578125,2967.50341796875,3788.510009765625,8342.421875,5416.91845703125,1493.5045166015625,3687.168212890625,10482.5
2023-08-31,3119.8798828125,2967.50341796875,3765.27001953125,8342.421875,5416.91845703125,1493.5045166015625,3687.168212890625,10418.2099609375
2023-09-01,3133.25,2967.50341796875,3791.489990234375,8342.421875,5416.91845703125,1493.5045166015625,3687.168212890625,10463.740234375
2023-09-04,3177.06005859375,2967.50341796875,3848.949951171875,8342.421875,5416.91845703125,1493.5045166015625,3687.168212890625,10611.740234375
2023-09-05,3154.3701171875,2967.50341796875,3820.320068359375,8342.421875,5416.91845703125,1493.5045166015625,3687.168212890625,10540.7099609375
2023-09-06,3158.080078125,2967.50341796875,3812.030029296875,8342.421875,5416.91845703125,1493.5045166015625,3687.168212890625,10515.2099609375
2023-09-07,3122.35009765625,2967.50341796875,3758.469970703125,8342.421875,5416.91845703125,1493.5045166015625,3687.168212890625,10321.4404296875
2023-09-08,3116.719970703125,2967.50341796875,3739.989990234375,8342.421875,5416.91845703125,1493.5045166015625,3687.168212890625,10281.8798828125
2023-09-11,3142.780029296875,2967.50341796875,3767.5400390625,8342.421875,5416.91845703125,1493.5045166015625,3687.168212890625,10382.3798828125
2023-09-12,3137.06005859375,2967.50341796875,3760.60009765625,8342.421875,5416.91845703125,1493.5045166015625,3687.168212890625,10373.990234375
2023-09-13,3123.070068359375,2967.50341796875,3736.64990234375,8342.421875,5416.91845703125,1493.5045166015625,3687.168212890625,10255.8701171875
2023-09-14,3126.550048828125,2967.50341796875,3733.510009765625,8342.421875,5416.91845703125,1493.5045166015625,3687.168212890625,10197.58984375
2023-09-15,3117.739990234375,2967.50341796875,3708.780029296875,8342.421875,5416.91845703125,1493.5045166015625,3687.168212890625,10144.58984375
2023-09-18,3125.929931640625,2967.50341796875,3727.7099609375,8342.421875,5416.91845703125,1493.5045166015625,3687.168212890625,10200.0400390625
2023-09-19,3124.9599609375,2967.50341796875,3720.5,8342.421875,5416.91845703125,1493.5045166015625,3687.168212890625,10125.73046875
2023-09-20,3108.568115234375,2967.50341796875,3705.68994140625,8342.421875,5416.91845703125,1493.5045166015625,3687.168212890625,10072.4599609375
2023-09-21,3084.700927734375,2967.50341796875,3672.43994140625,8342.421875,5416.91845703125,1493.5045166015625,3687.168212890625,9981.669921875
2023-09-22,3132.431884765625,2967.50341796875,3738.929931640625,8342.421875,5416.91845703125,1493.5045166015625,3687.168212890625,10178.740234375
2023-09-25,3115.60693359375,2967.50341796875,3714.60009765625,8342.421875,5416.91845703125,1493.5045166015625,3687.168212890625,10120.6201171875
2023-09-26,3102.27294921875,2967.50341796875,3692.889892578125,8342.421875,5416.91845703125,1493.5045166015625,3687.168212890625,10060.150390625
2023-09-27,3107.31591796875,2967.50341796875,3700.5,8342.421875,5416.91845703125,1493.5045166015625,3687.168212890625,10104.3203125
2023-09-28,3110.47509765625,2967.50341796875,3689.52001953125,8342.421875,5416.91845703125,1493.5045166015625,3687.168212890625,10109.5302734375
2023-10-09,3096.922119140625,2967.50341796875,3684.72998046875,8342.421875,5416.91845703125,1493.5045166015625,3687.168212890625,10106.9599609375
2023-10-10,3075.239990234375,2967.50341796875,3657.1298828125,8342.421875,5416.91845703125,1493.5045166015625,3687.168212890625,10050.0400390625
2023-10-11,3078.9560546875,2967.50341796875,3667.550048828125,8342.421875,5416.91845703125,1493.5045166015625,3687.168212890625,10084.8896484375
2023-10-12,3107.90087890625,2967.50341796875,3702.3798828125,8342.421875,5416.91845703125,1493.5045166015625,3687.168212890625,10168.490234375
2023-10-13,3088.10009765625,2967.50341796875,3663.409912109375,8342.421875,5416.91845703125,1493.5045166015625,3687.168212890625,10068.2802734375
2023-10-16,3073.81298828125,2967.50341796875,3626.60009765625,8342.421875,5416.91845703125,1493.5045166015625,3687.168212890625,9924.919921875
2023-10-17,3083.5,2967.50341796875,3639.39990234375,8342.421875,5416.91845703125,1493.5045166015625,3687.168212890625,9940.2197265625
2023-10-18,3058.7099609375,2967.50341796875,3610.580078125,8342.421875,5416.91845703125,1493.5045166015625,3687.168212890625,9816.6796875
2023-10-19,3005.39306640625,2967.50341796875,3533.5400390625,8342.421875,5416.91845703125,1493.5045166015625,3687.168212890625,9655.08984375
2023-10-20,2983.06005859375,2967.50341796875,3510.590087890625,8342.421875,5416.91845703125,1493.5045166015625,3687.168212890625,9570.3603515625
2023-10-23,2939.291015625,2967.50341796875,3474.239990234375,8342.421875,5416.91845703125,1493.5045166015625,3687.168212890625,9425.98046875
2023-10-24,2962.243896484375,2967.50341796875,3487.1298828125,8342.421875,5416.91845703125,1493.5045166015625,3687.168212890625,9483.900390625
2023-10-25,2974.114013671875,2967.50341796875,3504.4599609375,8342.421875,5416.91845703125,1493.5045166015625,3687.168212890625,9528.3095703125
2023-10-26,2988.299072265625,2967.50341796875,3514.139892578125,8342.421875,5416.91845703125,1493.5045166015625,3687.168212890625,9566.099609375
2023-10-27,3017.783935546875,2967.50341796875,3562.389892578125,8342.421875,5416.91845703125,1493.5045166015625,3687.168212890625,9770.83984375
2023-10-30,3021.552978515625,2967.50341796875,3583.77001953125,8342.421875,5416.91845703125,1493.5045166015625,3687.168212890625,9927.990234375
2023-10-31,3018.77099609375,2967.50341796875,3572.510009765625,8342.421875,5416.91845703125,1493.5045166015625,3687.168212890625,9863.7998046875
2023-11-01,3023.076904296875,2967.50341796875,3571.030029296875,8342.421875,5416.91845703125,1493.5045166015625,3687.168212890625,9826.73046875
2023-11-02,3009.406005859375,2967.50341796875,3554.18994140625,8342.421875,5416.91845703125,1493.5045166015625,3687.168212890625,9734.76953125
2023-11-03,3030.798095703125,2967.50341796875,3584.139892578125,8342.421875,5416.91845703125,1493.5045166015625,3687.168212890625,9853.8896484375
2023-11-06,3058.410888671875,2967.50341796875,3632.610107421875,8342.421875,5416.91845703125,1493.5045166015625,3687.168212890625,10071.5595703125
2023-11-07,3057.27001953125,2967.50341796875,3619.760009765625,8342.421875,5416.91845703125,1493.5045166015625,3687.168212890625,10056.490234375
2023-11-08,3052.373046875,2967.50341796875,3611.070068359375,8342.421875,5416.91845703125,1493.5045166015625,3687.168212890625,10052.08984375
2023-11-09,3053.279052734375,2967.50341796875,3612.830078125,8342.421875,5416.91845703125,1493.5045166015625,3687.168212890625,10032.08984375
2023-11-10,3038.969970703125,2967.50341796875,3586.489990234375,8342.421875,5416.91845703125,1493.5045166015625,3687.168212890625,9978.5400390625
2023-11-13,3046.532958984375,2967.50341796875,3579.409912109375,8342.421875,5416.91845703125,1493.5045166015625,3687.168212890625,9988.830078125
2023-11-14,3056.070068359375,2967.50341796875,3582.06005859375,8342.421875,5416.91845703125,1493.5045166015625,3687.168212890625,10005.5595703125
2023-11-15,3072.8349609375,2967.50341796875,3607.25,8342.421875,5416.91845703125,1493.5045166015625,3687.168212890625,10077.9599609375
2023-11-16,3050.926025390625,2967.50341796875,3572.360107421875,8342.421875,5416.91845703125,1493.5045166015625,3687.168212890625,9954.400390625
2023-11-17,3054.3701171875,2967.50341796875,3568.070068359375,8342.421875,5416.91845703125,1493.5045166015625,3687.168212890625,9979.6904296875
2023-11-20,3068.319091796875,2967.50341796875,3576.320068359375,8342.421875,5416.91845703125,1493.5045166015625,3687.168212890625,10022.7001953125
2023-11-21,3067.93310546875,2967.50341796875,3581.070068359375,8342.421875,5416.91845703125,1493.5045166015625,3687.168212890625,9997.08984375
2023-11-22,3043.611083984375,2967.50341796875,3544.419921875,8342.421875,5416.91845703125,1493.5045166015625,3687.168212890625,9855.66015625
2023-11-23,3061.85595703125,2967.50341796875,3561.52001953125,8342.421875,5416.91845703125,1493.5045166015625,3687.168212890625,9933.01953125
2023-11-24,3040.971923828125,2967.50341796875,3538.010009765625,8342.421875,5416.91845703125,1493.5045166015625,3687.168212890625,9839.51953125
2023-11-27,3031.699951171875,2967.50341796875,3511.93994140625,8342.421875,5416.91845703125,1493.5045166015625,3687.168212890625,9785.5703125
2023-11-28,3038.550048828125,2967.50341796875,3518.52001953125,8342.421875,5416.91845703125,1493.5045166015625,3687.168212890625,9833.4599609375
2023-11-29,3021.68701171875,2967.50341796875,3488.31005859375,8342.421875,5416.91845703125,1493.5045166015625,3687.168212890625,9744.3896484375
2023-11-30,3029.673095703125,2967.50341796875,3496.199951171875,8342.421875,5416.91845703125,1493.5045166015625,3687.168212890625,9726.919921875
2023-12-01,3031.635986328125,2967.50341796875,3482.8798828125,8342.421875,5416.91845703125,1493.5045166015625,3687.168212890625,9720.5703125
2023-12-04,3022.9140625,2967.50341796875,3460.139892578125,8342.421875,5416.91845703125,1493.5045166015625,3687.168212890625,9660.4404296875
2023-12-05,2972.2958984375,2967.50341796875,3394.260009765625,8342.421875,5416.91845703125,1493.5045166015625,3687.168212890625,9470.3603515625
2023-12-06,2968.93310546875,2967.50341796875,3399.60009765625,8342.421875,5416.91845703125,1493.5045166015625,3687.168212890625,9533.25
2023-12-07,2966.2060546875,2967.50341796875,3391.280029296875,8342.421875,5416.91845703125,1493.5045166015625,3687.168212890625,9519.91015625
2023-12-08,2969.55908203125,2967.50341796875,3399.4599609375,8342.421875,5416.91845703125,1493.5045166015625,3687.168212890625,9553.919921875
2023-12-11,2991.43896484375,2967.50341796875,3419.449951171875,8342.421875,5416.91845703125,1493.5045166015625,3687.168212890625,9632.6103515625
2023-12-12,3003.43798828125,2967.50341796875,3426.800048828125,8342.421875,5416.91845703125,1493.5045166015625,3687.168212890625,9625.259765625
2023-12-13,2968.760986328125,2967.50341796875,3369.610107421875,8342.421875,5416.91845703125,1493.5045166015625,3687.168212890625,9476.6201171875
2023-12-14,2958.986083984375,2967.50341796875,3351.9599609375,8342.421875,5416.91845703125,1493.5045166015625,3687.168212890625,9417.9697265625
2023-12-15,2942.556884765625,2967.50341796875,3341.550048828125,8342.421875,5416.91845703125,1493.5045166015625,3687.168212890625,9385.330078125
2023-12-18,2930.800048828125,2967.50341796875,3329.3701171875,8342.421875,5416.91845703125,1493.5045166015625,3687.168212890625,9279.3896484375
2023-12-19,2932.39111328125,2967.50341796875,3334.0400390625,8342.421875,5416.91845703125,1493.5045166015625,3687.168212890625,9289.33984375
2023-12-20,2902.110107421875,2967.50341796875,3297.5,8342.421875,5416.91845703125,1493.5045166015625,3687.168212890625,9158.4404296875
2023-12-21,2918.715087890625,2967.50341796875,3330.8701171875,8342.421875,5416.91845703125,1493.5045166015625,3687.168212890625,9257.08984375
2023-12-22,2914.77490234375,2967.50341796875,3337.22998046875,8342.421875,5416.91845703125,1493.5045166015625,3687.168212890625,9221.3095703125
2023-12-25,2918.81298828125,2967.50341796875,3347.449951171875,8342.421875,5416.91845703125,1493.5045166015625,3687.168212890625,9256.2802734375
2023-12-26,2898.8798828125,2967.50341796875,3324.7900390625,8342.421875,5416.91845703125,1493.5045166015625,3687.168212890625,9157.25
2023-12-27,2914.614013671875,2967.50341796875,3336.360107421875,8342.421875,5416.91845703125,1493.5045166015625,3687.168212890625,9191.740234375
2023-12-28,2954.7041015625,2967.50341796875,3414.5400390625,8342.421875,5416.91845703125,1493.5045166015625,3687.168212890625,9441.0498046875
2023-12-29,2974.93505859375,2967.50341796875,3431.110107421875,8342.421875,5416.91845703125,1493.5045166015625,3687.168212890625,9524.6904296875
2024-01-02,2962.27587890625,2967.50341796875,3386.35009765625,8342.421875,5416.91845703125,1493.5045166015625,3687.168212890625,9401.349609375
2024-01-03,2967.2470703125,2967.50341796875,3378.300048828125,8342.421875,5416.91845703125,1493.5045166015625,3687.168212890625,9330.8603515625
2024-01-04,2954.34912109375,2967.50341796875,3347.050048828125,8342.421875,5416.91845703125,1493.5045166015625,3687.168212890625,9215.25
2024-01-05,2929.179931640625,2967.50341796875,3329.110107421875,8342.421875,5416.91845703125,1493.5045166015625,3687.168212890625,9116.4404296875
2024-01-08,2887.5380859375,2967.50341796875,3286.06005859375,8342.421875,5416.91845703125,1493.5045166015625,3687.168212890625,8947.7197265625
2024-01-09,2893.25,2967.50341796875,3292.5,8342.421875,5416.91845703125,1493.5045166015625,3687.168212890625,8971.7197265625
2024-01-10,2877.701904296875,2967.50341796875,3277.1298828125,8342.421875,5416.91845703125,1493.5045166015625,3687.168212890625,8922.7900390625
2024-01-11,2886.64990234375,2967.50341796875,3295.669921875,8342.421875,5416.91845703125,1493.5045166015625,3687.168212890625,9053.8798828125
2024-01-12,2881.97705078125,2967.50341796875,3284.169921875,8342.421875,5416.91845703125,1493.5045166015625,3687.168212890625,8996.259765625
2024-01-15,2886.2900390625,2967.50341796875,3280.919921875,8342.421875,5416.91845703125,1493.5045166015625,3687.168212890625,8963.9296875
2024-01-16,2893.989013671875,2967.50341796875,3300.8798828125,8342.421875,5416.91845703125,1493.5045166015625,3687.168212890625,8992.0703125
2024-01-17,2833.614990234375,2967.50341796875,3229.080078125,8342.421875,5416.91845703125,1493.5045166015625,3687.168212890625,8759.759765625
2024-01-18,2845.780029296875,2967.50341796875,3274.72998046875,8342.421875,5416.91845703125,1493.5045166015625,3687.168212890625,8847.0
2024-01-19,2832.279052734375,2967.50341796875,3269.780029296875,8342.421875,5416.91845703125,1493.5045166015625,3687.168212890625,8787.01953125
2024-01-22,2756.340087890625,2967.50341796875,3218.89990234375,8342.421875,5416.91845703125,1493.5045166015625,3687.168212890625,8479.5498046875
2024-01-23,2770.97607421875,2967.50341796875,3231.929931640625,8342.421875,5416.91845703125,1493.5045166015625,3687.168212890625,8596.2802734375
2024-01-24,2820.77197265625,2967.50341796875,3277.110107421875,8342.421875,5416.91845703125,1493.5045166015625,3687.168212890625,8682.1904296875
2024-01-25,2906.10888671875,2967.50341796875,3342.919921875,8342.421875,5416.91845703125,1493.5045166015625,3687.168212890625,8856.2197265625
2024-01-26,2910.222900390625,2967.50341796875,3333.820068359375,8342.421875,5416.91845703125,1493.5045166015625,3687.168212890625,8762.330078125
2024-01-29,2883.360107421875,2967.50341796875,3303.9599609375,8342.421875,5416.91845703125,1493.5045166015625,3687.168212890625,8581.759765625
2024-01-30,2830.527099609375,2967.50341796875,3245.0400390625,8342.421875,5416.91845703125,1493.5045166015625,3687.168212890625,8375.98046875
2024-01-31,2788.548095703125,2967.50341796875,3215.35009765625,8342.421875,5416.91845703125,1493.5045166015625,3687.168212890625,8212.83984375
2024-02-01,2770.739990234375,2967.50341796875,3217.7099609375,8342.421875,5416.91845703125,1493.5045166015625,3687.168212890625,8240.48046875
2024-02-02,2730.152099609375,2967.50341796875,3179.6298828125,8342.421875,5416.91845703125,1493.5045166015625,3687.168212890625,8055.77001953125
2024-02-05,2702.18505859375,2967.50341796875,3200.419921875,8342.421875,5416.91845703125,1493.5045166015625,3687.168212890625,7964.7099609375
2024-02-06,2789.486083984375,2967.50341796875,3311.68994140625,8342.421875,5416.91845703125,1493.5045166015625,3687.168212890625,8460.3798828125
2024-02-07,2829.696044921875,2967.50341796875,3343.6298828125,8342.421875,5416.91845703125,1493.5045166015625,3687.168212890625,8708.240234375
2024-02-08,2865.903076171875,2967.50341796875,3364.929931640625,8342.421875,5416.91845703125,1493.5045166015625,3687.168212890625,8820.599609375
2024-02-19,2910.5439453125,2967.50341796875,3403.81005859375,8342.421875,5416.91845703125,1493.5045166015625,3687.168212890625,8902.330078125
2024-02-20,2922.72998046875,2967.50341796875,3410.85009765625,8342.421875,5416.91845703125,1493.5045166015625,3687.168212890625,8905.9599609375
2024-02-21,2950.9560546875,2967.50341796875,3456.8701171875,8342.421875,5416.91845703125,1493.5045166015625,3687.168212890625,8975.9697265625
2024-02-22,2988.35791015625,2967.50341796875,3486.669921875,8342.421875,5416.91845703125,1493.5045166015625,3687.168212890625,9043.75
2024-02-23,3004.881103515625,2967.50341796875,3489.739990234375,8342.421875,5416.91845703125,1493.5045166015625,3687.168212890625,9069.419921875
2024-02-26,2977.02197265625,2967.50341796875,3453.360107421875,8342.421875,5416.91845703125,1493.5045166015625,3687.168212890625,9066.08984375
2024-02-27,3015.48095703125,2967.50341796875,3494.7900390625,8342.421875,5416.91845703125,1493.5045166015625,3687.168212890625,9269.5703125
2024-02-28,2957.85205078125,2967.50341796875,3450.260009765625,8342.421875,5416.91845703125,1493.5045166015625,3687.168212890625,9047.099609375
2024-02-29,3015.1708984375,2967.50341796875,3516.080078125,8342.421875,5416.91845703125,1493.5045166015625,3687.168212890625,9330.4404296875
2024-03-01,3027.02001953125,2967.50341796875,3537.800048828125,8342.421875,5416.91845703125,1493.5045166015625,3687.168212890625,9434.75
2024-03-04,3039.305908203125,2967.50341796875,3540.8701171875,8342.421875,5416.91845703125,1493.5045166015625,3687.168212890625,9438.240234375
2024-03-05,3047.79296875,2967.50341796875,3565.510009765625,8342.421875,5416.91845703125,1493.5045166015625,3687.168212890625,9416.7998046875
2024-03-06,3039.930908203125,2967.50341796875,3551.050048828125,8342.421875,5416.91845703125,1493.5045166015625,3687.168212890625,9395.650390625
2024-03-07,3027.40087890625,2967.50341796875,3529.719970703125,8342.421875,5416.91845703125,1493.5045166015625,3687.168212890625,9267.1201171875
2024-03-08,3046.01904296875,2967.50341796875,3544.909912109375,8342.421875,5416.91845703125,1493.5045166015625,3687.168212890625,9369.0498046875
2024-03-11,3068.455078125,2967.50341796875,3589.260009765625,8342.421875,5416.91845703125,1493.5045166015625,3687.168212890625,9581.5302734375
2024-03-12,3055.93505859375,2967.50341796875,3597.489990234375,8342.421875,5416.91845703125,1493.5045166015625,3687.168212890625,9630.5498046875
2024-03-13,3043.8349609375,2967.50341796875,3572.360107421875,8342.421875,5416.91845703125,1493.5045166015625,3687.168212890625,9604.990234375
2024-03-14,3038.23388671875,2967.50341796875,3562.219970703125,8342.421875,5416.91845703125,1493.5045166015625,3687.168212890625,9555.419921875
2024-03-15,3054.635986328125,2967.50341796875,3569.989990234375,8342.421875,5416.91845703125,1493.5045166015625,3687.168212890625,9612.75
2024-03-18,3084.926025390625,2967.50341796875,3603.530029296875,8342.421875,5416.91845703125,1493.5045166015625,3687.168212890625,9752.830078125
2024-03-19,3062.756103515625,2967.50341796875,3577.6298828125,8342.421875,5416.91845703125,1493.5045166015625,3687.168212890625,9696.6904296875
2024-03-20,3079.68603515625,2967.50341796875,3585.3798828125,8342.421875,5416.91845703125,1493.5045166015625,3687.168212890625,9717.3701171875
2024-03-21,3077.113037109375,2967.50341796875,3581.090087890625,8342.421875,5416.91845703125,1493.5045166015625,3687.168212890625,9682.509765625
2024-03-22,3048.033935546875,2967.50341796875,3545.0,8342.421875,5416.91845703125,1493.5045166015625,3687.168212890625,9565.5595703125
2024-03-25,3026.305908203125,2967.50341796875,3525.760009765625,8342.421875,5416.91845703125,1493.5045166015625,3687.168212890625,9422.6103515625
2024-03-26,3031.48095703125,2967.50341796875,3543.75,8342.421875,5416.91845703125,1493.5045166015625,3687.168212890625,9449.4296875
2024-03-27,2993.138916015625,2967.50341796875,3502.7900390625,8342.421875,5416.91845703125,1493.5045166015625,3687.168212890625,9222.4697265625
2024-03-28,3010.6640625,2967.50341796875,3520.9599609375,8342.421875,5416.91845703125,1493.5045166015625,3687.168212890625,9342.919921875
2024-03-29,3041.1669921875,2967.50341796875,3537.47998046875,8342.421875,5416.91845703125,1493.5045166015625,3687.168212890625,9400.849609375
2024-04-01,3077.37890625,2967.50341796875,3595.64990234375,8342.421875,5416.91845703125,1493.5045166015625,3687.168212890625,9647.0703125
2024-04-02,3074.958984375,2967.50341796875,3580.679931640625,8342.421875,5416.91845703125,1493.5045166015625,3687.168212890625,9586.9501953125
2024-04-03,3069.2958984375,2967.50341796875,3567.800048828125,8342.421875,5416.91845703125,1493.5045166015625,3687.168212890625,9544.76953125
2024-04-08,3047.052978515625,2967.50341796875,3536.409912109375,8342.421875,5416.91845703125,1493.5045166015625,3687.168212890625,9394.6103515625
2024-04-09,3048.537109375,2967.50341796875,3533.489990234375,8342.421875,5416.91845703125,1493.5045166015625,3687.168212890625,9448.98046875
2024-04-10,3027.3349609375,2967.50341796875,3504.7099609375,8342.421875,5416.91845703125,1493.5045166015625,3687.168212890625,9297.9599609375
2024-04-11,3034.24609375,2967.50341796875,3504.239990234375,8342.421875,5416.91845703125,1493.5045166015625,3687.168212890625,9300.76953125
2024-04-12,3019.47412109375,2967.50341796875,3475.840087890625,8342.421875,5416.91845703125,1493.5045166015625,3687.168212890625,9228.23046875
2024-04-15,3057.3779296875,2967.50341796875,3549.080078125,8342.421875,5416.91845703125,1493.5045166015625,3687.168212890625,9369.7001953125
2024-04-16,3007.068115234375,2967.50341796875,3511.110107421875,8342.421875,5416.91845703125,1493.5045166015625,3687.168212890625,9155.0703125
2024-04-17,3071.381103515625,2967.50341796875,3565.39990234375,8342.421875,5416.91845703125,1493.5045166015625,3687.168212890625,9381.76953125
2024-04-18,3074.22509765625,2967.50341796875,3569.800048828125,8342.421875,5416.91845703125,1493.5045166015625,3687.168212890625,9376.8095703125
2024-04-19,3065.260986328125,2967.50341796875,3541.659912109375,8342.421875,5416.91845703125,1493.5045166015625,3687.168212890625,9279.4599609375
2024-04-22,3044.594970703125,2967.50341796875,3530.89990234375,8342.421875,5416.91845703125,1493.5045166015625,3687.168212890625,9239.1396484375
2024-04-23,3021.97802734375,2967.50341796875,3506.219970703125,8342.421875,5416.91845703125,1493.5045166015625,3687.168212890625,9183.1396484375
2024-04-24,3044.822021484375,2967.50341796875,3521.6201171875,8342.421875,5416.91845703125,1493.5045166015625,3687.168212890625,9251.1298828125
2024-04-25,3052.89990234375,2967.50341796875,3530.280029296875,8342.421875,5416.91845703125,1493.5045166015625,3687.168212890625,9264.48046875
2024-04-26,3088.635986328125,2967.50341796875,3584.27001953125,8342.421875,5416.91845703125,1493.5045166015625,3687.168212890625,9463.91015625
2024-04-29,3113.04296875,2967.50341796875,3623.909912109375,8342.421875,5416.91845703125,1493.5045166015625,3687.168212890625,9673.759765625
2024-04-30,3104.824951171875,2967.50341796875,3604.389892578125,8342.421875,5416.91845703125,1493.5045166015625,3687.168212890625,9587.1201171875
2024-05-06,3140.719970703125,2967.50341796875,3657.8798828125,8342.421875,5416.91845703125,1493.5045166015625,3687.168212890625,9779.2099609375
2024-05-07,3147.738037109375,2967.50341796875,3659.010009765625,8342.421875,5416.91845703125,1493.5045166015625,3687.168212890625,9770.9404296875
2024-05-08,3128.47998046875,2967.50341796875,3630.219970703125,8342.421875,5416.91845703125,1493.5045166015625,3687.168212890625,9638.8203125
2024-05-09,3154.320068359375,2967.50341796875,3664.56005859375,8342.421875,5416.91845703125,1493.5045166015625,3687.168212890625,9788.0703125
2024-05-10,3154.547119140625,2967.50341796875,3666.280029296875,8342.421875,5416.91845703125,1493.5045166015625,3687.168212890625,9731.240234375
2024-05-13,3148.02099609375,2967.50341796875,3664.68994140625,8342.421875,5416.91845703125,1493.5045166015625,3687.168212890625,9673.3203125
2024-05-14,3145.77392578125,2967.50341796875,3657.050048828125,8342.421875,5416.91845703125,1493.5045166015625,3687.168212890625,9668.73046875
2024-05-15,3119.902099609375,2967.50341796875,3626.06005859375,8342.421875,5416.91845703125,1493.5045166015625,3687.168212890625,9583.5400390625
2024-05-16,3122.40087890625,2967.50341796875,3640.360107421875,8342.421875,5416.91845703125,1493.5045166015625,3687.168212890625,9604.1298828125
2024-05-17,3154.02587890625,2967.50341796875,3677.969970703125,8342.421875,5416.91845703125,1493.5045166015625,3687.168212890625,9709.419921875
2024-05-20,3171.14501953125,2967.50341796875,3690.9599609375,8342.421875,5416.91845703125,1493.5045166015625,3687.168212890625,9750.8203125
2024-05-21,3157.966064453125,2967.50341796875,3676.159912109375,8342.421875,5416.91845703125,1493.5045166015625,3687.168212890625,9681.66015625
2024-05-22,3158.5400390625,2967.50341796875,3684.449951171875,8342.421875,5416.91845703125,1493.5045166015625,3687.168212890625,9693.0498046875
2024-05-23,3116.386962890625,2967.50341796875,3641.7900390625,8342.421875,5416.91845703125,1493.5045166015625,3687.168212890625,9541.6396484375
2024-05-24,3088.87109375,2967.50341796875,3601.47998046875,8342.421875,5416.91845703125,1493.5045166015625,3687.168212890625,9424.580078125
2024-05-27,3124.04296875,2967.50341796875,3635.7099609375,8342.421875,5416.91845703125,1493.5045166015625,3687.168212890625,9507.75
2024-05-28,3109.572021484375,2967.50341796875,3609.169921875,8342.421875,5416.91845703125,1493.5045166015625,3687.168212890625,9391.0498046875
2024-05-29,3111.01806640625,2967.50341796875,3613.52001953125,8342.421875,5416.91845703125,1493.5045166015625,3687.168212890625,9414.98046875
2024-05-30,3091.677978515625,2967.50341796875,3594.31005859375,8342.421875,5416.91845703125,1493.5045166015625,3687.168212890625,9384.7197265625
2024-05-31,3086.81298828125,2967.50341796875,3579.919921875,8342.421875,5416.91845703125,1493.5045166015625,3687.168212890625,9364.3798828125
2024-06-03,3078.489013671875,2967.50341796875,3588.75,8342.421875,5416.91845703125,1493.5045166015625,3687.168212890625,9370.5
2024-06-04,3091.198974609375,2967.50341796875,3615.669921875,8342.421875,5416.91845703125,1493.5045166015625,3687.168212890625,9469.3203125
2024-06-05,3065.403076171875,2967.50341796875,3594.7900390625,8342.421875,5416.91845703125,1493.5045166015625,3687.168212890625,9393.6103515625
2024-06-06,3048.7939453125,2967.50341796875,3592.25,8342.421875,5416.91845703125,1493.5045166015625,3687.168212890625,9340.009765625
2024-06-07,3051.279052734375,2967.50341796875,3574.110107421875,8342.421875,5416.91845703125,1493.5045166015625,3687.168212890625,9255.6796875
2024-06-11,3028.044921875,2967.50341796875,3542.8798828125,8342.421875,5416.91845703125,1493.5045166015625,3687.168212890625,9262.349609375
2024-06-12,3037.468017578125,2967.50341796875,3544.1201171875,8342.421875,5416.91845703125,1493.5045166015625,3687.168212890625,9269.9404296875
2024-06-13,3028.9189453125,2967.50341796875,3526.1298828125,8342.421875,5416.91845703125,1493.5045166015625,3687.168212890625,9206.240234375
2024-06-14,3032.633056640625,2967.50341796875,3541.530029296875,8342.421875,5416.91845703125,1493.5045166015625,3687.168212890625,9252.25
2024-06-17,3015.89111328125,2967.50341796875,3536.199951171875,8342.421875,5416.91845703125,1493.5045166015625,3687.168212890625,9281.25
2024-06-18,3030.24609375,2967.50341796875,3545.590087890625,8342.421875,5416.91845703125,1493.5045166015625,3687.168212890625,9318.4697265625
2024-06-19,3018.049072265625,2967.50341796875,3528.75,8342.421875,5416.91845703125,1493.5045166015625,3687.168212890625,9219.0703125
2024-06-20,3005.43701171875,2967.50341796875,3503.280029296875,8342.421875,5416.91845703125,1493.5045166015625,3687.168212890625,9068.849609375
2024-06-21,2998.137939453125,2967.50341796875,3495.6201171875,8342.421875,5416.91845703125,1493.5045166015625,3687.168212890625,9064.83984375
2024-06-24,2963.09912109375,2967.50341796875,3476.81005859375,8342.421875,5416.91845703125,1493.5045166015625,3687.168212890625,8924.169921875
2024-06-25,2949.99609375,2967.50341796875,3457.89990234375,8342.421875,5416.91845703125,1493.5045166015625,3687.168212890625,8850.2900390625
2024-06-26,2972.52490234375,2967.50341796875,3480.260009765625,8342.421875,5416.91845703125,1493.5045166015625,3687.168212890625,8987.2998046875
2024-06-27,2945.85205078125,2967.50341796875,3454.1201171875,8342.421875,5416.91845703125,1493.5045166015625,3687.168212890625,8849.7001953125
2024-06-28,2967.403076171875,2967.50341796875,3461.659912109375,8342.421875,5416.91845703125,1493.5045166015625,3687.168212890625,8848.7001953125
2024-07-01,2994.72998046875,2967.50341796875,3478.179931640625,8342.421875,5416.91845703125,1493.5045166015625,3687.168212890625,8899.169921875
2024-07-02,2997.010986328125,2967.50341796875,3471.7900390625,8342.421875,5416.91845703125,1493.5045166015625,3687.168212890625,8812.669921875
2024-07-03,2982.3759765625,2967.50341796875,3463.409912109375,8342.421875,5416.91845703125,1493.5045166015625,3687.168212890625,8760.4296875
2024-07-04,2957.56689453125,2967.50341796875,3445.81005859375,8342.421875,5416.91845703125,1493.5045166015625,3687.168212890625,8673.830078125
2024-07-05,2949.93310546875,2967.50341796875,3431.06005859375,8342.421875,5416.91845703125,1493.5045166015625,3687.168212890625,8695.5498046875
2024-07-08,2922.449951171875,2967.50341796875,3401.760009765625,8342.421875,5416.91845703125,1493.5045166015625,3687.168212890625,8561.9501953125
2024-07-09,2959.3720703125,2967.50341796875,3439.81005859375,8342.421875,5416.91845703125,1493.5045166015625,3687.168212890625,8705.9404296875
2024-07-10,2939.364013671875,2967.50341796875,3428.969970703125,8342.421875,5416.91845703125,1493.5045166015625,3687.168212890625,8697.2197265625
2024-07-11,2970.386962890625,2967.50341796875,3468.169921875,8342.421875,5416.91845703125,1493.5045166015625,3687.168212890625,8870.3603515625
2024-07-12,2971.294921875,2967.50341796875,3472.39990234375,8342.421875,5416.91845703125,1493.5045166015625,3687.168212890625,8854.080078125
2024-07-15,2974.010986328125,2967.50341796875,3476.25,8342.421875,5416.91845703125,1493.5045166015625,3687.168212890625,8801.6201171875
2024-07-16,2976.303955078125,2967.50341796875,3498.280029296875,8342.421875,5416.91845703125,1493.5045166015625,3687.168212890625,8877.01953125
2024-07-17,2962.85498046875,2967.50341796875,3501.580078125,8342.421875,5416.91845703125,1493.5045166015625,3687.168212890625,8835.1396484375
2024-07-18,2977.133056640625,2967.50341796875,3520.929931640625,8342.421875,5416.91845703125,1493.5045166015625,3687.168212890625,8879.330078125
2024-07-19,2982.30908203125,2967.50341796875,3539.02001953125,8342.421875,5416.91845703125,1493.5045166015625,3687.168212890625,8903.23046875
2024-07-22,2964.216064453125,2967.50341796875,3514.919921875,8342.421875,5416.91845703125,1493.5045166015625,3687.168212890625,8869.8203125
2024-07-23,2915.368896484375,2967.50341796875,3439.8798828125,8342.421875,5416.91845703125,1493.5045166015625,3687.168212890625,8606.580078125
2024-07-24,2901.951904296875,2967.50341796875,3418.169921875,8342.421875,5416.91845703125,1493.5045166015625,3687.168212890625,8493.099609375
2024-07-25,2886.741943359375,2967.50341796875,3399.27001953125,8342.421875,5416.91845703125,1493.5045166015625,3687.168212890625,8474.7001953125
2024-07-26,2890.89697265625,2967.50341796875,3409.2900390625,8342.421875,5416.91845703125,1493.5045166015625,3687.168212890625,8597.169921875
2024-07-29,2891.844970703125,2967.50341796875,3390.739990234375,8342.421875,5416.91845703125,1493.5045166015625,3687.168212890625,8514.650390625
2024-07-30,2879.300048828125,2967.50341796875,3369.3798828125,8342.421875,5416.91845703125,1493.5045166015625,3687.168212890625,8468.580078125
2024-07-31,2938.7490234375,2967.50341796875,3442.080078125,8342.421875,5416.91845703125,1493.5045166015625,3687.168212890625,8754.08984375
2024-08-01,2932.386962890625,2967.50341796875,3419.27001953125,8342.421875,5416.91845703125,1493.5045166015625,3687.168212890625,8673.580078125
2024-08-02,2905.337890625,2967.50341796875,3384.389892578125,8342.421875,5416.91845703125,1493.5045166015625,3687.168212890625,8553.5498046875
2024-08-05,2860.697998046875,2967.50341796875,3343.320068359375,8342.421875,5416.91845703125,1493.5045166015625,3687.168212890625,8395.0498046875
2024-08-06,2867.283935546875,2967.50341796875,3342.97998046875,8342.421875,5416.91845703125,1493.5045166015625,3687.168212890625,8463.8603515625
2024-08-07,2869.833984375,2967.50341796875,3341.489990234375,8342.421875,5416.91845703125,1493.5045166015625,3687.168212890625,8449.580078125
2024-08-08,2869.90087890625,2967.50341796875,3342.93994140625,8342.421875,5416.91845703125,1493.5045166015625,3687.168212890625,8446.2099609375
2024-08-09,2862.194091796875,2967.50341796875,3331.6298828125,8342.421875,5416.91845703125,1493.5045166015625,3687.168212890625,8393.7001953125
2024-08-12,2858.205078125,2967.50341796875,3325.860107421875,8342.421875,5416.91845703125,1493.5045166015625,3687.168212890625,8373.4697265625
2024-08-13,2867.946044921875,2967.50341796875,3334.389892578125,8342.421875,5416.91845703125,1493.5045166015625,3687.168212890625,8409.2197265625
2024-08-14,2850.654052734375,2967.50341796875,3309.239990234375,8342.421875,5416.91845703125,1493.5045166015625,3687.168212890625,8311.0
2024-08-15,2877.35791015625,2967.50341796875,3341.949951171875,8342.421875,5416.91845703125,1493.5045166015625,3687.168212890625,8370.1201171875
2024-08-16,2879.429931640625,2967.50341796875,3345.6298828125,8342.421875,5416.91845703125,1493.5045166015625,3687.168212890625,8349.8701171875
2024-08-19,2893.674072265625,2967.50341796875,3356.969970703125,8342.421875,5416.91845703125,1493.5045166015625,3687.168212890625,8356.900390625
2024-08-20,2866.660888671875,2967.50341796875,3332.699951171875,8342.421875,5416.91845703125,1493.5045166015625,3687.168212890625,8252.8701171875
2024-08-21,2856.583984375,2967.50341796875,3321.639892578125,8342.421875,5416.91845703125,1493.5045166015625,3687.168212890625,8229.75
2024-08-22,2848.77197265625,2967.50341796875,3313.139892578125,8342.421875,5416.91845703125,1493.5045166015625,3687.168212890625,8162.18017578125
2024-08-23,2854.367919921875,2967.50341796875,3327.18994140625,8342.421875,5416.91845703125,1493.5045166015625,3687.168212890625,8181.919921875
2024-08-26,2855.52001953125,2967.50341796875,3324.219970703125,8342.421875,5416.91845703125,1493.5045166015625,3687.168212890625,8194.650390625
2024-08-27,2848.73095703125,2967.50341796875,3305.330078125,8342.421875,5416.91845703125,1493.5045166015625,3687.168212890625,8103.759765625
2024-08-28,2837.428955078125,2967.50341796875,3286.5,8342.421875,5416.91845703125,1493.5045166015625,3687.168212890625,8078.81982421875
2024-08-29,2823.10595703125,2967.50341796875,3277.679931640625,8342.421875,5416.91845703125,1493.5045166015625,3687.168212890625,8154.43994140625
2024-08-30,2842.214111328125,2967.50341796875,3321.429931640625,8342.421875,5416.91845703125,1493.5045166015625,3687.168212890625,8348.48046875
2024-09-02,2811.034912109375,2967.50341796875,3265.010009765625,8342.421875,5416.91845703125,1493.5045166015625,3687.168212890625,8172.2099609375
2024-09-03,2802.97900390625,2967.50341796875,3273.429931640625,8342.421875,5416.91845703125,1493.5045166015625,3687.168212890625,8268.0498046875
2024-09-04,2784.278076171875,2967.50341796875,3252.159912109375,8342.421875,5416.91845703125,1493.5045166015625,3687.168212890625,8226.240234375
2024-09-05,2788.31396484375,2967.50341796875,3257.760009765625,8342.421875,5416.91845703125,1493.5045166015625,3687.168212890625,8249.66015625
2024-09-06,2765.806884765625,2967.50341796875,3231.35009765625,8342.421875,5416.91845703125,1493.5045166015625,3687.168212890625,8130.77001953125
2024-09-09,2736.488037109375,2967.50341796875,3192.949951171875,8342.421875,5416.91845703125,1493.5045166015625,3687.168212890625,8063.27001953125
2024-09-10,2744.19189453125,2967.50341796875,3195.760009765625,8342.421875,5416.91845703125,1493.5045166015625,3687.168212890625,8073.830078125
2024-09-11,2721.794921875,2967.50341796875,3186.1298828125,8342.421875,5416.91845703125,1493.5045166015625,3687.168212890625,8105.3798828125
2024-09-12,2717.123046875,2967.50341796875,3172.469970703125,8342.421875,5416.91845703125,1493.5045166015625,3687.168212890625,8054.240234375
2024-09-13,2704.090087890625,2967.50341796875,3159.25,8342.421875,5416.91845703125,1493.5045166015625,3687.168212890625,7983.5498046875
2024-09-18,2717.281005859375,2967.50341796875,3171.010009765625,8342.421875,5416.91845703125,1493.5045166015625,3687.168212890625,7992.25
2024-09-19,2736.02197265625,2967.50341796875,3196.0400390625,8342.421875,5416.91845703125,1493.5045166015625,3687.168212890625,8087.60009765625
2024-09-20,2736.81396484375,2967.50341796875,3201.050048828125,8342.421875,5416.91845703125,1493.5045166015625,3687.168212890625,8075.14013671875
2024-09-23,2748.91796875,2967.50341796875,3212.760009765625,8342.421875,5416.91845703125,1493.5045166015625,3687.168212890625,8083.3798828125
2024-09-24,2863.1259765625,2967.50341796875,3351.909912109375,8342.421875,5416.91845703125,1493.5045166015625,3687.168212890625,8435.7001953125
2024-09-25,2896.305908203125,2967.50341796875,3401.530029296875,8342.421875,5416.91845703125,1493.5045166015625,3687.168212890625,8537.73046875
2024-09-26,3000.952880859375,2967.50341796875,3545.320068359375,8342.421875,5416.91845703125,1493.5045166015625,3687.168212890625,8916.650390625
2024-09-27,3087.529052734375,2967.50341796875,3703.679931640625,8342.421875,5416.91845703125,1493.5045166015625,3687.168212890625,9514.8603515625
2024-09-30,3336.4970703125,2967.50341796875,4017.85009765625,8342.421875,5416.91845703125,1493.5045166015625,3687.168212890625,10529.759765625
2024-10-08,3489.77490234375,2967.50341796875,4256.10009765625,8342.421875,5416.91845703125,1493.5045166015625,3687.168212890625,11495.099609375
2024-10-09,3258.85791015625,2967.50341796875,3955.97998046875,8342.421875,5416.91845703125,1493.5045166015625,3687.168212890625,10557.8095703125
2024-10-10,3301.926025390625,2967.50341796875,3997.7900390625,8342.421875,5416.91845703125,1493.5045166015625,3687.168212890625,10471.080078125
2024-10-11,3217.738037109375,2967.50341796875,3887.169921875,8342.421875,5416.91845703125,1493.5045166015625,3687.168212890625,10060.740234375
2024-10-14,3284.322998046875,2967.50341796875,3961.340087890625,8342.421875,5416.91845703125,1493.5045166015625,3687.168212890625,10327.400390625
2024-10-15,3201.2919921875,2967.50341796875,3855.989990234375,8342.421875,5416.91845703125,1493.5045166015625,3687.168212890625,10066.51953125
2024-10-16,3202.947998046875,2967.50341796875,3831.590087890625,8342.421875,5416.91845703125,1493.5045166015625,3687.168212890625,9965.01953125
2024-10-17,3169.384033203125,2967.50341796875,3788.219970703125,8342.421875,5416.91845703125,1493.5045166015625,3687.168212890625,9891.759765625
2024-10-18,3261.56298828125,2967.50341796875,3925.22998046875,8342.421875,5416.91845703125,1493.5045166015625,3687.168212890625,10357.6796875
2024-10-21,3268.110107421875,2967.50341796875,3935.199951171875,8342.421875,5416.91845703125,1493.5045166015625,3687.168212890625,10470.91015625
2024-10-22,3285.866943359375,2967.50341796875,3957.780029296875,8342.421875,5416.91845703125,1493.5045166015625,3687.168212890625,10559.509765625
2024-10-23,3302.802978515625,2967.50341796875,3973.2099609375,8342.421875,5416.91845703125,1493.5045166015625,3687.168212890625,10576.41015625
2024-10-24,3280.262939453125,2967.50341796875,3928.830078125,8342.421875,5416.91845703125,1493.5045166015625,3687.168212890625,10441.75
2024-10-25,3299.699951171875,2967.50341796875,3956.419921875,8342.421875,5416.91845703125,1493.5045166015625,3687.168212890625,10619.849609375
2024-10-28,3322.197998046875,2967.50341796875,3964.159912109375,8342.421875,5416.91845703125,1493.5045166015625,3687.168212890625,10685.8896484375
2024-10-29,3286.406982421875,2967.50341796875,3924.64990234375,8342.421875,5416.91845703125,1493.5045166015625,3687.168212890625,10543.330078125
2024-10-30,3266.238037109375,2967.50341796875,3889.449951171875,8342.421875,5416.91845703125,1493.5045166015625,3687.168212890625,10530.849609375
2024-10-31,3279.823974609375,2967.50341796875,3891.0400390625,8342.421875,5416.91845703125,1493.5045166015625,3687.168212890625,10591.2197265625
2024-11-01,3272.013916015625,2967.50341796875,3890.02001953125,8342.421875,5416.91845703125,1493.5045166015625,3687.168212890625,10455.5
2024-11-04,3310.20703125,2967.50341796875,3944.760009765625,8342.421875,5416.91845703125,1493.5045166015625,3687.168212890625,10663.099609375
2024-11-05,3386.987060546875,2967.50341796875,4044.570068359375,8342.421875,5416.91845703125,1493.5045166015625,3687.168212890625,11006.9404296875
2024-11-06,3383.805908203125,2967.50341796875,4024.280029296875,8342.421875,5416.91845703125,1493.5045166015625,3687.168212890625,10968.1396484375
2024-11-07,3470.660888671875,2967.50341796875,4145.7001953125,8342.421875,5416.91845703125,1493.5045166015625,3687.168212890625,11235.919921875
2024-11-08,3452.297119140625,2967.50341796875,4104.0498046875,8342.421875,5416.91845703125,1493.5045166015625,3687.168212890625,11161.7001953125
2024-11-11,3470.06591796875,2967.50341796875,4131.1298828125,8342.421875,5416.91845703125,1493.5045166015625,3687.168212890625,11388.5703125
2024-11-12,3421.969970703125,2967.50341796875,4085.739990234375,8342.421875,5416.91845703125,1493.5045166015625,3687.168212890625,11314.4599609375
2024-11-13,3439.278076171875,2967.50341796875,4110.89013671875,8342.421875,5416.91845703125,1493.5045166015625,3687.168212890625,11359.2900390625
2024-11-14,3379.839111328125,2967.50341796875,4039.6201171875,8342.421875,5416.91845703125,1493.5045166015625,3687.168212890625,11037.7802734375
2024-11-15,3330.72607421875,2967.50341796875,3968.830078125,8342.421875,5416.91845703125,1493.5045166015625,3687.168212890625,10748.9697265625
2024-11-18,3323.84912109375,2967.50341796875,3950.3798828125,8342.421875,5416.91845703125,1493.5045166015625,3687.168212890625,10544.01953125
2024-11-19,3346.010009765625,2967.50341796875,3976.889892578125,8342.421875,5416.91845703125,1493.5045166015625,3687.168212890625,10743.83984375
2024-11-20,3367.989013671875,2967.50341796875,3985.77001953125,8342.421875,5416.91845703125,1493.5045166015625,3687.168212890625,10827.1904296875
2024-11-21,3370.404052734375,2967.50341796875,3989.300048828125,8342.421875,5416.91845703125,1493.5045166015625,3687.168212890625,10819.8798828125
2024-11-22,3267.19189453125,2967.50341796875,3865.699951171875,8342.421875,5416.91845703125,1493.5045166015625,3687.168212890625,10438.7197265625
2024-11-25,3263.760009765625,2967.50341796875,3848.090087890625,8342.421875,5416.91845703125,1493.5045166015625,3687.168212890625,10420.51953125
2024-11-26,3259.757080078125,2967.50341796875,3840.179931640625,8342.421875,5416.91845703125,1493.5045166015625,3687.168212890625,10333.23046875
2024-11-27,3309.779052734375,2967.50341796875,3907.0400390625,8342.421875,5416.91845703125,1493.5045166015625,3687.168212890625,10566.099609375
2024-11-28,3295.697998046875,2967.50341796875,3872.550048828125,8342.421875,5416.91845703125,1493.5045166015625,3687.168212890625,10432.5400390625
2024-11-29,3326.4560546875,2967.50341796875,3916.580078125,8342.421875,5416.91845703125,1493.5045166015625,3687.168212890625,10611.7197265625
2024-12-02,3363.98193359375,2967.50341796875,3947.6298828125,8342.421875,5416.91845703125,1493.5045166015625,3687.168212890625,10756.5498046875
2024-12-03,3378.805908203125,2967.50341796875,3951.889892578125,8342.421875,5416.91845703125,1493.5045166015625,3687.168212890625,10713.580078125
2024-12-04,3364.64990234375,2967.50341796875,3930.56005859375,8342.421875,5416.91845703125,1493.5045166015625,3687.168212890625,10604.009765625
2024-12-05,3368.85498046875,2967.50341796875,3921.590087890625,8342.421875,5416.91845703125,1493.5045166015625,3687.168212890625,10634.490234375
2024-12-06,3404.075927734375,2967.50341796875,3973.139892578125,8342.421875,5416.91845703125,1493.5045166015625,3687.168212890625,10791.33984375
2024-12-09,3402.533935546875,2967.50341796875,3966.570068359375,8342.421875,5416.91845703125,1493.5045166015625,3687.168212890625,10731.66015625
2024-12-10,3422.660888671875,2967.50341796875,3995.639892578125,8342.421875,5416.91845703125,1493.5045166015625,3687.168212890625,10812.580078125
2024-12-11,3432.489990234375,2967.50341796875,3988.830078125,8342.421875,5416.91845703125,1493.5045166015625,3687.168212890625,10848.419921875
2024-12-12,3461.5,2967.50341796875,4028.5,8342.421875,5416.91845703125,1493.5045166015625,3687.168212890625,10957.1298828125
2024-12-13,3391.8779296875,2967.50341796875,3933.179931640625,8342.421875,5416.91845703125,1493.5045166015625,3687.168212890625,10713.0703125
2024-12-16,3386.3310546875,2967.50341796875,3911.840087890625,8342.421875,5416.91845703125,1493.5045166015625,3687.168212890625,10573.919921875
2024-12-17,3361.485107421875,2967.50341796875,3922.030029296875,8342.421875,5416.91845703125,1493.5045166015625,3687.168212890625,10537.4296875
2024-12-18,3382.2080078125,2967.50341796875,3941.889892578125,8342.421875,5416.91845703125,1493.5045166015625,3687.168212890625,10584.26953125
2024-12-19,3370.032958984375,2967.50341796875,3945.4599609375,8342.421875,5416.91845703125,1493.5045166015625,3687.168212890625,10649.0302734375
2024-12-20,3368.069091796875,2967.50341796875,3927.739990234375,8342.421875,5416.91845703125,1493.5045166015625,3687.168212890625,10646.6201171875
2024-12-23,3351.257080078125,2967.50341796875,3933.570068359375,8342.421875,5416.91845703125,1493.5045166015625,3687.168212890625,10537.400390625
2024-12-24,3393.528076171875,2967.50341796875,3983.68994140625,8342.421875,5416.91845703125,1493.5045166015625,3687.168212890625,10671.4296875
2024-12-25,3393.35009765625,2967.50341796875,3985.6298828125,8342.421875,5416.91845703125,1493.5045166015625,3687.168212890625,10603.099609375
2024-12-26,3398.076904296875,2967.50341796875,3987.47998046875,8342.421875,5416.91845703125,1493.5045166015625,3687.168212890625,10673.9697265625
2024-12-27,3400.14208984375,2967.50341796875,3981.030029296875,8342.421875,5416.91845703125,1493.5045166015625,3687.168212890625,10659.98046875
2024-12-30,3407.325927734375,2967.50341796875,3999.050048828125,8342.421875,5416.91845703125,1493.5045166015625,3687.168212890625,10671.16015625
2024-12-31,3351.762939453125,2967.50341796875,3934.909912109375,8342.421875,5416.91845703125,1493.5045166015625,3687.168212890625,10414.6103515625
2025-01-02,3262.56103515625,2967.50341796875,3820.39990234375,8342.421875,5416.91845703125,1493.5045166015625,3687.168212890625,10088.0595703125
2025-01-03,3211.429931640625,2967.50341796875,3775.159912109375,8342.421875,5416.91845703125,1493.5045166015625,3687.168212890625,9897.1201171875
2025-01-06,3206.923095703125,2967.50341796875,3768.969970703125,8342.421875,5416.91845703125,1493.5045166015625,3687.168212890625,9885.650390625
2025-01-07,3229.64404296875,2967.50341796875,3796.110107421875,8342.421875,5416.91845703125,1493.5045166015625,3687.168212890625,9998.759765625
2025-01-08,3230.16796875,2967.50341796875,3789.219970703125,8342.421875,5416.91845703125,1493.5045166015625,3687.168212890625,9944.6396484375
2025-01-09,3211.39306640625,2967.50341796875,3779.8798828125,8342.421875,5416.91845703125,1493.5045166015625,3687.168212890625,9976.0
2025-01-10,3168.52392578125,2967.50341796875,3732.47998046875,8342.421875,5416.91845703125,1493.5045166015625,3687.168212890625,9795.9404296875
2025-01-13,3160.7548828125,2967.50341796875,3722.510009765625,8342.421875,5416.91845703125,1493.5045166015625,3687.168212890625,9796.1796875
2025-01-14,3240.93994140625,2967.50341796875,3820.5400390625,8342.421875,5416.91845703125,1493.5045166015625,3687.168212890625,10165.169921875
2025-01-15,3227.116943359375,2967.50341796875,3796.030029296875,8342.421875,5416.91845703125,1493.5045166015625,3687.168212890625,10060.1298828125
2025-01-16,3236.031982421875,2967.50341796875,3800.3798828125,8342.421875,5416.91845703125,1493.5045166015625,3687.168212890625,10101.099609375
2025-01-17,3241.821044921875,2967.50341796875,3812.340087890625,8342.421875,5416.91845703125,1493.5045166015625,3687.168212890625,10161.3203125
2025-01-20,3244.3779296875,2967.50341796875,3829.679931640625,8342.421875,5416.91845703125,1493.5045166015625,3687.168212890625,10256.400390625
2025-01-21,3242.623046875,2967.50341796875,3832.610107421875,8342.421875,5416.91845703125,1493.5045166015625,3687.168212890625,10305.6904296875
2025-01-22,3213.6240234375,2967.50341796875,3797.02001953125,8342.421875,5416.91845703125,1493.5045166015625,3687.168212890625,10225.8701171875
2025-01-23,3230.1640625,2967.50341796875,3803.739990234375,8342.421875,5416.91845703125,1493.5045166015625,3687.168212890625,10176.169921875
2025-01-24,3252.6259765625,2967.50341796875,3832.860107421875,8342.421875,5416.91845703125,1493.5045166015625,3687.168212890625,10292.73046875
2025-01-27,3250.60107421875,2967.50341796875,3817.080078125,8342.421875,5416.91845703125,1493.5045166015625,3687.168212890625,10156.0703125
2025-02-05,3229.488037109375,2967.50341796875,3795.080078125,8342.421875,5416.91845703125,1493.5045166015625,3687.168212890625,10164.2197265625
2025-02-06,3270.658935546875,2967.50341796875,3842.830078125,8342.421875,5416.91845703125,1493.5045166015625,3687.168212890625,10393.6298828125
2025-02-07,3303.6669921875,2967.50341796875,3892.699951171875,8342.421875,5416.91845703125,1493.5045166015625,3687.168212890625,10576.0
2025-02-10,3322.169921875,2967.50341796875,3901.06005859375,8342.421875,5416.91845703125,1493.5045166015625,3687.168212890625,10631.25
2025-02-11,3318.056884765625,2967.50341796875,3883.139892578125,8342.421875,5416.91845703125,1493.5045166015625,3687.168212890625,10557.6201171875
2025-02-12,3346.385009765625,2967.50341796875,3919.860107421875,8342.421875,5416.91845703125,1493.5045166015625,3687.168212890625,10708.8798828125
2025-02-13,3332.48291015625,2967.50341796875,3905.139892578125,8342.421875,5416.91845703125,1493.5045166015625,3687.168212890625,10626.6201171875
2025-02-14,3346.72412109375,2967.50341796875,3939.010009765625,8342.421875,5416.91845703125,1493.5045166015625,3687.168212890625,10749.4599609375
2025-02-17,3355.830078125,2967.50341796875,3947.39990234375,8342.421875,5416.91845703125,1493.5045166015625,3687.168212890625,10791.0595703125
2025-02-18,3324.490966796875,2967.50341796875,3912.780029296875,8342.421875,5416.91845703125,1493.5045166015625,3687.168212890625,10617.259765625
2025-02-19,3351.5390625,2967.50341796875,3940.159912109375,8342.421875,5416.91845703125,1493.5045166015625,3687.168212890625,10772.650390625
2025-02-20,3350.782958984375,2967.50341796875,3928.89990234375,8342.421875,5416.91845703125,1493.5045166015625,3687.168212890625,10794.5498046875
2025-02-21,3379.113037109375,2967.50341796875,3978.43994140625,8342.421875,5416.91845703125,1493.5045166015625,3687.168212890625,10991.3701171875
2025-02-24,3373.028076171875,2967.50341796875,3969.719970703125,8342.421875,5416.91845703125,1493.5045166015625,3687.168212890625,10983.0400390625
2025-02-25,3346.0400390625,2967.50341796875,3925.64990234375,8342.421875,5416.91845703125,1493.5045166015625,3687.168212890625,10854.5
2025-02-26,3380.214111328125,2967.50341796875,3959.93994140625,8342.421875,5416.91845703125,1493.5045166015625,3687.168212890625,10955.650390625
2025-02-27,3388.06201171875,2967.50341796875,3968.1201171875,8342.421875,5416.91845703125,1493.5045166015625,3687.168212890625,10927.509765625
2025-02-28,3320.89697265625,2967.50341796875,3890.050048828125,8342.421875,5416.91845703125,1493.5045166015625,3687.168212890625,10611.240234375
2025-03-03,3316.925048828125,2967.50341796875,3888.469970703125,8342.421875,5416.91845703125,1493.5045166015625,3687.168212890625,10649.58984375
2025-03-04,3324.2099609375,2967.50341796875,3885.219970703125,8342.421875,5416.91845703125,1493.5045166015625,3687.168212890625,10679.4404296875
2025-03-05,3341.965087890625,2967.50341796875,3902.570068359375,8342.421875,5416.91845703125,1493.5045166015625,3687.168212890625,10709.4599609375
2025-03-06,3381.097900390625,2967.50341796875,3956.239990234375,8342.421875,5416.91845703125,1493.5045166015625,3687.168212890625,10898.75
2025-03-07,3372.5458984375,2967.50341796875,3944.010009765625,8342.421875,5416.91845703125,1493.5045166015625,3687.168212890625,10843.73046875
2025-03-10,3366.1630859375,2967.50341796875,3928.800048828125,8342.421875,5416.91845703125,1493.5045166015625,3687.168212890625,10825.7001953125
2025-03-11,3379.827880859375,2967.50341796875,3941.419921875,8342.421875,5416.91845703125,1493.5045166015625,3687.168212890625,10861.16015625
2025-03-12,3371.924072265625,2967.50341796875,3927.22998046875,8342.421875,5416.91845703125,1493.5045166015625,3687.168212890625,10843.23046875
2025-03-13,3358.72900390625,2967.50341796875,3911.580078125,8342.421875,5416.91845703125,1493.5045166015625,3687.168212890625,10736.1904296875
2025-03-14,3419.56201171875,2967.50341796875,4006.56005859375,8342.421875,5416.91845703125,1493.5045166015625,3687.168212890625,10978.2998046875
2025-03-17,3426.12890625,2967.50341796875,3996.7900390625,8342.421875,5416.91845703125,1493.5045166015625,3687.168212890625,10957.8203125
2025-03-18,3429.759033203125,2967.50341796875,4007.719970703125,8342.421875,5416.91845703125,1493.5045166015625,3687.168212890625,11014.75
2025-03-19,3426.428955078125,2967.50341796875,4010.169921875,8342.421875,5416.91845703125,1493.5045166015625,3687.168212890625,10979.0498046875
2025-03-20,3408.947998046875,2967.50341796875,3974.989990234375,8342.421875,5416.91845703125,1493.5045166015625,3687.168212890625,10879.490234375
2025-03-21,3364.8310546875,2967.50341796875,3914.699951171875,8342.421875,5416.91845703125,1493.5045166015625,3687.168212890625,10687.5498046875
2025-03-24,3370.028076171875,2967.50341796875,3934.85009765625,8342.421875,5416.91845703125,1493.5045166015625,3687.168212890625,10695.490234375
2025-03-25,3369.97607421875,2967.50341796875,3932.300048828125,8342.421875,5416.91845703125,1493.5045166015625,3687.168212890625,10649.080078125
2025-03-26,3368.697021484375,2967.50341796875,3919.360107421875,8342.421875,5416.91845703125,1493.5045166015625,3687.168212890625,10643.8203125
2025-03-27,3373.7490234375,2967.50341796875,3932.409912109375,8342.421875,5416.91845703125,1493.5045166015625,3687.168212890625,10668.099609375
2025-03-28,3351.306884765625,2967.50341796875,3915.169921875,8342.421875,5416.91845703125,1493.5045166015625,3687.168212890625,10607.330078125
2025-03-31,3335.74609375,2967.50341796875,3887.31005859375,8342.421875,5416.91845703125,1493.5045166015625,3687.168212890625,10504.330078125
2025-04-01,3348.43505859375,2967.50341796875,3887.679931640625,8342.421875,5416.91845703125,1493.5045166015625,3687.168212890625,10503.66015625
2025-04-02,3350.126953125,2967.50341796875,3884.389892578125,8342.421875,5416.91845703125,1493.5045166015625,3687.168212890625,10513.1201171875
2025-04-03,3342.008056640625,2967.50341796875,3861.5,8342.421875,5416.91845703125,1493.5045166015625,3687.168212890625,10365.73046875
2025-04-07,3096.575927734375,2967.50341796875,3589.43994140625,8342.421875,5416.91845703125,1493.5045166015625,3687.168212890625,9364.5
2025-04-08,3145.549072265625,2967.50341796875,3650.760009765625,8342.421875,5416.91845703125,1493.5045166015625,3687.168212890625,9424.6796875
2025-04-09,3186.81005859375,2967.50341796875,3686.7900390625,8342.421875,5416.91845703125,1493.5045166015625,3687.168212890625,9539.8896484375
2025-04-10,3223.637939453125,2967.50341796875,3735.1201171875,8342.421875,5416.91845703125,1493.5045166015625,3687.168212890625,9754.6396484375
2025-04-11,3238.22705078125,2967.50341796875,3750.52001953125,8342.421875,5416.91845703125,1493.5045166015625,3687.168212890625,9834.4404296875
2025-04-14,3262.80810546875,2967.50341796875,3759.139892578125,8342.421875,5416.91845703125,1493.5045166015625,3687.168212890625,9884.2998046875
2025-04-15,3267.662109375,2967.50341796875,3761.22998046875,8342.421875,5416.91845703125,1493.5045166015625,3687.168212890625,9858.099609375
2025-04-16,3276.00390625,2967.50341796875,3772.820068359375,8342.421875,5416.91845703125,1493.5045166015625,3687.168212890625,9774.73046875
2025-04-17,3280.341064453125,2967.50341796875,3772.219970703125,8342.421875,5416.91845703125,1493.5045166015625,3687.168212890625,9759.0498046875
2025-04-18,3276.72998046875,2967.50341796875,3772.52001953125,8342.421875,5416.91845703125,1493.5045166015625,3687.168212890625,9781.650390625
2025-04-21,3291.43408203125,2967.50341796875,3784.8798828125,8342.421875,5416.91845703125,1493.5045166015625,3687.168212890625,9905.5302734375
2025-04-22,3299.757080078125,2967.50341796875,3783.949951171875,8342.421875,5416.91845703125,1493.5045166015625,3687.168212890625,9870.0498046875
2025-04-23,3296.35498046875,2967.50341796875,3786.8798828125,8342.421875,5416.91845703125,1493.5045166015625,3687.168212890625,9935.7998046875
2025-04-24,3297.2880859375,2967.50341796875,3784.360107421875,8342.421875,5416.91845703125,1493.5045166015625,3687.168212890625,9878.3203125
2025-04-25,3295.06005859375,2967.50341796875,3786.989990234375,8342.421875,5416.91845703125,1493.5045166015625,3687.168212890625,9917.0595703125
2025-04-28,3288.4150390625,2967.50341796875,3781.6201171875,8342.421875,5416.91845703125,1493.5045166015625,3687.168212890625,9855.2001953125
2025-04-29,3286.655029296875,2967.50341796875,3775.080078125,8342.421875,5416.91845703125,1493.5045166015625,3687.168212890625,9849.7998046875
2025-04-30,3279.031005859375,2967.50341796875,3770.570068359375,8342.421875,5416.91845703125,1493.5045166015625,3687.168212890625,9899.8203125
2025-05-06,3316.114013671875,2967.50341796875,3808.5400390625,8342.421875,5416.91845703125,1493.5045166015625,3687.168212890625,10082.33984375
2025-05-07,3342.6650390625,2967.50341796875,3831.6298828125,8342.421875,5416.91845703125,1493.5045166015625,3687.168212890625,10104.1298828125
2025-05-08,3351.99609375,2967.50341796875,3852.89990234375,8342.421875,5416.91845703125,1493.5045166015625,3687.168212890625,10197.66015625
2025-05-09,3341.9990234375,2967.50341796875,3846.159912109375,8342.421875,5416.91845703125,1493.5045166015625,3687.168212890625,10126.830078125
2025-05-12,3369.2451171875,2967.50341796875,3890.610107421875,8342.421875,5416.91845703125,1493.5045166015625,3687.168212890625,10301.16015625
2025-05-13,3374.87109375,2967.50341796875,3896.260009765625,8342.421875,5416.91845703125,1493.5045166015625,3687.168212890625,10288.080078125
2025-05-14,3403.947998046875,2967.50341796875,3943.2099609375,8342.421875,5416.91845703125,1493.5045166015625,3687.168212890625,10354.2197265625
2025-05-15,3380.821044921875,2967.50341796875,3907.199951171875,8342.421875,5416.91845703125,1493.5045166015625,3687.168212890625,10186.4501953125
2025-05-16,3367.4619140625,2967.50341796875,3889.090087890625,8342.421875,5416.91845703125,1493.5045166015625,3687.168212890625,10179.599609375
2025-05-19,3367.5830078125,2967.50341796875,3877.14990234375,8342.421875,5416.91845703125,1493.5045166015625,3687.168212890625,10171.08984375
2025-05-20,3380.47802734375,2967.50341796875,3898.169921875,8342.421875,5416.91845703125,1493.5045166015625,3687.168212890625,10249.169921875
2025-05-21,3387.573974609375,2967.50341796875,3916.3798828125,8342.421875,5416.91845703125,1493.5045166015625,3687.168212890625,10294.2197265625
2025-05-22,3380.18896484375,2967.50341796875,3913.8701171875,8342.421875,5416.91845703125,1493.5045166015625,3687.168212890625,10219.6201171875
2025-05-23,3348.3720703125,2967.50341796875,3882.27001953125,8342.421875,5416.91845703125,1493.5045166015625,3687.168212890625,10132.41015625
2025-05-26,3346.839111328125,2967.50341796875,3860.110107421875,8342.421875,5416.91845703125,1493.5045166015625,3687.168212890625,10091.16015625
2025-05-27,3340.68701171875,2967.50341796875,3839.39990234375,8342.421875,5416.91845703125,1493.5045166015625,3687.168212890625,10029.1103515625
2025-05-28,3339.931884765625,2967.50341796875,3836.239990234375,8342.421875,5416.91845703125,1493.5045166015625,3687.168212890625,10003.26953125
2025-05-29,3363.446044921875,2967.50341796875,3858.699951171875,8342.421875,5416.91845703125,1493.5045166015625,3687.168212890625,10127.2001953125
2025-05-30,3347.487060546875,2967.50341796875,3840.22998046875,8342.421875,5416.91845703125,1493.5045166015625,3687.168212890625,10040.6298828125
2025-06-03,3361.97607421875,2967.50341796875,3852.010009765625,8342.421875,5416.91845703125,1493.5045166015625,3687.168212890625,10057.169921875
2025-06-04,3376.202880859375,2967.50341796875,3868.739990234375,8342.421875,5416.91845703125,1493.5045166015625,3687.168212890625,10144.580078125
2025-06-05,3384.09912109375,2967.50341796875,3877.56005859375,8342.421875,5416.91845703125,1493.5045166015625,3687.168212890625,10203.5
2025-06-06,3385.35791015625,2967.50341796875,3873.97998046875,8342.421875,5416.91845703125,1493.5045166015625,3687.168212890625,10183.7001953125
2025-06-09,3399.77197265625,2967.50341796875,3885.25,8342.421875,5416.91845703125,1493.5045166015625,3687.168212890625,10250.1396484375
2025-06-10,3384.81591796875,2967.50341796875,3865.469970703125,8342.421875,5416.91845703125,1493.5045166015625,3687.168212890625,10162.1796875
2025-06-11,3402.31591796875,2967.50341796875,3894.6298828125,8342.421875,5416.91845703125,1493.5045166015625,3687.168212890625,10246.01953125
2025-06-12,3402.657958984375,2967.50341796875,3892.199951171875,8342.421875,5416.91845703125,1493.5045166015625,3687.168212890625,10234.330078125
2025-06-13,3376.99609375,2967.50341796875,3864.179931640625,8342.421875,5416.91845703125,1493.5045166015625,3687.168212890625,10122.1103515625
2025-06-16,3388.72900390625,2967.50341796875,3873.800048828125,8342.421875,5416.91845703125,1493.5045166015625,3687.168212890625,10163.5498046875
2025-06-17,3387.405029296875,2967.50341796875,3870.3798828125,8342.421875,5416.91845703125,1493.5045166015625,3687.168212890625,10151.4296875
2025-06-18,3388.80908203125,2967.50341796875,3874.969970703125,8342.421875,5416.91845703125,1493.5045166015625,3687.168212890625,10175.58984375
2025-06-19,3362.10791015625,2967.50341796875,3843.090087890625,8342.421875,5416.91845703125,1493.5045166015625,3687.168212890625,10051.9697265625
2025-06-20,3359.89501953125,2967.50341796875,3846.639892578125,8342.421875,5416.91845703125,1493.5045166015625,3687.168212890625,10005.0302734375
2025-06-23,3381.58203125,2967.50341796875,3857.89990234375,8342.421875,5416.91845703125,1493.5045166015625,3687.168212890625,10048.3896484375
2025-06-24,3420.56591796875,2967.50341796875,3904.030029296875,8342.421875,5416.91845703125,1493.5045166015625,3687.168212890625,10217.6298828125
2025-06-25,3455.97412109375,2967.50341796875,3960.070068359375,8342.421875,5416.91845703125,1493.5045166015625,3687.168212890625,10393.7197265625
2025-06-26,3448.452880859375,2967.50341796875,3946.02001953125,8342.421875,5416.91845703125,1493.5045166015625,3687.168212890625,10343.48046875
2025-06-27,3424.22705078125,2967.50341796875,3921.760009765625,8342.421875,5416.91845703125,1493.5045166015625,3687.168212890625,10378.5498046875
2025-06-30,3444.426025390625,2967.50341796875,3936.080078125,8342.421875,5416.91845703125,1493.5045166015625,3687.168212890625,10465.1201171875
2025-07-01,3457.7470703125,2967.50341796875,3942.760009765625,8342.421875,5416.91845703125,1493.5045166015625,3687.168212890625,10476.2900390625
2025-07-02,3454.7919921875,2967.50341796875,3943.68994140625,8342.421875,5416.91845703125,1493.5045166015625,3687.168212890625,10412.6298828125
2025-07-03,3461.15087890625,2967.50341796875,3968.070068359375,8342.421875,5416.91845703125,1493.5045166015625,3687.168212890625,10534.580078125
2025-07-04,3472.319091796875,2967.50341796875,3982.199951171875,8342.421875,5416.91845703125,1493.5045166015625,3687.168212890625,10508.759765625
2025-07-07,3473.126953125,2967.50341796875,3965.179931640625,8342.421875,5416.91845703125,1493.5045166015625,3687.168212890625,10435.509765625
2025-07-08,3497.47509765625,2967.50341796875,3998.449951171875,8342.421875,5416.91845703125,1493.5045166015625,3687.168212890625,10588.3896484375
2025-07-09,3493.050048828125,2967.50341796875,3991.39990234375,8342.421875,5416.91845703125,1493.5045166015625,3687.168212890625,10581.7998046875
2025-07-10,3509.681884765625,2967.50341796875,4010.02001953125,8342.421875,5416.91845703125,1493.5045166015625,3687.168212890625,10631.1298828125
2025-07-11,3510.177001953125,2967.50341796875,4014.81005859375,8342.421875,5416.91845703125,1493.5045166015625,3687.168212890625,10696.099609375
2025-07-14,3519.64990234375,2967.50341796875,4017.669921875,8342.421875,5416.91845703125,1493.5045166015625,3687.168212890625,10684.51953125
2025-07-15,3504.9990234375,2967.50341796875,4019.06005859375,8342.421875,5416.91845703125,1493.5045166015625,3687.168212890625,10744.5595703125
2025-07-16,3503.777099609375,2967.50341796875,4007.199951171875,8342.421875,5416.91845703125,1493.5045166015625,3687.168212890625,10720.8095703125
2025-07-17,3516.824951171875,2967.50341796875,4034.489990234375,8342.421875,5416.91845703125,1493.5045166015625,3687.168212890625,10873.6201171875
2025-07-18,3534.48291015625,2967.50341796875,4058.550048828125,8342.421875,5416.91845703125,1493.5045166015625,3687.168212890625,10913.83984375
2025-07-21,3559.791015625,2967.50341796875,4085.610107421875,8342.421875,5416.91845703125,1493.5045166015625,3687.168212890625,11007.490234375
2025-07-22,3581.861083984375,2967.50341796875,4118.9599609375,8342.421875,5416.91845703125,1493.5045166015625,3687.168212890625,11099.830078125
2025-07-23,3582.298095703125,2967.50341796875,4119.77001953125,8342.421875,5416.91845703125,1493.5045166015625,3687.168212890625,11059.0400390625
2025-07-24,3605.72705078125,2967.50341796875,4149.0400390625,8342.421875,5416.91845703125,1493.5045166015625,3687.168212890625,11193.0595703125
2025-07-25,3593.655029296875,2967.50341796875,4127.16015625,8342.421875,5416.91845703125,1493.5045166015625,3687.168212890625,11168.1396484375
2025-07-28,3597.93701171875,2967.50341796875,4135.81982421875,8342.421875,5416.91845703125,1493.5045166015625,3687.168212890625,11217.580078125
2025-07-29,3609.7109375,2967.50341796875,4152.02001953125,8342.421875,5416.91845703125,1493.5045166015625,3687.168212890625,11289.41015625
2025-07-30,3615.717041015625,2967.50341796875,4151.240234375,8342.421875,5416.91845703125,1493.5045166015625,3687.168212890625,11203.0302734375
2025-07-31,3573.2080078125,2967.50341796875,4075.590087890625,8342.421875,5416.91845703125,1493.5045166015625,3687.168212890625,11009.76953125
2025-08-01,3559.951904296875,2967.50341796875,4054.929931640625,8342.421875,5416.91845703125,1493.5045166015625,3687.168212890625,10991.3203125
2025-08-04,3583.30908203125,2967.50341796875,4070.699951171875,8342.421875,5416.91845703125,1493.5045166015625,3687.168212890625,11041.5595703125
2025-08-05,3617.597900390625,2967.50341796875,4103.4501953125,8342.421875,5416.91845703125,1493.5045166015625,3687.168212890625,11106.9599609375
2025-08-06,3633.9951171875,2967.50341796875,4113.47998046875,8342.421875,5416.91845703125,1493.5045166015625,3687.168212890625,11177.7802734375
2025-08-07,3639.6669921875,2967.50341796875,4114.669921875,8342.421875,5416.91845703125,1493.5045166015625,3687.168212890625,11157.9404296875
2025-08-08,3635.1279296875,2967.50341796875,4104.97021484375,8342.421875,5416.91845703125,1493.5045166015625,3687.168212890625,11128.669921875
2025-08-11,3647.547119140625,2967.50341796875,4122.509765625,8342.421875,5416.91845703125,1493.5045166015625,3687.168212890625,11291.4296875
2025-08-12,3665.91796875,2967.50341796875,4143.830078125,8342.421875,5416.91845703125,1493.5045166015625,3687.168212890625,11351.6298828125
2025-08-13,3683.465087890625,2967.50341796875,4176.580078125,8342.421875,5416.91845703125,1493.5045166015625,3687.168212890625,11551.3701171875
2025-08-14,3666.443115234375,2967.50341796875,4173.31005859375,8342.421875,5416.91845703125,1493.5045166015625,3687.168212890625,11451.4296875
2025-08-15,3696.77099609375,2967.50341796875,4202.35009765625,8342.421875,5416.91845703125,1493.5045166015625,3687.168212890625,11634.669921875
2025-08-18,3728.027099609375,2967.50341796875,4239.41015625,8342.421875,5416.91845703125,1493.5045166015625,3687.168212890625,11835.5703125
2025-08-19,3727.2880859375,2967.50341796875,4223.3701171875,8342.421875,5416.91845703125,1493.5045166015625,3687.168212890625,11821.6298828125
2025-08-20,3766.2099609375,2967.50341796875,4271.39990234375,8342.421875,5416.91845703125,1493.5045166015625,3687.168212890625,11926.740234375
2025-08-21,3771.09912109375,2967.50341796875,4288.06982421875,8342.421875,5416.91845703125,1493.5045166015625,3687.168212890625,11919.759765625
2025-08-22,3825.759033203125,2967.50341796875,4378.0,8342.421875,5416.91845703125,1493.5045166015625,3687.168212890625,12166.0595703125
2025-08-25,3883.56201171875,2967.50341796875,4469.22021484375,8342.421875,5416.91845703125,1493.5045166015625,3687.168212890625,12441.0703125
2025-08-26,3868.382080078125,2967.50341796875,4452.58984375,8342.421875,5416.91845703125,1493.5045166015625,3687.168212890625,12473.169921875
2025-08-27,3800.35009765625,2967.50341796875,4386.1298828125,8342.421875,5416.91845703125,1493.5045166015625,3687.168212890625,12295.0703125
2025-08-28,3843.596923828125,2967.50341796875,4463.77978515625,8342.421875,5416.91845703125,1493.5045166015625,3687.168212890625,12571.3701171875
2025-08-29,3857.927001953125,2967.50341796875,4496.759765625,8342.421875,5416.91845703125,1493.5045166015625,3687.168212890625,12696.150390625
2025-09-01,3875.531005859375,2967.50341796875,4523.7099609375,8342.421875,5416.91845703125,1493.5045166015625,3687.168212890625,12828.9501953125
2025-09-02,3858.133056640625,2967.50341796875,4490.4501953125,8342.421875,5416.91845703125,1493.5045166015625,3687.168212890625,12553.83984375
2025-09-03,3813.556884765625,2967.50341796875,4459.830078125,8342.421875,5416.91845703125,1493.5045166015625,3687.168212890625,12472.0
2025-09-04,3765.8759765625,2967.50341796875,4365.2099609375,8342.421875,5416.91845703125,1493.5045166015625,3687.168212890625,12118.7001953125
2025-09-05,3812.513916015625,2967.50341796875,4460.330078125,8342.421875,5416.91845703125,1493.5045166015625,3687.168212890625,12590.5595703125
2025-09-08,3826.841064453125,2967.50341796875,4467.56982421875,8342.421875,5416.91845703125,1493.5045166015625,3687.168212890625,12666.83984375
2025-09-09,3807.2919921875,2967.50341796875,4436.259765625,8342.421875,5416.91845703125,1493.5045166015625,3687.168212890625,12510.599609375
2025-09-10,3812.220947265625,2967.50341796875,4445.3701171875,8342.421875,5416.91845703125,1493.5045166015625,3687.168212890625,12557.6796875
2025-09-11,3875.30908203125,2967.50341796875,4548.0400390625,8342.421875,5416.91845703125,1493.5045166015625,3687.168212890625,12979.8896484375
2025-09-12,3870.597900390625,2967.50341796875,4522.0,8342.421875,5416.91845703125,1493.5045166015625,3687.168212890625,12924.1298828125
2025-09-15,3860.50390625,2967.50341796875,4533.06005859375,8342.421875,5416.91845703125,1493.5045166015625,3687.168212890625,13005.76953125
2025-09-16,3861.864990234375,2967.50341796875,4523.33984375,8342.421875,5416.91845703125,1493.5045166015625,3687.168212890625,13063.9697265625
2025-09-17,3876.341064453125,2967.50341796875,4551.02001953125,8342.421875,5416.91845703125,1493.5045166015625,3687.168212890625,13215.4599609375
2025-09-18,3831.656005859375,2967.50341796875,4498.10986328125,8342.421875,5416.91845703125,1493.5045166015625,3687.168212890625,13075.66015625
2025-09-19,3820.089111328125,2967.50341796875,4501.919921875,8342.421875,5416.91845703125,1493.5045166015625,3687.168212890625,13070.8603515625
2025-09-22,3828.575927734375,2967.50341796875,4522.60986328125,8342.421875,5416.91845703125,1493.5045166015625,3687.168212890625,13157.9697265625
2025-09-23,3821.8330078125,2967.50341796875,4519.77978515625,8342.421875,5416.91845703125,1493.5045166015625,3687.168212890625,13119.8203125
2025-09-24,3853.64208984375,2967.50341796875,4566.06982421875,8342.421875,5416.91845703125,1493.5045166015625,3687.168212890625,13356.1396484375
2025-09-25,3853.302001953125,2967.50341796875,4593.490234375,8342.421875,5416.91845703125,1493.5045166015625,3687.168212890625,13445.900390625
2025-09-26,3828.10595703125,2967.50341796875,4550.0498046875,8342.421875,5416.91845703125,1493.5045166015625,3687.168212890625,13209.0
2025-09-29,3862.531982421875,2967.50341796875,4620.0498046875,8342.421875,5416.91845703125,1493.5045166015625,3687.168212890625,13479.4296875
2025-09-30,3882.777099609375,2967.50341796875,4640.68994140625,8342.421875,5416.91845703125,1493.5045166015625,3687.168212890625,13526.509765625
2025-10-09,3933.971923828125,2967.50341796875,4709.47998046875,8342.421875,5416.91845703125,1493.5045166015625,3687.168212890625,13725.5595703125
2025-10-10,3897.028076171875,2967.50341796875,4616.830078125,8342.421875,5416.91845703125,1493.5045166015625,3687.168212890625,13355.419921875
2025-10-13,3889.501953125,2967.50341796875,4593.97998046875,8342.421875,5416.91845703125,1493.5045166015625,3687.168212890625,13231.4697265625
2025-10-14,3865.22900390625,2967.50341796875,4539.06005859375,8342.421875,5416.91845703125,1493.5045166015625,3687.168212890625,12895.1103515625
2025-10-15,3912.208984375,2967.50341796875,4606.2900390625,8342.421875,5416.91845703125,1493.5045166015625,3687.168212890625,13118.75
2025-10-16,3916.22802734375,2967.50341796875,4618.419921875,8342.421875,5416.91845703125,1493.5045166015625,3687.168212890625,13086.41015625
2025-10-17,3839.7548828125,2967.50341796875,4514.22998046875,8342.421875,5416.91845703125,1493.5045166015625,3687.168212890625,12688.9404296875
2025-10-20,3863.89306640625,2967.50341796875,4538.22021484375,8342.421875,5416.91845703125,1493.5045166015625,3687.168212890625,12813.2099609375
2025-10-21,3916.33203125,2967.50341796875,4607.8701171875,8342.421875,5416.91845703125,1493.5045166015625,3687.168212890625,13077.3203125
2025-10-22,3913.758056640625,2967.50341796875,4592.56982421875,8342.421875,5416.91845703125,1493.5045166015625,3687.168212890625,12996.6103515625
2025-10-23,3922.409912109375,2967.50341796875,4606.35009765625,8342.421875,5416.91845703125,1493.5045166015625,3687.168212890625,13025.4501953125
2025-10-24,3950.31201171875,2967.50341796875,4660.68017578125,8342.421875,5416.91845703125,1493.5045166015625,3687.168212890625,13289.1796875
2025-10-27,3996.945068359375,2967.50341796875,4716.02001953125,8342.421875,5416.91845703125,1493.5045166015625,3687.168212890625,13489.400390625
2025-10-28,3988.22412109375,2967.50341796875,4691.97021484375,8342.421875,5416.91845703125,1493.5045166015625,3687.168212890625,13430.099609375
2025-10-29,4016.3310546875,2967.50341796875,4747.83984375,8342.421875,5416.91845703125,1493.5045166015625,3687.168212890625,13691.3798828125
2025-10-30,3986.90087890625,2967.50341796875,4709.91015625,8342.421875,5416.91845703125,1493.5045166015625,3687.168212890625,13532.1298828125
2025-10-31,3954.7900390625,2967.50341796875,4640.669921875,8342.421875,5416.91845703125,1493.5045166015625,3687.168212890625,13378.2099609375
2025-11-03,3976.52099609375,2967.50341796875,4653.39990234375,8342.421875,5416.91845703125,1493.5045166015625,3687.168212890625,13404.0595703125
2025-11-04,3960.18603515625,2967.50341796875,4618.7001953125,8342.421875,5416.91845703125,1493.5045166015625,3687.168212890625,13175.2197265625
2025-11-05,3969.248046875,2967.50341796875,4627.259765625,8342.421875,5416.91845703125,1493.5045166015625,3687.168212890625,13223.5595703125
2025-11-06,4007.760009765625,2967.50341796875,4693.39990234375,8342.421875,5416.91845703125,1493.5045166015625,3687.168212890625,13452.419921875
2025-11-07,3997.555908203125,2967.50341796875,4678.7900390625,8342.421875,5416.91845703125,1493.5045166015625,3687.168212890625,13404.0595703125
2025-11-10,4018.596923828125,2967.50341796875,4695.0498046875,8342.421875,5416.91845703125,1493.5045166015625,3687.168212890625,13427.6103515625
2025-11-11,4002.758056640625,2967.50341796875,4652.169921875,8342.421875,5416.91845703125,1493.5045166015625,3687.168212890625,13289.0
2025-11-12,4000.139892578125,2967.50341796875,4645.91015625,8342.421875,5416.91845703125,1493.5045166015625,3687.168212890625,13240.6201171875
2025-11-13,4029.5009765625,2967.50341796875,4702.06982421875,8342.421875,5416.91845703125,1493.5045166015625,3687.168212890625,13476.51953125
2025-11-14,3990.491943359375,2967.50341796875,4628.14013671875,8342.421875,5416.91845703125,1493.5045166015625,3687.168212890625,13216.0302734375
2025-11-17,3972.034912109375,2967.50341796875,4598.0498046875,8342.421875,5416.91845703125,1493.5045166015625,3687.168212890625,13202.0
2025-11-18,3939.81298828125,2967.50341796875,4568.18994140625,8342.421875,5416.91845703125,1493.5045166015625,3687.168212890625,13080.490234375
2025-11-19,3946.741943359375,2967.50341796875,4588.2900390625,8342.421875,5416.91845703125,1493.5045166015625,3687.168212890625,13080.08984375
2025-11-20,3931.051025390625,2967.50341796875,4564.9501953125,8342.421875,5416.91845703125,1493.5045166015625,3687.168212890625,12980.8203125
2025-11-21,3834.89111328125,2967.50341796875,4453.60986328125,8342.421875,5416.91845703125,1493.5045166015625,3687.168212890625,12538.0703125
2025-11-24,3836.764892578125,2967.50341796875,4448.0498046875,8342.421875,5416.91845703125,1493.5045166015625,3687.168212890625,12585.080078125
2025-11-25,3870.02294921875,2967.50341796875,4490.41015625,8342.421875,5416.91845703125,1493.5045166015625,3687.168212890625,12777.3095703125
2025-11-26,3864.18408203125,2967.50341796875,4517.6298828125,8342.421875,5416.91845703125,1493.5045166015625,3687.168212890625,12907.830078125
2025-11-27,3875.260009765625,2967.50341796875,4515.39990234375,8342.421875,5416.91845703125,1493.5045166015625,3687.168212890625,12875.2001953125
2025-11-28,3888.595947265625,2967.50341796875,4526.66015625,8342.421875,5416.91845703125,1493.5045166015625,3687.168212890625,12984.080078125
2025-12-01,3914.006103515625,2967.50341796875,4576.490234375,8342.421875,5416.91845703125,1493.5045166015625,3687.168212890625,13146.7197265625
2025-12-02,3897.7119140625,2967.50341796875,4554.330078125,8342.421875,5416.91845703125,1493.5045166015625,3687.168212890625,13056.7001953125
2025-12-03,3878.0,2967.50341796875,4531.0498046875,8342.421875,5416.91845703125,1493.5045166015625,3687.168212890625,12955.25
2025-12-04,3875.79296875,2967.50341796875,4546.56982421875,8342.421875,5416.91845703125,1493.5045166015625,3687.168212890625,13006.7197265625
2025-12-05,3902.80810546875,2967.50341796875,4584.5400390625,8342.421875,5416.91845703125,1493.5045166015625,3687.168212890625,13147.6796875
2025-12-08,3924.077880859375,2967.50341796875,4621.75,8342.421875,5416.91845703125,1493.5045166015625,3687.168212890625,13329.990234375
2025-12-09,3909.52099609375,2967.50341796875,4598.22021484375,8342.421875,5416.91845703125,1493.5045166015625,3687.168212890625,13277.3603515625
2025-12-10,3900.49609375,2967.50341796875,4591.830078125,8342.421875,5416.91845703125,1493.5045166015625,3687.168212890625,13316.419921875
2025-12-11,3873.318115234375,2967.50341796875,4552.18994140625,8342.421875,5416.91845703125,1493.5045166015625,3687.168212890625,13147.3896484375
2025-12-12,3889.345947265625,2967.50341796875,4580.9501953125,8342.421875,5416.91845703125,1493.5045166015625,3687.168212890625,13258.330078125
2025-12-15,3867.9208984375,2967.50341796875,4552.06005859375,8342.421875,5416.91845703125,1493.5045166015625,3687.168212890625,13112.08984375
2025-12-16,3824.81201171875,2967.50341796875,4497.56005859375,8342.421875,5416.91845703125,1493.5045166015625,3687.168212890625,12914.669921875
2025-12-17,3870.278076171875,2967.50341796875,4579.8798828125,8342.421875,5416.91845703125,1493.5045166015625,3687.168212890625,13224.509765625
2025-12-18,3876.37109375,2967.50341796875,4552.7900390625,8342.421875,5416.91845703125,1493.5045166015625,3687.168212890625,13053.9697265625
2025-12-19,3890.447998046875,2967.50341796875,4568.18017578125,8342.421875,5416.91845703125,1493.5045166015625,3687.168212890625,13140.2099609375
2025-12-22,3917.364013671875,2967.50341796875,4611.6201171875,8342.421875,5416.91845703125,1493.5045166015625,3687.168212890625,13332.73046875
2025-12-23,3919.97900390625,2967.50341796875,4620.72998046875,8342.421875,5416.91845703125,1493.5045166015625,3687.168212890625,13368.990234375
2025-12-24,3940.947021484375,2967.50341796875,4634.06005859375,8342.421875,5416.91845703125,1493.5045166015625,3687.168212890625,13486.419921875
2025-12-25,3959.62109375,2967.50341796875,4642.5400390625,8342.421875,5416.91845703125,1493.5045166015625,3687.168212890625,13531.41015625
2025-12-26,3963.678955078125,2967.50341796875,4657.240234375,8342.421875,5416.91845703125,1493.5045166015625,3687.168212890625,13603.8896484375
2025-12-29,3965.280029296875,2967.50341796875,4639.3701171875,8342.421875,5416.91845703125,1493.5045166015625,3687.168212890625,13537.099609375
2025-12-30,3965.115966796875,2967.50341796875,4651.27978515625,8342.421875,5416.91845703125,1493.5045166015625,3687.168212890625,13604.0703125
2025-12-31,3968.840087890625,2967.50341796875,4629.93994140625,8342.421875,5416.91845703125,1493.5045166015625,3687.168212890625,13525.01953125
2026-01-05,4023.4169921875,2967.50341796875,4717.75,8342.421875,5416.91845703125,1493.5045166015625,3687.168212890625,13828.6298828125
2026-01-06,4083.6669921875,2967.50341796875,4790.68994140625,8342.421875,5416.91845703125,1493.5045166015625,3687.168212890625,14022.5498046875
2026-01-07,4085.77197265625,2967.50341796875,4776.669921875,8342.421875,5416.91845703125,1493.5045166015625,3687.168212890625,14030.5595703125
2026-01-08,4082.97900390625,2967.50341796875,4737.64990234375,8342.421875,5416.91845703125,1493.5045166015625,3687.168212890625,13959.48046875
2026-01-09,4120.42578125,2967.50341796875,4758.919921875,8342.421875,5416.91845703125,1493.5045166015625,3687.168212890625,14120.150390625
2026-01-12,4165.287109375,2967.50341796875,4789.919921875,8342.421875,5416.91845703125,1493.5045166015625,3687.168212890625,14366.91015625
2026-01-13,4138.7578125,2967.50341796875,4761.02978515625,8342.421875,5416.91845703125,1493.5045166015625,3687.168212890625,14169.400390625
2026-01-14,4126.0927734375,2967.50341796875,4741.93017578125,8342.421875,5416.91845703125,1493.5045166015625,3687.168212890625,14248.599609375
2026-01-15,4112.60107421875,2967.50341796875,4751.43017578125,8342.421875,5416.91845703125,1493.5045166015625,3687.168212890625,14306.73046875
2026-01-16,4101.9130859375,2967.50341796875,4731.8701171875,8342.421875,5416.91845703125,1493.5045166015625,3687.168212890625,14281.080078125
2026-01-19,4114.0,2967.50341796875,4734.4599609375,8342.421875,5416.91845703125,1493.5045166015625,3687.168212890625,14294.0498046875
2026-01-20,4113.64892578125,2967.50341796875,4718.8798828125,8342.421875,5416.91845703125,1493.5045166015625,3687.168212890625,14155.6298828125
2026-01-21,4116.93994140625,2967.50341796875,4723.06982421875,8342.421875,5416.91845703125,1493.5045166015625,3687.168212890625,14255.1298828125
2026-01-22,4122.576171875,2967.50341796875,4723.7099609375,8342.421875,5416.91845703125,1493.5045166015625,3687.168212890625,14327.0400390625
2026-01-23,4136.1640625,2967.50341796875,4702.5,8342.421875,5416.91845703125,1493.5045166015625,3687.168212890625,14439.66015625
2026-01-26,4132.60498046875,2967.50341796875,4706.9599609375,8342.421875,5416.91845703125,1493.5045166015625,3687.168212890625,14316.6396484375
2026-01-27,4139.90380859375,2967.50341796875,4705.68994140625,8342.421875,5416.91845703125,1493.5045166015625,3687.168212890625,14329.91015625
2026-01-28,4151.23779296875,2967.50341796875,4717.990234375,8342.421875,5416.91845703125,1493.5045166015625,3687.168212890625,14342.8896484375
2026-01-29,4157.98388671875,2967.50341796875,4753.8701171875,8342.421875,5416.91845703125,1493.5045166015625,3687.168212890625,14300.080078125
2026-01-30,4117.9482421875,2967.50341796875,4706.33984375,8342.421875,5416.91845703125,1493.5045166015625,3687.168212890625,14205.8896484375
2026-02-02,4015.74609375,2967.50341796875,4605.97998046875,8342.421875,5416.91845703125,1493.5045166015625,3687.168212890625,13824.349609375
2026-02-03,4067.738037109375,2967.50341796875,4660.10986328125,8342.421875,5416.91845703125,1493.5045166015625,3687.168212890625,14127.1103515625
2026-02-04,4102.2021484375,2967.50341796875,4698.68017578125,8342.421875,5416.91845703125,1493.5045166015625,3687.168212890625,14156.26953125
2026-02-05,4075.9169921875,2967.50341796875,4670.419921875,8342.421875,5416.91845703125,1493.5045166015625,3687.168212890625,13952.7099609375
2026-02-06,4065.5830078125,2967.50341796875,4643.60009765625,8342.421875,5416.91845703125,1493.5045166015625,3687.168212890625,13906.73046875
2026-02-09,4123.08984375,2967.50341796875,4719.06005859375,8342.421875,5416.91845703125,1493.5045166015625,3687.168212890625,14208.4404296875
2026-02-10,4128.373046875,2967.50341796875,4724.2998046875,8342.421875,5416.91845703125,1493.5045166015625,3687.168212890625,14210.6298828125
2026-02-11,4131.98486328125,2967.50341796875,4713.81982421875,8342.421875,5416.91845703125,1493.5045166015625,3687.168212890625,14160.9296875
2026-02-12,4134.01806640625,2967.50341796875,4719.580078125,8342.421875,5416.91845703125,1493.5045166015625,3687.168212890625,14283.0
2026-02-13,4082.072998046875,2967.50341796875,4660.41015625,8342.421875,5416.91845703125,1493.5045166015625,3687.168212890625,14100.1904296875
2026-02-24,4117.4091796875,2967.50341796875,4707.5400390625,8342.421875,5416.91845703125,1493.5045166015625,3687.168212890625,14291.5703125
2026-02-25,4147.22998046875,2967.50341796875,4735.89013671875,8342.421875,5416.91845703125,1493.5045166015625,3687.168212890625,14475.8701171875
2026-02-26,4146.630859375,2967.50341796875,4726.8701171875,8342.421875,5416.91845703125,1493.5045166015625,3687.168212890625,14503.7900390625
2026-02-27,4162.880859375,2967.50341796875,4710.64990234375,8342.421875,5416.91845703125,1493.5045166015625,3687.168212890625,14495.08984375
2026-03-02,4182.5908203125,2967.50341796875,4728.669921875,8342.421875,5416.91845703125,1493.5045166015625,3687.168212890625,14465.7900390625
2026-03-03,4122.67578125,2967.50341796875,4655.89990234375,8342.421875,5416.91845703125,1493.5045166015625,3687.168212890625,14022.3896484375
2026-03-04,4082.47412109375,2967.50341796875,4602.6298828125,8342.421875,5416.91845703125,1493.5045166015625,3687.168212890625,13917.75
2026-03-05,4108.56689453125,2967.50341796875,4647.68994140625,8342.421875,5416.91845703125,1493.5045166015625,3687.168212890625,14088.83984375
2026-03-06,4124.19384765625,2967.50341796875,4660.43994140625,8342.421875,5416.91845703125,1493.5045166015625,3687.168212890625,14172.6298828125
2026-03-09,4096.60302734375,2967.50341796875,4615.4599609375,8342.421875,5416.91845703125,1493.5045166015625,3687.168212890625,14067.5
2026-03-10,4123.13818359375,2967.50341796875,4674.759765625,8342.421875,5416.91845703125,1493.5045166015625,3687.168212890625,14354.0703125
2026-03-11,4133.43310546875,2967.50341796875,4704.5,8342.421875,5416.91845703125,1493.5045166015625,3687.168212890625,14465.41015625
2026-03-12,4129.10302734375,2967.50341796875,4687.56005859375,8342.421875,5416.91845703125,1493.5045166015625,3687.168212890625,14374.8701171875
2026-03-13,4095.447998046875,2967.50341796875,4669.14013671875,8342.421875,5416.91845703125,1493.5045166015625,3687.168212890625,14280.7802734375
2026-03-16,4084.785888671875,2967.50341796875,4671.56005859375,8342.421875,5416.91845703125,1493.5045166015625,3687.168212890625,14307.580078125
2026-03-17,4049.906982421875,2967.50341796875,4637.43994140625,8342.421875,5416.91845703125,1493.5045166015625,3687.168212890625,14039.73046875
2026-03-18,4062.98388671875,2967.50341796875,4658.330078125,8342.421875,5416.91845703125,1493.5045166015625,3687.168212890625,14187.7998046875
2026-03-19,4006.552001953125,2967.50341796875,4583.25,8342.421875,5416.91845703125,1493.5045166015625,3687.168212890625,13901.5703125
2026-03-20,3957.052978515625,2967.50341796875,4567.02001953125,8342.421875,5416.91845703125,1493.5045166015625,3687.168212890625,13866.2001953125
2026-03-23,3813.282958984375,2967.50341796875,4418.0,8342.421875,5416.91845703125,1493.5045166015625,3687.168212890625,13345.509765625
2026-03-24,3881.280029296875,2967.50341796875,4474.72021484375,8342.421875,5416.91845703125,1493.5045166015625,3687.168212890625,13536.5595703125
2026-03-25,3931.8369140625,2967.50341796875,4537.47021484375,8342.421875,5416.91845703125,1493.5045166015625,3687.168212890625,13801.0
2026-03-26,3889.0830078125,2967.50341796875,4477.52978515625,8342.421875,5416.91845703125,1493.5045166015625,3687.168212890625,13606.4404296875
2026-03-27,3913.72412109375,2967.50341796875,4502.56982421875,8342.421875,5416.91845703125,1493.5045166015625,3687.168212890625,13760.3701171875
2026-03-30,3923.287109375,2967.50341796875,4491.9501953125,8342.421875,5416.91845703125,1493.5045166015625,3687.168212890625,13726.1904296875
2026-03-31,3891.861083984375,2967.50341796875,4450.0498046875,8342.421875,5416.91845703125,1493.5045166015625,3687.168212890625,13478.0595703125
2026-04-01,3948.552001953125,2967.50341796875,4526.06982421875,8342.421875,5416.91845703125,1493.5045166015625,3687.168212890625,13706.51953125
2026-04-02,3919.284912109375,2967.50341796875,4478.91015625,8342.421875,5416.91845703125,1493.5045166015625,3687.168212890625,13486.9404296875
2026-04-03,3880.096923828125,2967.50341796875,4440.7900390625,8342.421875,5416.91845703125,1493.5045166015625,3687.168212890625,13352.900390625
2026-04-07,3890.1650390625,2967.50341796875,4440.6201171875,8342.421875,5416.91845703125,1493.5045166015625,3687.168212890625,13400.41015625
2026-04-08,3994.998046875,2967.50341796875,4595.56005859375,8342.421875,5416.91845703125,1493.5045166015625,3687.168212890625,14042.5
2026-04-09,3966.1708984375,2967.50341796875,4566.22021484375,8342.421875,5416.91845703125,1493.5045166015625,3687.168212890625,13996.26953125
2026-04-10,3986.22509765625,2967.50341796875,4636.56982421875,8342.421875,5416.91845703125,1493.5045166015625,3687.168212890625,14309.4697265625
2026-04-13,3988.55810546875,2967.50341796875,4646.16015625,8342.421875,5416.91845703125,1493.5045166015625,3687.168212890625,14407.8603515625
2026-04-14,4026.625,2967.50341796875,4701.27978515625,8342.421875,5416.91845703125,1493.5045166015625,3687.168212890625,14639.9501953125
2026-04-15,4027.208984375,2967.50341796875,4685.25,8342.421875,5416.91845703125,1493.5045166015625,3687.168212890625,14498.4599609375
2026-04-16,4055.547119140625,2967.50341796875,4736.60986328125,8342.421875,5416.91845703125,1493.5045166015625,3687.168212890625,14796.330078125
2026-04-17,4051.425048828125,2967.50341796875,4728.669921875,8342.421875,5416.91845703125,1493.5045166015625,3687.168212890625,14885.419921875
2026-04-20,4082.126953125,2967.50341796875,4757.43994140625,8342.421875,5416.91845703125,1493.5045166015625,3687.168212890625,14966.75
2026-04-21,4085.076904296875,2967.50341796875,4768.0,8342.421875,5416.91845703125,1493.5045166015625,3687.168212890625,14982.1396484375
2026-04-22,4106.2578125,2967.50341796875,4799.6298828125,8342.421875,5416.91845703125,1493.5045166015625,3687.168212890625,15177.2900390625
2026-04-23,4093.25,2967.50341796875,4786.330078125,8342.421875,5416.91845703125,1493.5045166015625,3687.168212890625,15043.4501953125
2026-04-24,4079.89990234375,2967.50341796875,4769.3701171875,8342.421875,5416.91845703125,1493.5045166015625,3687.168212890625,14940.2998046875
2026-04-27,4086.343994140625,2967.50341796875,4770.9501953125,8342.421875,5416.91845703125,1493.5045166015625,3687.168212890625,14995.75
2026-04-28,4078.636962890625,2967.50341796875,4758.2099609375,8342.421875,5416.91845703125,1493.5045166015625,3687.168212890625,14830.4599609375
2026-04-29,,2967.50341796875,,8342.421875,5416.91845703125,1493.5045166015625,3687.168212890625,
