Date,usd_cny,cnh_usd,us_10y_yield
2010-01-04,6.81689977645874,6.848209857940674,3.8410000801086426
2010-01-05,6.816999912261963,6.848209857940674,3.755000114440918
2010-01-06,6.818299770355225,6.848209857940674,3.808000087738037
2010-01-07,6.817800045013428,6.848209857940674,3.822000026702881
2010-01-08,6.817500114440918,6.848209857940674,3.808000087738037
2010-01-11,6.816500186920166,6.848209857940674,3.818000078201294
2010-01-12,6.8165998458862305,6.848209857940674,3.7190001010894775
2010-01-13,6.816800117492676,6.848209857940674,3.7829999923706055
2010-01-14,6.816999912261963,6.848209857940674,3.7339999675750732
2010-01-15,6.816999912261963,6.848209857940674,3.6760001182556152
2010-01-18,6.816800117492676,6.848209857940674,
2010-01-19,6.816800117492676,6.848209857940674,3.7070000171661377
2010-01-20,6.817299842834473,6.848209857940674,3.6589999198913574
2010-01-21,6.817699909210205,6.848209857940674,3.6110000610351562
2010-01-22,6.816999912261963,6.848209857940674,3.5980000495910645
2010-01-25,6.81689977645874,6.848209857940674,3.630000114440918
2010-01-26,6.8165998458862305,6.848209857940674,3.630000114440918
2010-01-27,6.816999912261963,6.848209857940674,3.6440000534057617
2010-01-28,6.81689977645874,6.848209857940674,3.6579999923706055
2010-01-29,6.81689977645874,6.848209857940674,3.6089999675750732
2010-02-01,6.816999912261963,6.848209857940674,3.6540000438690186
2010-02-02,6.815000057220459,6.848209857940674,3.634999990463257
2010-02-03,6.81689977645874,6.848209857940674,3.703000068664551
2010-02-04,6.81689977645874,6.848209857940674,3.609999895095825
2010-02-05,6.81850004196167,6.848209857940674,3.5460000038146973
2010-02-08,6.816999912261963,6.848209857940674,3.5920000076293945
2010-02-09,6.8165998458862305,6.848209857940674,3.632999897003174
2010-02-10,6.818999767303467,6.848209857940674,3.694000005722046
2010-02-11,6.823800086975098,6.848209857940674,3.7330000400543213
2010-02-12,6.823500156402588,6.848209857940674,3.693000078201294
2010-02-15,6.823400020599365,6.848209857940674,
2010-02-16,6.823400020599365,6.848209857940674,3.6640000343322754
2010-02-17,6.823400020599365,6.848209857940674,3.742000102996826
2010-02-18,6.823400020599365,6.848209857940674,3.802999973297119
2010-02-19,6.8190999031066895,6.848209857940674,3.7820000648498535
2010-02-22,6.81790018081665,6.848209857940674,3.7990000247955322
2010-02-23,6.81820011138916,6.848209857940674,3.690999984741211
2010-02-24,6.816999912261963,6.848209857940674,3.694999933242798
2010-02-25,6.81689977645874,6.848209857940674,3.6419999599456787
2010-02-26,6.816699981689453,6.848209857940674,3.5950000286102295
2010-03-01,6.816400051116943,6.848209857940674,3.6059999465942383
2010-03-02,6.817500114440918,6.848209857940674,3.614000082015991
2010-03-03,6.815899848937988,6.848209857940674,3.625
2010-03-04,6.8165998458862305,6.848209857940674,3.6059999465942383
2010-03-05,6.816500186920166,6.848209857940674,3.681999921798706
2010-03-08,6.816999912261963,6.848209857940674,3.7079999446868896
2010-03-09,6.817399978637695,6.848209857940674,3.7009999752044678
2010-03-10,6.816100120544434,6.848209857940674,3.7200000286102295
2010-03-11,6.816199779510498,6.848209857940674,3.7200000286102295
2010-03-12,6.815400123596191,6.848209857940674,3.7100000381469727
2010-03-15,6.816100120544434,6.848209857940674,3.7039999961853027
2010-03-16,6.815999984741211,6.848209857940674,3.6530001163482666
2010-03-17,6.816999912261963,6.848209857940674,3.6419999599456787
2010-03-18,6.817500114440918,6.848209857940674,3.671999931335449
2010-03-19,6.816500186920166,6.848209857940674,3.687000036239624
2010-03-22,6.816800117492676,6.848209857940674,3.6630001068115234
2010-03-23,6.8165998458862305,6.848209857940674,3.680000066757202
2010-03-24,6.8171000480651855,6.848209857940674,3.8289999961853027
2010-03-25,6.817399978637695,6.848209857940674,3.9010000228881836
2010-03-26,6.816999912261963,6.848209857940674,3.8550000190734863
2010-03-29,6.816699981689453,6.848209857940674,3.864000082015991
2010-03-30,6.816100120544434,6.848209857940674,3.868000030517578
2010-03-31,6.815899848937988,6.848209857940674,3.8329999446868896
2010-04-01,6.816400051116943,6.848209857940674,3.8589999675750732
2010-04-02,6.816400051116943,6.848209857940674,
2010-04-05,6.816400051116943,6.848209857940674,3.99399995803833
2010-04-06,6.815999984741211,6.848209857940674,3.9679999351501465
2010-04-07,6.815400123596191,6.848209857940674,3.86299991607666
2010-04-08,6.815499782562256,6.848209857940674,3.8959999084472656
2010-04-09,6.813399791717529,6.848209857940674,3.888000011444092
2010-04-12,6.815899848937988,6.848209857940674,3.8459999561309814
2010-04-13,6.816100120544434,6.848209857940674,3.811000108718872
2010-04-14,6.815899848937988,6.848209857940674,3.8550000190734863
2010-04-15,6.815800189971924,6.848209857940674,3.8480000495910645
2010-04-16,6.816100120544434,6.848209857940674,3.7699999809265137
2010-04-19,6.815999984741211,6.848209857940674,3.806999921798706
2010-04-20,6.815899848937988,6.848209857940674,3.805000066757202
2010-04-21,6.8171000480651855,6.848209857940674,3.73799991607666
2010-04-22,6.816400051116943,6.848209857940674,3.7720000743865967
2010-04-23,6.817999839782715,6.848209857940674,3.816999912261963
2010-04-26,6.817599773406982,6.848209857940674,3.815000057220459
2010-04-27,6.8165998458862305,6.848209857940674,3.690000057220459
2010-04-28,6.815000057220459,6.848209857940674,3.7730000019073486
2010-04-29,6.815800189971924,6.848209857940674,3.7279999256134033
2010-04-30,6.815999984741211,6.848209857940674,3.6630001068115234
2010-05-03,6.815000057220459,6.848209857940674,3.7049999237060547
2010-05-04,6.816299915313721,6.848209857940674,3.61299991607666
2010-05-05,6.8171000480651855,6.848209857940674,3.549999952316284
2010-05-06,6.816800117492676,6.848209857940674,3.3980000019073486
2010-05-07,6.815700054168701,6.848209857940674,3.428999900817871
2010-05-10,6.8165998458862305,6.848209857940674,3.5390000343322754
2010-05-11,6.817699909210205,6.848209857940674,3.5350000858306885
2010-05-12,6.817599773406982,6.848209857940674,3.566999912261963
2010-05-13,6.817599773406982,6.848209857940674,3.563999891281128
2010-05-14,6.8165998458862305,6.848209857940674,3.441999912261963
2010-05-17,6.817699909210205,6.848209857940674,3.4719998836517334
2010-05-18,6.816999912261963,6.848209857940674,3.375999927520752
2010-05-19,6.817500114440918,6.848209857940674,3.3589999675750732
2010-05-20,6.81790018081665,6.848209857940674,3.2639999389648438
2010-05-21,6.816299915313721,6.848209857940674,3.200000047683716
2010-05-24,6.816299915313721,6.848209857940674,3.2269999980926514
2010-05-25,6.821300029754639,6.848209857940674,3.1579999923706055
2010-05-26,6.817999839782715,6.848209857940674,3.2179999351501465
2010-05-27,6.820499897003174,6.848209857940674,3.3380000591278076
2010-05-28,6.820300102233887,6.848209857940674,3.3010001182556152
2010-05-31,6.8180999755859375,6.848209857940674,
2010-06-01,6.81879997253418,6.848209857940674,3.2960000038146973
2010-06-02,6.821300029754639,6.848209857940674,3.3340001106262207
2010-06-03,6.820000171661377,6.848209857940674,3.378999948501587
2010-06-04,6.818699836730957,6.848209857940674,3.194999933242798
2010-06-07,6.8206000328063965,6.848209857940674,3.184000015258789
2010-06-08,6.819499969482422,6.848209857940674,3.1679999828338623
2010-06-09,6.819200038909912,6.848209857940674,3.187000036239624
2010-06-10,6.8190999031066895,6.848209857940674,3.319000005722046
2010-06-11,6.822299957275391,6.848209857940674,3.2160000801086426
2010-06-14,6.823299884796143,6.848209857940674,3.2750000953674316
2010-06-15,6.823299884796143,6.848209857940674,3.309999942779541
2010-06-16,6.823299884796143,6.848209857940674,3.2820000648498535
2010-06-17,6.819300174713135,6.848209857940674,3.190000057220459
2010-06-18,6.818600177764893,6.848209857940674,3.2230000495910645
2010-06-21,6.787099838256836,6.848209857940674,3.243000030517578
2010-06-22,6.802000045776367,6.848209857940674,3.1659998893737793
2010-06-23,6.8003997802734375,6.848209857940674,3.115000009536743
2010-06-24,6.790999889373779,6.848209857940674,3.122999906539917
2010-06-25,6.782199859619141,6.848209857940674,3.11299991607666
2010-06-28,6.78410005569458,6.848209857940674,3.0320000648498535
2010-06-29,6.789000034332275,6.848209857940674,2.9670000076293945
2010-06-30,6.771999835968018,6.848209857940674,2.9509999752044678
2010-07-01,6.770999908447266,6.848209857940674,2.927000045776367
2010-07-02,6.761600017547607,6.848209857940674,2.9790000915527344
2010-07-05,6.76639986038208,6.848209857940674,
2010-07-06,6.770500183105469,6.848209857940674,2.931999921798706
2010-07-07,6.76800012588501,6.848209857940674,2.9800000190734863
2010-07-08,6.765600204467773,6.848209857940674,3.0199999809265137
2010-07-09,6.763800144195557,6.848209857940674,3.055999994277954
2010-07-12,6.76170015335083,6.848209857940674,3.0460000038146973
2010-07-13,6.76230001449585,6.848209857940674,3.114000082015991
2010-07-14,6.7631001472473145,6.848209857940674,3.049999952316284
2010-07-15,6.765500068664551,6.848209857940674,2.9779999256134033
2010-07-16,6.764599800109863,6.848209857940674,2.938999891281128
2010-07-19,6.769000053405762,6.848209857940674,2.9639999866485596
2010-07-20,6.768499851226807,6.848209857940674,2.931999921798706
2010-07-21,6.768499851226807,6.848209857940674,2.8919999599456787
2010-07-22,6.768099784851074,6.848209857940674,2.931999921798706
2010-07-23,6.769499778747559,6.848209857940674,2.99399995803833
2010-07-26,6.769599914550781,6.848209857940674,2.99399995803833
2010-07-27,6.767600059509277,6.848209857940674,3.046999931335449
2010-07-28,6.7683000564575195,6.848209857940674,3.000999927520752
2010-07-29,6.767000198364258,6.848209857940674,2.999000072479248
2010-07-30,6.765200138092041,6.848209857940674,2.9070000648498535
2010-08-02,6.7642998695373535,6.848209857940674,2.9630000591278076
2010-08-03,6.763700008392334,6.848209857940674,2.9140000343322754
2010-08-04,6.763700008392334,6.848209857940674,2.9519999027252197
2010-08-05,6.763000011444092,6.848209857940674,2.9149999618530273
2010-08-06,6.761499881744385,6.848209857940674,2.8239998817443848
2010-08-09,6.758299827575684,6.848209857940674,2.822000026702881
2010-08-10,6.755499839782715,6.848209857940674,2.7809998989105225
2010-08-11,6.763000011444092,6.848209857940674,2.684999942779541
2010-08-12,6.763700008392334,6.848209857940674,2.734999895095825
2010-08-13,6.774799823760986,6.848209857940674,2.687999963760376
2010-08-16,6.785999774932861,6.848209857940674,2.575000047683716
2010-08-17,6.794099807739258,6.848209857940674,2.6449999809265137
2010-08-18,6.782299995422363,6.848209857940674,2.6410000324249268
2010-08-19,6.78000020980835,6.848209857940674,2.5789999961853027
2010-08-20,6.78000020980835,6.848209857940674,2.611999988555908
2010-08-23,6.780799865722656,6.848209857940674,2.6070001125335693
2010-08-24,6.789999961853027,6.848209857940674,2.499000072479248
2010-08-25,6.786900043487549,6.848209857940674,2.5380001068115234
2010-08-26,6.7895002365112305,6.848209857940674,2.499000072479248
2010-08-27,6.790200233459473,6.848209857940674,2.6519999504089355
2010-08-30,6.788000106811523,6.848209857940674,2.5450000762939453
2010-08-31,6.793300151824951,6.848209857940674,2.4769999980926514
2010-09-01,6.798799991607666,6.848209857940674,2.5820000171661377
2010-09-02,6.800899982452393,6.848209857940674,2.628000020980835
2010-09-03,6.796000003814697,6.848209857940674,2.7060000896453857
2010-09-06,6.793300151824951,6.848209857940674,
2010-09-07,6.7769999504089355,6.848209857940674,2.6089999675750732
2010-09-08,6.781099796295166,6.848209857940674,2.6540000438690186
2010-09-09,6.7866997718811035,6.848209857940674,2.760999917984009
2010-09-10,6.772799968719482,6.848209857940674,2.7950000762939453
2010-09-13,6.7606000900268555,6.848209857940674,2.740999937057495
2010-09-14,6.74970006942749,6.848209857940674,2.6659998893737793
2010-09-15,6.736000061035156,6.848209857940674,2.7230000495910645
2010-09-16,6.729499816894531,6.848209857940674,2.759000062942505
2010-09-17,6.7144999504089355,6.848209857940674,2.746000051498413
2010-09-20,6.716899871826172,6.848209857940674,2.7060000896453857
2010-09-21,6.703800201416016,6.848209857940674,2.5940001010894775
2010-09-22,6.696700096130371,6.848209857940674,2.5480000972747803
2010-09-23,6.693999767303467,6.848209857940674,2.555000066757202
2010-09-24,6.693999767303467,6.848209857940674,2.611999988555908
2010-09-27,6.693999767303467,6.848209857940674,2.5169999599456787
2010-09-28,6.682300090789795,6.848209857940674,2.4560000896453857
2010-09-29,6.6809000968933105,6.848209857940674,2.50600004196167
2010-09-30,6.678400039672852,6.848209857940674,2.5169999599456787
2010-10-01,6.68310022354126,6.848209857940674,2.5260000228881836
2010-10-04,6.679999828338623,6.848209857940674,2.4790000915527344
2010-10-05,6.679999828338623,6.848209857940674,2.4739999771118164
2010-10-06,6.679999828338623,6.848209857940674,2.3989999294281006
2010-10-07,6.68179988861084,6.848209857940674,2.3959999084472656
2010-10-08,6.679999828338623,6.848209857940674,2.38100004196167
2010-10-11,6.6620001792907715,6.848209857940674,
2010-10-12,6.658999919891357,6.848209857940674,2.421999931335449
2010-10-13,6.6645002365112305,6.848209857940674,2.430999994277954
2010-10-14,6.656000137329102,6.848209857940674,2.494999885559082
2010-10-15,6.643400192260742,6.848209857940674,2.5759999752044678
2010-10-18,6.63100004196167,6.848209857940674,2.490999937057495
2010-10-19,6.634200096130371,6.848209857940674,2.4749999046325684
2010-10-20,6.6346001625061035,6.848209857940674,2.4700000286102295
2010-10-21,6.640500068664551,6.848209857940674,2.5309998989105225
2010-10-22,6.638800144195557,6.848209857940674,2.562999963760376
2010-10-25,6.64900016784668,6.848209857940674,2.553999900817871
2010-10-26,6.648200035095215,6.848209857940674,2.635999917984009
2010-10-27,6.651500225067139,6.848209857940674,2.7119998931884766
2010-10-28,6.669400215148926,6.848209857940674,2.6610000133514404
2010-10-29,6.676499843597412,6.848209857940674,2.611999988555908
2010-11-01,6.660699844360352,6.848209857940674,2.628000020980835
2010-11-02,6.6828999519348145,6.848209857940674,2.5940001010894775
2010-11-03,6.668600082397461,6.848209857940674,2.61899995803833
2010-11-04,6.665200233459473,6.848209857940674,2.4839999675750732
2010-11-05,6.652299880981445,6.848209857940674,2.5360000133514404
2010-11-08,6.6458001136779785,6.848209857940674,2.562999963760376
2010-11-09,6.671199798583984,6.848209857940674,2.6589999198913574
2010-11-10,6.633500099182129,6.848209857940674,2.6480000019073486
2010-11-11,6.624499797821045,6.848209857940674,2.6480000019073486
2010-11-12,6.614999771118164,6.848209857940674,2.75600004196167
2010-11-15,6.628200054168701,6.848209857940674,2.9110000133514404
2010-11-16,6.6331000328063965,6.848209857940674,2.8469998836517334
2010-11-17,6.629499912261963,6.848209857940674,2.864000082015991
2010-11-18,6.633299827575684,6.848209857940674,2.9019999504089355
2010-11-19,6.6234002113342285,6.848209857940674,2.875
2010-11-22,6.627999782562256,6.848209857940674,2.812999963760376
2010-11-23,6.632299900054932,6.848209857940674,2.76200008392334
2010-11-24,6.634300231933594,6.848209857940674,2.9140000343322754
2010-11-25,6.644000053405762,6.848209857940674,
2010-11-26,6.639500141143799,6.848209857940674,2.864000082015991
2010-11-29,6.6579999923706055,6.848209857940674,2.822000026702881
2010-11-30,6.6504998207092285,6.848209857940674,2.796999931335449
2010-12-01,6.657100200653076,6.848209857940674,2.9639999866485596
2010-12-02,6.653200149536133,6.848209857940674,3.0
2010-12-03,6.651299953460693,6.848209857940674,3.0169999599456787
2010-12-06,6.653299808502197,6.848209857940674,2.940999984741211
2010-12-07,6.638000011444092,6.848209857940674,3.1649999618530273
2010-12-08,6.635700225830078,6.848209857940674,3.2360000610351562
2010-12-09,6.651299953460693,6.848209857940674,3.2230000495910645
2010-12-10,6.644999980926514,6.848209857940674,3.2960000038146973
2010-12-13,6.647299766540527,6.848209857940674,3.2829999923706055
2010-12-14,6.656400203704834,6.848209857940674,3.4549999237060547
2010-12-15,6.644999980926514,6.848209857940674,3.5199999809265137
2010-12-16,6.644999980926514,6.848209857940674,3.4769999980926514
2010-12-17,6.656000137329102,6.848209857940674,3.3299999237060547
2010-12-20,6.645999908447266,6.848209857940674,3.3489999771118164
2010-12-21,6.66480016708374,6.848209857940674,3.3259999752044678
2010-12-22,6.648499965667725,6.848209857940674,3.3459999561309814
2010-12-23,6.636000156402588,6.848209857940674,3.3929998874664307
2010-12-24,6.637499809265137,6.848209857940674,
2010-12-27,6.637499809265137,6.848209857940674,3.3510000705718994
2010-12-28,6.622399806976318,6.848209857940674,3.4809999465942383
2010-12-29,6.616000175476074,6.848209857940674,3.3410000801086426
2010-12-30,6.612400054931641,6.848209857940674,3.36899995803833
2010-12-31,6.612400054931641,6.848209857940674,3.305000066757202
2011-01-03,6.591599941253662,6.848209857940674,3.3420000076293945
2011-01-04,6.579999923706055,6.848209857940674,3.3459999561309814
2011-01-05,6.5970001220703125,6.848209857940674,3.4830000400543213
2011-01-06,6.577499866485596,6.848209857940674,3.4189999103546143
2011-01-07,6.616499900817871,6.848209857940674,3.328000068664551
2011-01-10,6.617499828338623,6.848209857940674,3.303999900817871
2011-01-11,6.625999927520752,6.848209857940674,3.3410000801086426
2011-01-12,6.610000133514404,6.848209857940674,3.3550000190734863
2011-01-13,6.594200134277344,6.848209857940674,3.3010001182556152
2011-01-14,6.595699787139893,6.848209857940674,3.3329999446868896
2011-01-17,6.57919979095459,6.848209857940674,
2011-01-18,6.5833001136779785,6.848209857940674,3.364000082015991
2011-01-19,6.5746002197265625,6.848209857940674,3.3369998931884766
2011-01-20,6.572700023651123,6.848209857940674,3.4590001106262207
2011-01-21,6.576600074768066,6.848209857940674,3.4159998893737793
2011-01-24,6.573599815368652,6.848209857940674,3.4079999923706055
2011-01-25,6.572400093078613,6.848209857940674,3.319000005722046
2011-01-26,6.5725998878479,6.848209857940674,3.427999973297119
2011-01-27,6.572000026702881,6.848209857940674,3.384999990463257
2011-01-28,6.571899890899658,6.848209857940674,3.3289999961853027
2011-01-31,6.572500228881836,6.848209857940674,3.378000020980835
2011-02-01,6.594799995422363,6.848209857940674,3.443000078201294
2011-02-02,6.584799766540527,6.848209857940674,3.489000082015991
2011-02-03,6.548500061035156,6.848209857940674,3.5409998893737793
2011-02-04,6.548500061035156,6.848209857940674,3.6519999504089355
2011-02-07,6.548500061035156,6.848209857940674,3.6440000534057617
2011-02-08,6.552599906921387,6.848209857940674,3.7249999046325684
2011-02-09,6.54449987411499,6.848209857940674,3.6419999599456787
2011-02-10,6.5802001953125,6.848209857940674,3.7079999446868896
2011-02-11,6.57450008392334,6.848209857940674,3.6459999084472656
2011-02-14,6.579800128936768,6.848209857940674,3.614000082015991
2011-02-15,6.585299968719482,6.848209857940674,3.615999937057495
2011-02-16,6.581399917602539,6.848209857940674,3.621000051498413
2011-02-17,6.57859992980957,6.848209857940674,3.5739998817443848
2011-02-18,6.573699951171875,6.848209857940674,3.5889999866485596
2011-02-21,6.565499782562256,6.848209857940674,
2011-02-22,6.559899806976318,6.848209857940674,3.4609999656677246
2011-02-23,6.568999767303467,6.848209857940674,3.486999988555908
2011-02-24,6.565999984741211,6.848209857940674,3.437999963760376
2011-02-25,6.564499855041504,6.848209857940674,3.424999952316284
2011-02-28,6.563000202178955,6.848209857940674,3.4140000343322754
2011-03-01,6.559500217437744,6.848209857940674,3.4140000343322754
2011-03-02,6.560999870300293,6.848209857940674,3.4639999866485596
2011-03-03,6.562699794769287,6.848209857940674,3.572000026702881
2011-03-04,6.562399864196777,6.848209857940674,3.492000102996826
2011-03-07,6.559000015258789,6.848209857940674,3.496999979019165
2011-03-08,6.546500205993652,6.848209857940674,3.5439999103546143
2011-03-09,6.557300090789795,6.848209857940674,3.4690001010894775
2011-03-10,6.55049991607666,6.848209857940674,3.3929998874664307
2011-03-11,6.563300132751465,6.848209857940674,3.3929998874664307
2011-03-14,6.565499782562256,6.848209857940674,3.3469998836517334
2011-03-15,6.560400009155273,6.848209857940674,3.322999954223633
2011-03-16,6.562399864196777,6.848209857940674,3.2119998931884766
2011-03-17,6.561600208282471,6.848209857940674,3.247999906539917
2011-03-18,6.567200183868408,6.848209857940674,3.2769999504089355
2011-03-21,6.5594000816345215,6.848209857940674,3.322999954223633
2011-03-22,6.554999828338623,6.848209857940674,3.3320000171661377
2011-03-23,6.542500019073486,6.848209857940674,3.3480000495910645
2011-03-24,6.547999858856201,6.848209857940674,3.4040000438690186
2011-03-25,6.55049991607666,6.848209857940674,3.444000005722046
2011-03-28,6.550000190734863,6.848209857940674,3.447999954223633
2011-03-29,6.554500102996826,6.848209857940674,3.490999937057495
2011-03-30,6.5528998374938965,6.848209857940674,3.4549999237060547
2011-03-31,6.548600196838379,6.848209857940674,3.4539999961853027
2011-04-01,6.5355000495910645,6.848209857940674,3.4509999752044678
2011-04-04,6.5391998291015625,6.848209857940674,3.430999994277954
2011-04-05,6.53000020980835,6.848209857940674,3.486999988555908
2011-04-06,6.5304999351501465,6.848209857940674,3.5450000762939453
2011-04-07,6.535799980163574,6.848209857940674,3.555000066757202
2011-04-08,6.53439998626709,6.848209857940674,3.569999933242798
2011-04-11,6.526400089263916,6.848209857940674,3.569999933242798
2011-04-12,6.527500152587891,6.848209857940674,3.5
2011-04-13,6.531700134277344,6.848209857940674,3.4660000801086426
2011-04-14,6.52370023727417,6.848209857940674,3.484999895095825
2011-04-15,,6.848209857940674,3.4100000858306885
2011-04-18,6.520400047302246,6.848209857940674,3.371000051498413
2011-04-19,6.518899917602539,6.848209857940674,3.3559999465942383
2011-04-20,6.522299766540527,6.848209857940674,3.4000000953674316
2011-04-21,6.515200138092041,6.848209857940674,3.4000000953674316
2011-04-22,6.515200138092041,6.848209857940674,
2011-04-25,6.484000205993652,6.848209857940674,3.36299991607666
2011-04-26,6.484000205993652,6.848209857940674,3.319999933242798
2011-04-27,6.517899990081787,6.848209857940674,3.368000030517578
2011-04-28,6.501800060272217,6.848209857940674,3.312000036239624
2011-04-29,6.500999927520752,6.848209857940674,3.2960000038146973
2011-05-02,6.481400012969971,6.848209857940674,3.2860000133514404
2011-05-03,6.492000102996826,6.848209857940674,3.255000114440918
2011-05-04,6.501999855041504,6.848209857940674,3.2230000495910645
2011-05-05,6.492499828338623,6.848209857940674,3.1679999828338623
2011-05-06,6.484099864959717,6.848209857940674,3.1570000648498535
2011-05-09,6.482500076293945,6.848209857940674,3.1419999599456787
2011-05-10,6.493000030517578,6.848209857940674,3.194999933242798
2011-05-11,6.491499900817871,6.848209857940674,3.1570000648498535
2011-05-12,6.493000030517578,6.848209857940674,3.2300000190734863
2011-05-13,6.498499870300293,6.848209857940674,3.187000036239624
2011-05-16,6.486499786376953,6.848209857940674,3.1489999294281006
2011-05-17,6.507699966430664,6.848209857940674,3.121000051498413
2011-05-18,6.495999813079834,6.848209857940674,3.1710000038146973
2011-05-19,6.505000114440918,6.848209857940674,3.1710000038146973
2011-05-20,6.504000186920166,6.848209857940674,3.1519999504089355
2011-05-23,6.4842000007629395,6.848209857940674,3.134000062942505
2011-05-24,6.504000186920166,6.848209857940674,3.122999906539917
2011-05-25,6.497499942779541,6.848209857940674,3.128999948501587
2011-05-26,6.493000030517578,6.848209857940674,3.061000108718872
2011-05-27,6.489999771118164,6.848209857940674,3.063999891281128
2011-05-30,6.481200218200684,6.848209857940674,
2011-05-31,6.473800182342529,6.848209857940674,3.049999952316284
2011-06-01,6.479000091552734,6.848209857940674,2.9660000801086426
2011-06-02,6.478000164031982,6.848209857940674,3.0299999713897705
2011-06-03,6.482800006866455,6.848209857940674,2.996999979019165
2011-06-06,6.469799995422363,6.848209857940674,3.002000093460083
2011-06-07,6.469299793243408,6.848209857940674,3.010999917984009
2011-06-08,6.480999946594238,6.848209857940674,2.9619998931884766
2011-06-09,6.474999904632568,6.848209857940674,2.997999906539917
2011-06-10,6.47599983215332,6.848209857940674,2.9709999561309814
2011-06-13,6.472300052642822,6.848209857940674,2.990999937057495
2011-06-14,6.482999801635742,6.848209857940674,3.0989999771118164
2011-06-15,6.469699859619141,6.848209857940674,2.9730000495910645
2011-06-16,6.4721999168396,6.848209857940674,2.9089999198913574
2011-06-17,6.473999977111816,6.848209857940674,2.944000005722046
2011-06-20,6.461999893188477,6.848209857940674,2.9630000591278076
2011-06-21,6.478000164031982,6.848209857940674,2.984999895095825
2011-06-22,6.466000080108643,6.848209857940674,2.993000030517578
2011-06-23,6.462900161743164,6.848209857940674,2.9089999198913574
2011-06-24,6.4670000076293945,6.848209857940674,2.871000051498413
2011-06-27,6.463900089263916,6.848209857940674,2.927000045776367
2011-06-28,6.481500148773193,6.848209857940674,3.0450000762939453
2011-06-29,6.468999862670898,6.848209857940674,3.1080000400543213
2011-06-30,6.4629998207092285,6.848209857940674,3.1579999923706055
2011-07-01,6.463500022888184,6.848209857940674,3.197000026702881
2011-07-04,6.4552998542785645,6.848209857940674,
2011-07-05,6.450900077819824,6.848209857940674,3.135999917984009
2011-07-06,6.466000080108643,6.848209857940674,3.0950000286102295
2011-07-07,6.4670000076293945,6.848209857940674,3.1489999294281006
2011-07-08,6.465000152587891,6.848209857940674,3.0160000324249268
2011-07-11,6.456200122833252,6.848209857940674,2.9170000553131104
2011-07-12,6.4670000076293945,6.848209857940674,2.9079999923706055
2011-07-13,6.462100028991699,6.848209857940674,2.8910000324249268
2011-07-14,6.494699954986572,6.848209857940674,2.944000005722046
2011-07-15,6.433800220489502,6.848209857940674,2.9079999923706055
2011-07-18,5.86299991607666,6.848209857940674,2.9089999198913574
2011-07-19,6.468800067901611,6.848209857940674,2.8910000324249268
2011-07-20,6.463399887084961,6.848209857940674,2.933000087738037
2011-07-21,6.446700096130371,6.848209857940674,3.009999990463257
2011-07-22,6.451499938964844,6.848209857940674,2.9639999866485596
2011-07-25,6.436600208282471,6.848209857940674,3.003999948501587
2011-07-26,6.443999767303467,6.848209857940674,2.9509999752044678
2011-07-27,6.4375,6.848209857940674,2.9800000190734863
2011-07-28,6.44290018081665,6.848209857940674,2.9509999752044678
2011-07-29,6.442999839782715,6.848209857940674,2.805000066757202
2011-08-01,6.428699970245361,6.848209857940674,2.740000009536743
2011-08-02,6.425600051879883,6.848209857940674,2.624000072479248
2011-08-03,6.429200172424316,6.848209857940674,2.5989999771118164
2011-08-04,6.427000045776367,6.848209857940674,2.4579999446868896
2011-08-05,6.427800178527832,6.848209857940674,2.558000087738037
2011-08-08,6.430699825286865,6.848209857940674,2.3389999866485596
2011-08-09,6.425300121307373,6.848209857940674,2.181999921798706
2011-08-10,6.421000003814697,6.848209857940674,2.13700008392334
2011-08-11,6.407700061798096,6.848209857940674,2.3359999656677246
2011-08-12,6.382199764251709,6.848209857940674,2.236999988555908
2011-08-15,6.38129997253418,6.848209857940674,2.2850000858306885
2011-08-16,6.380300045013428,6.848209857940674,2.2139999866485596
2011-08-17,6.373600006103516,6.848209857940674,2.1649999618530273
2011-08-18,6.377799987792969,6.848209857940674,2.0829999446868896
2011-08-19,6.387499809265137,6.848209857940674,2.071000099182129
2011-08-22,6.381999969482422,6.848209857940674,2.0880000591278076
2011-08-23,6.400000095367432,6.848209857940674,2.13700008392334
2011-08-24,6.394999980926514,6.848209857940674,2.259999990463257
2011-08-25,6.388000011444092,6.848209857940674,2.2219998836517334
2011-08-26,6.389999866485596,6.848209857940674,2.187999963760376
2011-08-29,6.376200199127197,6.848209857940674,2.2709999084472656
2011-08-30,6.366000175476074,6.848209857940674,2.1760001182556152
2011-08-31,6.380300045013428,6.848209857940674,2.2179999351501465
2011-09-01,6.377999782562256,6.848209857940674,2.1459999084472656
2011-09-02,6.38100004196167,6.848209857940674,1.996000051498413
2011-09-05,6.371500015258789,6.848209857940674,
2011-09-06,6.377699851989746,6.848209857940674,1.9789999723434448
2011-09-07,6.389999866485596,6.848209857940674,2.0360000133514404
2011-09-08,6.392000198364258,6.848209857940674,1.9859999418258667
2011-09-09,6.380000114440918,6.848209857940674,1.9149999618530273
2011-09-12,6.377600193023682,6.848209857940674,1.9299999475479126
2011-09-13,6.4019999504089355,6.848209857940674,1.99399995803833
2011-09-14,6.398499965667725,6.848209857940674,2.010999917984009
2011-09-15,6.395999908447266,6.848209857940674,2.0850000381469727
2011-09-16,6.388000011444092,6.848209857940674,2.0759999752044678
2011-09-19,6.381999969482422,6.848209857940674,1.940000057220459
2011-09-20,6.380499839782715,6.848209857940674,1.9470000267028809
2011-09-21,6.383999824523926,6.848209857940674,1.875
2011-09-22,6.381100177764893,6.848209857940674,1.715000033378601
2011-09-23,6.380499839782715,6.848209857940674,1.8079999685287476
2011-09-26,6.380099773406982,6.848209857940674,1.9040000438690186
2011-09-27,6.401000022888184,6.848209857940674,2.0160000324249268
2011-09-28,6.396999835968018,6.848209857940674,2.002000093460083
2011-09-29,6.39300012588501,6.848209857940674,1.9570000171661377
2011-09-30,6.387499809265137,6.848209857940674,1.9240000247955322
2011-10-03,6.382500171661377,6.848209857940674,1.784999966621399
2011-10-04,6.394999980926514,6.848209857940674,1.781000018119812
2011-10-05,6.364999771118164,6.848209857940674,1.9049999713897705
2011-10-06,6.364999771118164,6.848209857940674,1.9859999418258667
2011-10-07,6.36899995803833,6.848209857940674,2.068000078201294
2011-10-10,6.364999771118164,6.848209857940674,2.0759999752044678
2011-10-11,6.338500022888184,6.848209857940674,2.1600000858306885
2011-10-12,6.365499973297119,6.848209857940674,2.2260000705718994
2011-10-13,6.359000205993652,6.848209857940674,2.1689999103546143
2011-10-14,6.381999969482422,6.848209857940674,2.2320001125335693
2011-10-17,6.370800018310547,6.848209857940674,2.1549999713897705
2011-10-18,6.369999885559082,6.848209857940674,2.1510000228881836
2011-10-19,6.382999897003174,6.848209857940674,2.1589999198913574
2011-10-20,6.38100004196167,6.848209857940674,2.180000066757202
2011-10-21,6.372700214385986,6.848209857940674,2.203000068664551
2011-10-24,6.373499870300293,6.848209857940674,2.2339999675750732
2011-10-25,6.377999782562256,6.848209857940674,2.128000020980835
2011-10-26,6.366000175476074,6.848209857940674,2.203000068664551
2011-10-27,6.354000091552734,6.848209857940674,2.3949999809265137
2011-10-28,6.361000061035156,6.848209857940674,2.305999994277954
2011-10-31,6.348800182342529,6.848209857940674,2.174999952316284
2011-11-01,6.345200061798096,6.848209857940674,2.000999927520752
2011-11-02,6.34630012512207,6.848209857940674,2.00600004196167
2011-11-03,6.347099781036377,6.848209857940674,2.065999984741211
2011-11-04,6.339799880981445,6.848209857940674,2.049999952316284
2011-11-07,6.3302998542785645,6.848209857940674,1.99399995803833
2011-11-08,6.349999904632568,6.848209857940674,2.065000057220459
2011-11-09,6.3470001220703125,6.848209857940674,1.9550000429153442
2011-11-10,6.3429999351501465,6.848209857940674,2.055999994277954
2011-11-11,6.3470001220703125,6.848209857940674,2.055999994277954
2011-11-14,6.332799911499023,6.848209857940674,2.0429999828338623
2011-11-15,6.3454999923706055,6.848209857940674,2.056999921798706
2011-11-16,6.3368000984191895,6.848209857940674,2.0239999294281006
2011-11-17,6.3354997634887695,6.848209857940674,1.9579999446868896
2011-11-18,6.34089994430542,6.848209857940674,2.01200008392334
2011-11-21,6.347599983215332,6.848209857940674,1.9620000123977661
2011-11-22,6.351099967956543,6.848209857940674,1.9390000104904175
2011-11-23,6.3516998291015625,6.848209857940674,1.878999948501587
2011-11-24,6.347499847412109,6.848209857940674,
2011-11-25,6.352499961853027,6.848209857940674,1.9670000076293945
2011-11-28,6.372200012207031,6.848209857940674,1.9579999446868896
2011-11-29,6.376399993896484,6.848209857940674,1.996000051498413
2011-11-30,6.365099906921387,6.848209857940674,2.068000078201294
2011-12-01,6.377999782562256,6.848209857940674,2.117000102996826
2011-12-02,6.369999885559082,6.848209857940674,2.0420000553131104
2011-12-05,6.352499961853027,6.848209857940674,2.053999900817871
2011-12-06,6.340000152587891,6.848209857940674,2.0929999351501465
2011-12-07,6.334000110626221,6.848209857940674,2.0169999599456787
2011-12-08,6.368000030517578,6.848209857940674,1.972000002861023
2011-12-09,6.355000019073486,6.848209857940674,2.052000045776367
2011-12-12,6.354499816894531,6.848209857940674,2.009000062942505
2011-12-13,6.365499973297119,6.848209857940674,1.9620000123977661
2011-12-14,6.361499786376953,6.848209857940674,1.9010000228881836
2011-12-15,6.370999813079834,6.848209857940674,1.9129999876022339
2011-12-16,6.373000144958496,6.848209857940674,1.8539999723434448
2011-12-19,6.338500022888184,6.848209857940674,1.812999963760376
2011-12-20,6.300000190734863,6.848209857940674,1.9249999523162842
2011-12-21,6.3470001220703125,6.848209857940674,1.9670000076293945
2011-12-22,6.331200122833252,6.848209857940674,1.9509999752044678
2011-12-23,6.322000026702881,6.848209857940674,2.0299999713897705
2011-12-26,6.340000152587891,6.848209857940674,
2011-12-27,6.327400207519531,6.848209857940674,2.009000062942505
2011-12-28,6.320000171661377,6.848209857940674,1.9079999923706055
2011-12-29,6.316999912261963,6.848209857940674,1.8969999551773071
2011-12-30,6.309000015258789,6.848209857940674,1.871000051498413
2012-01-02,6.284999847412109,6.848209857940674,
2012-01-03,6.283999919891357,6.848209857940674,1.9600000381469727
2012-01-04,6.296999931335449,6.848209857940674,1.9950000047683716
2012-01-05,6.296000003814697,6.848209857940674,1.9930000305175781
2012-01-06,6.308499813079834,6.848209857940674,1.9609999656677246
2012-01-09,6.2993998527526855,6.848209857940674,1.9600000381469727
2012-01-10,6.313000202178955,6.848209857940674,1.972000002861023
2012-01-11,6.311999797821045,6.848209857940674,1.9040000438690186
2012-01-12,6.315999984741211,6.848209857940674,1.9329999685287476
2012-01-13,6.317800045013428,6.848209857940674,1.8530000448226929
2012-01-16,6.296000003814697,6.848209857940674,
2012-01-17,6.306099891662598,6.848209857940674,1.850000023841858
2012-01-18,6.316999912261963,6.848209857940674,1.8969999551773071
2012-01-19,6.310999870300293,6.848209857940674,1.972000002861023
2012-01-20,6.307199954986572,6.848209857940674,2.0280001163482666
2012-01-23,6.3246002197265625,6.848209857940674,2.066999912261963
2012-01-24,6.314000129699707,6.848209857940674,2.063999891281128
2012-01-25,6.322000026702881,6.848209857940674,2.006999969482422
2012-01-26,6.313499927520752,6.848209857940674,1.930999994277954
2012-01-27,6.334000110626221,6.848209857940674,1.8980000019073486
2012-01-30,6.323999881744385,6.848209857940674,1.8370000123977661
2012-01-31,6.313600063323975,6.848209857940674,1.7990000247955322
2012-02-01,6.308599948883057,6.848209857940674,1.8459999561309814
2012-02-02,6.30679988861084,6.848209857940674,1.8250000476837158
2012-02-03,6.304200172424316,6.848209857940674,1.9490000009536743
2012-02-06,6.304599761962891,6.848209857940674,1.9010000228881836
2012-02-07,6.311500072479248,6.848209857940674,1.965999960899353
2012-02-08,6.308499813079834,6.848209857940674,1.975000023841858
2012-02-09,6.298399925231934,6.848209857940674,2.046999931335449
2012-02-10,6.295400142669678,6.848209857940674,1.968999981880188
2012-02-13,6.293300151824951,6.848209857940674,1.9900000095367432
2012-02-14,6.295100212097168,6.848209857940674,1.9240000247955322
2012-02-15,6.2972002029418945,6.848209857940674,1.930999994277954
2012-02-16,6.298099994659424,6.848209857940674,1.9930000305175781
2012-02-17,6.30109977722168,6.848209857940674,2.009999990463257
2012-02-20,6.297699928283691,6.848209857940674,
2012-02-21,6.2993998527526855,6.848209857940674,2.0450000762939453
2012-02-22,6.296800136566162,6.848209857940674,2.005000114440918
2012-02-23,6.295899868011475,6.848209857940674,1.9839999675750732
2012-02-24,6.298500061035156,6.848209857940674,1.9769999980926514
2012-02-27,6.2972002029418945,6.848209857940674,1.9220000505447388
2012-02-28,6.301799774169922,6.848209857940674,1.9290000200271606
2012-02-29,6.298399925231934,6.848209857940674,1.9769999980926514
2012-03-01,6.294300079345703,6.848209857940674,2.0369999408721924
2012-03-02,6.299200057983398,6.848209857940674,1.9859999418258667
2012-03-05,6.298399925231934,6.848209857940674,2.005000114440918
2012-03-06,6.307700157165527,6.848209857940674,1.944000005722046
2012-03-07,6.3144001960754395,6.848209857940674,1.972000002861023
2012-03-08,6.310200214385986,6.848209857940674,2.0139999389648438
2012-03-09,6.316500186920166,6.848209857940674,2.0380001068115234
2012-03-12,6.310999870300293,6.848209857940674,2.0309998989105225
2012-03-13,6.325200080871582,6.848209857940674,2.1070001125335693
2012-03-14,6.326700210571289,6.848209857940674,2.2739999294281006
2012-03-15,6.331699848175049,6.848209857940674,2.2809998989105225
2012-03-16,6.32919979095459,6.848209857940674,2.2980000972747803
2012-03-19,6.32289981842041,6.848209857940674,2.378999948501587
2012-03-20,6.318600177764893,6.848209857940674,2.371999979019165
2012-03-21,6.320700168609619,6.848209857940674,2.2939999103546143
2012-03-22,6.319799900054932,6.848209857940674,2.2750000953674316
2012-03-23,6.300099849700928,6.848209857940674,2.236999988555908
2012-03-26,6.304500102996826,6.848209857940674,2.24399995803833
2012-03-27,6.306000232696533,6.848209857940674,2.187000036239624
2012-03-28,6.303100109100342,6.848209857940674,2.196000099182129
2012-03-29,6.301599979400635,6.848209857940674,2.1589999198913574
2012-03-30,6.306000232696533,6.848209857940674,2.2160000801086426
2012-04-02,6.295300006866455,6.848209857940674,2.193000078201294
2012-04-03,6.295599937438965,6.848209857940674,2.2839999198913574
2012-04-04,6.295199871063232,6.848209857940674,2.243000030517578
2012-04-05,6.296199798583984,6.848209857940674,2.174999952316284
2012-04-06,6.310699939727783,6.848209857940674,
2012-04-09,6.30649995803833,6.848209857940674,2.0369999408721924
2012-04-10,6.306700229644775,6.848209857940674,1.9880000352859497
2012-04-11,6.309500217437744,6.848209857940674,2.0280001163482666
2012-04-12,6.306700229644775,6.848209857940674,2.0490000247955322
2012-04-13,6.305799961090088,6.848209857940674,1.9980000257492065
2012-04-16,6.299200057983398,6.848209857940674,1.9739999771118164
2012-04-17,6.312300205230713,6.848209857940674,2.009000062942505
2012-04-18,6.300300121307373,6.848209857940674,1.9819999933242798
2012-04-19,6.30109977722168,6.848209857940674,1.9520000219345093
2012-04-20,6.302999973297119,6.848209857940674,1.9700000286102295
2012-04-23,6.307400226593018,6.848209857940674,1.9329999685287476
2012-04-24,6.305699825286865,6.848209857940674,1.9609999656677246
2012-04-25,6.305300235748291,6.848209857940674,1.9839999675750732
2012-04-26,6.301499843597412,6.848209857940674,1.9589999914169312
2012-04-27,6.295199871063232,6.848209857940674,1.9329999685287476
2012-04-30,6.304200172424316,6.848209857940674,1.9149999618530273
2012-05-01,6.286399841308594,6.848209857940674,1.9559999704360962
2012-05-02,6.287499904632568,6.848209857940674,1.9220000505447388
2012-05-03,6.290999889373779,6.848209857940674,1.9240000247955322
2012-05-04,6.288599967956543,6.848209857940674,1.8799999952316284
2012-05-07,6.290999889373779,6.848209857940674,1.8769999742507935
2012-05-08,6.298600196838379,6.848209857940674,1.8370000123977661
2012-05-09,6.308199882507324,6.848209857940674,1.8350000381469727
2012-05-10,6.309800148010254,6.848209857940674,1.8839999437332153
2012-05-11,6.3144001960754395,6.848209857940674,1.840999960899353
2012-05-14,6.310400009155273,6.848209857940674,1.7879999876022339
2012-05-15,6.321400165557861,6.848209857940674,1.7769999504089355
2012-05-16,6.31850004196167,6.848209857940674,1.7649999856948853
2012-05-17,6.3180999755859375,6.848209857940674,1.7020000219345093
2012-05-18,6.320700168609619,6.848209857940674,1.7020000219345093
2012-05-21,6.3282999992370605,6.848209857940674,1.7350000143051147
2012-05-22,6.323699951171875,6.848209857940674,1.7929999828338623
2012-05-23,6.318699836730957,6.848209857940674,1.7209999561309814
2012-05-24,6.33050012588501,6.848209857940674,1.7589999437332153
2012-05-25,6.3403000831604,6.848209857940674,1.7450000047683716
2012-05-28,6.34089994430542,6.848209857940674,
2012-05-29,6.339000225067139,6.848209857940674,1.7309999465942383
2012-05-30,6.3414998054504395,6.848209857940674,1.625
2012-05-31,6.3506999015808105,6.848209857940674,1.5809999704360962
2012-06-01,6.368599891662598,6.848209857940674,1.4670000076293945
2012-06-04,6.369699954986572,6.848209857940674,1.5269999504089355
2012-06-05,6.364099979400635,6.848209857940674,1.555999994277954
2012-06-06,6.367499828338623,6.848209857940674,1.6510000228881836
2012-06-07,6.363900184631348,6.848209857940674,1.6540000438690186
2012-06-08,6.368800163269043,6.848209857940674,1.6369999647140503
2012-06-11,6.373899936676025,6.848209857940674,1.600000023841858
2012-06-12,6.372799873352051,6.848209857940674,1.6610000133514404
2012-06-13,6.370699882507324,6.848209857940674,1.5989999771118164
2012-06-14,6.352200031280518,6.848209857940674,1.6109999418258667
2012-06-15,6.373600006103516,6.848209857940674,1.5870000123977661
2012-06-18,6.366799831390381,6.848209857940674,1.5839999914169312
2012-06-19,6.357600212097168,6.848209857940674,1.6200000047683716
2012-06-20,6.354700088500977,6.848209857940674,1.6419999599456787
2012-06-21,6.349899768829346,6.848209857940674,1.6180000305175781
2012-06-22,6.3649001121521,6.848209857940674,1.6720000505447388
2012-06-25,6.364200115203857,6.848209857940674,1.6080000400543213
2012-06-26,6.363399982452393,6.848209857940674,1.628000020980835
2012-06-27,6.36269998550415,6.848209857940674,1.621000051498413
2012-06-28,6.357600212097168,6.848209857940674,1.5770000219345093
2012-06-29,6.357399940490723,6.848209857940674,1.659000039100647
2012-07-02,6.354100227355957,6.848209857940674,1.5800000429153442
2012-07-03,6.348700046539307,6.848209857940674,1.63100004196167
2012-07-04,6.352700233459473,6.848209857940674,
2012-07-05,6.347599983215332,6.848209857940674,1.597000002861023
2012-07-06,6.355999946594238,6.848209857940674,1.5440000295639038
2012-07-09,6.364799976348877,6.848209857940674,1.5130000114440918
2012-07-10,6.371300220489502,6.848209857940674,1.4980000257492065
2012-07-11,6.365699768066406,6.848209857940674,1.4980000257492065
2012-07-12,6.371600151062012,6.848209857940674,1.4789999723434448
2012-07-13,6.376299858093262,6.848209857940674,1.4989999532699585
2012-07-16,6.3927001953125,6.848209857940674,1.4639999866485596
2012-07-17,6.378799915313721,6.848209857940674,1.5010000467300415
2012-07-18,6.373300075531006,6.848209857940674,1.4789999723434448
2012-07-19,6.3694000244140625,6.848209857940674,1.5149999856948853
2012-07-20,6.3730998039245605,6.848209857940674,1.4600000381469727
2012-07-23,6.373899936676025,6.848209857940674,1.434999942779541
2012-07-24,6.386099815368652,6.848209857940674,1.4040000438690186
2012-07-25,6.387599945068359,6.848209857940674,1.406000018119812
2012-07-26,6.388599872589111,6.848209857940674,1.4279999732971191
2012-07-27,6.384099960327148,6.848209857940674,1.5549999475479126
2012-07-30,6.380799770355225,6.848209857940674,1.503999948501587
2012-07-31,6.3796000480651855,6.848209857940674,1.4919999837875366
2012-08-01,6.361800193786621,6.848209857940674,1.5390000343322754
2012-08-02,6.368800163269043,6.848209857940674,1.4780000448226929
2012-08-03,6.367599964141846,6.848209857940674,1.5770000219345093
2012-08-06,6.371500015258789,6.848209857940674,1.5579999685287476
2012-08-07,6.374000072479248,6.848209857940674,1.628000020980835
2012-08-08,6.366700172424316,6.848209857940674,1.6399999856948853
2012-08-09,6.361400127410889,6.848209857940674,1.687999963760376
2012-08-10,6.362299919128418,6.848209857940674,1.6490000486373901
2012-08-13,6.359399795532227,6.848209857940674,1.6540000438690186
2012-08-14,6.362599849700928,6.848209857940674,1.7259999513626099
2012-08-15,6.35890007019043,6.848209857940674,1.8049999475479126
2012-08-16,6.362299919128418,6.848209857940674,1.8359999656677246
2012-08-17,6.366300106048584,6.848209857940674,1.815999984741211
2012-08-20,6.358500003814697,6.848209857940674,1.8140000104904175
2012-08-21,6.359300136566162,6.848209857940674,1.8049999475479126
2012-08-22,6.356299877166748,6.848209857940674,1.718999981880188
2012-08-23,6.351900100708008,6.848209857940674,1.6660000085830688
2012-08-24,6.354800224304199,6.848209857940674,1.6779999732971191
2012-08-27,6.354800224304199,6.848209857940674,1.6490000486373901
2012-08-28,6.35699987411499,6.848209857940674,1.6299999952316284
2012-08-29,6.355000019073486,6.848209857940674,1.6540000438690186
2012-08-30,6.351900100708008,6.848209857940674,1.6200000047683716
2012-08-31,6.350200176239014,6.848209857940674,1.562000036239624
2012-09-03,6.348599910736084,6.848209857940674,
2012-09-04,6.342100143432617,6.848209857940674,1.5809999704360962
2012-09-05,6.347400188446045,6.848209857940674,1.593999981880188
2012-09-06,6.349299907684326,6.848209857940674,1.6729999780654907
2012-09-07,6.343200206756592,6.848209857940674,1.6610000133514404
2012-09-10,6.342800140380859,6.848209857940674,1.6829999685287476
2012-09-11,6.337699890136719,6.848209857940674,1.6950000524520874
2012-09-12,6.335100173950195,6.848209857940674,1.7649999856948853
2012-09-13,6.327400207519531,6.848209857940674,1.75600004196167
2012-09-14,6.329999923706055,6.848209857940674,1.8700000047683716
2012-09-17,6.315299987792969,6.848209857940674,1.8380000591278076
2012-09-18,6.307499885559082,6.848209857940674,1.812000036239624
2012-09-19,6.318600177764893,6.848209857940674,1.781999945640564
2012-09-20,6.309999942779541,6.848209857940674,1.7769999504089355
2012-09-21,6.302999973297119,6.848209857940674,1.7599999904632568
2012-09-24,6.305500030517578,6.848209857940674,1.718000054359436
2012-09-25,6.3094000816345215,6.848209857940674,1.6820000410079956
2012-09-26,6.3059000968933105,6.848209857940674,1.6180000305175781
2012-09-27,6.301799774169922,6.848209857940674,1.6399999856948853
2012-09-28,6.3024001121521,6.848209857940674,1.6369999647140503
2012-10-01,6.284800052642822,6.848209857940674,1.625
2012-10-02,6.284800052642822,6.848209857940674,1.6150000095367432
2012-10-03,6.32420015335083,6.848209857940674,1.6230000257492065
2012-10-04,6.322500228881836,6.848209857940674,1.6649999618530273
2012-10-05,6.3221001625061035,6.848209857940674,1.7319999933242798
2012-10-08,6.324100017547607,6.848209857940674,1.746000051498413
2012-10-09,6.287099838256836,6.848209857940674,1.7200000286102295
2012-10-10,6.28849983215332,6.848209857940674,1.690999984741211
2012-10-11,6.298999786376953,6.848209857940674,1.6749999523162842
2012-10-12,6.2778000831604,6.848209857940674,1.6629999876022339
2012-10-15,6.265999794006348,6.848209857940674,1.6629999876022339
2012-10-16,6.269700050354004,6.848209857940674,1.7200000286102295
2012-10-17,6.263700008392334,6.848209857940674,1.8109999895095825
2012-10-18,6.25439977645874,6.848209857940674,1.8259999752044678
2012-10-19,6.251500129699707,6.848209857940674,1.7680000066757202
2012-10-22,6.253600120544434,6.848209857940674,1.7979999780654907
2012-10-23,6.2546000480651855,6.848209857940674,1.7640000581741333
2012-10-24,6.251299858093262,6.848209857940674,1.774999976158142
2012-10-25,6.247799873352051,6.848209857940674,1.8279999494552612
2012-10-26,6.246399879455566,6.848209857940674,1.75
2012-10-29,6.262400150299072,6.848209857940674,
2012-10-30,6.24399995803833,6.848209857940674,
2012-10-31,6.2418999671936035,6.848209857940674,1.6859999895095825
2012-11-01,6.237500190734863,6.848209857940674,1.715000033378601
2012-11-02,6.240099906921387,6.848209857940674,1.7259999513626099
2012-11-05,6.244800090789795,6.848209857940674,1.684000015258789
2012-11-06,6.240799903869629,6.848209857940674,1.7419999837875366
2012-11-07,6.24560022354126,6.848209857940674,1.6319999694824219
2012-11-08,6.243800163269043,6.848209857940674,1.6319999694824219
2012-11-09,6.2677998542785645,6.848209857940674,1.6130000352859497
2012-11-12,6.244699954986572,6.848209857940674,1.6109999418258667
2012-11-13,6.219200134277344,6.848209857940674,1.5889999866485596
2012-11-14,6.234000205993652,6.848209857940674,1.5889999866485596
2012-11-15,6.230500221252441,6.848209857940674,1.5889999866485596
2012-11-16,6.236299991607666,6.848209857940674,1.5740000009536743
2012-11-19,6.2399001121521,6.848209857940674,1.6109999418258667
2012-11-20,6.238999843597412,6.848209857940674,1.656000018119812
2012-11-21,6.232800006866455,6.848209857940674,1.687000036239624
2012-11-22,6.231400012969971,6.848209857940674,
2012-11-23,6.237500190734863,6.848209857940674,1.6929999589920044
2012-11-26,6.231299877166748,6.848209857940674,1.6640000343322754
2012-11-27,6.225599765777588,6.848209857940674,1.6449999809265137
2012-11-28,6.222400188446045,6.848209857940674,1.6169999837875366
2012-11-29,6.227499961853027,6.848209857940674,1.6200000047683716
2012-11-30,6.231400012969971,6.848209857940674,1.6059999465942383
2012-12-03,6.226600170135498,6.848209857940674,1.628000020980835
2012-12-04,6.228600025177002,6.848209857940674,1.6080000400543213
2012-12-05,6.225500106811523,6.848209857940674,1.590999960899353
2012-12-06,6.225599765777588,6.848209857940674,1.5809999704360962
2012-12-07,6.228400230407715,6.848209857940674,1.6269999742507935
2012-12-10,6.224400043487549,6.848209857940674,1.6160000562667847
2012-12-11,6.219799995422363,6.848209857940674,1.6490000486373901
2012-12-12,6.245200157165527,6.848209857940674,1.6970000267028809
2012-12-13,6.253799915313721,6.848209857940674,1.7280000448226929
2012-12-14,6.246600151062012,6.848209857940674,1.7079999446868896
2012-12-17,6.245200157165527,6.848209857940674,1.7630000114440918
2012-12-18,6.241300106048584,6.848209857940674,1.8270000219345093
2012-12-19,6.236299991607666,6.848209857940674,1.7999999523162842
2012-12-20,6.23330020904541,6.848209857940674,1.7999999523162842
2012-12-21,6.2347002029418945,6.848209857940674,1.753999948501587
2012-12-24,6.234600067138672,6.848209857940674,1.7740000486373901
2012-12-25,6.235899925231934,6.848209857940674,
2012-12-26,6.234300136566162,6.848209857940674,1.7580000162124634
2012-12-27,6.235599994659424,6.848209857940674,1.715000033378601
2012-12-28,6.239799976348877,6.848209857940674,1.7109999656677246
2012-12-31,6.234799861907959,6.848209857940674,1.75600004196167
2013-01-01,6.230599880218506,6.848209857940674,
2013-01-02,6.237599849700928,6.848209857940674,1.8389999866485596
2013-01-03,6.2332000732421875,6.848209857940674,1.8990000486373901
2013-01-04,6.232500076293945,6.848209857940674,1.9149999618530273
2013-01-07,6.230500221252441,6.848209857940674,1.902999997138977
2013-01-08,6.229800224304199,6.848209857940674,1.871000051498413
2013-01-09,6.2241997718811035,6.848209857940674,1.8519999980926514
2013-01-10,6.225200176239014,6.848209857940674,1.8940000534057617
2013-01-11,6.224599838256836,6.848209857940674,1.875
2013-01-14,6.21619987487793,6.848209857940674,1.8569999933242798
2013-01-15,6.222300052642822,6.848209857940674,1.8309999704360962
2013-01-16,6.213399887084961,6.848209857940674,1.8240000009536743
2013-01-17,6.2195000648498535,6.848209857940674,1.875
2013-01-18,6.218299865722656,6.848209857940674,1.843000054359436
2013-01-21,6.205399990081787,6.848209857940674,
2013-01-22,6.220699787139893,6.848209857940674,1.8350000381469727
2013-01-23,6.222599983215332,6.848209857940674,1.8329999446868896
2013-01-24,6.22160005569458,6.848209857940674,1.843999981880188
2013-01-25,6.219299793243408,6.848209857940674,1.9470000267028809
2013-01-28,6.2195000648498535,6.848209857940674,1.9739999771118164
2013-01-29,6.223499774932861,6.848209857940674,1.9880000352859497
2013-01-30,6.225800037384033,6.848209857940674,2.00600004196167
2013-01-31,6.2195000648498535,6.848209857940674,1.9850000143051147
2013-02-01,6.217800140380859,6.848209857940674,2.009999990463257
2013-02-04,6.230400085449219,6.848209857940674,1.9730000495910645
2013-02-05,6.230400085449219,6.848209857940674,2.0160000324249268
2013-02-06,6.227799892425537,6.848209857940674,1.968000054359436
2013-02-07,6.229100227355957,6.848209857940674,1.9509999752044678
2013-02-08,6.232999801635742,6.848209857940674,1.9539999961853027
2013-02-11,6.252999782562256,6.848209857940674,1.9459999799728394
2013-02-12,6.232800006866455,6.848209857940674,1.9819999933242798
2013-02-13,6.232500076293945,6.848209857940674,2.0190000534057617
2013-02-14,6.232800006866455,6.848209857940674,2.0
2013-02-15,6.232600212097168,6.848209857940674,2.006999969482422
2013-02-18,6.224400043487549,6.848209857940674,
2013-02-19,6.242800235748291,6.848209857940674,2.0260000228881836
2013-02-20,6.243500232696533,6.848209857940674,2.0209999084472656
2013-02-21,6.240699768066406,6.848209857940674,1.9759999513626099
2013-02-22,6.238999843597412,6.848209857940674,1.9670000076293945
2013-02-25,6.222300052642822,6.848209857940674,1.8949999809265137
2013-02-26,6.232900142669678,6.848209857940674,1.878999948501587
2013-02-27,6.228499889373779,6.848209857940674,1.902999997138977
2013-02-28,6.226200103759766,6.848209857940674,1.8880000114440918
2013-03-01,6.222400188446045,6.848209857940674,1.8530000448226929
2013-03-04,6.220399856567383,6.848209857940674,1.8769999742507935
2013-03-05,6.222499847412109,6.848209857940674,1.8940000534057617
2013-03-06,6.2221999168396,6.848209857940674,1.937999963760376
2013-03-07,6.218699932098389,6.848209857940674,1.9910000562667847
2013-03-08,6.219399929046631,6.848209857940674,2.055999994277954
2013-03-11,6.27239990234375,6.848209857940674,2.055999994277954
2013-03-12,6.221700191497803,6.848209857940674,2.0230000019073486
2013-03-13,6.214000225067139,6.848209857940674,2.0209999084472656
2013-03-14,6.213200092315674,6.848209857940674,2.0329999923706055
2013-03-15,6.213900089263916,6.848209857940674,1.996000051498413
2013-03-18,6.287499904632568,6.848209857940674,1.9559999704360962
2013-03-19,6.214300155639648,6.848209857940674,1.9079999923706055
2013-03-20,6.213799953460693,6.848209857940674,1.937000036239624
2013-03-21,6.208899974822998,6.848209857940674,1.9320000410079956
2013-03-22,6.212900161743164,6.848209857940674,1.9149999618530273
2013-03-25,6.1722002029418945,6.848209857940674,1.9149999618530273
2013-03-26,6.210299968719482,6.848209857940674,1.906000018119812
2013-03-27,6.212100028991699,6.848209857940674,1.8509999513626099
2013-03-28,6.214700222015381,6.848209857940674,1.8519999980926514
2013-03-29,6.212600231170654,6.848209857940674,
2013-04-01,6.216100215911865,6.848209857940674,1.840000033378601
2013-04-02,6.1956000328063965,6.848209857940674,1.8609999418258667
2013-04-03,6.198699951171875,6.848209857940674,1.812000036239624
2013-04-04,6.200699806213379,6.848209857940674,1.7589999437332153
2013-04-05,6.2027997970581055,6.848209857940674,1.694000005722046
2013-04-08,6.167399883270264,6.848209857940674,1.7319999933242798
2013-04-09,6.202499866485596,6.848209857940674,1.746999979019165
2013-04-10,6.204100131988525,6.848209857940674,1.8049999475479126
2013-04-11,6.194399833679199,6.848209857940674,1.7910000085830688
2013-04-12,6.194799900054932,6.848209857940674,1.7209999561309814
2013-04-15,6.198500156402588,6.848209857940674,1.7020000219345093
2013-04-16,6.185999870300293,6.848209857940674,1.718999981880188
2013-04-17,6.18209981918335,6.848209857940674,1.7039999961853027
2013-04-18,6.1722002029418945,6.848209857940674,1.684999942779541
2013-04-19,6.211400032043457,6.848209857940674,1.7029999494552612
2013-04-22,6.191199779510498,6.848209857940674,1.6979999542236328
2013-04-23,6.184299945831299,6.848209857940674,1.6979999542236328
2013-04-24,6.1793999671936035,6.848209857940674,1.6979999542236328
2013-04-25,6.1803998947143555,6.848209857940674,1.7109999656677246
2013-04-26,6.172100067138672,6.848209857940674,1.6629999876022339
2013-04-29,6.157800197601318,6.848209857940674,1.6679999828338623
2013-04-30,6.165200233459473,6.848209857940674,1.6749999523162842
2013-05-01,6.165200233459473,6.848209857940674,1.6390000581741333
2013-05-02,6.164100170135498,6.848209857940674,1.63100004196167
2013-05-03,6.155200004577637,6.848209857940674,1.7519999742507935
2013-05-06,6.153200149536133,6.848209857940674,1.7710000276565552
2013-05-07,6.166600227355957,6.848209857940674,1.7829999923706055
2013-05-08,6.153500080108643,6.848209857940674,1.7599999904632568
2013-05-09,6.125500202178955,6.848209857940674,1.812999963760376
2013-05-10,6.130300045013428,6.848209857940674,1.899999976158142
2013-05-13,6.131700038909912,6.848209857940674,1.9229999780654907
2013-05-14,6.136600017547607,6.848209857940674,1.9520000219345093
2013-05-15,6.132800102233887,6.848209857940674,1.9429999589920044
2013-05-16,6.135900020599365,6.848209857940674,1.8650000095367432
2013-05-17,6.138999938964844,6.848209857940674,1.9490000009536743
2013-05-20,6.13129997253418,6.848209857940674,1.965000033378601
2013-05-21,6.128900051116943,6.848209857940674,1.944000005722046
2013-05-22,6.1255998611450195,6.848209857940674,2.0260000228881836
2013-05-23,6.121099948883057,6.848209857940674,2.0230000019073486
2013-05-24,6.124000072479248,6.848209857940674,2.010999917984009
2013-05-27,6.121600151062012,6.848209857940674,
2013-05-28,6.111199855804443,6.848209857940674,2.134999990463257
2013-05-29,6.111499786376953,6.848209857940674,2.124000072479248
2013-05-30,6.116700172424316,6.848209857940674,2.124000072479248
2013-05-31,6.1209001541137695,6.848209857940674,2.1640000343322754
2013-06-03,6.124800205230713,6.848209857940674,2.134000062942505
2013-06-04,6.121699810028076,6.848209857940674,2.13700008392334
2013-06-05,6.11870002746582,6.848209857940674,2.0999999046325684
2013-06-06,6.117800235748291,6.848209857940674,2.075000047683716
2013-06-07,6.126200199127197,6.848209857940674,2.1610000133514404
2013-06-10,6.126200199127197,6.848209857940674,2.2149999141693115
2013-06-11,6.126200199127197,6.848209857940674,2.194999933242798
2013-06-12,6.126200199127197,6.848209857940674,2.2300000190734863
2013-06-13,6.123499870300293,6.848209857940674,2.1740000247955322
2013-06-14,6.1244001388549805,6.848209857940674,2.125999927520752
2013-06-17,6.120800018310547,6.848209857940674,2.1710000038146973
2013-06-18,6.114999771118164,6.848209857940674,2.181999921798706
2013-06-19,6.118500232696533,6.848209857940674,2.311000108718872
2013-06-20,6.1168999671936035,6.848209857940674,2.4189999103546143
2013-06-21,6.118199825286865,6.848209857940674,2.5139999389648438
2013-06-24,6.1234002113342285,6.848209857940674,2.5480000972747803
2013-06-25,6.1350998878479,6.848209857940674,2.5889999866485596
2013-06-26,6.135300159454346,6.848209857940674,2.5390000343322754
2013-06-27,6.2013020515441895,6.848209857940674,2.4830000400543213
2013-06-28,6.2297749519348145,6.848209857940674,2.4779999256134033
2013-07-01,6.127600193023682,6.848209857940674,2.490000009536743
2013-07-02,6.122700214385986,6.848209857940674,2.4690001010894775
2013-07-03,6.123000144958496,6.848209857940674,2.500999927520752
2013-07-04,6.120800018310547,6.848209857940674,
2013-07-05,6.115799903869629,6.848209857940674,2.7149999141693115
2013-07-08,6.122600078582764,6.848209857940674,2.6449999809265137
2013-07-09,6.123799800872803,6.848209857940674,2.630000114440918
2013-07-10,6.119500160217285,6.848209857940674,2.680000066757202
2013-07-11,6.124100208282471,6.848209857940674,2.5739998817443848
2013-07-12,6.125199794769287,6.848209857940674,2.6010000705718994
2013-07-15,6.127500057220459,6.848209857940674,2.555999994277954
2013-07-16,6.127600193023682,6.848209857940674,2.5320000648498535
2013-07-17,6.125,6.848209857940674,2.490999937057495
2013-07-18,6.12529993057251,6.848209857940674,2.5339999198913574
2013-07-19,6.13129997253418,6.848209857940674,2.490999937057495
2013-07-22,6.127900123596191,6.848209857940674,2.48799991607666
2013-07-23,6.130899906158447,6.848209857940674,2.5160000324249268
2013-07-24,6.127399921417236,6.848209857940674,2.5880000591278076
2013-07-25,6.125999927520752,6.848209857940674,2.6070001125335693
2013-07-26,6.12470006942749,6.848209857940674,2.561000108718872
2013-07-29,6.121699810028076,6.848209857940674,2.5850000381469727
2013-07-30,6.122499942779541,6.848209857940674,2.6029999256134033
2013-07-31,6.121699810028076,6.848209857940674,2.5929999351501465
2013-08-01,6.118899822235107,6.848209857940674,2.7230000495910645
2013-08-02,6.120500087738037,6.848209857940674,2.6019999980926514
2013-08-05,6.119500160217285,6.848209857940674,2.640000104904175
2013-08-06,6.114699840545654,6.848209857940674,2.6419999599456787
2013-08-07,6.111700057983398,6.848209857940674,2.5999999046325684
2013-08-08,6.1092000007629395,6.848209857940674,2.5869998931884766
2013-08-09,6.111400127410889,6.848209857940674,2.5799999237060547
2013-08-12,6.1118998527526855,6.848209857940674,2.6050000190734863
2013-08-13,6.112299919128418,6.848209857940674,2.7149999141693115
2013-08-14,6.111800193786621,6.848209857940674,2.7119998931884766
2013-08-15,6.109600067138672,6.848209857940674,2.755000114440918
2013-08-16,6.102499961853027,6.848209857940674,2.8289999961853027
2013-08-19,6.105000019073486,6.848209857940674,2.884000062942505
2013-08-20,6.1128997802734375,6.848209857940674,2.813999891281128
2013-08-21,6.11460018157959,6.848209857940674,2.8550000190734863
2013-08-22,6.113399982452393,6.848209857940674,2.9010000228881836
2013-08-23,6.111100196838379,6.848209857940674,2.818000078201294
2013-08-26,6.111000061035156,6.848209857940674,2.805000066757202
2013-08-27,6.111199855804443,6.848209857940674,2.7209999561309814
2013-08-28,6.111700057983398,6.848209857940674,2.7820000648498535
2013-08-29,6.110400199890137,6.848209857940674,2.750999927520752
2013-08-30,6.110499858856201,6.848209857940674,2.749000072479248
2013-09-02,6.109499931335449,6.848209857940674,
2013-09-03,6.109600067138672,6.848209857940674,2.8480000495910645
2013-09-04,6.110599994659424,6.848209857940674,2.8970000743865967
2013-09-05,6.110099792480469,6.848209857940674,2.9790000915527344
2013-09-06,6.109899997711182,6.848209857940674,2.937999963760376
2013-09-09,6.110499858856201,6.848209857940674,2.8970000743865967
2013-09-10,6.111000061035156,6.848209857940674,2.9590001106262207
2013-09-11,6.110000133514404,6.848209857940674,2.9200000762939453
2013-09-12,6.108500003814697,6.848209857940674,2.9070000648498535
2013-09-13,6.107999801635742,6.848209857940674,2.8980000019073486
2013-09-16,6.108799934387207,6.848209857940674,2.874000072479248
2013-09-17,6.110300064086914,6.848209857940674,2.8529999256134033
2013-09-18,6.111499786376953,6.848209857940674,2.7079999446868896
2013-09-19,6.111199855804443,6.848209857940674,2.747999906539917
2013-09-20,6.111199855804443,6.848209857940674,2.7320001125335693
2013-09-23,6.111199855804443,6.848209857940674,2.7139999866485596
2013-09-24,6.111000061035156,6.848209857940674,2.6530001163482666
2013-09-25,6.110899925231934,6.848209857940674,2.614000082015991
2013-09-26,6.110000133514404,6.848209857940674,2.6429998874664307
2013-09-27,6.111400127410889,6.848209857940674,2.61899995803833
2013-09-30,6.109899997711182,6.848209857940674,2.615000009536743
2013-10-01,6.111499786376953,6.848209857940674,2.6459999084472656
2013-10-02,6.111499786376953,6.848209857940674,2.625999927520752
2013-10-03,6.111499786376953,6.848209857940674,2.6059999465942383
2013-10-04,6.111499786376953,6.848209857940674,2.6519999504089355
2013-10-07,6.111499786376953,6.848209857940674,2.634000062942505
2013-10-08,,6.848209857940674,2.635999917984009
2013-10-09,6.111100196838379,6.848209857940674,2.6500000953674316
2013-10-10,6.111100196838379,6.848209857940674,2.684999942779541
2013-10-11,6.105800151824951,6.848209857940674,2.681999921798706
2013-10-14,6.110599994659424,6.848209857940674,2.690999984741211
2013-10-15,6.097899913787842,6.848209857940674,2.7200000286102295
2013-10-16,6.092700004577637,6.848209857940674,2.6710000038146973
2013-10-17,6.089799880981445,6.848209857940674,2.5869998931884766
2013-10-18,6.088200092315674,6.848209857940674,2.5889999866485596
2013-10-21,6.0868000984191895,6.848209857940674,2.6089999675750732
2013-10-22,6.082600116729736,6.848209857940674,2.51200008392334
2013-10-23,6.082699775695801,6.848209857940674,2.484999895095825
2013-10-24,6.073500156402588,6.848209857940674,2.5220000743865967
2013-10-25,6.072000026702881,6.848209857940674,2.503000020980835
2013-10-28,6.073999881744385,6.848209857940674,2.51200008392334
2013-10-29,6.075500011444092,6.848209857940674,2.506999969482422
2013-10-30,6.0802001953125,6.848209857940674,2.5269999504089355
2013-10-31,6.083799839019775,6.848209857940674,2.5420000553131104
2013-11-01,6.084499835968018,6.848209857940674,2.619999885559082
2013-11-04,6.0894999504089355,6.848209857940674,2.6019999980926514
2013-11-05,6.089000225067139,6.848209857940674,2.6619999408721924
2013-11-06,6.0868000984191895,6.848209857940674,2.640000104904175
2013-11-07,6.082699775695801,6.848209857940674,2.61299991607666
2013-11-08,6.080900192260742,6.848209857940674,2.746000051498413
2013-11-11,6.080599784851074,6.848209857940674,2.750999927520752
2013-11-12,6.081399917602539,6.848209857940674,2.7679998874664307
2013-11-13,6.081999778747559,6.848209857940674,2.7249999046325684
2013-11-14,6.082900047302246,6.848209857940674,2.7019999027252197
2013-11-15,6.082200050354004,6.848209857940674,2.7090001106262207
2013-11-18,6.082200050354004,6.848209857940674,2.677999973297119
2013-11-19,6.082099914550781,6.848209857940674,2.7119998931884766
2013-11-20,6.083000183105469,6.848209857940674,2.7920000553131104
2013-11-21,6.082799911499023,6.848209857940674,2.7839999198913574
2013-11-22,6.082900047302246,6.848209857940674,2.752000093460083
2013-11-25,6.083700180053711,6.848209857940674,2.740999937057495
2013-11-26,6.082600116729736,6.848209857940674,2.696000099182129
2013-11-27,6.082699775695801,6.848209857940674,2.7360000610351562
2013-11-28,6.082399845123291,6.848209857940674,
2013-11-29,6.082399845123291,6.848209857940674,2.740999937057495
2013-12-02,6.083199977874756,6.848209857940674,2.8010001182556152
2013-12-03,6.083000183105469,6.848209857940674,2.7750000953674316
2013-12-04,6.082399845123291,6.848209857940674,2.8410000801086426
2013-12-05,6.081600189208984,6.848209857940674,2.861999988555908
2013-12-06,6.081299781799316,6.848209857940674,2.882999897003174
2013-12-09,6.071800231933594,6.848209857940674,2.8570001125335693
2013-12-10,6.062300205230713,6.848209857940674,2.796999931335449
2013-12-11,6.060999870300293,6.848209857940674,2.8440001010894775
2013-12-12,6.061699867248535,6.848209857940674,2.877000093460083
2013-12-13,6.061500072479248,6.848209857940674,2.868000030517578
2013-12-16,6.061299800872803,6.848209857940674,2.877000093460083
2013-12-17,6.061500072479248,6.848209857940674,2.8429999351501465
2013-12-18,6.061100006103516,6.848209857940674,2.884999990463257
2013-12-19,6.061800003051758,6.848209857940674,2.924999952316284
2013-12-20,6.061299800872803,6.848209857940674,2.88700008392334
2013-12-23,6.061399936676025,6.848209857940674,2.928999900817871
2013-12-24,6.060200214385986,6.848209857940674,2.9830000400543213
2013-12-25,6.061500072479248,6.848209857940674,
2013-12-26,6.061500072479248,6.848209857940674,2.990000009536743
2013-12-27,6.061500072479248,6.848209857940674,3.00600004196167
2013-12-30,6.058700084686279,6.848209857940674,2.9760000705718994
2013-12-31,6.051799774169922,6.848209857940674,3.0260000228881836
2014-01-01,6.044000148773193,6.848209857940674,
2014-01-02,6.044000148773193,6.848209857940674,2.984999895095825
2014-01-03,6.0406999588012695,6.848209857940674,2.994999885559082
2014-01-06,6.041500091552734,6.848209857940674,2.9609999656677246
2014-01-07,6.042699813842773,6.848209857940674,2.937000036239624
2014-01-08,6.041200160980225,6.848209857940674,2.993000030517578
2014-01-09,6.041299819946289,6.848209857940674,2.9630000591278076
2014-01-10,6.045000076293945,6.848209857940674,2.859999895095825
2014-01-13,6.042200088500977,6.848209857940674,2.8269999027252197
2014-01-14,6.033299922943115,6.848209857940674,2.86899995803833
2014-01-15,6.031199932098389,6.848209857940674,2.884000062942505
2014-01-16,6.035999774932861,6.848209857940674,2.8429999351501465
2014-01-17,6.04580020904541,6.848209857940674,2.8269999027252197
2014-01-20,6.040299892425537,6.848209857940674,
2014-01-21,6.042799949645996,6.848209857940674,2.825000047683716
2014-01-22,6.040599822998047,6.848209857940674,2.859999895095825
2014-01-23,6.041299819946289,6.848209857940674,2.7730000019073486
2014-01-24,6.041800022125244,6.848209857940674,2.734999895095825
2014-01-27,6.038899898529053,6.848209857940674,2.7660000324249268
2014-01-28,6.038099765777588,6.848209857940674,2.746000051498413
2014-01-29,6.040900230407715,6.848209857940674,2.674999952316284
2014-01-30,6.045599937438965,6.848209857940674,2.693000078201294
2014-01-31,6.051000118255615,6.848209857940674,2.6679999828338623
2014-02-03,6.051000118255615,6.848209857940674,2.5810000896453857
2014-02-04,6.051000118255615,6.848209857940674,2.624000072479248
2014-02-05,6.051000118255615,6.848209857940674,2.6670000553131104
2014-02-06,6.051000118255615,6.848209857940674,2.7019999027252197
2014-02-07,6.051000118255615,6.848209857940674,2.674999952316284
2014-02-10,6.053400039672852,6.848209857940674,2.677999973297119
2014-02-11,6.0493998527526855,6.848209857940674,2.7190001010894775
2014-02-12,6.050600051879883,6.848209857940674,2.763000011444092
2014-02-13,6.0524001121521,6.848209857940674,2.7360000610351562
2014-02-14,6.053599834442139,6.848209857940674,2.746000051498413
2014-02-17,6.0569000244140625,6.848209857940674,
2014-02-18,6.054100036621094,6.848209857940674,2.7109999656677246
2014-02-19,6.057400226593018,6.848209857940674,2.7339999675750732
2014-02-20,6.066500186920166,6.848209857940674,2.753999948501587
2014-02-21,6.073500156402588,6.848209857940674,2.7339999675750732
2014-02-24,6.081500053405762,6.848209857940674,2.75
2014-02-25,6.088500022888184,6.848209857940674,2.7009999752044678
2014-02-26,6.11460018157959,6.848209857940674,2.6730000972747803
2014-02-27,6.114799976348877,6.848209857940674,2.6419999599456787
2014-02-28,6.1184000968933105,6.848209857940674,2.6579999923706055
2014-03-03,6.1350998878479,6.848209857940674,2.6070001125335693
2014-03-04,6.136300086975098,6.848209857940674,2.690999984741211
2014-03-05,6.133600234985352,6.848209857940674,2.697999954223633
2014-03-06,6.127999782562256,6.848209857940674,2.736999988555908
2014-03-07,6.10860013961792,6.848209857940674,2.7899999618530273
2014-03-10,6.116099834442139,6.848209857940674,2.7839999198913574
2014-03-11,6.128600120544434,6.848209857940674,2.7660000324249268
2014-03-12,6.130199909210205,6.848209857940674,2.7260000705718994
2014-03-13,6.1350998878479,6.848209857940674,2.6530001163482666
2014-03-14,6.126200199127197,6.848209857940674,2.6449999809265137
2014-03-17,6.1402997970581055,6.848209857940674,2.6989998817443848
2014-03-18,6.1682000160217285,6.848209857940674,2.680999994277954
2014-03-19,6.18209981918335,6.848209857940674,2.7720000743865967
2014-03-20,6.193999767303467,6.848209857940674,2.7750000953674316
2014-03-21,6.217599868774414,6.848209857940674,2.75
2014-03-24,6.215099811553955,6.848209857940674,2.7330000400543213
2014-03-25,6.1859002113342285,6.848209857940674,2.734999895095825
2014-03-26,6.191699981689453,6.848209857940674,2.7009999752044678
2014-03-27,6.199399948120117,6.848209857940674,2.671999931335449
2014-03-28,6.202899932861328,6.848209857940674,2.7119998931884766
2014-03-31,6.202199935913086,6.848209857940674,2.7230000495910645
2014-04-01,6.207200050354004,6.848209857940674,2.759000062942505
2014-04-02,6.196899890899658,6.848209857940674,2.802999973297119
2014-04-03,6.195700168609619,6.848209857940674,2.7899999618530273
2014-04-04,6.200699806213379,6.848209857940674,2.7260000705718994
2014-04-07,6.202300071716309,6.848209857940674,2.694999933242798
2014-04-08,6.202300071716309,6.848209857940674,2.680999994277954
2014-04-09,6.1869001388549805,6.848209857940674,2.684000015258789
2014-04-10,6.1905999183654785,6.848209857940674,2.628000020980835
2014-04-11,6.202600002288818,6.848209857940674,2.61899995803833
2014-04-14,6.201399803161621,6.848209857940674,2.6389999389648438
2014-04-15,6.209099769592285,6.848209857940674,2.628000020980835
2014-04-16,6.211999893188477,6.848209857940674,2.63700008392334
2014-04-17,6.211400032043457,6.848209857940674,2.7209999561309814
2014-04-18,6.209099769592285,6.848209857940674,
2014-04-21,6.209099769592285,6.848209857940674,2.7209999561309814
2014-04-22,6.209099769592285,6.848209857940674,2.7260000705718994
2014-04-23,6.22760009765625,6.848209857940674,2.686000108718872
2014-04-24,6.227700233459473,6.848209857940674,2.687999963760376
2014-04-25,6.238900184631348,6.848209857940674,2.6659998893737793
2014-04-28,6.24370002746582,6.848209857940674,2.677000045776367
2014-04-29,6.243000030517578,6.848209857940674,2.694999933242798
2014-04-30,6.2480998039245605,6.848209857940674,2.6480000019073486
2014-05-01,6.2494001388549805,6.848209857940674,2.6059999465942383
2014-05-02,6.2494001388549805,6.848209857940674,2.5910000801086426
2014-05-05,6.2494001388549805,6.848209857940674,2.6110000610351562
2014-05-06,6.235599994659424,6.848209857940674,2.5950000286102295
2014-05-07,6.215799808502197,6.848209857940674,2.5899999141693115
2014-05-08,6.224400043487549,6.848209857940674,2.6019999980926514
2014-05-09,6.218100070953369,6.848209857940674,2.622999906539917
2014-05-12,6.217700004577637,6.848209857940674,2.6559998989105225
2014-05-13,6.22760009765625,6.848209857940674,2.618000030517578
2014-05-14,6.219099998474121,6.848209857940674,2.5429999828338623
2014-05-15,6.218999862670898,6.848209857940674,2.502000093460083
2014-05-16,6.220699787139893,6.848209857940674,2.5179998874664307
2014-05-19,6.223499774932861,6.848209857940674,2.5360000133514404
2014-05-20,6.227499961853027,6.848209857940674,2.509000062942505
2014-05-21,6.228099822998047,6.848209857940674,2.5369999408721924
2014-05-22,6.223800182342529,6.848209857940674,2.555000066757202
2014-05-23,6.225100040435791,6.848209857940674,2.5360000133514404
2014-05-26,6.226600170135498,6.848209857940674,
2014-05-27,6.229499816894531,6.848209857940674,2.5179998874664307
2014-05-28,6.239099979400635,6.848209857940674,2.437999963760376
2014-05-29,6.24399995803833,6.848209857940674,2.447000026702881
2014-05-30,6.228000164031982,6.848209857940674,2.4570000171661377
2014-06-02,6.2378997802734375,6.848209857940674,2.5339999198913574
2014-06-03,6.2378997802734375,6.848209857940674,2.5929999351501465
2014-06-04,6.24459981918335,6.848209857940674,2.6059999465942383
2014-06-05,6.2403998374938965,6.848209857940674,2.5840001106262207
2014-06-06,6.246799945831299,6.848209857940674,2.5969998836517334
2014-06-09,6.240499973297119,6.848209857940674,2.61299991607666
2014-06-10,6.230299949645996,6.848209857940674,2.634999990463257
2014-06-11,6.2144999504089355,6.848209857940674,2.640000104904175
2014-06-12,6.218100070953369,6.848209857940674,2.5859999656677246
2014-06-13,6.208499908447266,6.848209857940674,2.6040000915527344
2014-06-16,6.19950008392334,6.848209857940674,2.5969998836517334
2014-06-17,6.2170000076293945,6.848209857940674,2.6549999713897705
2014-06-18,6.216800212860107,6.848209857940674,2.61299991607666
2014-06-19,6.221399784088135,6.848209857940674,2.621999979019165
2014-06-20,6.219200134277344,6.848209857940674,2.624000072479248
2014-06-23,6.2144999504089355,6.848209857940674,2.622999906539917
2014-06-24,6.2154998779296875,6.848209857940674,2.5859999656677246
2014-06-25,6.221099853515625,6.848209857940674,2.559000015258789
2014-06-26,6.224400043487549,6.848209857940674,2.5250000953674316
2014-06-27,6.214000225067139,6.848209857940674,2.5320000648498535
2014-06-30,6.208499908447266,6.848209857940674,2.5160000324249268
2014-07-01,6.19379997253418,6.848209857940674,2.562999963760376
2014-07-02,6.190000057220459,6.848209857940674,2.628000020980835
2014-07-03,6.2006001472473145,6.848209857940674,2.6480000019073486
2014-07-04,6.202000141143799,6.848209857940674,
2014-07-07,6.1940999031066895,6.848209857940674,2.617000102996826
2014-07-08,6.19379997253418,6.848209857940674,2.565000057220459
2014-07-09,6.191500186920166,6.848209857940674,2.546999931335449
2014-07-10,6.189899921417236,6.848209857940674,2.5320000648498535
2014-07-11,6.192800045013428,6.848209857940674,2.5199999809265137
2014-07-14,6.193600177764893,6.848209857940674,2.5490000247955322
2014-07-15,6.196100234985352,6.848209857940674,2.5490000247955322
2014-07-16,6.197999954223633,6.848209857940674,2.5380001068115234
2014-07-17,6.193999767303467,6.848209857940674,2.4749999046325684
2014-07-18,6.19379997253418,6.848209857940674,2.4839999675750732
2014-07-21,6.197999954223633,6.848209857940674,2.4739999771118164
2014-07-22,6.1992998123168945,6.848209857940674,2.4660000801086426
2014-07-23,6.192999839782715,6.848209857940674,2.4639999866485596
2014-07-24,6.188799858093262,6.848209857940674,2.509000062942505
2014-07-25,6.184700012207031,6.848209857940674,2.4690001010894775
2014-07-28,6.181700229644775,6.848209857940674,2.490999937057495
2014-07-29,6.177499771118164,6.848209857940674,2.4619998931884766
2014-07-30,6.170499801635742,6.848209857940674,2.553999900817871
2014-07-31,6.161499977111816,6.848209857940674,2.555999994277954
2014-08-01,6.164000034332275,6.848209857940674,2.505000114440918
2014-08-04,6.1697998046875,6.848209857940674,2.490999937057495
2014-08-05,6.168499946594238,6.848209857940674,2.4830000400543213
2014-08-06,6.160699844360352,6.848209857940674,2.4739999771118164
2014-08-07,6.1529998779296875,6.848209857940674,2.4240000247955322
2014-08-08,6.152100086212158,6.848209857940674,2.4149999618530273
2014-08-11,6.146200180053711,6.848209857940674,2.4200000762939453
2014-08-12,6.143499851226807,6.848209857940674,2.441999912261963
2014-08-13,6.1479997634887695,6.848209857940674,2.4130001068115234
2014-08-14,6.143599987030029,6.848209857940674,2.4000000953674316
2014-08-15,6.142499923706055,6.848209857940674,2.3450000286102295
2014-08-18,6.13730001449585,6.848209857940674,2.38700008392334
2014-08-19,6.132999897003174,6.848209857940674,2.4049999713897705
2014-08-20,6.13129997253418,6.848209857940674,2.4260001182556152
2014-08-21,6.130000114440918,6.848209857940674,2.4070000648498535
2014-08-22,6.141499996185303,6.848209857940674,2.4030001163482666
2014-08-25,6.141499996185303,6.848209857940674,2.38700008392334
2014-08-26,6.144400119781494,6.848209857940674,2.3910000324249268
2014-08-27,6.142600059509277,6.848209857940674,2.3610000610351562
2014-08-28,6.133299827575684,6.848209857940674,2.3340001106262207
2014-08-29,6.132800102233887,6.848209857940674,2.3429999351501465
2014-09-01,6.133399963378906,6.848209857940674,
2014-09-02,6.131999969482422,6.848209857940674,2.4189999103546143
2014-09-03,6.138299942016602,6.848209857940674,2.4100000858306885
2014-09-04,6.131100177764893,6.848209857940674,2.447999954223633
2014-09-05,6.128600120544434,6.848209857940674,2.4609999656677246
2014-09-08,6.130499839782715,6.848209857940674,2.4690001010894775
2014-09-09,6.130499839782715,6.848209857940674,2.5
2014-09-10,6.126500129699707,6.848209857940674,2.5339999198913574
2014-09-11,6.1194000244140625,6.848209857940674,2.5309998989105225
2014-09-12,6.119999885559082,6.848209857940674,2.614000082015991
2014-09-15,6.12470006942749,6.848209857940674,2.5910000801086426
2014-09-16,6.131999969482422,6.848209857940674,2.5889999866485596
2014-09-17,6.136099815368652,6.848209857940674,2.5999999046325684
2014-09-18,6.129000186920166,6.848209857940674,2.628999948501587
2014-09-19,6.130499839782715,6.848209857940674,2.5869998931884766
2014-09-22,6.131100177764893,6.848209857940674,2.565999984741211
2014-09-23,6.130499839782715,6.848209857940674,2.5350000858306885
2014-09-24,6.127799987792969,6.848209857940674,2.569000005722046
2014-09-25,6.1265997886657715,6.848209857940674,2.510999917984009
2014-09-26,6.125999927520752,6.848209857940674,2.5350000858306885
2014-09-29,6.117099761962891,6.848209857940674,2.490999937057495
2014-09-30,6.139999866485596,6.848209857940674,2.507999897003174
2014-10-01,6.128499984741211,6.848209857940674,2.4030001163482666
2014-10-02,6.128499984741211,6.848209857940674,2.437999963760376
2014-10-03,6.128499984741211,6.848209857940674,2.447000026702881
2014-10-06,6.129000186920166,6.848209857940674,2.424999952316284
2014-10-07,6.129000186920166,6.848209857940674,2.3499999046325684
2014-10-08,6.129000186920166,6.848209857940674,2.3299999237060547
2014-10-09,6.129000186920166,6.848209857940674,2.3269999027252197
2014-10-10,6.120200157165527,6.848209857940674,2.306999921798706
2014-10-13,6.121099948883057,6.848209857940674,2.2860000133514404
2014-10-14,6.115499973297119,6.848209857940674,2.2060000896453857
2014-10-15,6.115499973297119,6.848209857940674,2.0899999141693115
2014-10-16,6.115900039672852,6.848209857940674,2.1530001163482666
2014-10-17,6.11329984664917,6.848209857940674,2.1989998817443848
2014-10-20,6.113999843597412,6.848209857940674,2.180999994277954
2014-10-21,6.11359977722168,6.848209857940674,2.2079999446868896
2014-10-22,6.111000061035156,6.848209857940674,2.2290000915527344
2014-10-23,6.10830020904541,6.848209857940674,2.2750000953674316
2014-10-24,6.109499931335449,6.848209857940674,2.2730000019073486
2014-10-27,6.107100009918213,6.848209857940674,2.256999969482422
2014-10-28,6.106500148773193,6.848209857940674,2.2839999198913574
2014-10-29,6.103300094604492,6.848209857940674,2.322999954223633
2014-10-30,6.101200103759766,6.848209857940674,2.305000066757202
2014-10-31,6.104499816894531,6.848209857940674,2.3350000381469727
2014-11-03,6.102700233459473,6.848209857940674,2.3480000495910645
2014-11-04,6.10830020904541,6.848209857940674,2.3420000076293945
2014-11-05,6.105299949645996,6.848209857940674,2.3499999046325684
2014-11-06,6.104000091552734,6.848209857940674,2.375
2014-11-07,6.1020002365112305,6.848209857940674,2.312000036239624
2014-11-10,6.112800121307373,6.848209857940674,2.3589999675750732
2014-11-11,6.109499931335449,6.848209857940674,2.359999895095825
2014-11-12,6.114500045776367,6.848209857940674,2.3589999675750732
2014-11-13,6.116199970245361,6.848209857940674,2.3469998836517334
2014-11-14,6.114799976348877,6.848209857940674,2.319999933242798
2014-11-17,6.119500160217285,6.848209857940674,2.3399999141693115
2014-11-18,6.114299774169922,6.848209857940674,2.322000026702881
2014-11-19,6.111299991607666,6.848209857940674,2.3510000705718994
2014-11-20,6.109499931335449,6.848209857940674,2.3350000381469727
2014-11-21,6.113500118255615,6.848209857940674,2.315000057220459
2014-11-24,6.1149001121521,6.848209857940674,2.309999942779541
2014-11-25,6.131700038909912,6.848209857940674,2.259999990463257
2014-11-26,6.126500129699707,6.848209857940674,2.2339999675750732
2014-11-27,6.1290998458862305,6.848209857940674,
2014-11-28,6.1290998458862305,6.848209857940674,2.194000005722046
2014-12-01,6.133200168609619,6.848209857940674,2.2179999351501465
2014-12-02,6.142000198364258,6.848209857940674,2.2850000858306885
2014-12-03,6.139500141143799,6.848209857940674,2.2869999408721924
2014-12-04,6.140200138092041,6.848209857940674,2.256999969482422
2014-12-05,6.144599914550781,6.848209857940674,2.306999921798706
2014-12-08,6.140200138092041,6.848209857940674,2.256999969482422
2014-12-09,6.163000106811523,6.848209857940674,2.2200000286102295
2014-12-10,6.177800178527832,6.848209857940674,2.1689999103546143
2014-12-11,6.166600227355957,6.848209857940674,2.177999973297119
2014-12-12,6.178599834442139,6.848209857940674,2.1029999256134033
2014-12-15,6.1768999099731445,6.848209857940674,2.115999937057495
2014-12-16,6.180500030517578,6.848209857940674,2.071000099182129
2014-12-17,6.179500102996826,6.848209857940674,2.1480000019073486
2014-12-18,6.186999797821045,6.848209857940674,2.2039999961853027
2014-12-19,6.204500198364258,6.848209857940674,2.1760001182556152
2014-12-22,6.20989990234375,6.848209857940674,2.1619999408721924
2014-12-23,6.211599826812744,6.848209857940674,2.256999969482422
2014-12-24,6.21589994430542,6.848209857940674,2.2639999389648438
2014-12-25,6.2052998542785645,6.848209857940674,
2014-12-26,6.2052998542785645,6.848209857940674,2.25
2014-12-29,6.2052998542785645,6.848209857940674,2.2070000171661377
2014-12-30,6.212500095367432,6.848209857940674,2.190000057220459
2014-12-31,6.191999912261963,6.848209857940674,2.1700000762939453
2015-01-01,6.196100234985352,6.848209857940674,
2015-01-02,6.196100234985352,6.848209857940674,2.122999906539917
2015-01-05,6.196100234985352,6.848209857940674,2.0390000343322754
2015-01-06,6.208399772644043,6.848209857940674,1.9630000591278076
2015-01-07,6.202000141143799,6.848209857940674,1.9539999961853027
2015-01-08,6.203999996185303,6.848209857940674,2.0160000324249268
2015-01-09,6.203499794006348,6.848209857940674,1.9709999561309814
2015-01-12,6.200300216674805,6.848209857940674,1.9119999408721924
2015-01-13,6.193399906158447,6.848209857940674,1.8899999856948853
2015-01-14,6.187600135803223,6.848209857940674,1.8370000123977661
2015-01-15,6.184000015258789,6.848209857940674,1.774999976158142
2015-01-16,6.177499771118164,6.848209857940674,1.815000057220459
2015-01-19,6.197000026702881,6.848209857940674,
2015-01-20,6.208000183105469,6.848209857940674,1.8070000410079956
2015-01-21,6.204899787902832,6.848209857940674,1.8530000448226929
2015-01-22,6.201700210571289,6.848209857940674,1.8960000276565552
2015-01-23,6.198999881744385,6.848209857940674,1.8170000314712524
2015-01-26,6.217899799346924,6.848209857940674,1.8279999494552612
2015-01-27,6.245800018310547,6.848209857940674,1.8250000476837158
2015-01-28,6.235099792480469,6.848209857940674,1.7239999771118164
2015-01-29,6.236499786376953,6.848209857940674,1.7510000467300415
2015-01-30,6.236599922180176,6.848209857940674,1.6749999523162842
2015-02-02,6.241000175476074,6.848209857940674,1.6729999780654907
2015-02-03,6.249499797821045,6.848209857940674,1.7799999713897705
2015-02-04,6.245699882507324,6.848209857940674,1.7970000505447388
2015-02-05,6.23769998550415,6.848209857940674,1.815000057220459
2015-02-06,6.242099761962891,6.848209857940674,1.937999963760376
2015-02-09,6.233399868011475,6.848209857940674,1.9479999542236328
2015-02-10,6.238800048828125,6.848209857940674,1.9910000562667847
2015-02-11,6.231800079345703,6.848209857940674,1.9880000352859497
2015-02-12,6.2322998046875,6.848209857940674,1.9859999418258667
2015-02-13,6.234499931335449,6.848209857940674,2.0209999084472656
2015-02-16,6.230299949645996,6.848209857940674,
2015-02-17,6.23859977722168,6.848209857940674,2.1449999809265137
2015-02-18,6.244100093841553,6.848209857940674,2.065999984741211
2015-02-19,6.244100093841553,6.848209857940674,2.11299991607666
2015-02-20,6.244100093841553,6.848209857940674,2.132999897003174
2015-02-23,6.244100093841553,6.848209857940674,2.059000015258789
2015-02-24,6.245100021362305,6.848209857940674,1.9880000352859497
2015-02-25,6.245100021362305,6.848209857940674,1.968999981880188
2015-02-26,6.249499797821045,6.848209857940674,2.0160000324249268
2015-02-27,6.249499797821045,6.848209857940674,2.002000093460083
2015-03-02,6.258600234985352,6.848209857940674,2.0840001106262207
2015-03-03,6.263700008392334,6.848209857940674,2.121999979019165
2015-03-04,6.263700008392334,6.848209857940674,2.122999906539917
2015-03-05,6.2606000900268555,6.848209857940674,2.111999988555908
2015-03-06,6.257400035858154,6.848209857940674,2.240000009536743
2015-03-09,6.253799915313721,6.848209857940674,2.194999933242798
2015-03-10,6.255000114440918,6.848209857940674,2.125999927520752
2015-03-11,6.251999855041504,6.848209857940674,2.1089999675750732
2015-03-12,6.251999855041504,6.848209857940674,2.0959999561309814
2015-03-13,6.251999855041504,6.848209857940674,2.111999988555908
2015-03-16,6.248700141906738,6.848209857940674,2.0980000495910645
2015-03-17,6.251800060272217,6.848209857940674,2.058000087738037
2015-03-18,6.239500045776367,6.848209857940674,1.9509999752044678
2015-03-19,6.218699932098389,6.848209857940674,1.9769999980926514
2015-03-20,6.185999870300293,6.848209857940674,1.9299999475479126
2015-03-23,6.196000099182129,6.848209857940674,1.9149999618530273
2015-03-24,6.204999923706055,6.848209857940674,1.878000020980835
2015-03-25,6.195300102233887,6.848209857940674,1.9199999570846558
2015-03-26,6.201000213623047,6.848209857940674,2.006999969482422
2015-03-27,6.201399803161621,6.848209857940674,1.9479999542236328
2015-03-30,6.2052001953125,6.848209857940674,1.9630000591278076
2015-03-31,6.196499824523926,6.848209857940674,1.934000015258789
2015-04-01,6.1875,6.848209857940674,1.8680000305175781
2015-04-02,6.187099933624268,6.848209857940674,1.9040000438690186
2015-04-03,6.186999797821045,6.848209857940674,
2015-04-06,6.186999797821045,6.848209857940674,1.9040000438690186
2015-04-07,6.186999797821045,6.848209857940674,1.8930000066757202
2015-04-08,6.188199996948242,6.848209857940674,1.8949999809265137
2015-04-09,6.191400051116943,6.848209857940674,1.9579999446868896
2015-04-10,6.194699764251709,6.848209857940674,1.9509999752044678
2015-04-13,6.199100017547607,6.848209857940674,1.9390000104904175
2015-04-14,6.204699993133545,6.848209857940674,1.9040000438690186
2015-04-15,6.202099800109863,6.848209857940674,1.899999976158142
2015-04-16,6.193699836730957,6.848209857940674,1.878000020980835
2015-04-17,6.1869001388549805,6.848209857940674,1.850000023841858
2015-04-20,6.186600208282471,6.848209857940674,1.8949999809265137
2015-04-21,6.19189977645874,6.848209857940674,1.9160000085830688
2015-04-22,6.19189977645874,6.848209857940674,1.972000002861023
2015-04-23,6.185699939727783,6.848209857940674,1.9470000267028809
2015-04-24,6.188700199127197,6.848209857940674,1.9170000553131104
2015-04-27,6.184800148010254,6.848209857940674,1.9240000247955322
2015-04-28,6.209000110626221,6.848209857940674,1.9730000495910645
2015-04-29,6.196499824523926,6.848209857940674,2.0350000858306885
2015-04-30,6.190199851989746,6.848209857940674,2.0460000038146973
2015-05-01,6.190999984741211,6.848209857940674,2.117000102996826
2015-05-04,6.190999984741211,6.848209857940674,2.134999990463257
2015-05-05,6.198400020599365,6.848209857940674,2.1760001182556152
2015-05-06,6.195199966430664,6.848209857940674,2.240000009536743
2015-05-07,6.189000129699707,6.848209857940674,2.184000015258789
2015-05-08,6.197999954223633,6.848209857940674,2.1500000953674316
2015-05-11,6.197999954223633,6.848209857940674,2.2739999294281006
2015-05-12,6.19920015335083,6.848209857940674,2.259999990463257
2015-05-13,6.19890022277832,6.848209857940674,2.2820000648498535
2015-05-14,6.1946001052856445,6.848209857940674,2.239000082015991
2015-05-15,6.1915998458862305,6.848209857940674,2.1410000324249268
2015-05-18,6.196100234985352,6.848209857940674,2.2279999256134033
2015-05-19,6.194300174713135,6.848209857940674,2.26200008392334
2015-05-20,6.196700096130371,6.848209857940674,2.250999927520752
2015-05-21,6.193699836730957,6.848209857940674,2.184999942779541
2015-05-22,6.186800003051758,6.848209857940674,2.2149999141693115
2015-05-25,6.187399864196777,6.848209857940674,
2015-05-26,6.191999912261963,6.848209857940674,2.13700008392334
2015-05-27,6.193900108337402,6.848209857940674,2.134999990463257
2015-05-28,6.191299915313721,6.848209857940674,2.130000114440918
2015-05-29,6.191199779510498,6.848209857940674,2.0950000286102295
2015-06-01,6.188300132751465,6.848209857940674,2.191999912261963
2015-06-02,6.189499855041504,6.848209857940674,2.2660000324249268
2015-06-03,6.188199996948242,6.848209857940674,2.365999937057495
2015-06-04,6.18779993057251,6.848209857940674,2.306999921798706
2015-06-05,6.191100120544434,6.848209857940674,2.4019999504089355
2015-06-08,6.193399906158447,6.848209857940674,2.38100004196167
2015-06-09,6.1956000328063965,6.848209857940674,2.4170000553131104
2015-06-10,6.195700168609619,6.848209857940674,2.4779999256134033
2015-06-11,6.195799827575684,6.848209857940674,2.382999897003174
2015-06-12,6.196599960327148,6.848209857940674,2.384999990463257
2015-06-15,6.198299884796143,6.848209857940674,2.3580000400543213
2015-06-16,6.198999881744385,6.848209857940674,2.318000078201294
2015-06-17,6.198599815368652,6.848209857940674,2.305999994277954
2015-06-18,6.1996002197265625,6.848209857940674,2.3510000705718994
2015-06-19,6.19789981842041,6.848209857940674,2.2669999599456787
2015-06-22,6.19950008392334,6.848209857940674,2.359999895095825
2015-06-23,6.19950008392334,6.848209857940674,2.4089999198913574
2015-06-24,6.196800231933594,6.848209857940674,2.371000051498413
2015-06-25,6.1971001625061035,6.848209857940674,2.3929998874664307
2015-06-26,6.199399948120117,6.848209857940674,2.4760000705718994
2015-06-29,6.198999881744385,6.848209857940674,2.3310000896453857
2015-06-30,6.198800086975098,6.848209857940674,2.3350000381469727
2015-07-01,6.190999984741211,6.848209857940674,2.4179999828338623
2015-07-02,6.191500186920166,6.848209857940674,2.3929998874664307
2015-07-03,6.194699764251709,6.848209857940674,
2015-07-06,6.195700168609619,6.848209857940674,2.2780001163482666
2015-07-07,6.19920015335083,6.848209857940674,2.2309999465942383
2015-07-08,6.199999809265137,6.848209857940674,2.2060000896453857
2015-07-09,6.198999881744385,6.848209857940674,2.3010001182556152
2015-07-10,6.198800086975098,6.848209857940674,2.4170000553131104
2015-07-13,6.1992998123168945,6.848209857940674,2.430000066757202
2015-07-14,6.198400020599365,6.848209857940674,2.3989999294281006
2015-07-15,6.19890022277832,6.848209857940674,2.3499999046325684
2015-07-16,6.19920015335083,6.848209857940674,2.3519999980926514
2015-07-17,6.19950008392334,6.848209857940674,2.3489999771118164
2015-07-20,6.19950008392334,6.848209857940674,2.371999979019165
2015-07-21,6.19980001449585,6.848209857940674,2.3399999141693115
2015-07-22,6.1996002197265625,6.848209857940674,2.322000026702881
2015-07-23,6.199399948120117,6.848209857940674,2.2769999504089355
2015-07-24,6.19950008392334,6.848209857940674,2.2709999084472656
2015-07-27,6.1996002197265625,6.848209857940674,2.2279999256134033
2015-07-28,6.19950008392334,6.848209857940674,2.25
2015-07-29,6.199399948120117,6.848209857940674,2.2790000438690186
2015-07-30,6.198999881744385,6.848209857940674,2.2679998874664307
2015-07-31,6.199699878692627,6.848209857940674,2.2049999237060547
2015-08-03,6.19980001449585,6.848209857940674,2.1500000953674316
2015-08-04,6.199699878692627,6.848209857940674,2.2109999656677246
2015-08-05,6.1996002197265625,6.848209857940674,2.2679998874664307
2015-08-06,6.199699878692627,6.848209857940674,2.2339999675750732
2015-08-07,6.199699878692627,6.848209857940674,2.174999952316284
2015-08-10,6.199699878692627,6.848209857940674,2.23799991607666
2015-08-11,6.199699878692627,6.848209857940674,2.13700008392334
2015-08-12,6.314899921417236,6.848209857940674,2.130000114440918
2015-08-13,6.376999855041504,6.848209857940674,2.188999891281128
2015-08-14,6.388899803161621,6.848209857940674,2.196000099182129
2015-08-17,6.381800174713135,6.848209857940674,2.1500000953674316
2015-08-18,6.384699821472168,6.848209857940674,2.196000099182129
2015-08-19,6.383800029754639,6.848209857940674,2.128999948501587
2015-08-20,6.385799884796143,6.848209857940674,2.0840001106262207
2015-08-21,6.379000186920166,6.848209857940674,2.053999900817871
2015-08-24,6.378900051116943,6.848209857940674,1.996999979019165
2015-08-25,6.394400119781494,6.848209857940674,2.132999897003174
2015-08-26,6.402900218963623,6.848209857940674,2.171999931335449
2015-08-27,6.401000022888184,6.848209857940674,2.1679999828338623
2015-08-28,6.395299911499023,6.848209857940674,2.186000108718872
2015-08-31,6.378499984741211,6.848209857940674,2.200000047683716
2015-09-01,6.366399765014648,6.848209857940674,2.171999931335449
2015-09-02,6.354499816894531,6.848209857940674,2.193000078201294
2015-09-03,6.345900058746338,6.848209857940674,2.1679999828338623
2015-09-04,6.345900058746338,6.848209857940674,2.128000020980835
2015-09-07,6.345900058746338,6.848209857940674,
2015-09-08,6.355899810791016,6.848209857940674,2.194000005722046
2015-09-09,6.3572001457214355,6.848209857940674,2.180999994277954
2015-09-10,6.367800235748291,6.848209857940674,2.2219998836517334
2015-09-11,6.367199897766113,6.848209857940674,2.183000087738037
2015-09-14,6.364999771118164,6.848209857940674,2.180000066757202
2015-09-15,6.357900142669678,6.848209857940674,2.2809998989105225
2015-09-16,6.360000133514404,6.848209857940674,2.302999973297119
2015-09-17,6.360899925231934,6.848209857940674,2.2170000076293945
2015-09-18,6.355999946594238,6.848209857940674,2.130000114440918
2015-09-21,6.354300022125244,6.848209857940674,2.2139999866485596
2015-09-22,6.359099864959717,6.848209857940674,2.125
2015-09-23,6.366000175476074,6.848209857940674,2.1440000534057617
2015-09-24,6.373700141906738,6.848209857940674,2.119999885559082
2015-09-25,6.373300075531006,6.848209857940674,2.1679999828338623
2015-09-28,6.364099979400635,6.848209857940674,2.0950000286102295
2015-09-29,6.358799934387207,6.848209857940674,2.053999900817871
2015-09-30,6.353600025177002,6.848209857940674,2.059999942779541
2015-10-01,6.347099781036377,6.848209857940674,2.0420000553131104
2015-10-02,6.346099853515625,6.848209857940674,1.9889999628067017
2015-10-05,6.346099853515625,6.848209857940674,2.055999994277954
2015-10-06,6.346099853515625,6.848209857940674,2.0350000858306885
2015-10-07,6.346099853515625,6.848209857940674,2.062000036239624
2015-10-08,6.346099853515625,6.848209857940674,2.1080000400543213
2015-10-09,6.343500137329102,6.848209857940674,2.0989999771118164
2015-10-12,6.335299968719482,6.848209857940674,2.0899999141693115
2015-10-13,6.313000202178955,6.848209857940674,2.055000066757202
2015-10-14,6.332300186157227,6.848209857940674,1.9809999465942383
2015-10-15,6.337699890136719,6.848209857940674,2.0230000019073486
2015-10-16,6.33620023727417,6.848209857940674,2.0230000019073486
2015-10-19,6.342599868774414,6.848209857940674,2.0280001163482666
2015-10-20,6.350100040435791,6.848209857940674,2.071000099182129
2015-10-21,6.338399887084961,6.848209857940674,2.0299999713897705
2015-10-22,6.339300155639648,6.848209857940674,2.0250000953674316
2015-10-23,6.3480000495910645,6.848209857940674,2.0829999446868896
2015-10-26,6.339099884033203,6.848209857940674,2.058000087738037
2015-10-27,6.343200206756592,6.848209857940674,2.0280001163482666
2015-10-28,6.343200206756592,6.848209857940674,2.0920000076293945
2015-10-29,6.349299907684326,6.848209857940674,2.1730000972747803
2015-10-30,6.346700191497803,6.848209857940674,2.1510000228881836
2015-11-02,6.30810022354126,6.848209857940674,2.187000036239624
2015-11-03,6.327400207519531,6.848209857940674,2.2200000286102295
2015-11-04,6.326099872589111,6.848209857940674,2.2300000190734863
2015-11-05,6.325900077819824,6.848209857940674,2.244999885559082
2015-11-06,6.33620023727417,6.848209857940674,2.3329999446868896
2015-11-09,6.343100070953369,6.848209857940674,2.3420000076293945
2015-11-10,6.352200031280518,6.848209857940674,2.322000026702881
2015-11-11,6.351799964904785,6.848209857940674,2.3380000591278076
2015-11-12,6.357500076293945,6.848209857940674,2.319000005722046
2015-11-13,6.359300136566162,6.848209857940674,2.2799999713897705
2015-11-16,6.363800048828125,6.848209857940674,2.2730000019073486
2015-11-17,6.361199855804443,6.848209857940674,2.260999917984009
2015-11-18,6.368599891662598,6.848209857940674,2.2690000534057617
2015-11-19,6.374899864196777,6.848209857940674,2.247999906539917
2015-11-20,6.373000144958496,6.848209857940674,2.26200008392334
2015-11-23,6.375,6.848209857940674,2.25
2015-11-24,6.379300117492676,6.848209857940674,2.243000030517578
2015-11-25,6.379799842834473,6.848209857940674,2.2320001125335693
2015-11-26,6.379199981689453,6.848209857940674,
2015-11-27,6.3796000480651855,6.848209857940674,2.2249999046325684
2015-11-30,6.385000228881836,6.848209857940674,2.2179999351501465
2015-12-01,6.388199806213379,6.848209857940674,2.1549999713897705
2015-12-02,6.388800144195557,6.848209857940674,2.177999973297119
2015-12-03,6.388800144195557,6.848209857940674,2.3299999237060547
2015-12-04,6.387499809265137,6.848209857940674,2.2750000953674316
2015-12-07,6.39109992980957,6.848209857940674,2.2249999046325684
2015-12-08,6.398200035095215,6.848209857940674,2.23799991607666
2015-12-09,6.407199859619141,6.848209857940674,2.2079999446868896
2015-12-10,6.418000221252441,6.848209857940674,2.239000082015991
2015-12-11,6.427800178527832,6.848209857940674,2.1389999389648438
2015-12-14,6.445300102233887,6.848209857940674,2.2249999046325684
2015-12-15,6.448999881744385,6.848209857940674,2.2679998874664307
2015-12-16,6.451000213623047,6.848209857940674,2.2869999408721924
2015-12-17,6.4633002281188965,6.848209857940674,2.23799991607666
2015-12-18,6.473700046539307,6.848209857940674,2.1989998817443848
2015-12-21,6.471499919891357,6.848209857940674,2.197000026702881
2015-12-22,6.470799922943115,6.848209857940674,2.239000082015991
2015-12-23,6.468800067901611,6.848209857940674,2.2639999389648438
2015-12-24,6.467800140380859,6.848209857940674,2.243000030517578
2015-12-25,6.467299938201904,6.848209857940674,
2015-12-28,6.467299938201904,6.848209857940674,2.2249999046325684
2015-12-29,6.478700160980225,6.848209857940674,2.306999921798706
2015-12-30,6.474800109863281,6.848209857940674,2.302999973297119
2015-12-31,6.481200218200684,6.848209857940674,2.2690000534057617
2016-01-01,6.483699798583984,6.848209857940674,
2016-01-04,6.483699798583984,6.848209857940674,2.244999885559082
2016-01-05,6.525400161743164,6.848209857940674,2.247999906539917
2016-01-06,6.512499809265137,6.848209857940674,2.177000045776367
2016-01-07,6.5467000007629395,6.848209857940674,2.1530001163482666
2016-01-08,6.582900047302246,6.848209857940674,2.130000114440918
2016-01-11,6.58650016784668,6.848209857940674,2.1579999923706055
2016-01-12,6.559500217437744,6.848209857940674,2.1019999980926514
2016-01-13,6.5625,6.848209857940674,2.065999984741211
2016-01-14,6.565400123596191,6.848209857940674,2.0980000495910645
2016-01-15,6.5802001953125,6.848209857940674,2.0329999923706055
2016-01-18,6.574900150299072,6.848209857940674,
2016-01-19,6.568900108337402,6.848209857940674,2.0350000858306885
2016-01-20,6.568600177764893,6.848209857940674,1.9839999675750732
2016-01-21,6.568399906158447,6.848209857940674,2.0190000534057617
2016-01-22,6.570000171661377,6.848209857940674,2.0480000972747803
2016-01-25,6.5690999031066895,6.848209857940674,2.0220000743865967
2016-01-26,6.569399833679199,6.848209857940674,1.99399995803833
2016-01-27,6.572500228881836,6.848209857940674,2.000999927520752
2016-01-28,6.567800045013428,6.848209857940674,1.9850000143051147
2016-01-29,6.565199851989746,6.848209857940674,1.930999994277954
2016-02-01,6.566100120544434,6.848209857940674,1.965999960899353
2016-02-02,6.568399906158447,6.848209857940674,1.8639999628067017
2016-02-03,6.569799900054932,6.848209857940674,1.88100004196167
2016-02-04,6.566999912261963,6.848209857940674,1.8639999628067017
2016-02-05,6.554800033569336,6.848209857940674,1.8480000495910645
2016-02-08,6.563899993896484,6.848209857940674,1.7350000143051147
2016-02-09,6.563899993896484,6.848209857940674,1.7289999723434448
2016-02-10,6.563899993896484,6.848209857940674,1.7050000429153442
2016-02-11,6.563899993896484,6.848209857940674,1.6440000534057617
2016-02-12,6.563899993896484,6.848209857940674,1.7480000257492065
2016-02-15,6.563899993896484,6.848209857940674,
2016-02-16,6.486199855804443,6.848209857940674,1.777999997138977
2016-02-17,6.506899833679199,6.848209857940674,1.819000005722046
2016-02-18,6.5183000564575195,6.848209857940674,1.7589999437332153
2016-02-19,6.508800029754639,6.848209857940674,1.7480000257492065
2016-02-22,6.512400150299072,6.848209857940674,1.7660000324249268
2016-02-23,6.5117998123168945,6.848209857940674,1.7450000047683716
2016-02-24,6.517099857330322,6.848209857940674,1.7419999837875366
2016-02-25,6.521699905395508,6.848209857940674,1.6970000267028809
2016-02-26,6.523499965667725,6.848209857940674,1.7619999647140503
2016-02-29,6.530399799346924,6.848209857940674,1.7400000095367432
2016-03-01,6.544000148773193,6.848209857940674,1.8339999914169312
2016-03-02,6.542099952697754,6.848209857940674,1.8480000495910645
2016-03-03,6.540999889373779,6.848209857940674,1.8300000429153442
2016-03-04,6.521500110626221,6.848209857940674,1.8830000162124634
2016-03-07,6.4980998039245605,6.848209857940674,1.9019999504089355
2016-03-08,6.506800174713135,6.848209857940674,1.8320000171661377
2016-03-09,6.494699954986572,6.848209857940674,1.8919999599456787
2016-03-10,6.502999782562256,6.848209857940674,1.9290000200271606
2016-03-11,6.498600006103516,6.848209857940674,1.9769999980926514
2016-03-14,6.485300064086914,6.848209857940674,1.9630000591278076
2016-03-15,6.489999771118164,6.848209857940674,1.9589999914169312
2016-03-16,6.504499912261963,6.848209857940674,1.937999963760376
2016-03-17,6.51200008392334,6.848209857940674,1.902999997138977
2016-03-18,6.465000152587891,6.848209857940674,1.871000051498413
2016-03-21,6.461599826812744,6.848209857940674,1.9229999780654907
2016-03-22,6.474599838256836,6.848209857940674,1.934999942779541
2016-03-23,6.480100154876709,6.848209857940674,1.875
2016-03-24,6.496300220489502,6.848209857940674,1.899999976158142
2016-03-25,6.504700183868408,6.848209857940674,
2016-03-28,6.526500225067139,6.848209857940674,1.8700000047683716
2016-03-29,6.500999927520752,6.848209857940674,1.8140000104904175
2016-03-30,6.504899978637695,6.848209857940674,1.8300000429153442
2016-03-31,6.455100059509277,6.848209857940674,1.7860000133514404
2016-04-01,6.439000129699707,6.848209857940674,1.7920000553131104
2016-04-04,6.468599796295166,6.848209857940674,1.7790000438690186
2016-04-05,6.468599796295166,6.848209857940674,1.7269999980926514
2016-04-06,6.467299938201904,6.848209857940674,1.7549999952316284
2016-04-07,6.470900058746338,6.848209857940674,1.690999984741211
2016-04-08,6.453000068664551,6.848209857940674,1.7200000286102295
2016-04-11,6.4558000564575195,6.848209857940674,1.7239999771118164
2016-04-12,6.44950008392334,6.848209857940674,1.781000018119812
2016-04-13,6.455599784851074,6.848209857940674,1.7619999647140503
2016-04-14,6.468400001525879,6.848209857940674,1.781000018119812
2016-04-15,6.472599983215332,6.848209857940674,1.7519999742507935
2016-04-18,6.46560001373291,6.848209857940674,1.7730000019073486
2016-04-19,6.465199947357178,6.848209857940674,1.7829999923706055
2016-04-20,6.4481000900268555,6.848209857940674,1.8539999723434448
2016-04-21,6.4608001708984375,6.848209857940674,1.8700000047683716
2016-04-22,6.47189998626709,6.848209857940674,1.8880000114440918
2016-04-25,6.491000175476074,6.848209857940674,1.9019999504089355
2016-04-26,6.482999801635742,6.848209857940674,1.930999994277954
2016-04-27,6.483500003814697,6.848209857940674,1.8600000143051147
2016-04-28,6.485000133514404,6.848209857940674,1.8380000591278076
2016-04-29,6.46589994430542,6.848209857940674,1.819000005722046
2016-05-02,6.464099884033203,6.848209857940674,1.8650000095367432
2016-05-03,6.464099884033203,6.848209857940674,1.7999999523162842
2016-05-04,6.481800079345703,6.848209857940674,1.784000039100647
2016-05-05,6.484799861907959,6.848209857940674,1.746999979019165
2016-05-06,6.493500232696533,6.848209857940674,1.7790000438690186
2016-05-09,6.490200042724609,6.848209857940674,1.7599999904632568
2016-05-10,6.506899833679199,6.848209857940674,1.7599999904632568
2016-05-11,6.508299827575684,6.848209857940674,1.7369999885559082
2016-05-12,6.48199987411499,6.848209857940674,1.7569999694824219
2016-05-13,6.506800174713135,6.848209857940674,1.7050000429153442
2016-05-16,6.521999835968018,6.848209857940674,1.753000020980835
2016-05-17,6.521299839019775,6.848209857940674,1.7589999437332153
2016-05-18,6.518599987030029,6.848209857940674,1.8799999952316284
2016-05-19,6.528800010681152,6.848209857940674,1.8450000286102295
2016-05-20,6.5370001792907715,6.848209857940674,1.8489999771118164
2016-05-23,6.5366997718811035,6.848209857940674,1.8380000591278076
2016-05-24,6.5457000732421875,6.848209857940674,1.8589999675750732
2016-05-25,6.5472002029418945,6.848209857940674,1.8700000047683716
2016-05-26,6.544099807739258,6.848209857940674,1.8229999542236328
2016-05-27,6.546999931335449,6.848209857940674,1.8509999513626099
2016-05-30,6.553299903869629,6.848209857940674,
2016-05-31,6.573299884796143,6.848209857940674,1.8339999914169312
2016-06-01,6.57289981842041,6.848209857940674,1.8459999561309814
2016-06-02,6.565100193023682,6.848209857940674,1.8109999895095825
2016-06-03,6.57450008392334,6.848209857940674,1.7039999961853027
2016-06-06,6.554800033569336,6.848209857940674,1.7230000495910645
2016-06-07,6.553800106048584,6.848209857940674,1.7130000591278076
2016-06-08,6.561500072479248,6.848209857940674,1.7059999704360962
2016-06-09,6.552499771118164,6.848209857940674,1.6799999475479126
2016-06-10,6.552000045776367,6.848209857940674,1.6390000581741333
2016-06-13,6.552000045776367,6.848209857940674,1.6160000562667847
2016-06-14,6.575699806213379,6.848209857940674,1.6109999418258667
2016-06-15,6.58650016784668,6.848209857940674,1.5959999561309814
2016-06-16,6.571800231933594,6.848209857940674,1.5640000104904175
2016-06-17,6.581999778747559,6.848209857940674,1.6180000305175781
2016-06-20,6.578400135040283,6.848209857940674,1.6699999570846558
2016-06-21,6.5671000480651855,6.848209857940674,1.6970000267028809
2016-06-22,6.5802998542785645,6.848209857940674,1.684999942779541
2016-06-23,6.567500114440918,6.848209857940674,1.7389999628067017
2016-06-24,6.567299842834473,6.848209857940674,1.5789999961853027
2016-06-27,6.611800193786621,6.848209857940674,1.4600000381469727
2016-06-28,6.641600131988525,6.848209857940674,1.4609999656677246
2016-06-29,6.6381001472473145,6.848209857940674,1.4769999980926514
2016-06-30,6.626800060272217,6.848209857940674,1.4880000352859497
2016-07-01,6.6381001472473145,6.848209857940674,1.4559999704360962
2016-07-04,6.645699977874756,6.848209857940674,
2016-07-05,6.655300140380859,6.848209857940674,1.3669999837875366
2016-07-06,6.6697001457214355,6.848209857940674,1.3849999904632568
2016-07-07,6.683000087738037,6.848209857940674,1.3869999647140503
2016-07-08,6.67110013961792,6.848209857940674,1.3660000562667847
2016-07-11,6.678100109100342,6.848209857940674,1.434000015258789
2016-07-12,6.683899879455566,6.848209857940674,1.5130000114440918
2016-07-13,6.678599834442139,6.848209857940674,1.468000054359436
2016-07-14,6.676300048828125,6.848209857940674,1.531000018119812
2016-07-15,6.673600196838379,6.848209857940674,1.593999981880188
2016-07-18,6.67609977722168,6.848209857940674,1.5870000123977661
2016-07-19,6.704599857330322,6.848209857940674,1.5579999685287476
2016-07-20,6.695400238037109,6.848209857940674,1.5800000429153442
2016-07-21,6.676599979400635,6.848209857940674,1.565000057220459
2016-07-22,6.6743998527526855,6.848209857940674,1.5700000524520874
2016-07-25,6.693900108337402,6.848209857940674,1.5709999799728394
2016-07-26,6.679299831390381,6.848209857940674,1.562999963760376
2016-07-27,6.6697001457214355,6.848209857940674,1.5149999856948853
2016-07-28,6.666800022125244,6.848209857940674,1.5110000371932983
2016-07-29,6.656099796295166,6.848209857940674,1.4579999446868896
2016-08-01,6.642300128936768,6.848209857940674,1.496000051498413
2016-08-02,6.641499996185303,6.848209857940674,1.5369999408721924
2016-08-03,6.628699779510498,6.848209857940674,1.5420000553131104
2016-08-04,6.630799770355225,6.848209857940674,1.503000020980835
2016-08-05,6.638700008392334,6.848209857940674,1.5820000171661377
2016-08-08,6.673699855804443,6.848209857940674,1.5829999446868896
2016-08-09,6.660399913787842,6.848209857940674,1.5449999570846558
2016-08-10,6.655200004577637,6.848209857940674,1.5089999437332153
2016-08-11,6.639200210571289,6.848209857940674,1.5729999542236328
2016-08-12,6.625999927520752,6.848209857940674,1.5149999856948853
2016-08-15,6.644899845123291,6.848209857940674,1.5529999732971191
2016-08-16,6.63539981842041,6.848209857940674,1.5759999752044678
2016-08-17,6.624800205230713,6.848209857940674,1.5609999895095825
2016-08-18,6.633999824523926,6.848209857940674,1.5360000133514404
2016-08-19,6.611999988555908,6.848209857940674,1.5779999494552612
2016-08-22,6.634399890899658,6.848209857940674,1.5390000343322754
2016-08-23,6.647500038146973,6.848209857940674,1.5529999732971191
2016-08-24,6.6407999992370605,6.848209857940674,1.559000015258789
2016-08-25,6.658400058746338,6.848209857940674,1.5770000219345093
2016-08-26,6.65939998626709,6.848209857940674,1.6349999904632568
2016-08-29,6.678899765014648,6.848209857940674,1.565999984741211
2016-08-30,6.67519998550415,6.848209857940674,1.5700000524520874
2016-08-31,6.6803998947143555,6.848209857940674,1.5679999589920044
2016-09-01,6.677599906921387,6.848209857940674,1.5700000524520874
2016-09-02,6.6682000160217285,6.848209857940674,1.5959999561309814
2016-09-05,6.679800033569336,6.848209857940674,
2016-09-06,6.675899982452393,6.848209857940674,1.5429999828338623
2016-09-07,6.674300193786621,6.848209857940674,1.5410000085830688
2016-09-08,6.662600040435791,6.848209857940674,1.6160000562667847
2016-09-09,6.662799835205078,6.848209857940674,1.6720000505447388
2016-09-12,6.679900169372559,6.848209857940674,1.6720000505447388
2016-09-13,6.678699970245361,6.848209857940674,1.7339999675750732
2016-09-14,6.676400184631348,6.848209857940674,1.6890000104904175
2016-09-15,6.6732001304626465,6.848209857940674,1.7029999494552612
2016-09-16,6.671199798583984,6.848209857940674,1.7009999752044678
2016-09-19,6.6707000732421875,6.848209857940674,1.6959999799728394
2016-09-20,6.666200160980225,6.848209857940674,1.687999963760376
2016-09-21,6.66949987411499,6.848209857940674,1.6679999828338623
2016-09-22,6.673600196838379,6.848209857940674,1.6319999694824219
2016-09-23,6.66379976272583,6.848209857940674,1.6150000095367432
2016-09-26,6.657199859619141,6.848209857940674,1.5889999866485596
2016-09-27,6.667699813842773,6.848209857940674,1.555999994277954
2016-09-28,6.6697998046875,6.848209857940674,1.5670000314712524
2016-09-29,6.67519998550415,6.848209857940674,1.5570000410079956
2016-09-30,6.668700218200684,6.848209857940674,1.6080000400543213
2016-10-03,6.6381001472473145,6.848209857940674,1.621999979019165
2016-10-04,6.6732001304626465,6.848209857940674,1.6829999685287476
2016-10-05,6.67080020904541,6.848209857940674,1.715999960899353
2016-10-06,6.672999858856201,6.848209857940674,1.7419999837875366
2016-10-07,6.673699855804443,6.848209857940674,1.7359999418258667
2016-10-10,6.6768999099731445,6.848209857940674,1.7230000495910645
2016-10-11,6.707699775695801,6.848209857940674,1.7589999437332153
2016-10-12,6.723499774932861,6.848209857940674,1.777999997138977
2016-10-13,6.718800067901611,6.848209857940674,1.7380000352859497
2016-10-14,6.729300022125244,6.848209857940674,1.7940000295639038
2016-10-17,6.730999946594238,6.848209857940674,1.7660000324249268
2016-10-18,6.731500148773193,6.848209857940674,1.7489999532699585
2016-10-19,6.743000030517578,6.848209857940674,1.7519999742507935
2016-10-20,6.735400199890137,6.848209857940674,1.746999979019165
2016-10-21,6.743000030517578,6.848209857940674,1.7400000095367432
2016-10-24,6.766300201416016,6.848209857940674,1.7630000114440918
2016-10-25,6.776199817657471,6.848209857940674,1.7580000162124634
2016-10-26,6.780600070953369,6.848209857940674,1.7899999618530273
2016-10-27,6.769700050354004,6.848209857940674,1.843000054359436
2016-10-28,6.784800052642822,6.848209857940674,1.8450000286102295
2016-10-31,6.783400058746338,6.848209857940674,1.8339999914169312
2016-11-01,6.774600028991699,6.848209857940674,1.8200000524520874
2016-11-02,6.766300201416016,6.848209857940674,1.7990000247955322
2016-11-03,6.747099876403809,6.848209857940674,1.812000036239624
2016-11-04,6.766200065612793,6.848209857940674,1.7829999923706055
2016-11-07,6.755499839782715,6.848209857940674,1.8279999494552612
2016-11-08,6.774099826812744,6.848209857940674,1.8619999885559082
2016-11-09,6.784800052642822,6.848209857940674,2.072000026702881
2016-11-10,6.77869987487793,6.848209857940674,2.117000102996826
2016-11-11,6.801700115203857,6.848209857940674,
2016-11-14,6.805099964141846,6.848209857940674,2.2219998836517334
2016-11-15,6.845699787139893,6.848209857940674,2.23799991607666
2016-11-16,6.858099937438965,6.848209857940674,2.2230000495910645
2016-11-17,6.7891998291015625,6.848209857940674,2.2760000228881836
2016-11-18,6.8765997886657715,6.848209857940674,2.3350000381469727
2016-11-21,6.892499923706055,6.848209857940674,2.3389999866485596
2016-11-22,6.888899803161621,6.848209857940674,2.321000099182129
2016-11-23,6.8892998695373535,6.848209857940674,2.3570001125335693
2016-11-24,6.910200119018555,6.848209857940674,
2016-11-25,6.9182000160217285,6.848209857940674,2.371999979019165
2016-11-28,6.9217000007629395,6.848209857940674,2.319999933242798
2016-11-29,6.906300067901611,6.848209857940674,2.302000045776367
2016-11-30,6.897299766540527,6.848209857940674,2.368000030517578
2016-12-01,6.8907999992370605,6.848209857940674,2.440999984741211
2016-12-02,6.876500129699707,6.848209857940674,2.390000104904175
2016-12-05,6.885499954223633,6.848209857940674,2.38700008392334
2016-12-06,6.870999813079834,6.848209857940674,2.3959999084472656
2016-12-07,6.872000217437744,6.848209857940674,2.3469998836517334
2016-12-08,6.870500087738037,6.848209857940674,2.38700008392334
2016-12-09,6.869900226593018,6.848209857940674,2.4639999866485596
2016-12-12,6.906700134277344,6.848209857940674,2.4790000915527344
2016-12-13,6.896900177001953,6.848209857940674,2.4809999465942383
2016-12-14,6.89169979095459,6.848209857940674,2.5250000953674316
2016-12-15,6.903800010681152,6.848209857940674,2.5799999237060547
2016-12-16,6.934299945831299,6.848209857940674,2.5969998836517334
2016-12-19,6.9583001136779785,6.848209857940674,2.5420000553131104
2016-12-20,6.953000068664551,6.848209857940674,2.568000078201294
2016-12-21,6.94980001449585,6.848209857940674,2.5460000038146973
2016-12-22,6.941400051116943,6.848209857940674,2.552999973297119
2016-12-23,6.940400123596191,6.848209857940674,2.5429999828338623
2016-12-26,6.945300102233887,6.848209857940674,
2016-12-27,6.944699764251709,6.848209857940674,2.562999963760376
2016-12-28,6.942500114440918,6.848209857940674,2.50600004196167
2016-12-29,6.958099842071533,6.848209857940674,2.4769999980926514
2016-12-30,6.945300102233887,6.848209857940674,2.446000099182129
2017-01-02,6.94379997253418,6.848209857940674,
2017-01-03,6.943999767303467,6.848209857940674,2.450000047683716
2017-01-04,6.959799766540527,6.848209857940674,2.4519999027252197
2017-01-05,6.925099849700928,6.848209857940674,2.368000030517578
2017-01-06,6.887899875640869,6.848209857940674,2.4179999828338623
2017-01-09,6.917500019073486,6.848209857940674,2.375999927520752
2017-01-10,6.936699867248535,6.848209857940674,2.378999948501587
2017-01-11,6.921199798583984,6.848209857940674,2.369999885559082
2017-01-12,6.936100006103516,6.848209857940674,2.3610000610351562
2017-01-13,6.894899845123291,6.848209857940674,2.380000114440918
2017-01-16,6.898799896240234,6.848209857940674,
2017-01-17,6.890999794006348,6.848209857940674,2.3269999027252197
2017-01-18,6.844600200653076,6.848209857940674,2.3889999389648438
2017-01-19,6.8379998207092285,6.848209857940674,2.4590001106262207
2017-01-20,6.861299991607666,6.848209857940674,2.4670000076293945
2017-01-23,6.875500202178955,6.848209857940674,2.4030001163482666
2017-01-24,6.843999862670898,6.848209857940674,2.4709999561309814
2017-01-25,6.848999977111816,6.848209857940674,2.5230000019073486
2017-01-26,6.873600006103516,6.848209857940674,2.507999897003174
2017-01-27,6.878399848937988,6.848209857940674,2.4809999465942383
2017-01-30,6.882999897003174,6.848209857940674,2.4830000400543213
2017-01-31,6.88070011138916,6.848209857940674,2.4509999752044678
2017-02-01,6.878699779510498,6.848209857940674,2.4739999771118164
2017-02-02,6.880899906158447,6.848209857940674,2.4700000286102295
2017-02-03,6.880000114440918,6.848209857940674,2.490999937057495
2017-02-06,6.872200012207031,6.848209857940674,2.4130001068115234
2017-02-07,6.86359977722168,6.848209857940674,2.3889999389648438
2017-02-08,6.884500026702881,6.848209857940674,2.3510000705718994
2017-02-09,6.872499942779541,6.848209857940674,2.3949999809265137
2017-02-10,6.868599891662598,6.848209857940674,2.4089999198913574
2017-02-13,6.895199775695801,6.848209857940674,2.434000015258789
2017-02-14,6.879499912261963,6.848209857940674,2.4700000286102295
2017-02-15,6.866799831390381,6.848209857940674,2.502000093460083
2017-02-16,6.8684000968933105,6.848209857940674,2.450000047683716
2017-02-17,6.85260009765625,6.848209857940674,2.424999952316284
2017-02-20,6.8557000160217285,6.848209857940674,
2017-02-21,6.8780999183654785,6.848209857940674,2.427000045776367
2017-02-22,6.882599830627441,6.848209857940674,2.4179999828338623
2017-02-23,6.873700141906738,6.848209857940674,2.388000011444092
2017-02-24,6.865499973297119,6.848209857940674,2.316999912261963
2017-02-27,6.900700092315674,6.848209857940674,2.36899995803833
2017-02-28,6.870100021362305,6.848209857940674,2.3580000400543213
2017-03-01,6.866399765014648,6.848209857940674,2.4630000591278076
2017-03-02,6.882199764251709,6.848209857940674,2.489000082015991
2017-03-03,6.887599945068359,6.848209857940674,2.492000102996826
2017-03-06,6.896200180053711,6.848209857940674,2.49399995803833
2017-03-07,6.896699905395508,6.848209857940674,2.510999917984009
2017-03-08,6.902299880981445,6.848209857940674,2.552000045776367
2017-03-09,6.911900043487549,6.848209857940674,2.5980000495910645
2017-03-10,6.910200119018555,6.848209857940674,2.5820000171661377
2017-03-13,6.856599807739258,6.848209857940674,2.6080000400543213
2017-03-14,6.913000106811523,6.848209857940674,2.5950000286102295
2017-03-15,6.9145002365112305,6.848209857940674,2.507999897003174
2017-03-16,6.913599967956543,6.848209857940674,2.5220000743865967
2017-03-17,6.896699905395508,6.848209857940674,2.500999927520752
2017-03-20,6.904099941253662,6.848209857940674,2.4730000495910645
2017-03-21,6.906000137329102,6.848209857940674,2.436000108718872
2017-03-22,6.884900093078613,6.848209857940674,2.3959999084472656
2017-03-23,6.882999897003174,6.848209857940674,2.4179999828338623
2017-03-24,6.885799884796143,6.848209857940674,2.4000000953674316
2017-03-27,6.853499889373779,6.848209857940674,2.372999906539917
2017-03-28,6.872099876403809,6.848209857940674,2.4089999198913574
2017-03-29,6.878300189971924,6.848209857940674,2.385999917984009
2017-03-30,6.887700080871582,6.848209857940674,2.4159998893737793
2017-03-31,6.888999938964844,6.848209857940674,2.3959999084472656
2017-04-03,6.880199909210205,6.848209857940674,2.3499999046325684
2017-04-04,6.883900165557861,6.848209857940674,2.3499999046325684
2017-04-05,6.885200023651123,6.848209857940674,2.3570001125335693
2017-04-06,6.893899917602539,6.848209857940674,2.3429999351501465
2017-04-07,6.897799968719482,6.848209857940674,2.372999906539917
2017-04-10,6.905700206756592,6.848209857940674,2.3610000610351562
2017-04-11,6.903299808502197,6.848209857940674,2.2980000972747803
2017-04-12,6.8907999992370605,6.848209857940674,2.2960000038146973
2017-04-13,6.890900135040283,6.848209857940674,2.2320001125335693
2017-04-14,6.886499881744385,6.848209857940674,
2017-04-17,6.890999794006348,6.848209857940674,2.252000093460083
2017-04-18,6.868599891662598,6.848209857940674,2.178999900817871
2017-04-19,6.881899833679199,6.848209857940674,2.2019999027252197
2017-04-20,6.886000156402588,6.848209857940674,2.240999937057495
2017-04-21,6.881700038909912,6.848209857940674,2.236999988555908
2017-04-24,6.792099952697754,6.848209857940674,2.2730000019073486
2017-04-25,6.882500171661377,6.848209857940674,2.3269999027252197
2017-04-26,6.881700038909912,6.848209857940674,2.311000108718872
2017-04-27,6.892099857330322,6.848209857940674,2.2960000038146973
2017-04-28,6.896900177001953,6.848209857940674,2.2820000648498535
2017-05-01,6.912099838256836,6.848209857940674,2.325000047683716
2017-05-02,6.89300012588501,6.848209857940674,2.2960000038146973
2017-05-03,6.893499851226807,6.848209857940674,2.309000015258789
2017-05-04,6.896699905395508,6.848209857940674,2.3559999465942383
2017-05-05,6.895400047302246,6.848209857940674,2.3519999980926514
2017-05-08,6.884699821472168,6.848209857940674,2.375999927520752
2017-05-09,6.9045000076293945,6.848209857940674,2.4070000648498535
2017-05-10,6.907100200653076,6.848209857940674,2.4140000343322754
2017-05-11,6.9029998779296875,6.848209857940674,2.4000000953674316
2017-05-12,6.90369987487793,6.848209857940674,2.3350000381469727
2017-05-15,6.902100086212158,6.848209857940674,2.3380000591278076
2017-05-16,6.894000053405762,6.848209857940674,2.3289999961853027
2017-05-17,6.888599872589111,6.848209857940674,2.2160000801086426
2017-05-18,6.88129997253418,6.848209857940674,2.2330000400543213
2017-05-19,6.889100074768066,6.848209857940674,2.244999885559082
2017-05-22,6.853899955749512,6.848209857940674,2.253999948501587
2017-05-23,6.884399890899658,6.848209857940674,2.2850000858306885
2017-05-24,6.891200065612793,6.848209857940674,2.2660000324249268
2017-05-25,6.889999866485596,6.848209857940674,2.255000114440918
2017-05-26,6.867700099945068,6.848209857940674,2.25
2017-05-29,6.85699987411499,6.848209857940674,
2017-05-30,6.856200218200684,6.848209857940674,2.2170000076293945
2017-05-31,6.855800151824951,6.848209857940674,2.196000099182129
2017-06-01,6.811200141906738,6.848209857940674,2.2170000076293945
2017-06-02,6.808599948883057,6.848209857940674,2.1589999198913574
2017-06-05,6.81279993057251,6.848209857940674,2.181999921798706
2017-06-06,6.802800178527832,6.848209857940674,2.1470000743865967
2017-06-07,6.7957000732421875,6.848209857940674,2.177999973297119
2017-06-08,6.797500133514404,6.848209857940674,2.194000005722046
2017-06-09,6.799200057983398,6.848209857940674,2.1989998817443848
2017-06-12,6.784800052642822,6.848209857940674,2.2130000591278076
2017-06-13,6.797599792480469,6.848209857940674,2.2070000171661377
2017-06-14,6.798799991607666,6.848209857940674,2.138000011444092
2017-06-15,6.790999889373779,6.848209857940674,2.1619999408721924
2017-06-16,6.808499813079834,6.848209857940674,2.1570000648498535
2017-06-19,6.803400039672852,6.848209857940674,2.190000057220459
2017-06-20,6.819699764251709,6.848209857940674,2.1530001163482666
2017-06-21,6.826399803161621,6.848209857940674,2.1549999713897705
2017-06-22,6.8282999992370605,6.848209857940674,2.1530001163482666
2017-06-23,6.83459997177124,6.848209857940674,2.1440000534057617
2017-06-26,6.834199905395508,6.848209857940674,2.13700008392334
2017-06-27,6.839799880981445,6.848209857940674,2.197999954223633
2017-06-28,6.812600135803223,6.848209857940674,2.2209999561309814
2017-06-29,6.800000190734863,6.848209857940674,2.2669999599456787
2017-06-30,6.785699844360352,6.848209857940674,2.302000045776367
2017-07-03,6.77810001373291,6.848209857940674,2.3459999561309814
2017-07-04,6.799799919128418,6.848209857940674,
2017-07-05,6.798699855804443,6.848209857940674,2.3340001106262207
2017-07-06,6.80079984664917,6.848209857940674,2.369999885559082
2017-07-07,6.799900054931641,6.848209857940674,2.3929998874664307
2017-07-10,6.8028998374938965,6.848209857940674,2.371000051498413
2017-07-11,,6.848209857940674,2.361999988555908
2017-07-12,6.801700115203857,6.848209857940674,2.3269999027252197
2017-07-13,6.788000106811523,6.848209857940674,2.3480000495910645
2017-07-14,6.782599925994873,6.848209857940674,2.319000005722046
2017-07-17,6.740499973297119,6.848209857940674,2.309000015258789
2017-07-18,6.769499778747559,6.848209857940674,2.263000011444092
2017-07-19,6.7453999519348145,6.848209857940674,2.2679998874664307
2017-07-20,6.751299858093262,6.848209857940674,2.2660000324249268
2017-07-21,6.758900165557861,6.848209857940674,2.2320001125335693
2017-07-24,6.719699859619141,6.848209857940674,2.253999948501587
2017-07-25,6.750100135803223,6.848209857940674,2.3259999752044678
2017-07-26,6.749800205230713,6.848209857940674,2.2820000648498535
2017-07-27,6.754000186920166,6.848209857940674,2.309999942779541
2017-07-28,6.739999771118164,6.848209857940674,2.2890000343322754
2017-07-31,6.738900184631348,6.848209857940674,2.2920000553131104
2017-08-01,6.725500106811523,6.848209857940674,2.250999927520752
2017-08-02,6.713699817657471,6.848209857940674,2.26200008392334
2017-08-03,6.721700191497803,6.848209857940674,2.2279999256134033
2017-08-04,6.71560001373291,6.848209857940674,2.2669999599456787
2017-08-07,6.765699863433838,6.848209857940674,2.256999969482422
2017-08-08,6.721499919891357,6.848209857940674,2.2829999923706055
2017-08-09,6.709799766540527,6.848209857940674,2.240999937057495
2017-08-10,6.671800136566162,6.848209857940674,2.2119998931884766
2017-08-11,6.6458001136779785,6.848209857940674,2.188999891281128
2017-08-14,6.6620001792907715,6.848209857940674,2.2190001010894775
2017-08-15,6.668700218200684,6.848209857940674,2.2660000324249268
2017-08-16,6.6844000816345215,6.848209857940674,2.2260000705718994
2017-08-17,6.689700126647949,6.848209857940674,2.1989998817443848
2017-08-18,6.677700042724609,6.848209857940674,2.194000005722046
2017-08-21,6.668700218200684,6.848209857940674,2.180000066757202
2017-08-22,6.665900230407715,6.848209857940674,2.2149999141693115
2017-08-23,6.6616997718811035,6.848209857940674,2.1710000038146973
2017-08-24,6.658299922943115,6.848209857940674,2.194000005722046
2017-08-25,6.661300182342529,6.848209857940674,2.1689999103546143
2017-08-28,6.582900047302246,6.848209857940674,2.1589999198913574
2017-08-29,6.607399940490723,6.848209857940674,2.135999917984009
2017-08-30,6.595399856567383,6.848209857940674,2.1429998874664307
2017-08-31,6.595699787139893,6.848209857940674,2.121000051498413
2017-09-01,6.589799880981445,6.848209857940674,2.1570000648498535
2017-09-04,6.546500205993652,6.848209857940674,
2017-09-05,6.529900074005127,6.848209857940674,2.069999933242798
2017-09-06,6.537399768829346,6.848209857940674,2.1080000400543213
2017-09-07,6.521200180053711,6.848209857940674,2.061000108718872
2017-09-08,6.484600067138672,6.848209857940674,2.061000108718872
2017-09-11,6.530900001525879,6.848209857940674,2.125
2017-09-12,6.530399799346924,6.848209857940674,2.1710000038146973
2017-09-13,6.534999847412109,6.848209857940674,2.194999933242798
2017-09-14,6.542200088500977,6.848209857940674,2.197000026702881
2017-09-15,6.554800033569336,6.848209857940674,2.2019999027252197
2017-09-18,6.5507001876831055,6.848209857940674,2.2290000915527344
2017-09-19,6.5731000900268555,6.848209857940674,2.243000030517578
2017-09-20,6.5833001136779785,6.848209857940674,2.2769999504089355
2017-09-21,6.574900150299072,6.848209857940674,2.2780001163482666
2017-09-22,6.590000152587891,6.848209857940674,2.26200008392334
2017-09-25,6.604599952697754,6.848209857940674,2.2200000286102295
2017-09-26,6.620500087738037,6.848209857940674,2.2290000915527344
2017-09-27,6.639599800109863,6.848209857940674,2.309000015258789
2017-09-28,6.640500068664551,6.848209857940674,2.309000015258789
2017-09-29,6.664999961853027,6.848209857940674,2.3259999752044678
2017-10-02,6.657800197601318,6.848209857940674,2.3369998931884766
2017-10-03,6.651700019836426,6.848209857940674,2.3340001106262207
2017-10-04,6.651100158691406,6.848209857940674,2.3299999237060547
2017-10-05,6.653800010681152,6.848209857940674,2.3499999046325684
2017-10-06,6.653900146484375,6.848209857940674,2.369999885559082
2017-10-09,6.650000095367432,6.848209857940674,2.3610000610351562
2017-10-10,6.62529993057251,6.848209857940674,2.3450000286102295
2017-10-11,6.571400165557861,6.848209857940674,2.3450000286102295
2017-10-12,6.5894999504089355,6.848209857940674,2.322999954223633
2017-10-13,6.5879998207092285,6.848209857940674,2.2799999713897705
2017-10-16,6.5833001136779785,6.848209857940674,2.306999921798706
2017-10-17,6.588500022888184,6.848209857940674,2.2980000972747803
2017-10-18,6.622000217437744,6.848209857940674,2.3389999866485596
2017-10-19,6.627799987792969,6.848209857940674,2.321000099182129
2017-10-20,6.614099979400635,6.848209857940674,2.38100004196167
2017-10-23,6.638800144195557,6.848209857940674,2.375999927520752
2017-10-24,6.638299942016602,6.848209857940674,2.4059998989105225
2017-10-25,6.636000156402588,6.848209857940674,2.444000005722046
2017-10-26,6.637599945068359,6.848209857940674,2.4519999027252197
2017-10-27,6.64109992980957,6.848209857940674,2.427999973297119
2017-10-30,6.658999919891357,6.848209857940674,2.369999885559082
2017-10-31,6.642399787902832,6.848209857940674,2.375999927520752
2017-11-01,6.635799884796143,6.848209857940674,2.375999927520752
2017-11-02,6.599400043487549,6.848209857940674,2.3469998836517334
2017-11-03,6.608099937438965,6.848209857940674,2.3429999351501465
2017-11-06,6.638000011444092,6.848209857940674,2.319999933242798
2017-11-07,6.633500099182129,6.848209857940674,2.306999921798706
2017-11-08,6.639800071716309,6.848209857940674,2.325000047683716
2017-11-09,6.6265997886657715,6.848209857940674,2.3310000896453857
2017-11-10,6.630300045013428,6.848209857940674,2.4000000953674316
2017-11-13,6.6392998695373535,6.848209857940674,2.4000000953674316
2017-11-14,6.638599872589111,6.848209857940674,2.38100004196167
2017-11-15,6.6356000900268555,6.848209857940674,2.3350000381469727
2017-11-16,,6.848209857940674,2.3610000610351562
2017-11-17,6.627699851989746,6.848209857940674,2.3540000915527344
2017-11-20,6.661900043487549,6.848209857940674,2.371999979019165
2017-11-21,6.633500099182129,6.848209857940674,2.36299991607666
2017-11-22,6.629199981689453,6.848209857940674,2.322000026702881
2017-11-23,6.610899925231934,6.848209857940674,
2017-11-24,6.5833001136779785,6.848209857940674,2.3399999141693115
2017-11-27,6.601200103759766,6.848209857940674,2.328000068664551
2017-11-28,6.595300197601318,6.848209857940674,2.3380000591278076
2017-11-29,6.609399795532227,6.848209857940674,2.375999927520752
2017-11-30,6.60830020904541,6.848209857940674,2.4170000553131104
2017-12-01,6.612100124359131,6.848209857940674,2.361999988555908
2017-12-04,6.6346001625061035,6.848209857940674,2.378999948501587
2017-12-05,6.618899822235107,6.848209857940674,2.3559999465942383
2017-12-06,6.616799831390381,6.848209857940674,2.3299999237060547
2017-12-07,6.6143999099731445,6.848209857940674,2.375999927520752
2017-12-08,6.618000030517578,6.848209857940674,2.382999897003174
2017-12-11,6.618299961090088,6.848209857940674,2.384999990463257
2017-12-12,6.617099761962891,6.848209857940674,2.4030001163482666
2017-12-13,6.6203999519348145,6.848209857940674,2.3489999771118164
2017-12-14,6.61870002746582,6.848209857940674,2.3459999561309814
2017-12-15,6.60860013961792,6.848209857940674,2.3550000190734863
2017-12-18,6.6149001121521,6.848209857940674,2.3919999599456787
2017-12-19,6.614200115203857,6.848209857940674,2.4630000591278076
2017-12-20,6.605000019073486,6.848209857940674,2.496999979019165
2017-12-21,6.579699993133545,6.848209857940674,2.4809999465942383
2017-12-22,6.585400104522705,6.848209857940674,2.484999895095825
2017-12-25,6.57859992980957,6.848209857940674,
2017-12-26,6.53879976272583,6.848209857940674,2.4670000076293945
2017-12-27,6.543099880218506,6.848209857940674,2.4140000343322754
2017-12-28,6.554699897766113,6.848209857940674,2.431999921798706
2017-12-29,6.531599998474121,6.848209857940674,2.4049999713897705
2018-01-01,6.50570011138916,6.848209857940674,
2018-01-02,6.505799770355225,6.848209857940674,2.4649999141693115
2018-01-03,6.49399995803833,6.848209857940674,2.447000026702881
2018-01-04,6.5030999183654785,6.848209857940674,2.453000068664551
2018-01-05,6.493299961090088,6.848209857940674,2.4760000705718994
2018-01-08,6.487500190734863,6.848209857940674,2.4800000190734863
2018-01-09,6.497600078582764,6.848209857940674,2.5460000038146973
2018-01-10,6.529399871826172,6.848209857940674,2.549999952316284
2018-01-11,6.507199764251709,6.848209857940674,2.5309998989105225
2018-01-12,6.490200042724609,6.848209857940674,2.552000045776367
2018-01-15,6.456200122833252,6.848209857940674,
2018-01-16,6.435200214385986,6.848209857940674,2.5439999103546143
2018-01-17,6.442299842834473,6.848209857940674,2.578000068664551
2018-01-18,6.43209981918335,6.848209857940674,2.6110000610351562
2018-01-19,6.420599937438965,6.848209857940674,2.63700008392334
2018-01-22,6.4029998779296875,6.848209857940674,2.6649999618530273
2018-01-23,6.404399871826172,6.848209857940674,2.624000072479248
2018-01-24,6.402900218963623,6.848209857940674,2.6540000438690186
2018-01-25,6.36929988861084,6.848209857940674,2.621000051498413
2018-01-26,6.322800159454346,6.848209857940674,2.6619999408721924
2018-01-29,6.315899848937988,6.848209857940674,2.6989998817443848
2018-01-30,6.336299896240234,6.848209857940674,2.7260000705718994
2018-01-31,6.321100234985352,6.848209857940674,2.7200000286102295
2018-02-01,6.2881999015808105,6.848209857940674,2.7730000019073486
2018-02-02,6.298399925231934,6.848209857940674,2.8540000915527344
2018-02-05,6.307600021362305,6.848209857940674,2.7939999103546143
2018-02-06,6.289700031280518,6.848209857940674,2.7679998874664307
2018-02-07,6.28249979019165,6.848209857940674,2.8440001010894775
2018-02-08,6.267600059509277,6.848209857940674,2.8510000705718994
2018-02-09,6.326300144195557,6.848209857940674,2.8289999961853027
2018-02-12,6.286900043487549,6.848209857940674,2.8570001125335693
2018-02-13,6.326499938964844,6.848209857940674,2.8399999141693115
2018-02-14,6.340000152587891,6.848209857940674,2.9130001068115234
2018-02-15,6.3460001945495605,6.848209857940674,2.8910000324249268
2018-02-16,6.3471999168396,6.848209857940674,2.877000093460083
2018-02-19,6.340099811553955,6.848209857940674,
2018-02-20,6.348400115966797,6.848209857940674,2.8929998874664307
2018-02-21,6.346199989318848,6.848209857940674,2.943000078201294
2018-02-22,6.34660005569458,6.848209857940674,2.9170000553131104
2018-02-23,6.350200176239014,6.848209857940674,2.871000051498413
2018-02-26,6.327300071716309,6.848209857940674,2.8589999675750732
2018-02-27,6.3140997886657715,6.848209857940674,2.9079999923706055
2018-02-28,6.316699981689453,6.848209857940674,2.868000030517578
2018-03-01,6.330900192260742,6.848209857940674,2.803999900817871
2018-03-02,6.357399940490723,6.848209857940674,2.8570001125335693
2018-03-05,6.350299835205078,6.848209857940674,2.88100004196167
2018-03-06,6.348899841308594,6.848209857940674,2.877000093460083
2018-03-07,6.3094000816345215,6.848209857940674,2.882999897003174
2018-03-08,6.324999809265137,6.848209857940674,2.865999937057495
2018-03-09,6.341599941253662,6.848209857940674,2.8940000534057617
2018-03-12,6.328499794006348,6.848209857940674,2.869999885559082
2018-03-13,6.329100131988525,6.848209857940674,2.8480000495910645
2018-03-14,6.320400238037109,6.848209857940674,2.816999912261963
2018-03-15,6.315999984741211,6.848209857940674,2.8259999752044678
2018-03-16,6.320899963378906,6.848209857940674,2.8480000495910645
2018-03-19,6.338200092315674,6.848209857940674,2.8450000286102295
2018-03-20,6.331600189208984,6.848209857940674,2.878999948501587
2018-03-21,6.332900047302246,6.848209857940674,2.9070000648498535
2018-03-22,6.3206000328063965,6.848209857940674,2.8320000171661377
2018-03-23,6.334700107574463,6.848209857940674,2.8299999237060547
2018-03-26,6.320000171661377,6.848209857940674,2.8429999351501465
2018-03-27,6.27239990234375,6.848209857940674,2.7860000133514404
2018-03-28,6.281799793243408,6.848209857940674,2.7750000953674316
2018-03-29,6.295599937438965,6.848209857940674,2.740999937057495
2018-03-30,6.288899898529053,6.848209857940674,
2018-04-02,6.282199859619141,6.848209857940674,2.7320001125335693
2018-04-03,6.279399871826172,6.848209857940674,2.7839999198913574
2018-04-04,6.288400173187256,6.848209857940674,2.7880001068115234
2018-04-05,6.304200172424316,6.848209857940674,2.8320000171661377
2018-04-06,6.3024001121521,6.848209857940674,2.7750000953674316
2018-04-09,6.308599948883057,6.848209857940674,2.7860000133514404
2018-04-10,6.3053998947143555,6.848209857940674,2.796999931335449
2018-04-11,6.281599998474121,6.848209857940674,2.7899999618530273
2018-04-12,6.268599987030029,6.848209857940674,2.8340001106262207
2018-04-13,6.290999889373779,6.848209857940674,2.8289999961853027
2018-04-16,6.274099826812744,6.848209857940674,2.8320000171661377
2018-04-17,6.275700092315674,6.848209857940674,2.813999891281128
2018-04-18,6.2804999351501465,6.848209857940674,2.867000102996826
2018-04-19,6.273399829864502,6.848209857940674,2.9140000343322754
2018-04-20,6.27810001373291,6.848209857940674,2.9509999752044678
2018-04-23,6.295499801635742,6.848209857940674,2.9730000495910645
2018-04-24,6.316100120544434,6.848209857940674,2.9830000400543213
2018-04-25,6.3059000968933105,6.848209857940674,3.0239999294281006
2018-04-26,6.324699878692627,6.848209857940674,2.990000009536743
2018-04-27,6.335400104522705,6.848209857940674,2.9570000171661377
2018-04-30,6.336999893188477,6.848209857940674,2.936000108718872
2018-05-01,6.332099914550781,6.848209857940674,2.9760000705718994
2018-05-02,6.332300186157227,6.848209857940674,2.9639999866485596
2018-05-03,6.361499786376953,6.848209857940674,2.946000099182129
2018-05-04,6.352700233459473,6.848209857940674,2.944000005722046
2018-05-07,6.361700057983398,6.848209857940674,2.950000047683716
2018-05-08,6.366099834442139,6.848209857940674,2.9690001010894775
2018-05-09,6.369699954986572,6.848209857940674,3.003999948501587
2018-05-10,6.361400127410889,6.848209857940674,2.9709999561309814
2018-05-11,6.348199844360352,6.848209857940674,2.9709999561309814
2018-05-14,6.333099842071533,6.848209857940674,2.994999885559082
2018-05-15,6.3383002281188965,6.848209857940674,3.0799999237060547
2018-05-16,6.376800060272217,6.848209857940674,3.0950000286102295
2018-05-17,6.370500087738037,6.848209857940674,3.1089999675750732
2018-05-18,6.366199970245361,6.848209857940674,3.066999912261963
2018-05-21,6.382800102233887,6.848209857940674,3.065000057220459
2018-05-22,6.381100177764893,6.848209857940674,3.065000057220459
2018-05-23,6.364200115203857,6.848209857940674,3.003000020980835
2018-05-24,6.388800144195557,6.848209857940674,2.9809999465942383
2018-05-25,6.376399993896484,6.848209857940674,2.930999994277954
2018-05-28,6.368599891662598,6.848209857940674,
2018-05-29,6.3983001708984375,6.848209857940674,2.7679998874664307
2018-05-30,6.416600227355957,6.848209857940674,2.8420000076293945
2018-05-31,6.418000221252441,6.848209857940674,2.822000026702881
2018-06-01,6.409299850463867,6.848209857940674,2.8949999809265137
2018-06-04,6.419400215148926,6.848209857940674,2.937000036239624
2018-06-05,6.4070000648498535,6.848209857940674,2.9189999103546143
2018-06-06,6.40500020980835,6.848209857940674,2.9749999046325684
2018-06-07,6.387899875640869,6.848209857940674,2.933000087738037
2018-06-08,6.392099857330322,6.848209857940674,2.937000036239624
2018-06-11,6.405700206756592,6.848209857940674,2.9570000171661377
2018-06-12,6.391600131988525,6.848209857940674,2.9570000171661377
2018-06-13,6.4004998207092285,6.848209857940674,2.9769999980926514
2018-06-14,6.397299766540527,6.848209857940674,2.946000099182129
2018-06-15,6.4045000076293945,6.848209857940674,2.9240000247955322
2018-06-18,6.433000087738037,6.848209857940674,2.9260001182556152
2018-06-19,6.438799858093262,6.848209857940674,2.8929998874664307
2018-06-20,6.485499858856201,6.848209857940674,2.927999973297119
2018-06-21,6.47160005569458,6.848209857940674,2.8970000743865967
2018-06-22,6.492099761962891,6.848209857940674,2.9000000953674316
2018-06-25,6.504300117492676,6.848209857940674,2.875
2018-06-26,6.539000034332275,6.848209857940674,2.880000114440918
2018-06-27,6.5782999992370605,6.848209857940674,2.8269999027252197
2018-06-28,6.601900100708008,6.848209857940674,2.8469998836517334
2018-06-29,6.627399921417236,6.848209857940674,2.8489999771118164
2018-07-02,6.624300003051758,6.848209857940674,2.865999937057495
2018-07-03,6.6666998863220215,6.848209857940674,2.8380000591278076
2018-07-04,6.640999794006348,6.848209857940674,
2018-07-05,6.63129997253418,6.848209857940674,2.8399999141693115
2018-07-06,6.6367998123168945,6.848209857940674,2.8310000896453857
2018-07-09,6.639200210571289,6.848209857940674,2.859999895095825
2018-07-10,6.615200042724609,6.848209857940674,2.872999906539917
2018-07-11,6.631400108337402,6.848209857940674,2.8420000076293945
2018-07-12,6.682799816131592,6.848209857940674,2.8529999256134033
2018-07-13,6.665900230407715,6.848209857940674,2.8310000896453857
2018-07-16,6.6946001052856445,6.848209857940674,2.8580000400543213
2018-07-17,6.6915998458862305,6.848209857940674,2.864000082015991
2018-07-18,6.7067999839782715,6.848209857940674,2.875
2018-07-19,6.717700004577637,6.848209857940674,2.8469998836517334
2018-07-20,6.771699905395508,6.848209857940674,2.8949999809265137
2018-07-23,6.7581000328063965,6.848209857940674,2.9649999141693115
2018-07-24,6.791999816894531,6.848209857940674,2.9489998817443848
2018-07-25,6.790500164031982,6.848209857940674,2.936000108718872
2018-07-26,6.768700122833252,6.848209857940674,2.9749999046325684
2018-07-27,6.782800197601318,6.848209857940674,2.9600000381469727
2018-07-30,6.812699794769287,6.848209857940674,2.9749999046325684
2018-07-31,6.814899921417236,6.848209857940674,2.9639999866485596
2018-08-01,6.811699867248535,6.848209857940674,3.003000020980835
2018-08-02,6.8225998878479,6.848209857940674,2.9860000610351562
2018-08-03,6.832799911499023,6.848209857940674,2.953000068664551
2018-08-06,6.833199977874756,6.848209857940674,2.937999963760376
2018-08-07,6.854100227355957,6.848209857940674,2.9730000495910645
2018-08-08,6.833600044250488,6.848209857940674,2.9709999561309814
2018-08-09,6.83519983291626,6.848209857940674,2.934999942779541
2018-08-10,6.817200183868408,6.848209857940674,2.8570001125335693
2018-08-13,6.846199989318848,6.848209857940674,2.877000093460083
2018-08-14,6.889400005340576,6.848209857940674,2.8949999809265137
2018-08-15,6.884699821472168,6.848209857940674,2.8519999980926514
2018-08-16,6.933800220489502,6.848209857940674,2.871000051498413
2018-08-17,6.881499767303467,6.848209857940674,2.872999906539917
2018-08-20,6.8765997886657715,6.848209857940674,2.822999954223633
2018-08-21,6.856800079345703,6.848209857940674,2.8440001010894775
2018-08-22,6.8454999923706055,6.848209857940674,2.822999954223633
2018-08-23,6.843200206756592,6.848209857940674,2.821000099182129
2018-08-24,6.877500057220459,6.848209857940674,2.8259999752044678
2018-08-27,6.800600051879883,6.848209857940674,2.8480000495910645
2018-08-28,6.813300132751465,6.848209857940674,2.884000062942505
2018-08-29,6.804200172424316,6.848209857940674,2.884000062942505
2018-08-30,6.818699836730957,6.848209857940674,2.859999895095825
2018-08-31,6.843100070953369,6.848209857940674,2.8529999256134033
2018-09-03,6.83459997177124,6.848209857940674,
2018-09-04,6.8221001625061035,6.848209857940674,2.9019999504089355
2018-09-05,6.84250020980835,6.848209857940674,2.9019999504089355
2018-09-06,6.829999923706055,6.848209857940674,2.878999948501587
2018-09-07,6.834400177001953,6.848209857940674,2.941999912261963
2018-09-10,6.839099884033203,6.848209857940674,2.937000036239624
2018-09-11,6.855299949645996,6.848209857940674,2.9769999980926514
2018-09-12,6.8744001388549805,6.848209857940674,2.9630000591278076
2018-09-13,6.859899997711182,6.848209857940674,2.9630000591278076
2018-09-14,6.842899799346924,6.848209857940674,2.99399995803833
2018-09-17,6.865600109100342,6.848209857940674,3.000999927520752
2018-09-18,6.855500221252441,6.848209857940674,3.0480000972747803
2018-09-19,6.860199928283691,6.848209857940674,3.0829999446868896
2018-09-20,6.84689998626709,6.848209857940674,3.078000068664551
2018-09-21,6.845900058746338,6.848209857940674,3.068000078201294
2018-09-24,6.8566999435424805,6.848209857940674,3.078000068664551
2018-09-25,6.8734002113342285,6.848209857940674,3.1019999980926514
2018-09-26,6.866300106048584,6.848209857940674,3.061000108718872
2018-09-27,6.876100063323975,6.848209857940674,3.055999994277954
2018-09-28,6.880300045013428,6.848209857940674,3.055999994277954
2018-10-01,6.8678998947143555,6.848209857940674,3.0799999237060547
2018-10-02,6.8678998947143555,6.848209857940674,3.055999994277954
2018-10-03,6.8678998947143555,6.848209857940674,3.1610000133514404
2018-10-04,6.867800235748291,6.848209857940674,3.197000026702881
2018-10-05,6.8678998947143555,6.848209857940674,3.2249999046325684
2018-10-08,6.85890007019043,6.848209857940674,3.2330000400543213
2018-10-09,6.929800033569336,6.848209857940674,3.2079999446868896
2018-10-10,6.921800136566162,6.848209857940674,3.2249999046325684
2018-10-11,6.923299789428711,6.848209857940674,3.132999897003174
2018-10-12,6.888599872589111,6.848209857940674,3.1410000324249268
2018-10-15,6.921199798583984,6.848209857940674,3.1630001068115234
2018-10-16,6.915900230407715,6.848209857940674,3.1559998989105225
2018-10-17,6.910999774932861,6.848209857940674,3.178999900817871
2018-10-18,6.926300048828125,6.848209857940674,3.174999952316284
2018-10-19,6.936699867248535,6.848209857940674,3.197999954223633
2018-10-22,6.928599834442139,6.848209857940674,3.196000099182129
2018-10-23,6.946499824523926,6.848209857940674,3.1659998893737793
2018-10-24,6.937399864196777,6.848209857940674,3.124000072479248
2018-10-25,6.942999839782715,6.848209857940674,3.135999917984009
2018-10-26,6.947999954223633,6.848209857940674,3.0769999027252197
2018-10-29,6.942500114440918,6.848209857940674,3.0869998931884766
2018-10-30,6.951900005340576,6.848209857940674,3.109999895095825
2018-10-31,6.966300010681152,6.848209857940674,3.1589999198913574
2018-11-01,6.974699974060059,6.848209857940674,3.1440000534057617
2018-11-02,6.922399997711182,6.848209857940674,3.2139999866485596
2018-11-05,6.889900207519531,6.848209857940674,3.2009999752044678
2018-11-06,6.924799919128418,6.848209857940674,3.2139999866485596
2018-11-07,6.918499946594238,6.848209857940674,3.2130000591278076
2018-11-08,6.909999847412109,6.848209857940674,3.2339999675750732
2018-11-09,6.933499813079834,6.848209857940674,3.188999891281128
2018-11-12,6.955900192260742,6.848209857940674,3.186000108718872
2018-11-13,6.962500095367432,6.848209857940674,3.1449999809265137
2018-11-14,6.9552001953125,6.848209857940674,3.119999885559082
2018-11-15,6.94950008392334,6.848209857940674,3.118000030517578
2018-11-16,6.938199996948242,6.848209857940674,3.0739998817443848
2018-11-19,6.936999797821045,6.848209857940674,3.056999921798706
2018-11-20,6.940999984741211,6.848209857940674,3.0480000972747803
2018-11-21,6.944399833679199,6.848209857940674,3.061000108718872
2018-11-22,6.926199913024902,6.848209857940674,
2018-11-23,6.931000232696533,6.848209857940674,3.053999900817871
2018-11-26,6.947500228881836,6.848209857940674,3.072000026702881
2018-11-27,6.930799961090088,6.848209857940674,3.055000066757202
2018-11-28,6.9506001472473145,6.848209857940674,3.0439999103546143
2018-11-29,6.952899932861328,6.848209857940674,3.0350000858306885
2018-11-30,6.941500186920166,6.848209857940674,3.013000011444092
2018-12-03,6.958000183105469,6.848209857940674,2.992000102996826
2018-12-04,6.882299900054932,6.848209857940674,2.9240000247955322
2018-12-05,6.836299896240234,6.848209857940674,
2018-12-06,6.855800151824951,6.848209857940674,2.875999927520752
2018-12-07,6.881700038909912,6.848209857940674,2.8499999046325684
2018-12-10,6.87470006942749,6.848209857940674,2.8559999465942383
2018-12-11,6.910999774932861,6.848209857940674,2.878999948501587
2018-12-12,6.89900016784668,6.848209857940674,2.9059998989105225
2018-12-13,6.879000186920166,6.848209857940674,2.9110000133514404
2018-12-14,6.88070011138916,6.848209857940674,2.8910000324249268
2018-12-17,6.906599998474121,6.848209857940674,2.8570001125335693
2018-12-18,6.896200180053711,6.848209857940674,2.825000047683716
2018-12-19,6.894199848175049,6.848209857940674,2.7780001163482666
2018-12-20,6.890999794006348,6.848209857940674,2.7890000343322754
2018-12-21,6.884099960327148,6.848209857940674,2.7920000553131104
2018-12-24,6.905399799346924,6.848209857940674,2.749000072479248
2018-12-25,6.898099899291992,6.848209857940674,
2018-12-26,6.8983001708984375,6.848209857940674,2.796999931335449
2018-12-27,6.898099899291992,6.848209857940674,2.743000030517578
2018-12-28,6.865300178527832,6.848209857940674,2.7360000610351562
2018-12-31,6.877200126647949,6.848209857940674,2.686000108718872
2019-01-01,6.877600193023682,6.848209857940674,
2019-01-02,6.877500057220459,6.848209857940674,2.6610000133514404
2019-01-03,6.861100196838379,6.848209857940674,2.553999900817871
2019-01-04,6.871099948883057,6.848209857940674,2.6589999198913574
2019-01-07,6.8684000968933105,6.848209857940674,2.681999921798706
2019-01-08,6.849999904632568,6.848209857940674,2.7160000801086426
2019-01-09,6.852200031280518,6.848209857940674,2.7279999256134033
2019-01-10,6.8155999183654785,6.848209857940674,2.7309999465942383
2019-01-11,6.787499904632568,6.848209857940674,2.7009999752044678
2019-01-14,6.76200008392334,6.848209857940674,2.7100000381469727
2019-01-15,6.767099857330322,6.848209857940674,2.7109999656677246
2019-01-16,6.750999927520752,6.848209857940674,2.7309999465942383
2019-01-17,6.75600004196167,6.848209857940674,2.749000072479248
2019-01-18,6.775400161743164,6.848209857940674,2.7839999198913574
2019-01-21,6.7778000831604,6.848209857940674,
2019-01-22,6.797299861907959,6.848209857940674,2.7300000190734863
2019-01-23,6.807000160217285,6.848209857940674,2.755000114440918
2019-01-24,6.790999889373779,6.848209857940674,2.7119998931884766
2019-01-25,6.787600040435791,6.848209857940674,2.753000020980835
2019-01-28,6.746399879455566,6.848209857940674,2.74399995803833
2019-01-29,6.74429988861084,6.848209857940674,2.7119998931884766
2019-01-30,6.73199987411499,6.848209857940674,2.694999933242798
2019-01-31,6.7154998779296875,6.848209857940674,2.634999990463257
2019-02-01,6.69980001449585,6.848209857940674,2.690999984741211
2019-02-04,6.743800163269043,6.848209857940674,2.7239999771118164
2019-02-05,6.743800163269043,6.848209857940674,2.7019999027252197
2019-02-06,6.734799861907959,6.848209857940674,2.7019999027252197
2019-02-07,6.743800163269043,6.848209857940674,2.6519999504089355
2019-02-08,6.743800163269043,6.848209857940674,2.631999969482422
2019-02-11,6.743800163269043,6.848209857940674,2.6610000133514404
2019-02-12,6.791399955749512,6.848209857940674,2.684000015258789
2019-02-13,6.7729997634887695,6.848209857940674,2.7079999446868896
2019-02-14,6.759399890899658,6.848209857940674,2.6570000648498535
2019-02-15,6.771200180053711,6.848209857940674,2.6659998893737793
2019-02-18,6.77209997177124,6.848209857940674,
2019-02-19,6.765699863433838,6.848209857940674,2.6470000743865967
2019-02-20,6.757699966430664,6.848209857940674,2.6540000438690186
2019-02-21,6.720300197601318,6.848209857940674,2.687999963760376
2019-02-22,6.719099998474121,6.848209857940674,2.6549999713897705
2019-02-25,6.713200092315674,6.848209857940674,2.6730000972747803
2019-02-26,6.688399791717529,6.848209857940674,2.635999917984009
2019-02-27,6.69920015335083,6.848209857940674,2.693000078201294
2019-02-28,6.686200141906738,6.848209857940674,2.7109999656677246
2019-03-01,6.692999839782715,6.848209857940674,2.755000114440918
2019-03-04,6.705399990081787,6.848209857940674,2.7219998836517334
2019-03-05,6.706299781799316,6.848209857940674,2.7219998836517334
2019-03-06,6.706600189208984,6.848209857940674,2.691999912261963
2019-03-07,6.710899829864502,6.848209857940674,2.635999917984009
2019-03-08,6.714099884033203,6.848209857940674,2.625
2019-03-11,6.720600128173828,6.848209857940674,2.6429998874664307
2019-03-12,6.725500106811523,6.848209857940674,2.6050000190734863
2019-03-13,6.707600116729736,6.848209857940674,2.6110000610351562
2019-03-14,6.706099987030029,6.848209857940674,2.630000114440918
2019-03-15,6.7220001220703125,6.848209857940674,2.5929999351501465
2019-03-18,6.712800025939941,6.848209857940674,2.6019999980926514
2019-03-19,6.703100204467773,6.848209857940674,2.614000082015991
2019-03-20,6.710999965667725,6.848209857940674,2.5350000858306885
2019-03-21,6.693600177764893,6.848209857940674,2.5369999408721924
2019-03-22,6.698200225830078,6.848209857940674,2.4549999237060547
2019-03-25,6.717100143432617,6.848209857940674,2.4200000762939453
2019-03-26,6.708399772644043,6.848209857940674,2.4140000343322754
2019-03-27,6.714700222015381,6.848209857940674,2.374000072479248
2019-03-28,6.726200103759766,6.848209857940674,2.3889999389648438
2019-03-29,6.738100051879883,6.848209857940674,2.4140000343322754
2019-04-01,6.711100101470947,6.848209857940674,2.496999979019165
2019-04-02,6.7104997634887695,6.848209857940674,2.4809999465942383
2019-04-03,6.722400188446045,6.848209857940674,2.5169999599456787
2019-04-04,6.701399803161621,6.848209857940674,2.51200008392334
2019-04-05,6.716599941253662,6.848209857940674,2.500999927520752
2019-04-08,6.716899871826172,6.848209857940674,2.5190000534057617
2019-04-09,6.715400218963623,6.848209857940674,2.499000072479248
2019-04-10,6.7108001708984375,6.848209857940674,2.4769999980926514
2019-04-11,6.715400218963623,6.848209857940674,2.503999948501587
2019-04-12,6.718500137329102,6.848209857940674,2.559999942779541
2019-04-15,6.703199863433838,6.848209857940674,2.552999973297119
2019-04-16,6.707699775695801,6.848209857940674,2.5920000076293945
2019-04-17,6.71120023727417,6.848209857940674,2.5920000076293945
2019-04-18,6.68720006942749,6.848209857940674,2.559999942779541
2019-04-19,6.708099842071533,6.848209857940674,
2019-04-22,6.703400135040283,6.848209857940674,2.5899999141693115
2019-04-23,6.708499908447266,6.848209857940674,2.569999933242798
2019-04-24,6.724899768829346,6.848209857940674,2.5220000743865967
2019-04-25,6.720900058746338,6.848209857940674,2.5339999198913574
2019-04-26,6.742099761962891,6.848209857940674,2.505000114440918
2019-04-29,6.728799819946289,6.848209857940674,2.5360000133514404
2019-04-30,6.732399940490723,6.848209857940674,2.509000062942505
2019-05-01,6.733799934387207,6.848209857940674,2.510999917984009
2019-05-02,6.734000205993652,6.848209857940674,2.552000045776367
2019-05-03,6.73390007019043,6.848209857940674,2.5309998989105225
2019-05-06,6.73360013961792,6.848209857940674,2.5
2019-05-07,6.763599872589111,6.848209857940674,2.447999954223633
2019-05-08,6.776000022888184,6.848209857940674,2.4820001125335693
2019-05-09,6.7820000648498535,6.848209857940674,2.4570000171661377
2019-05-10,6.826499938964844,6.848209857940674,2.4549999237060547
2019-05-13,6.8231000900268555,6.848209857940674,2.4049999713897705
2019-05-14,6.877299785614014,6.848209857940674,2.4189999103546143
2019-05-15,6.874899864196777,6.848209857940674,2.378999948501587
2019-05-16,6.875199794769287,6.848209857940674,2.4049999713897705
2019-05-17,6.882800102233887,6.848209857940674,2.3929998874664307
2019-05-20,6.917699813842773,6.848209857940674,2.4159998893737793
2019-05-21,6.911300182342529,6.848209857940674,2.4260001182556152
2019-05-22,,6.848209857940674,2.3929998874664307
2019-05-23,6.905399799346924,6.848209857940674,2.2960000038146973
2019-05-24,6.9095001220703125,6.848209857940674,2.3239998817443848
2019-05-27,6.8993000984191895,6.848209857940674,
2019-05-28,6.897200107574463,6.848209857940674,2.2679998874664307
2019-05-29,6.90910005569458,6.848209857940674,2.2360000610351562
2019-05-30,6.913400173187256,6.848209857940674,2.2269999980926514
2019-05-31,6.900899887084961,6.848209857940674,2.1419999599456787
2019-06-03,6.904099941253662,6.848209857940674,2.0810000896453857
2019-06-04,6.9028000831604,6.848209857940674,2.11899995803833
2019-06-05,6.907299995422363,6.848209857940674,2.122999906539917
2019-06-06,6.908100128173828,6.848209857940674,2.124000072479248
2019-06-07,6.908999919891357,6.848209857940674,2.0840001106262207
2019-06-10,6.90880012512207,6.848209857940674,2.1429998874664307
2019-06-11,6.930099964141846,6.848209857940674,2.140000104904175
2019-06-12,6.910399913787842,6.848209857940674,2.127000093460083
2019-06-13,6.916900157928467,6.848209857940674,2.0910000801086426
2019-06-14,6.92080020904541,6.848209857940674,2.0929999351501465
2019-06-17,6.924499988555908,6.848209857940674,2.0859999656677246
2019-06-18,6.924900054931641,6.848209857940674,2.059999942779541
2019-06-19,6.902299880981445,6.848209857940674,2.0290000438690186
2019-06-20,6.902699947357178,6.848209857940674,2.000999927520752
2019-06-21,6.85099983215332,6.848209857940674,2.068000078201294
2019-06-24,6.868899822235107,6.848209857940674,2.0209999084472656
2019-06-25,6.876100063323975,6.848209857940674,1.99399995803833
2019-06-26,6.878799915313721,6.848209857940674,2.0490000247955322
2019-06-27,6.8790998458862305,6.848209857940674,2.005000114440918
2019-06-28,6.867099761962891,6.848209857940674,2.0
2019-07-01,6.865799903869629,6.848209857940674,2.0339999198913574
2019-07-02,6.850800037384033,6.848209857940674,1.9759999513626099
2019-07-03,6.872000217437744,6.848209857940674,1.9529999494552612
2019-07-04,6.880199909210205,6.848209857940674,
2019-07-05,6.87060022354126,6.848209857940674,2.0480000972747803
2019-07-08,6.892600059509277,6.848209857940674,2.0339999198913574
2019-07-09,6.880899906158447,6.848209857940674,2.053999900817871
2019-07-10,6.888299942016602,6.848209857940674,2.061000108718872
2019-07-11,6.872200012207031,6.848209857940674,2.119999885559082
2019-07-12,6.869200229644775,6.848209857940674,2.1059999465942383
2019-07-15,6.879799842834473,6.848209857940674,2.0920000076293945
2019-07-16,6.8769001960754395,6.848209857940674,2.121999979019165
2019-07-17,6.87529993057251,6.848209857940674,2.061000108718872
2019-07-18,6.872799873352051,6.848209857940674,2.0380001068115234
2019-07-19,6.8790998458862305,6.848209857940674,2.0480000972747803
2019-07-22,6.881100177764893,6.848209857940674,2.0429999828338623
2019-07-23,6.880099773406982,6.848209857940674,2.0739998817443848
2019-07-24,6.878300189971924,6.848209857940674,2.049999952316284
2019-07-25,6.871500015258789,6.848209857940674,2.0739998817443848
2019-07-26,6.871600151062012,6.848209857940674,2.0810000896453857
2019-07-29,6.878200054168701,6.848209857940674,2.055000066757202
2019-07-30,6.892399787902832,6.848209857940674,2.061000108718872
2019-07-31,6.883600234985352,6.848209857940674,2.0209999084472656
2019-08-01,6.883399963378906,6.848209857940674,1.8940000534057617
2019-08-02,6.897799968719482,6.848209857940674,1.8550000190734863
2019-08-05,6.939199924468994,6.848209857940674,1.7350000143051147
2019-08-06,7.049699783325195,6.848209857940674,1.7389999628067017
2019-08-07,7.025599956512451,6.848209857940674,1.684000015258789
2019-08-08,7.059100151062012,6.848209857940674,1.715999960899353
2019-08-09,7.044300079345703,6.848209857940674,1.7339999675750732
2019-08-12,7.061500072479248,6.848209857940674,1.6390000581741333
2019-08-13,7.057199954986572,6.848209857940674,1.6799999475479126
2019-08-14,7.0335001945495605,6.848209857940674,1.5809999704360962
2019-08-15,7.023499965667725,6.848209857940674,1.5290000438690186
2019-08-16,7.02400016784668,6.848209857940674,1.5390000343322754
2019-08-19,7.041900157928467,6.848209857940674,1.5980000495910645
2019-08-20,7.049799919128418,6.848209857940674,1.5609999895095825
2019-08-21,7.059599876403809,6.848209857940674,1.5770000219345093
2019-08-22,7.062399864196777,6.848209857940674,1.6100000143051147
2019-08-23,7.082699775695801,6.848209857940674,1.527999997138977
2019-08-26,7.09499979019165,6.848209857940674,1.5449999570846558
2019-08-27,7.150300025939941,6.848209857940674,1.4900000095367432
2019-08-28,7.161399841308594,6.848209857940674,1.465999960899353
2019-08-29,7.155300140380859,6.848209857940674,1.5160000324249268
2019-08-30,7.143599987030029,6.848209857940674,1.50600004196167
2019-09-02,7.155700206756592,6.848209857940674,
2019-09-03,7.171000003814697,6.848209857940674,1.465999960899353
2019-09-04,7.177999973297119,6.848209857940674,1.4589999914169312
2019-09-05,7.145100116729736,6.848209857940674,1.565000057220459
2019-09-06,7.14769983291626,6.848209857940674,1.5499999523162842
2019-09-09,7.114699840545654,6.848209857940674,1.621999979019165
2019-09-10,7.121099948883057,6.848209857940674,1.7020000219345093
2019-09-11,7.111700057983398,6.848209857940674,1.7330000400543213
2019-09-12,7.115799903869629,6.848209857940674,1.7910000085830688
2019-09-13,7.078400135040283,6.848209857940674,1.902999997138977
2019-09-16,7.078400135040283,6.848209857940674,1.840999960899353
2019-09-17,7.066400051116943,6.848209857940674,1.812000036239624
2019-09-18,7.09089994430542,6.848209857940674,1.7860000133514404
2019-09-19,7.085000038146973,6.848209857940674,1.7740000486373901
2019-09-20,7.095600128173828,6.848209857940674,1.7549999952316284
2019-09-23,7.09060001373291,6.848209857940674,1.7079999446868896
2019-09-24,7.117599964141846,6.848209857940674,1.6349999904632568
2019-09-25,7.115499973297119,6.848209857940674,1.7319999933242798
2019-09-26,7.130799770355225,6.848209857940674,1.684999942779541
2019-09-27,7.1315999031066895,6.848209857940674,1.6749999523162842
2019-09-30,7.121799945831299,6.848209857940674,1.6749999523162842
2019-10-01,7.147500038146973,6.848209857940674,1.6440000534057617
2019-10-02,7.14739990234375,6.848209857940674,1.5959999561309814
2019-10-03,7.147600173950195,6.848209857940674,1.5360000133514404
2019-10-04,7.147500038146973,6.848209857940674,1.5149999856948853
2019-10-07,7.14739990234375,6.848209857940674,1.5529999732971191
2019-10-08,7.14739990234375,6.848209857940674,1.5369999408721924
2019-10-09,7.143499851226807,6.848209857940674,1.5889999866485596
2019-10-10,7.131400108337402,6.848209857940674,1.6579999923706055
2019-10-11,7.115499973297119,6.848209857940674,1.7519999742507935
2019-10-14,7.087200164794922,6.848209857940674,1.7330000400543213
2019-10-15,7.0665998458862305,6.848209857940674,1.7710000276565552
2019-10-16,7.0808000564575195,6.848209857940674,1.7480000257492065
2019-10-17,7.092700004577637,6.848209857940674,1.7569999694824219
2019-10-18,7.076399803161621,6.848209857940674,1.746999979019165
2019-10-21,7.080699920654297,6.848209857940674,1.7920000553131104
2019-10-22,7.066299915313721,6.848209857940674,1.7680000066757202
2019-10-23,7.076200008392334,6.848209857940674,1.7589999437332153
2019-10-24,7.064599990844727,6.848209857940674,1.7660000324249268
2019-10-25,7.0680999755859375,6.848209857940674,1.8009999990463257
2019-10-28,7.064700126647949,6.848209857940674,1.8530000448226929
2019-10-29,7.06689977645874,6.848209857940674,1.8350000381469727
2019-10-30,7.064899921417236,6.848209857940674,1.7979999780654907
2019-10-31,7.0543999671936035,6.848209857940674,1.690999984741211
2019-11-01,7.0381999015808105,6.848209857940674,1.7280000448226929
2019-11-04,7.036399841308594,6.848209857940674,1.7860000133514404
2019-11-05,7.029399871826172,6.848209857940674,1.8660000562667847
2019-11-06,7.008800029754639,6.848209857940674,1.8140000104904175
2019-11-07,6.997200012207031,6.848209857940674,1.9259999990463257
2019-11-08,,6.848209857940674,1.9329999685287476
2019-11-11,6.994999885559082,6.848209857940674,1.9429999589920044
2019-11-12,7.0096001625061035,6.848209857940674,1.909000039100647
2019-11-13,7.006800174713135,6.848209857940674,1.8700000047683716
2019-11-14,7.022600173950195,6.848209857940674,1.815000057220459
2019-11-15,7.019800186157227,6.848209857940674,1.8339999914169312
2019-11-18,7.007299900054932,6.848209857940674,1.8079999685287476
2019-11-19,7.025000095367432,6.848209857940674,1.7860000133514404
2019-11-20,7.026800155639648,6.848209857940674,1.7380000352859497
2019-11-21,7.034999847412109,6.848209857940674,1.7719999551773071
2019-11-22,7.028200149536133,6.848209857940674,1.7740000486373901
2019-11-25,7.038300037384033,6.848209857940674,1.7640000581741333
2019-11-26,7.0355000495910645,6.848209857940674,1.7400000095367432
2019-11-27,7.03249979019165,6.848209857940674,1.7669999599456787
2019-11-28,7.027900218963623,6.848209857940674,
2019-11-29,7.03439998626709,6.848209857940674,1.7760000228881836
2019-12-02,7.031499862670898,6.848209857940674,1.8359999656677246
2019-12-03,7.038300037384033,6.848209857940674,1.7089999914169312
2019-12-04,7.060200214385986,6.848209857940674,1.781000018119812
2019-12-05,7.048900127410889,6.848209857940674,1.7970000505447388
2019-12-06,7.043799877166748,6.848209857940674,1.8420000076293945
2019-12-09,7.034299850463867,6.848209857940674,1.8289999961853027
2019-12-10,7.0381999015808105,6.848209857940674,1.8329999446868896
2019-12-11,7.033299922943115,6.848209857940674,1.7899999618530273
2019-12-12,7.037799835205078,6.848209857940674,1.8969999551773071
2019-12-13,7.019499778747559,6.848209857940674,1.819000005722046
2019-12-16,6.97189998626709,6.848209857940674,1.8919999599456787
2019-12-17,6.981599807739258,6.848209857940674,1.8890000581741333
2019-12-18,6.996200084686279,6.848209857940674,1.9240000247955322
2019-12-19,7.004000186920166,6.848209857940674,1.9079999923706055
2019-12-20,7.009399890899658,6.848209857940674,1.9170000553131104
2019-12-23,7.00570011138916,6.848209857940674,1.934999942779541
2019-12-24,7.0117998123168945,6.848209857940674,1.909999966621399
2019-12-25,7.006400108337402,6.848209857940674,
2019-12-26,6.98829984664917,6.848209857940674,1.9049999713897705
2019-12-27,6.996300220489502,6.848209857940674,1.8739999532699585
2019-12-30,6.994800090789795,6.848209857940674,1.8949999809265137
2019-12-31,6.9857001304626465,6.848209857940674,1.9190000295639038
2020-01-01,6.962299823760986,6.848209857940674,
2020-01-02,6.962200164794922,6.848209857940674,1.8819999694824219
2020-01-03,6.963399887084961,6.848209857940674,1.7879999876022339
2020-01-06,6.9644999504089355,6.848209857940674,1.8109999895095825
2020-01-07,6.9745001792907715,6.848209857940674,1.8270000219345093
2020-01-08,6.944399833679199,6.848209857940674,1.8739999532699585
2020-01-09,6.945199966430664,6.848209857940674,1.8580000400543213
2020-01-10,6.951700210571289,6.848209857940674,1.8250000476837158
2020-01-13,6.909299850463867,6.848209857940674,1.8480000495910645
2020-01-14,6.8927001953125,6.848209857940674,1.8179999589920044
2020-01-15,6.900300025939941,6.848209857940674,1.7879999876022339
2020-01-16,6.889800071716309,6.848209857940674,1.809000015258789
2020-01-17,6.8780999183654785,6.848209857940674,1.8359999656677246
2020-01-20,6.858699798583984,6.848209857940674,
2020-01-21,6.865799903869629,6.848209857940674,1.7690000534057617
2020-01-22,6.904799938201904,6.848209857940674,1.7690000534057617
2020-01-23,6.905700206756592,6.848209857940674,1.7400000095367432
2020-01-24,6.9355998039245605,6.848209857940674,1.680999994277954
2020-01-27,6.935699939727783,6.848209857940674,1.6050000190734863
2020-01-28,6.935699939727783,6.848209857940674,1.6410000324249268
2020-01-29,6.935699939727783,6.848209857940674,1.593999981880188
2020-01-30,6.935699939727783,6.848209857940674,1.5579999685287476
2020-01-31,6.935699939727783,6.848209857940674,1.5199999809265137
2020-02-03,6.935699939727783,6.848209857940674,1.5199999809265137
2020-02-04,7.020599842071533,6.848209857940674,1.6030000448226929
2020-02-05,6.997499942779541,6.848209857940674,1.6490000486373901
2020-02-06,6.972799777984619,6.848209857940674,1.6440000534057617
2020-02-07,6.969799995422363,6.848209857940674,1.5779999494552612
2020-02-10,7.0005998611450195,6.848209857940674,1.5470000505447388
2020-02-11,6.983500003814697,6.848209857940674,1.590000033378601
2020-02-12,6.964900016784668,6.848209857940674,1.6299999952316284
2020-02-13,6.9710001945495605,6.848209857940674,1.6169999837875366
2020-02-14,6.976399898529053,6.848209857940674,1.5880000591278076
2020-02-17,6.986100196838379,6.848209857940674,
2020-02-18,6.979300022125244,6.848209857940674,1.555999994277954
2020-02-19,6.996200084686279,6.848209857940674,1.5700000524520874
2020-02-20,6.997200012207031,6.848209857940674,1.524999976158142
2020-02-21,7.02239990234375,6.848209857940674,1.4709999561309814
2020-02-24,7.026199817657471,6.848209857940674,1.3769999742507935
2020-02-25,7.02839994430542,6.848209857940674,1.3300000429153442
2020-02-26,7.036399841308594,6.848209857940674,1.309999942779541
2020-02-27,7.03980016708374,6.848209857940674,1.2990000247955322
2020-02-28,7.003499984741211,6.848209857940674,1.1269999742507935
2020-03-02,6.990900039672852,6.848209857940674,1.0880000591278076
2020-03-03,6.999800205230713,6.848209857940674,1.0099999904632568
2020-03-04,6.960999965667725,6.848209857940674,0.9919999837875366
2020-03-05,6.965400218963623,6.848209857940674,0.9259999990463257
2020-03-06,6.935999870300293,6.848209857940674,0.7059999704360962
2020-03-09,6.931099891662598,6.848209857940674,0.49900001287460327
2020-03-10,6.9456000328063965,6.848209857940674,0.7480000257492065
2020-03-11,6.955599784851074,6.848209857940674,0.8199999928474426
2020-03-12,6.95959997177124,6.848209857940674,0.8489999771118164
2020-03-13,7.028600215911865,6.848209857940674,0.9509999752044678
2020-03-16,7.007199764251709,6.848209857940674,0.7279999852180481
2020-03-17,6.992700099945068,6.848209857940674,0.996999979019165
2020-03-18,7.006199836730957,6.848209857940674,1.2660000324249268
2020-03-19,7.04640007019043,6.848209857940674,1.11899995803833
2020-03-20,7.107699871063232,6.848209857940674,0.9380000233650208
2020-03-23,7.094799995422363,6.848209857940674,0.7639999985694885
2020-03-24,7.091300010681152,6.848209857940674,0.8159999847412109
2020-03-25,7.061999797821045,6.848209857940674,0.8579999804496765
2020-03-26,7.113500118255615,6.848209857940674,0.8109999895095825
2020-03-27,7.0731000900268555,6.848209857940674,0.7490000128746033
2020-03-30,7.095300197601318,6.848209857940674,0.6700000166893005
2020-03-31,7.0991997718811035,6.848209857940674,0.6980000138282776
2020-04-01,7.081399917602539,6.848209857940674,0.6349999904632568
2020-04-02,7.099299907684326,6.848209857940674,0.6269999742507935
2020-04-03,7.083199977874756,6.848209857940674,0.5870000123977661
2020-04-06,7.091300010681152,6.848209857940674,0.6759999990463257
2020-04-07,7.091300010681152,6.848209857940674,0.7360000014305115
2020-04-08,7.0447998046875,6.848209857940674,0.7639999985694885
2020-04-09,7.064899921417236,6.848209857940674,0.7289999723434448
2020-04-10,7.042200088500977,6.848209857940674,
2020-04-13,7.035099983215332,6.848209857940674,0.7490000128746033
2020-04-14,7.051599979400635,6.848209857940674,0.7519999742507935
2020-04-15,7.048299789428711,6.848209857940674,0.6380000114440918
2020-04-16,7.066500186920166,6.848209857940674,0.609000027179718
2020-04-17,7.078800201416016,6.848209857940674,0.6539999842643738
2020-04-20,7.072199821472168,6.848209857940674,0.6259999871253967
2020-04-21,7.072400093078613,6.848209857940674,0.5709999799728394
2020-04-22,7.070799827575684,6.848209857940674,0.6190000176429749
2020-04-23,7.083099842071533,6.848209857940674,0.6129999756813049
2020-04-24,7.065199851989746,6.848209857940674,0.5960000157356262
2020-04-27,7.080900192260742,6.848209857940674,0.656000018119812
2020-04-28,7.085299968719482,6.848209857940674,0.6100000143051147
2020-04-29,7.078100204467773,6.848209857940674,0.6269999742507935
2020-04-30,7.075399875640869,6.848209857940674,0.621999979019165
2020-05-01,7.061299800872803,6.848209857940674,0.6420000195503235
2020-05-04,7.061500072479248,6.848209857940674,0.6370000243186951
2020-05-05,7.061500072479248,6.848209857940674,0.6570000052452087
2020-05-06,7.061500072479248,6.848209857940674,0.7110000252723694
2020-05-07,7.103600025177002,6.848209857940674,0.6309999823570251
2020-05-08,7.083799839019775,6.848209857940674,0.6819999814033508
2020-05-11,7.0731000900268555,6.848209857940674,0.7260000109672546
2020-05-12,7.0980000495910645,6.848209857940674,0.6779999732971191
2020-05-13,7.082099914550781,6.848209857940674,0.6489999890327454
2020-05-14,7.091300010681152,6.848209857940674,0.6190000176429749
2020-05-15,7.094699859619141,6.848209857940674,0.6399999856948853
2020-05-18,7.101200103759766,6.848209857940674,0.7440000176429749
2020-05-19,7.10860013961792,6.848209857940674,0.7110000252723694
2020-05-20,7.098199844360352,6.848209857940674,0.6800000071525574
2020-05-21,7.09250020980835,6.848209857940674,0.6769999861717224
2020-05-22,7.114299774169922,6.848209857940674,0.6570000052452087
2020-05-25,7.12939977645874,6.848209857940674,
2020-05-26,7.135700225830078,6.848209857940674,0.6980000138282776
2020-05-27,7.134099960327148,6.848209857940674,0.6800000071525574
2020-05-28,7.1682000160217285,6.848209857940674,0.7049999833106995
2020-05-29,7.145199775695801,6.848209857940674,0.6480000019073486
2020-06-01,7.136300086975098,6.848209857940674,0.6620000004768372
2020-06-02,7.126699924468994,6.848209857940674,0.6800000071525574
2020-06-03,7.099899768829346,6.848209857940674,0.7609999775886536
2020-06-04,7.114699840545654,6.848209857940674,0.8199999928474426
2020-06-05,7.1092000007629395,6.848209857940674,0.9039999842643738
2020-06-08,7.080999851226807,6.848209857940674,0.8840000033378601
2020-06-09,7.070300102233887,6.848209857940674,0.8289999961853027
2020-06-10,7.076300144195557,6.848209857940674,0.7480000257492065
2020-06-11,7.059999942779541,6.848209857940674,0.652999997138977
2020-06-12,7.0640997886657715,6.848209857940674,0.6990000009536743
2020-06-15,7.082399845123291,6.848209857940674,0.7020000219345093
2020-06-16,7.090799808502197,6.848209857940674,0.7559999823570251
2020-06-17,7.085999965667725,6.848209857940674,0.7329999804496765
2020-06-18,7.084499835968018,6.848209857940674,0.6940000057220459
2020-06-19,7.088399887084961,6.848209857940674,0.6970000267028809
2020-06-22,7.071300029754639,6.848209857940674,0.7039999961853027
2020-06-23,7.067399978637695,6.848209857940674,0.7089999914169312
2020-06-24,7.057400226593018,6.848209857940674,0.6840000152587891
2020-06-25,7.077199935913086,6.848209857940674,0.6740000247955322
2020-06-26,7.077199935913086,6.848209857940674,0.6359999775886536
2020-06-29,7.077199935913086,6.848209857940674,0.6359999775886536
2020-06-30,7.079599857330322,6.848209857940674,0.652999997138977
2020-07-01,7.0644001960754395,6.848209857940674,0.6819999814033508
2020-07-02,7.070099830627441,6.848209857940674,0.6690000295639038
2020-07-03,7.065499782562256,6.848209857940674,
2020-07-06,7.065400123596191,6.848209857940674,0.6840000152587891
2020-07-07,7.017300128936768,6.848209857940674,0.6499999761581421
2020-07-08,7.012899875640869,6.848209857940674,0.652999997138977
2020-07-09,7.003499984741211,6.848209857940674,0.6050000190734863
2020-07-10,6.993100166320801,6.848209857940674,0.6330000162124634
2020-07-13,6.992000102996826,6.848209857940674,0.6399999856948853
2020-07-14,6.996399879455566,6.848209857940674,0.6150000095367432
2020-07-15,6.995800018310547,6.848209857940674,0.6299999952316284
2020-07-16,6.987800121307373,6.848209857940674,0.6119999885559082
2020-07-17,6.9882001876831055,6.848209857940674,0.628000020980835
2020-07-20,6.991199970245361,6.848209857940674,0.6200000047683716
2020-07-21,6.9822998046875,6.848209857940674,0.6069999933242798
2020-07-22,6.979700088500977,6.848209857940674,0.5950000286102295
2020-07-23,6.998700141906738,6.848209857940674,0.5820000171661377
2020-07-24,7.0030999183654785,6.848209857940674,0.5889999866485596
2020-07-27,7.01609992980957,6.848209857940674,0.609000027179718
2020-07-28,6.993199825286865,6.848209857940674,0.5809999704360962
2020-07-29,6.99970006942749,6.848209857940674,0.5789999961853027
2020-07-30,7.00029993057251,6.848209857940674,0.5410000085830688
2020-07-31,7.007299900054932,6.848209857940674,0.5360000133514404
2020-08-03,6.9741997718811035,6.848209857940674,0.5630000233650208
2020-08-04,6.979400157928467,6.848209857940674,0.5149999856948853
2020-08-05,6.972700119018555,6.848209857940674,0.5429999828338623
2020-08-06,6.934599876403809,6.848209857940674,0.5360000133514404
2020-08-07,6.952400207519531,6.848209857940674,0.5619999766349792
2020-08-10,6.9670000076293945,6.848209857940674,0.5740000009536743
2020-08-11,6.9608001708984375,6.848209857940674,0.6579999923706055
2020-08-12,6.945300102233887,6.848209857940674,0.6700000166893005
2020-08-13,6.936200141906738,6.848209857940674,0.7160000205039978
2020-08-14,6.943600177764893,6.848209857940674,0.7089999914169312
2020-08-17,6.949399948120117,6.848209857940674,0.6830000281333923
2020-08-18,6.93179988861084,6.848209857940674,0.6690000295639038
2020-08-19,6.92080020904541,6.848209857940674,0.675000011920929
2020-08-20,6.9191999435424805,6.848209857940674,0.6439999938011169
2020-08-21,6.91480016708374,6.848209857940674,0.6399999856948853
2020-08-24,6.918499946594238,6.848209857940674,0.6460000276565552
2020-08-25,6.918900012969971,6.848209857940674,0.6819999814033508
2020-08-26,6.911900043487549,6.848209857940674,0.6869999766349792
2020-08-27,6.884900093078613,6.848209857940674,0.7459999918937683
2020-08-28,6.889200210571289,6.848209857940674,0.7289999723434448
2020-08-31,6.8643999099731445,6.848209857940674,0.6930000185966492
2020-09-01,6.847700119018555,6.848209857940674,0.671999990940094
2020-09-02,6.827499866485596,6.848209857940674,0.6510000228881836
2020-09-03,6.837299823760986,6.848209857940674,0.621999979019165
2020-09-04,6.845799922943115,6.848209857940674,0.7210000157356262
2020-09-07,6.8414998054504395,6.848209857940674,
2020-09-08,6.829500198364258,6.848209857940674,0.6840000152587891
2020-09-09,6.845099925994873,6.848209857940674,0.703000009059906
2020-09-10,6.8317999839782715,6.848209857940674,0.6850000023841858
2020-09-11,6.8333001136779785,6.848209857940674,0.6690000295639038
2020-09-14,6.833399772644043,6.848209857940674,0.6710000038146973
2020-09-15,6.809100151062012,6.848209857940674,0.6790000200271606
2020-09-16,6.780300140380859,6.848209857940674,0.6869999766349792
2020-09-17,6.753699779510498,6.848209857940674,0.6840000152587891
2020-09-18,6.764100074768066,6.848209857940674,0.6940000057220459
2020-09-21,6.76800012588501,6.848209857940674,0.6710000038146973
2020-09-22,6.803699970245361,6.848209857940674,0.6639999747276306
2020-09-23,6.77839994430542,6.848209857940674,0.6759999990463257
2020-09-24,6.808899879455566,6.848209857940674,0.6660000085830688
2020-09-25,6.827700138092041,6.848209857940674,0.6589999794960022
2020-09-28,6.822800159454346,6.848209857940674,0.6629999876022339
2020-09-29,6.810800075531006,6.848209857940674,0.6449999809265137
2020-09-30,6.815400123596191,6.848209857940674,0.6769999861717224
2020-10-01,6.789700031280518,6.848209857940674,0.6769999861717224
2020-10-02,6.789400100708008,6.848209857940674,0.6959999799728394
2020-10-05,6.78980016708374,6.848209857940674,0.7620000243186951
2020-10-06,6.78980016708374,6.848209857940674,0.7419999837875366
2020-10-07,6.78980016708374,6.848209857940674,0.7850000262260437
2020-10-08,6.789700031280518,6.848209857940674,0.7649999856948853
2020-10-09,6.7891998291015625,6.848209857940674,0.7749999761581421
2020-10-12,6.693699836730957,6.848209857940674,0.7770000100135803
2020-10-13,6.7444000244140625,6.848209857940674,0.7269999980926514
2020-10-14,6.745500087738037,6.848209857940674,0.722000002861023
2020-10-15,6.713600158691406,6.848209857940674,0.7310000061988831
2020-10-16,6.723899841308594,6.848209857940674,0.7440000176429749
2020-10-19,6.696599960327148,6.848209857940674,0.7609999775886536
2020-10-20,6.680699825286865,6.848209857940674,0.796999990940094
2020-10-21,6.67519998550415,6.848209857940674,0.8159999847412109
2020-10-22,6.650000095367432,6.848209857940674,0.8479999899864197
2020-10-23,6.683499813079834,6.848209857940674,0.8410000205039978
2020-10-26,6.685699939727783,6.848209857940674,0.8009999990463257
2020-10-27,6.711299896240234,6.848209857940674,0.777999997138977
2020-10-28,6.704400062561035,6.848209857940674,0.781000018119812
2020-10-29,6.72790002822876,6.848209857940674,0.8349999785423279
2020-10-30,6.714000225067139,6.848209857940674,0.8600000143051147
2020-11-02,6.6890997886657715,6.848209857940674,0.8489999771118164
2020-11-03,6.689700126647949,6.848209857940674,0.8820000290870667
2020-11-04,6.676599979400635,6.848209857940674,0.7680000066757202
2020-11-05,6.6519999504089355,6.848209857940674,0.7760000228881836
2020-11-06,6.605199813842773,6.848209857940674,0.8199999928474426
2020-11-09,6.610400199890137,6.848209857940674,0.9580000042915344
2020-11-10,6.6280999183654785,6.848209857940674,0.972000002861023
2020-11-11,6.614799976348877,6.848209857940674,0.9580000042915344
2020-11-12,6.630799770355225,6.848209857940674,0.8849999904632568
2020-11-13,6.610599994659424,6.848209857940674,0.8930000066757202
2020-11-16,6.605400085449219,6.848209857940674,0.906000018119812
2020-11-17,6.583799839019775,6.848209857940674,0.871999979019165
2020-11-18,6.555099964141846,6.848209857940674,0.8820000290870667
2020-11-19,6.559500217437744,6.848209857940674,0.8539999723434448
2020-11-20,6.582399845123291,6.848209857940674,0.8289999961853027
2020-11-23,6.5619001388549805,6.848209857940674,0.8569999933242798
2020-11-24,6.584499835968018,6.848209857940674,0.8820000290870667
2020-11-25,6.590199947357178,6.848209857940674,0.878000020980835
2020-11-26,6.577499866485596,6.848209857940674,
2020-11-27,6.57450008392334,6.848209857940674,0.8420000076293945
2020-11-30,6.576000213623047,6.848209857940674,0.843999981880188
2020-12-01,6.5777997970581055,6.848209857940674,0.9340000152587891
2020-12-02,6.570799827575684,6.848209857940674,0.9480000138282776
2020-12-03,6.562399864196777,6.848209857940674,0.9200000166893005
2020-12-04,6.541399955749512,6.848209857940674,0.968999981880188
2020-12-07,6.530600070953369,6.848209857940674,0.9279999732971191
2020-12-08,6.52869987487793,6.848209857940674,0.9129999876022339
2020-12-09,6.531700134277344,6.848209857940674,0.9409999847412109
2020-12-10,6.542200088500977,6.848209857940674,0.9079999923706055
2020-12-11,6.544400215148926,6.848209857940674,0.8930000066757202
2020-12-14,6.5457000732421875,6.848209857940674,0.8920000195503235
2020-12-15,6.549699783325195,6.848209857940674,0.9229999780654907
2020-12-16,6.538300037384033,6.848209857940674,0.9200000166893005
2020-12-17,6.531300067901611,6.848209857940674,0.9300000071525574
2020-12-18,6.532100200653076,6.848209857940674,0.9480000138282776
2020-12-21,6.535999774932861,6.848209857940674,0.9409999847412109
2020-12-22,6.5482001304626465,6.848209857940674,0.9179999828338623
2020-12-23,6.542200088500977,6.848209857940674,0.9549999833106995
2020-12-24,6.539599895477295,6.848209857940674,0.9279999732971191
2020-12-25,6.5289998054504395,6.848209857940674,
2020-12-28,6.540800094604492,6.848209857940674,0.9330000281333923
2020-12-29,6.535600185394287,6.848209857940674,0.9350000023841858
2020-12-30,6.53000020980835,6.848209857940674,0.9259999990463257
2020-12-31,6.522200107574463,6.848209857940674,0.9169999957084656
2021-01-01,6.531700134277344,6.848209857940674,
2021-01-04,6.5320000648498535,6.848209857940674,0.9169999957084656
2021-01-05,6.4604997634887695,6.848209857940674,0.9549999833106995
2021-01-06,6.4552001953125,6.848209857940674,1.0420000553131104
2021-01-07,6.460700035095215,6.848209857940674,1.0709999799728394
2021-01-08,6.477200031280518,6.848209857940674,1.1050000190734863
2021-01-11,6.474299907684326,6.848209857940674,1.1319999694824219
2021-01-12,6.479700088500977,6.848209857940674,1.1380000114440918
2021-01-13,6.462900161743164,6.848209857940674,1.0880000591278076
2021-01-14,6.4670000076293945,6.848209857940674,1.128999948501587
2021-01-15,6.473100185394287,6.848209857940674,1.097000002861023
2021-01-18,6.479700088500977,6.848209857940674,
2021-01-19,6.491399765014648,6.848209857940674,1.0920000076293945
2021-01-20,6.47790002822876,6.848209857940674,1.090000033378601
2021-01-21,6.465400218963623,6.848209857940674,1.1089999675750732
2021-01-22,6.461400032043457,6.848209857940674,1.090999960899353
2021-01-25,6.480800151824951,6.848209857940674,1.0399999618530273
2021-01-26,6.478700160980225,6.848209857940674,1.0399999618530273
2021-01-27,6.463699817657471,6.848209857940674,1.0140000581741333
2021-01-28,6.482100009918213,6.848209857940674,1.0570000410079956
2021-01-29,6.448400020599365,6.848209857940674,1.093000054359436
2021-02-01,6.426799774169922,6.848209857940674,1.0770000219345093
2021-02-02,6.46750020980835,6.848209857940674,1.1050000190734863
2021-02-03,6.456399917602539,6.848209857940674,1.13100004196167
2021-02-04,6.459199905395508,6.848209857940674,1.1390000581741333
2021-02-05,6.470699787139893,6.848209857940674,1.1699999570846558
2021-02-08,6.465700149536133,6.848209857940674,1.159999966621399
2021-02-09,6.447999954223633,6.848209857940674,1.156999945640564
2021-02-10,6.434199810028076,6.848209857940674,1.1330000162124634
2021-02-11,6.457200050354004,6.848209857940674,1.1579999923706055
2021-02-12,6.456900119781494,6.848209857940674,1.2000000476837158
2021-02-15,6.457200050354004,6.848209857940674,
2021-02-16,6.457200050354004,6.848209857940674,1.2990000247955322
2021-02-17,6.457099914550781,6.848209857940674,1.3009999990463257
2021-02-18,6.457600116729736,6.848209857940674,1.2869999408721924
2021-02-19,6.487199783325195,6.848209857940674,1.3450000286102295
2021-02-22,6.485799789428711,6.848209857940674,1.3700000047683716
2021-02-23,6.463099956512451,6.848209857940674,1.3619999885559082
2021-02-24,6.4629998207092285,6.848209857940674,1.3890000581741333
2021-02-25,6.455999851226807,6.848209857940674,1.5180000066757202
2021-02-26,6.453800201416016,6.848209857940674,1.4600000381469727
2021-03-01,6.47790002822876,6.848209857940674,1.4459999799728394
2021-03-02,6.463200092315674,6.848209857940674,1.4149999618530273
2021-03-03,6.4695000648498535,6.848209857940674,1.4700000286102295
2021-03-04,6.466800212860107,6.848209857940674,1.5499999523162842
2021-03-05,6.468999862670898,6.848209857940674,1.5540000200271606
2021-03-08,6.495699882507324,6.848209857940674,1.5959999561309814
2021-03-09,6.524600028991699,6.848209857940674,1.5460000038146973
2021-03-10,6.5055999755859375,6.848209857940674,1.5199999809265137
2021-03-11,6.504899978637695,6.848209857940674,1.5269999504089355
2021-03-12,6.493000030517578,6.848209857940674,1.6349999904632568
2021-03-15,6.498499870300293,6.848209857940674,1.6069999933242798
2021-03-16,6.498899936676025,6.848209857940674,1.621000051498413
2021-03-17,6.505000114440918,6.848209857940674,1.6410000324249268
2021-03-18,6.502600193023682,6.848209857940674,1.7300000190734863
2021-03-19,6.504799842834473,6.848209857940674,1.7319999933242798
2021-03-22,6.499000072479248,6.848209857940674,1.684000015258789
2021-03-23,6.50629997253418,6.848209857940674,1.6380000114440918
2021-03-24,6.514900207519531,6.848209857940674,1.6139999628067017
2021-03-25,6.514599800109863,6.848209857940674,1.6139999628067017
2021-03-26,6.5447998046875,6.848209857940674,1.659999966621399
2021-03-29,6.540500164031982,6.848209857940674,1.7209999561309814
2021-03-30,6.568699836730957,6.848209857940674,1.7259999513626099
2021-03-31,6.571000099182129,6.848209857940674,1.746000051498413
2021-04-01,6.551199913024902,6.848209857940674,1.6790000200271606
2021-04-02,6.5644001960754395,6.848209857940674,
2021-04-05,6.566500186920166,6.848209857940674,1.7200000286102295
2021-04-06,6.565899848937988,6.848209857940674,1.656000018119812
2021-04-07,6.53849983215332,6.848209857940674,1.652999997138977
2021-04-08,6.540999889373779,6.848209857940674,1.6319999694824219
2021-04-09,6.550000190734863,6.848209857940674,1.6660000085830688
2021-04-12,6.552000045776367,6.848209857940674,1.6749999523162842
2021-04-13,6.547900199890137,6.848209857940674,1.6230000257492065
2021-04-14,6.542600154876709,6.848209857940674,1.6380000114440918
2021-04-15,6.52810001373291,6.848209857940674,1.5299999713897705
2021-04-16,6.521299839019775,6.848209857940674,1.5729999542236328
2021-04-19,6.511099815368652,6.848209857940674,1.6009999513626099
2021-04-20,6.509300231933594,6.848209857940674,1.562000036239624
2021-04-21,6.498499870300293,6.848209857940674,1.5640000104904175
2021-04-22,6.489999771118164,6.848209857940674,1.5540000200271606
2021-04-23,6.490300178527832,6.848209857940674,1.5670000314712524
2021-04-26,6.4944000244140625,6.848209857940674,1.5700000524520874
2021-04-27,6.484499931335449,6.848209857940674,1.621999979019165
2021-04-28,6.482100009918213,6.848209857940674,1.6200000047683716
2021-04-29,6.47790002822876,6.848209857940674,1.6399999856948853
2021-04-30,6.471199989318848,6.848209857940674,1.63100004196167
2021-05-03,6.473499774932861,6.848209857940674,1.6069999933242798
2021-05-04,6.472799777984619,6.848209857940674,1.5920000076293945
2021-05-05,6.472799777984619,6.848209857940674,1.5839999914169312
2021-05-06,6.4730000495910645,6.848209857940674,1.5609999895095825
2021-05-07,6.463200092315674,6.848209857940674,1.5770000219345093
2021-05-10,6.43149995803833,6.848209857940674,1.6019999980926514
2021-05-11,6.41510009765625,6.848209857940674,1.6239999532699585
2021-05-12,6.428299903869629,6.848209857940674,1.6950000524520874
2021-05-13,6.4552001953125,6.848209857940674,1.6679999828338623
2021-05-14,6.450900077819824,6.848209857940674,1.6349999904632568
2021-05-17,6.436100006103516,6.848209857940674,1.6399999856948853
2021-05-18,6.438199996948242,6.848209857940674,1.6419999599456787
2021-05-19,6.424200057983398,6.848209857940674,1.6829999685287476
2021-05-20,6.434000015258789,6.848209857940674,1.6339999437332153
2021-05-21,6.433899879455566,6.848209857940674,1.6319999694824219
2021-05-24,6.433199882507324,6.848209857940674,1.6080000400543213
2021-05-25,6.418300151824951,6.848209857940674,1.5640000104904175
2021-05-26,6.409999847412109,6.848209857940674,1.5740000009536743
2021-05-27,6.390699863433838,6.848209857940674,1.6100000143051147
2021-05-28,6.381999969482422,6.848209857940674,1.5809999704360962
2021-05-31,6.367400169372559,6.848209857940674,
2021-06-01,6.36899995803833,6.848209857940674,1.6150000095367432
2021-06-02,6.38070011138916,6.848209857940674,1.590999960899353
2021-06-03,6.380099773406982,6.848209857940674,1.625
2021-06-04,6.402699947357178,6.848209857940674,1.559999942779541
2021-06-07,6.3942999839782715,6.848209857940674,1.569000005722046
2021-06-08,6.396299839019775,6.848209857940674,1.527999997138977
2021-06-09,6.399499893188477,6.848209857940674,1.4889999628067017
2021-06-10,6.386499881744385,6.848209857940674,1.4589999914169312
2021-06-11,6.392300128936768,6.848209857940674,1.4620000123977661
2021-06-14,6.39769983291626,6.848209857940674,1.5010000467300415
2021-06-15,6.397200107574463,6.848209857940674,1.4989999532699585
2021-06-16,6.40500020980835,6.848209857940674,1.569000005722046
2021-06-17,6.396699905395508,6.848209857940674,1.5110000371932983
2021-06-18,6.447400093078613,6.848209857940674,1.4500000476837158
2021-06-21,6.452099800109863,6.848209857940674,1.4839999675750732
2021-06-22,6.46589994430542,6.848209857940674,1.472000002861023
2021-06-23,6.480299949645996,6.848209857940674,1.4869999885559082
2021-06-24,6.4730000495910645,6.848209857940674,1.4869999885559082
2021-06-25,6.4710001945495605,6.848209857940674,1.5360000133514404
2021-06-28,6.446300029754639,6.848209857940674,1.4780000448226929
2021-06-29,6.455100059509277,6.848209857940674,1.4800000190734863
2021-06-30,6.463099956512451,6.848209857940674,1.4429999589920044
2021-07-01,6.456200122833252,6.848209857940674,1.4800000190734863
2021-07-02,6.467599868774414,6.848209857940674,1.430999994277954
2021-07-05,6.472099781036377,6.848209857940674,
2021-07-06,6.462800025939941,6.848209857940674,1.3700000047683716
2021-07-07,6.478099822998047,6.848209857940674,1.3209999799728394
2021-07-08,6.471499919891357,6.848209857940674,1.2879999876022339
2021-07-09,6.489099979400635,6.848209857940674,1.3559999465942383
2021-07-12,6.478000164031982,6.848209857940674,1.3630000352859497
2021-07-13,6.474599838256836,6.848209857940674,1.4149999618530273
2021-07-14,6.46750020980835,6.848209857940674,1.3559999465942383
2021-07-15,6.468299865722656,6.848209857940674,1.2970000505447388
2021-07-16,6.460100173950195,6.848209857940674,1.2999999523162842
2021-07-19,6.4781999588012695,6.848209857940674,1.180999994277954
2021-07-20,6.4893999099731445,6.848209857940674,1.2089999914169312
2021-07-21,6.48390007019043,6.848209857940674,1.2799999713897705
2021-07-22,6.4670000076293945,6.848209857940674,1.2649999856948853
2021-07-23,6.469699859619141,6.848209857940674,1.2860000133514404
2021-07-26,6.480400085449219,6.848209857940674,1.2760000228881836
2021-07-27,6.4816999435424805,6.848209857940674,1.2339999675750732
2021-07-28,6.509699821472168,6.848209857940674,1.2610000371932983
2021-07-29,6.4893999099731445,6.848209857940674,1.2690000534057617
2021-07-30,6.4552998542785645,6.848209857940674,1.2389999628067017
2021-08-02,6.4604997634887695,6.848209857940674,1.1740000247955322
2021-08-03,6.460999965667725,6.848209857940674,1.1759999990463257
2021-08-04,6.469200134277344,6.848209857940674,1.184000015258789
2021-08-05,6.465199947357178,6.848209857940674,1.2170000076293945
2021-08-06,6.460299968719482,6.848209857940674,1.2899999618530273
2021-08-09,6.482500076293945,6.848209857940674,1.3170000314712524
2021-08-10,6.485199928283691,6.848209857940674,1.3420000076293945
2021-08-11,6.484899997711182,6.848209857940674,1.3289999961853027
2021-08-12,6.4781999588012695,6.848209857940674,1.3669999837875366
2021-08-13,6.478300094604492,6.848209857940674,1.2970000505447388
2021-08-16,6.476399898529053,6.848209857940674,1.2569999694824219
2021-08-17,6.473599910736084,6.848209857940674,1.2580000162124634
2021-08-18,6.485099792480469,6.848209857940674,1.2730000019073486
2021-08-19,6.4832000732421875,6.848209857940674,1.2419999837875366
2021-08-20,6.49370002746582,6.848209857940674,1.2599999904632568
2021-08-23,6.491600036621094,6.848209857940674,1.2549999952316284
2021-08-24,6.480000019073486,6.848209857940674,1.2899999618530273
2021-08-25,6.469900131225586,6.848209857940674,1.3420000076293945
2021-08-26,6.474899768829346,6.848209857940674,1.3420000076293945
2021-08-27,6.480500221252441,6.848209857940674,1.312000036239624
2021-08-30,6.470799922943115,6.848209857940674,1.284999966621399
2021-08-31,6.465099811553955,6.848209857940674,1.3040000200271606
2021-09-01,6.45959997177124,6.848209857940674,1.3020000457763672
2021-09-02,6.459000110626221,6.848209857940674,1.2940000295639038
2021-09-03,6.455399990081787,6.848209857940674,1.3220000267028809
2021-09-06,6.451900005340576,6.848209857940674,
2021-09-07,6.456699848175049,6.848209857940674,1.3700000047683716
2021-09-08,6.4654998779296875,6.848209857940674,1.3339999914169312
2021-09-09,6.460700035095215,6.848209857940674,1.2990000247955322
2021-09-10,6.4542999267578125,6.848209857940674,1.340999960899353
2021-09-13,6.443399906158447,6.848209857940674,1.3240000009536743
2021-09-14,6.450799942016602,6.848209857940674,1.2769999504089355
2021-09-15,6.438300132751465,6.848209857940674,1.3040000200271606
2021-09-16,6.431399822235107,6.848209857940674,1.3309999704360962
2021-09-17,6.456600189208984,6.848209857940674,1.3700000047683716
2021-09-20,6.465199947357178,6.848209857940674,1.309000015258789
2021-09-21,6.465000152587891,6.848209857940674,1.3240000009536743
2021-09-22,6.466000080108643,6.848209857940674,1.3359999656677246
2021-09-23,6.4608001708984375,6.848209857940674,1.409999966621399
2021-09-24,6.457900047302246,6.848209857940674,1.4600000381469727
2021-09-27,6.465700149536133,6.848209857940674,1.4839999675750732
2021-09-28,6.455999851226807,6.848209857940674,1.534000039100647
2021-09-29,6.459000110626221,6.848209857940674,1.5410000085830688
2021-09-30,6.469600200653076,6.848209857940674,1.5290000438690186
2021-10-01,6.445499897003174,6.848209857940674,1.4789999723434448
2021-10-04,6.445700168609619,6.848209857940674,1.4809999465942383
2021-10-05,6.445199966430664,6.848209857940674,1.5290000438690186
2021-10-06,6.445199966430664,6.848209857940674,1.5240000486373901
2021-10-07,6.445199966430664,6.848209857940674,1.5709999799728394
2021-10-08,6.445199966430664,6.848209857940674,1.6050000190734863
2021-10-11,6.442299842834473,6.848209857940674,1.6139999628067017
2021-10-12,6.4496002197265625,6.848209857940674,1.5800000429153442
2021-10-13,6.447999954223633,6.848209857940674,1.5490000247955322
2021-10-14,6.426599979400635,6.848209857940674,1.5190000534057617
2021-10-15,6.439000129699707,6.848209857940674,1.5759999752044678
2021-10-18,6.434800148010254,6.848209857940674,1.5839999914169312
2021-10-19,6.428899765014648,6.848209857940674,1.6349999904632568
2021-10-20,6.381800174713135,6.848209857940674,1.6360000371932983
2021-10-21,6.392899990081787,6.848209857940674,1.6759999990463257
2021-10-22,6.3917999267578125,6.848209857940674,1.6549999713897705
2021-10-25,6.383900165557861,6.848209857940674,1.6349999904632568
2021-10-26,6.384699821472168,6.848209857940674,1.61899995803833
2021-10-27,6.381499767303467,6.848209857940674,1.5290000438690186
2021-10-28,6.391600131988525,6.848209857940674,1.5679999589920044
2021-10-29,6.390399932861328,6.848209857940674,1.5570000410079956
2021-11-01,6.404699802398682,6.848209857940674,1.5750000476837158
2021-11-02,6.396200180053711,6.848209857940674,1.5490000247955322
2021-11-03,6.398900032043457,6.848209857940674,1.5789999961853027
2021-11-04,6.406199932098389,6.848209857940674,1.5240000486373901
2021-11-05,6.396399974822998,6.848209857940674,1.4529999494552612
2021-11-08,6.397900104522705,6.848209857940674,1.496999979019165
2021-11-09,6.391600131988525,6.848209857940674,1.4320000410079956
2021-11-10,6.39169979095459,6.848209857940674,1.559999942779541
2021-11-11,6.3881001472473145,6.848209857940674,1.559999942779541
2021-11-12,6.389500141143799,6.848209857940674,1.5820000171661377
2021-11-15,6.378600120544434,6.848209857940674,1.6230000257492065
2021-11-16,6.3821001052856445,6.848209857940674,1.6339999437332153
2021-11-17,6.39109992980957,6.848209857940674,1.6039999723434448
2021-11-18,6.3769001960754395,6.848209857940674,1.5889999866485596
2021-11-19,6.385000228881836,6.848209857940674,1.5360000133514404
2021-11-22,6.386199951171875,6.848209857940674,1.625
2021-11-23,6.384300231933594,6.848209857940674,1.6670000553131104
2021-11-24,6.3907999992370605,6.848209857940674,1.6449999809265137
2021-11-25,6.3917999267578125,6.848209857940674,
2021-11-26,6.386000156402588,6.848209857940674,1.4819999933242798
2021-11-29,6.392000198364258,6.848209857940674,1.5299999713897705
2021-11-30,6.38700008392334,6.848209857940674,1.4429999589920044
2021-12-01,6.3632001876831055,6.848209857940674,1.434000015258789
2021-12-02,6.367300033569336,6.848209857940674,1.4479999542236328
2021-12-03,6.3755998611450195,6.848209857940674,1.343000054359436
2021-12-06,6.37529993057251,6.848209857940674,1.434000015258789
2021-12-07,6.374800205230713,6.848209857940674,1.4800000190734863
2021-12-08,6.366300106048584,6.848209857940674,1.5089999437332153
2021-12-09,6.343699932098389,6.848209857940674,1.4869999885559082
2021-12-10,6.376500129699707,6.848209857940674,1.4889999628067017
2021-12-13,6.360000133514404,6.848209857940674,1.4240000247955322
2021-12-14,6.365499973297119,6.848209857940674,1.437999963760376
2021-12-15,6.366499900817871,6.848209857940674,1.4630000591278076
2021-12-16,6.366499900817871,6.848209857940674,1.4220000505447388
2021-12-17,6.367199897766113,6.848209857940674,1.4019999504089355
2021-12-20,6.374000072479248,6.848209857940674,1.4190000295639038
2021-12-21,6.374599933624268,6.848209857940674,1.4869999885559082
2021-12-22,6.37060022354126,6.848209857940674,1.4570000171661377
2021-12-23,6.369100093841553,6.848209857940674,1.4930000305175781
2021-12-24,6.368800163269043,6.848209857940674,
2021-12-27,6.366600036621094,6.848209857940674,1.4809999465942383
2021-12-28,6.369800090789795,6.848209857940674,1.4809999465942383
2021-12-29,6.367199897766113,6.848209857940674,1.5429999828338623
2021-12-30,6.367300033569336,6.848209857940674,1.5149999856948853
2021-12-31,6.372099876403809,6.848209857940674,1.5119999647140503
2022-01-03,6.354899883270264,6.848209857940674,1.628000020980835
2022-01-04,6.355100154876709,6.848209857940674,1.6679999828338623
2022-01-05,6.354300022125244,6.848209857940674,1.7050000429153442
2022-01-06,6.354000091552734,6.848209857940674,1.7330000400543213
2022-01-07,6.381899833679199,6.848209857940674,1.7710000276565552
2022-01-10,6.376200199127197,6.848209857940674,1.7799999713897705
2022-01-11,6.373899936676025,6.848209857940674,1.746000051498413
2022-01-12,6.372900009155273,6.848209857940674,1.725000023841858
2022-01-13,6.357600212097168,6.848209857940674,1.7109999656677246
2022-01-14,6.358099937438965,6.848209857940674,1.7719999551773071
2022-01-17,6.351500034332275,6.848209857940674,
2022-01-18,6.346700191497803,6.848209857940674,1.8650000095367432
2022-01-19,6.352200031280518,6.848209857940674,1.8270000219345093
2022-01-20,6.343500137329102,6.848209857940674,1.8329999446868896
2022-01-21,6.3394999504089355,6.848209857940674,1.746999979019165
2022-01-24,6.337699890136719,6.848209857940674,1.7350000143051147
2022-01-25,6.329800128936768,6.848209857940674,1.7829999923706055
2022-01-26,6.326499938964844,6.848209857940674,1.8480000495910645
2022-01-27,6.3196001052856445,6.848209857940674,1.8070000410079956
2022-01-28,6.3668999671936035,6.848209857940674,1.781999945640564
2022-01-31,6.35099983215332,6.848209857940674,1.781999945640564
2022-02-01,6.359499931335449,6.848209857940674,1.7999999523162842
2022-02-02,6.359499931335449,6.848209857940674,1.7660000324249268
2022-02-03,6.359499931335449,6.848209857940674,1.8270000219345093
2022-02-04,6.359499931335449,6.848209857940674,1.9299999475479126
2022-02-07,6.359499931335449,6.848209857940674,1.9160000085830688
2022-02-08,6.35230016708374,6.848209857940674,1.9539999961853027
2022-02-09,6.365699768066406,6.848209857940674,1.9290000200271606
2022-02-10,6.361400127410889,6.848209857940674,2.0309998989105225
2022-02-11,6.35260009765625,6.848209857940674,1.9550000429153442
2022-02-14,6.353099822998047,6.848209857940674,1.996000051498413
2022-02-15,6.355899810791016,6.848209857940674,2.0450000762939453
2022-02-16,6.3379998207092285,6.848209857940674,2.046999931335449
2022-02-17,6.335599899291992,6.848209857940674,1.972000002861023
2022-02-18,6.3358001708984375,6.848209857940674,1.9320000410079956
2022-02-21,6.32420015335083,6.848209857940674,
2022-02-22,6.334199905395508,6.848209857940674,1.9479999542236328
2022-02-23,6.325300216674805,6.848209857940674,1.9769999980926514
2022-02-24,6.312300205230713,6.848209857940674,1.968999981880188
2022-02-25,6.3267998695373535,6.848209857940674,1.9859999418258667
2022-02-28,6.315999984741211,6.848209857940674,1.8389999866485596
2022-03-01,6.3084001541137695,6.848209857940674,1.7070000171661377
2022-03-02,6.311500072479248,6.848209857940674,1.8650000095367432
2022-03-03,6.3196001052856445,6.848209857940674,1.843999981880188
2022-03-04,6.319200038909912,6.848209857940674,1.7239999771118164
2022-03-07,6.316699981689453,6.848209857940674,1.7510000467300415
2022-03-08,6.319300174713135,6.848209857940674,1.871999979019165
2022-03-09,6.317599773406982,6.848209857940674,1.9479999542236328
2022-03-10,6.3165998458862305,6.848209857940674,2.010999917984009
2022-03-11,6.320799827575684,6.848209857940674,2.003999948501587
2022-03-14,6.338699817657471,6.848209857940674,2.140000104904175
2022-03-15,6.364500045776367,6.848209857940674,2.1600000858306885
2022-03-16,6.369100093841553,6.848209857940674,2.187999963760376
2022-03-17,6.351200103759766,6.848209857940674,2.191999912261963
2022-03-18,6.3454999923706055,6.848209857940674,2.1480000019073486
2022-03-21,6.360199928283691,6.848209857940674,2.315000057220459
2022-03-22,6.354499816894531,6.848209857940674,2.372999906539917
2022-03-23,6.365300178527832,6.848209857940674,2.321000099182129
2022-03-24,6.371300220489502,6.848209857940674,2.3410000801086426
2022-03-25,6.366300106048584,6.848209857940674,2.492000102996826
2022-03-28,6.365200042724609,6.848209857940674,2.4769999980926514
2022-03-29,6.370699882507324,6.848209857940674,2.4000000953674316
2022-03-30,6.363100051879883,6.848209857940674,2.3580000400543213
2022-03-31,6.346199989318848,6.848209857940674,2.3269999027252197
2022-04-01,6.338900089263916,6.848209857940674,2.377000093460083
2022-04-04,6.362100124359131,6.848209857940674,2.4119999408721924
2022-04-05,6.362400054931641,6.848209857940674,2.555999994277954
2022-04-06,6.363100051879883,6.848209857940674,2.6089999675750732
2022-04-07,6.358500003814697,6.848209857940674,2.6519999504089355
2022-04-08,6.3597002029418945,6.848209857940674,2.7130000591278076
2022-04-11,6.363999843597412,6.848209857940674,2.7799999713897705
2022-04-12,6.36870002746582,6.848209857940674,2.7249999046325684
2022-04-13,6.364999771118164,6.848209857940674,2.687000036239624
2022-04-14,6.367199897766113,6.848209857940674,2.828000068664551
2022-04-15,6.377399921417236,6.848209857940674,
2022-04-18,6.370200157165527,6.848209857940674,2.861999988555908
2022-04-19,6.366199970245361,6.848209857940674,2.9130001068115234
2022-04-20,6.392399787902832,6.848209857940674,2.8399999141693115
2022-04-21,6.417699813842773,6.848209857940674,2.9170000553131104
2022-04-22,6.4492998123168945,6.848209857940674,2.9059998989105225
2022-04-25,6.50029993057251,6.848209857940674,2.8259999752044678
2022-04-26,6.5578999519348145,6.848209857940674,2.7720000743865967
2022-04-27,6.556300163269043,6.848209857940674,2.818000078201294
2022-04-28,6.559500217437744,6.848209857940674,2.86299991607666
2022-04-29,6.62529993057251,6.848209857940674,2.88700008392334
2022-05-02,6.607500076293945,6.848209857940674,2.996000051498413
2022-05-03,6.607500076293945,6.848209857940674,2.9600000381469727
2022-05-04,6.607399940490723,6.848209857940674,2.9170000553131104
2022-05-05,6.607500076293945,6.848209857940674,3.065999984741211
2022-05-06,6.654600143432617,6.848209857940674,3.122999906539917
2022-05-09,6.665599822998047,6.848209857940674,3.0789999961853027
2022-05-10,6.729800224304199,6.848209857940674,2.993000030517578
2022-05-11,6.73360013961792,6.848209857940674,2.9210000038146973
2022-05-12,6.720699787139893,6.848209857940674,2.816999912261963
2022-05-13,6.785900115966797,6.848209857940674,2.934999942779541
2022-05-16,6.788000106811523,6.848209857940674,2.877000093460083
2022-05-17,6.785099983215332,6.848209857940674,2.9679999351501465
2022-05-18,6.736199855804443,6.848209857940674,2.885999917984009
2022-05-19,6.753399848937988,6.848209857940674,2.8550000190734863
2022-05-20,6.712100028991699,6.848209857940674,2.7869999408721924
2022-05-23,6.691999912261963,6.848209857940674,2.8589999675750732
2022-05-24,6.649799823760986,6.848209857940674,2.759999990463257
2022-05-25,6.6529998779296875,6.848209857940674,2.749000072479248
2022-05-26,6.691699981689453,6.848209857940674,2.75600004196167
2022-05-27,6.737800121307373,6.848209857940674,2.743000030517578
2022-05-30,6.6975998878479,6.848209857940674,
2022-05-31,6.660299777984619,6.848209857940674,2.8440001010894775
2022-06-01,6.6717000007629395,6.848209857940674,2.930999994277954
2022-06-02,6.685200214385986,6.848209857940674,2.9130001068115234
2022-06-03,6.659200191497803,6.848209857940674,2.9570000171661377
2022-06-06,6.659299850463867,6.848209857940674,3.0380001068115234
2022-06-07,6.652900218963623,6.848209857940674,2.9719998836517334
2022-06-08,6.6697001457214355,6.848209857940674,3.0290000438690186
2022-06-09,6.682700157165527,6.848209857940674,3.0439999103546143
2022-06-10,6.690800189971924,6.848209857940674,3.1559998989105225
2022-06-13,6.707900047302246,6.848209857940674,3.365999937057495
2022-06-14,6.753499984741211,6.848209857940674,3.4830000400543213
2022-06-15,6.739500045776367,6.848209857940674,3.3949999809265137
2022-06-16,6.712299823760986,6.848209857940674,3.306999921798706
2022-06-17,6.703400135040283,6.848209857940674,3.239000082015991
2022-06-20,6.715700149536133,6.848209857940674,
2022-06-21,6.691400051116943,6.848209857940674,3.306999921798706
2022-06-22,6.688399791717529,6.848209857940674,3.1559998989105225
2022-06-23,6.701099872589111,6.848209857940674,3.068000078201294
2022-06-24,6.697299957275391,6.848209857940674,3.125
2022-06-27,6.688799858093262,6.848209857940674,3.194000005722046
2022-06-28,6.690700054168701,6.848209857940674,3.2060000896453857
2022-06-29,6.707300186157227,6.848209857940674,3.0929999351501465
2022-06-30,6.69980001449585,6.848209857940674,2.9719998836517334
2022-07-01,6.698200225830078,6.848209857940674,2.8889999389648438
2022-07-04,6.700500011444092,6.848209857940674,
2022-07-05,6.698599815368652,6.848209857940674,2.809000015258789
2022-07-06,6.718800067901611,6.848209857940674,2.9130001068115234
2022-07-07,6.706500053405762,6.848209857940674,3.007999897003174
2022-07-08,6.700500011444092,6.848209857940674,3.1010000705718994
2022-07-11,6.694300174713135,6.848209857940674,2.990999937057495
2022-07-12,6.717199802398682,6.848209857940674,2.9579999446868896
2022-07-13,6.723299980163574,6.848209857940674,2.9040000438690186
2022-07-14,6.717599868774414,6.848209857940674,2.9600000381469727
2022-07-15,6.755199909210205,6.848209857940674,2.930000066757202
2022-07-18,6.756499767303467,6.848209857940674,2.9600000381469727
2022-07-19,6.742300033569336,6.848209857940674,3.0190000534057617
2022-07-20,6.74370002746582,6.848209857940674,3.0360000133514404
2022-07-21,6.754899978637695,6.848209857940674,2.9100000858306885
2022-07-22,6.765600204467773,6.848209857940674,2.7829999923706055
2022-07-25,6.750500202178955,6.848209857940674,2.819999933242798
2022-07-26,6.749499797821045,6.848209857940674,2.7869999408721924
2022-07-27,6.76230001449585,6.848209857940674,2.7339999675750732
2022-07-28,6.757400035858154,6.848209857940674,2.680999994277954
2022-07-29,6.745800018310547,6.848209857940674,2.6419999599456787
2022-08-01,6.743199825286865,6.848209857940674,2.6059999465942383
2022-08-02,6.7677001953125,6.848209857940674,2.740999937057495
2022-08-03,6.751800060272217,6.848209857940674,2.747999906539917
2022-08-04,6.756999969482422,6.848209857940674,2.6760001182556152
2022-08-05,6.747799873352051,6.848209857940674,2.8399999141693115
2022-08-08,6.760900020599365,6.848209857940674,2.765000104904175
2022-08-09,6.749899864196777,6.848209857940674,2.796999931335449
2022-08-10,6.751699924468994,6.848209857940674,2.7860000133514404
2022-08-11,6.722799777984619,6.848209857940674,2.888000011444092
2022-08-12,6.743599891662598,6.848209857940674,2.8489999771118164
2022-08-15,6.741799831390381,6.848209857940674,2.7909998893737793
2022-08-16,6.771999835968018,6.848209857940674,2.8239998817443848
2022-08-17,6.787399768829346,6.848209857940674,2.8929998874664307
2022-08-18,6.779900074005127,6.848209857940674,2.880000114440918
2022-08-19,6.784599781036377,6.848209857940674,2.989000082015991
2022-08-22,6.815700054168701,6.848209857940674,3.0369999408721924
2022-08-23,6.847899913787842,6.848209857940674,3.053999900817871
2022-08-24,6.833600044250488,6.848209857940674,3.1059999465942383
2022-08-25,6.858500003814697,6.848209857940674,3.0260000228881836
2022-08-26,6.848299980163574,6.848209857940674,3.0350000858306885
2022-08-29,6.870800018310547,6.848209857940674,3.109999895095825
2022-08-30,6.9070000648498535,6.848209857940674,3.109999895095825
2022-08-31,6.910799980163574,6.848209857940674,3.132999897003174
2022-09-01,6.888899803161621,6.848209857940674,3.265000104904175
2022-09-02,6.9054999351501465,6.848209857940674,3.193000078201294
2022-09-05,6.89900016784668,6.848209857940674,
2022-09-06,6.93310022354126,6.848209857940674,3.3399999141693115
2022-09-07,6.953100204467773,6.848209857940674,3.265000104904175
2022-09-08,6.9653000831604,6.848209857940674,3.2920000553131104
2022-09-09,6.956500053405762,6.848209857940674,3.321000099182129
2022-09-12,6.92549991607666,6.848209857940674,3.361999988555908
2022-09-13,6.925000190734863,6.848209857940674,3.421999931335449
2022-09-14,6.924099922180176,6.848209857940674,3.4119999408721924
2022-09-15,6.960999965667725,6.848209857940674,3.4590001106262207
2022-09-16,6.993000030517578,6.848209857940674,3.447999954223633
2022-09-19,6.979000091552734,6.848209857940674,3.490000009536743
2022-09-20,7.0055999755859375,6.848209857940674,3.571000099182129
2022-09-21,7.017199993133545,6.848209857940674,3.509999990463257
2022-09-22,7.047900199890137,6.848209857940674,3.7079999446868896
2022-09-23,7.076600074768066,6.848209857940674,3.697000026702881
2022-09-26,7.127399921417236,6.848209857940674,3.878000020980835
2022-09-27,7.1479997634887695,6.848209857940674,3.9639999866485596
2022-09-28,7.176799774169922,6.848209857940674,3.7049999237060547
2022-09-29,7.198999881744385,6.848209857940674,3.746999979019165
2022-09-30,7.123899936676025,6.848209857940674,3.803999900817871
2022-10-03,7.114999771118164,6.848209857940674,3.6510000228881836
2022-10-04,7.1149001121521,6.848209857940674,3.617000102996826
2022-10-05,7.114999771118164,6.848209857940674,3.759000062942505
2022-10-06,7.114999771118164,6.848209857940674,3.8259999752044678
2022-10-07,7.114999771118164,6.848209857940674,3.882999897003174
2022-10-10,7.114999771118164,6.848209857940674,3.888000011444092
2022-10-11,7.153600215911865,6.848209857940674,3.938999891281128
2022-10-12,7.164400100708008,6.848209857940674,3.9019999504089355
2022-10-13,7.174099922180176,6.848209857940674,3.9519999027252197
2022-10-14,7.16949987411499,6.848209857940674,4.010000228881836
2022-10-17,7.190000057220459,6.848209857940674,4.014999866485596
2022-10-18,7.195499897003174,6.848209857940674,3.997999906539917
2022-10-19,7.2006001472473145,6.848209857940674,4.126999855041504
2022-10-20,7.22730016708374,6.848209857940674,4.22599983215332
2022-10-21,7.215799808502197,6.848209857940674,4.2129998207092285
2022-10-24,7.242800235748291,6.848209857940674,4.234000205993652
2022-10-25,7.261899948120117,6.848209857940674,4.107999801635742
2022-10-26,7.303800106048584,6.848209857940674,4.014999866485596
2022-10-27,7.171899795532227,6.848209857940674,3.937000036239624
2022-10-28,7.22790002822876,6.848209857940674,4.010000228881836
2022-10-31,7.251399993896484,6.848209857940674,4.077000141143799
2022-11-01,7.301799774169922,6.848209857940674,4.052000045776367
2022-11-02,7.276599884033203,6.848209857940674,4.059000015258789
2022-11-03,7.288700103759766,6.848209857940674,4.124000072479248
2022-11-04,7.30079984664917,6.848209857940674,4.156000137329102
2022-11-07,7.175099849700928,6.848209857940674,4.214000225067139
2022-11-08,7.228799819946289,6.848209857940674,4.125999927520752
2022-11-09,7.248199939727783,6.848209857940674,4.151000022888184
2022-11-10,7.240799903869629,6.848209857940674,3.8289999961853027
2022-11-11,7.1859002113342285,6.848209857940674,3.812999963760376
2022-11-14,7.107100009918213,6.848209857940674,3.865000009536743
2022-11-15,7.07289981842041,6.848209857940674,3.7990000247955322
2022-11-16,7.043000221252441,6.848209857940674,3.691999912261963
2022-11-17,7.087200164794922,6.848209857940674,3.7750000953674316
2022-11-18,7.156199932098389,6.848209857940674,3.818000078201294
2022-11-21,7.118899822235107,6.848209857940674,3.825000047683716
2022-11-22,7.1641998291015625,6.848209857940674,3.757999897003174
2022-11-23,7.1392998695373535,6.848209857940674,3.7060000896453857
2022-11-24,7.165800094604492,6.848209857940674,
2022-11-25,7.150300025939941,6.848209857940674,3.690999984741211
2022-11-28,7.170499801635742,6.848209857940674,3.703000068664551
2022-11-29,7.207099914550781,6.848209857940674,3.747999906539917
2022-11-30,7.15939998626709,6.848209857940674,3.703000068664551
2022-12-01,7.076200008392334,6.848209857940674,3.5290000438690186
2022-12-02,7.043700218200684,6.848209857940674,3.50600004196167
2022-12-05,7.023900032043457,6.848209857940674,3.5989999771118164
2022-12-06,6.960899829864502,6.848209857940674,3.513000011444092
2022-12-07,6.994900226593018,6.848209857940674,3.4079999923706055
2022-12-08,6.972599983215332,6.848209857940674,3.490999937057495
2022-12-09,6.966300010681152,6.848209857940674,3.566999912261963
2022-12-12,6.956600189208984,6.848209857940674,3.6110000610351562
2022-12-13,6.976500034332275,6.848209857940674,3.500999927520752
2022-12-14,6.943399906158447,6.848209857940674,3.503000020980835
2022-12-15,6.949900150299072,6.848209857940674,3.450000047683716
2022-12-16,6.9721999168396,6.848209857940674,3.4820001125335693
2022-12-19,6.972099781036377,6.848209857940674,3.5810000896453857
2022-12-20,6.978600025177002,6.848209857940674,3.684000015258789
2022-12-21,6.9608001708984375,6.848209857940674,3.684000015258789
2022-12-22,6.980599880218506,6.848209857940674,3.6689999103546143
2022-12-23,6.982999801635742,6.848209857940674,3.750999927520752
2022-12-26,6.988699913024902,6.848209857940674,
2022-12-27,6.96120023727417,6.848209857940674,3.859999895095825
2022-12-28,6.959000110626221,6.848209857940674,3.88700008392334
2022-12-29,6.97760009765625,6.848209857940674,3.8350000381469727
2022-12-30,6.963099956512451,6.848209857940674,3.878999948501587
2023-01-02,6.896900177001953,6.848209857940674,
2023-01-03,6.89709997177124,6.848209857940674,3.7929999828338623
2023-01-04,6.914100170135498,6.848209857940674,3.7090001106262207
2023-01-05,6.887800216674805,6.848209857940674,3.7200000286102295
2023-01-06,6.881499767303467,6.848209857940674,3.569000005722046
2023-01-09,6.837399959564209,6.848209857940674,3.5169999599456787
2023-01-10,6.770999908447266,6.848209857940674,3.621000051498413
2023-01-11,6.777400016784668,6.848209857940674,3.553999900817871
2023-01-12,6.769000053405762,6.848209857940674,3.4489998817443848
2023-01-13,6.737800121307373,6.848209857940674,3.510999917984009
2023-01-16,6.7017998695373535,6.848209857940674,
2023-01-17,6.732500076293945,6.848209857940674,3.5350000858306885
2023-01-18,6.77239990234375,6.848209857940674,3.375
2023-01-19,6.747099876403809,6.848209857940674,3.3970000743865967
2023-01-20,6.7758002281188965,6.848209857940674,3.4839999675750732
2023-01-23,6.782599925994873,6.848209857940674,3.5250000953674316
2023-01-24,6.7829999923706055,6.848209857940674,3.4690001010894775
2023-01-25,6.7835001945495605,6.848209857940674,3.4619998931884766
2023-01-26,6.782899856567383,6.848209857940674,3.493000030517578
2023-01-27,6.78249979019165,6.848209857940674,3.5179998874664307
2023-01-30,6.782400131225586,6.848209857940674,3.5510001182556152
2023-01-31,6.747799873352051,6.848209857940674,3.5290000438690186
2023-02-01,6.753600120544434,6.848209857940674,3.3970000743865967
2023-02-02,6.740799903869629,6.848209857940674,3.3959999084472656
2023-02-03,6.731500148773193,6.848209857940674,3.5320000648498535
2023-02-06,6.774199962615967,6.848209857940674,3.634000062942505
2023-02-07,6.794000148773193,6.848209857940674,3.6740000247955322
2023-02-08,6.791200160980225,6.848209857940674,3.6530001163482666
2023-02-09,6.7881999015808105,6.848209857940674,3.683000087738037
2023-02-10,6.779699802398682,6.848209857940674,3.74399995803833
2023-02-13,6.808300018310547,6.848209857940674,3.7170000076293945
2023-02-14,6.821899890899658,6.848209857940674,3.760999917984009
2023-02-15,6.825900077819824,6.848209857940674,3.809000015258789
2023-02-16,6.851900100708008,6.848209857940674,3.8429999351501465
2023-02-17,6.8597002029418945,6.848209857940674,3.828000068664551
2023-02-20,6.857600212097168,6.848209857940674,
2023-02-21,6.854100227355957,6.848209857940674,3.9549999237060547
2023-02-22,6.872499942779541,6.848209857940674,3.9230000972747803
2023-02-23,6.891300201416016,6.848209857940674,3.878999948501587
2023-02-24,6.9070000648498535,6.848209857940674,3.9489998817443848
2023-02-27,6.954999923706055,6.848209857940674,3.921999931335449
2023-02-28,6.943900108337402,6.848209857940674,3.9159998893737793
2023-03-01,6.932300090789795,6.848209857940674,3.99399995803833
2023-03-02,6.868000030517578,6.848209857940674,4.072999954223633
2023-03-03,6.91379976272583,6.848209857940674,3.9639999866485596
2023-03-06,6.906799793243408,6.848209857940674,3.9830000400543213
2023-03-07,6.9293999671936035,6.848209857940674,3.9749999046325684
2023-03-08,6.961400032043457,6.848209857940674,3.9760000705718994
2023-03-09,6.950300216674805,6.848209857940674,3.924999952316284
2023-03-10,6.963600158691406,6.848209857940674,3.694999933242798
2023-03-13,6.905200004577637,6.848209857940674,3.515000104904175
2023-03-14,6.844600200653076,6.848209857940674,3.638000011444092
2023-03-15,6.870500087738037,6.848209857940674,3.492000102996826
2023-03-16,6.905900001525879,6.848209857940674,3.5850000381469727
2023-03-17,6.897500038146973,6.848209857940674,3.3949999809265137
2023-03-20,6.886099815368652,6.848209857940674,3.4809999465942383
2023-03-21,6.877699851989746,6.848209857940674,3.6059999465942383
2023-03-22,6.882999897003174,6.848209857940674,3.5
2023-03-23,6.879199981689453,6.848209857940674,3.4059998989105225
2023-03-24,6.818399906158447,6.848209857940674,3.380000114440918
2023-03-27,6.867000102996826,6.848209857940674,3.5280001163482666
2023-03-28,6.884399890899658,6.848209857940674,3.563999891281128
2023-03-29,6.873300075531006,6.848209857940674,3.565999984741211
2023-03-30,6.8856000900268555,6.848209857940674,3.5510001182556152
2023-03-31,6.8703999519348145,6.848209857940674,3.49399995803833
2023-04-03,6.868000030517578,6.848209857940674,3.430000066757202
2023-04-04,6.877299785614014,6.848209857940674,3.3369998931884766
2023-04-05,6.878799915313721,6.848209857940674,3.2869999408721924
2023-04-06,6.878499984741211,6.848209857940674,3.2880001068115234
2023-04-07,6.874899864196777,6.848209857940674,
2023-04-10,6.86929988861084,6.848209857940674,3.4149999618530273
2023-04-11,6.881100177764893,6.848209857940674,3.434000015258789
2023-04-12,6.885499954223633,6.848209857940674,3.4210000038146973
2023-04-13,6.873700141906738,6.848209857940674,3.4519999027252197
2023-04-14,6.867800235748291,6.848209857940674,3.5220000743865967
2023-04-17,6.8703999519348145,6.848209857940674,3.5910000801086426
2023-04-18,6.878799915313721,6.848209857940674,3.572000026702881
2023-04-19,6.874899864196777,6.848209857940674,3.6019999980926514
2023-04-20,6.8850998878479,6.848209857940674,3.5450000762939453
2023-04-21,6.872099876403809,6.848209857940674,3.569999933242798
2023-04-24,6.892499923706055,6.848209857940674,3.515000104904175
2023-04-25,6.894899845123291,6.848209857940674,3.3959999084472656
2023-04-26,6.931600093841553,6.848209857940674,3.431999921798706
2023-04-27,6.92579984664917,6.848209857940674,3.5280001163482666
2023-04-28,6.922299861907959,6.848209857940674,3.4519999027252197
2023-05-01,6.911099910736084,6.848209857940674,3.5739998817443848
2023-05-02,6.910999774932861,6.848209857940674,3.438999891281128
2023-05-03,6.910600185394287,6.848209857940674,3.4030001163482666
2023-05-04,6.910600185394287,6.848209857940674,3.3510000705718994
2023-05-05,6.905700206756592,6.848209857940674,3.446000099182129
2023-05-08,6.9095001220703125,6.848209857940674,3.5209999084472656
2023-05-09,6.911499977111816,6.848209857940674,3.5209999084472656
2023-05-10,6.919400215148926,6.848209857940674,3.438999891281128
2023-05-11,6.932199954986572,6.848209857940674,3.3970000743865967
2023-05-12,6.947700023651123,6.848209857940674,3.4630000591278076
2023-05-15,6.957300186157227,6.848209857940674,3.507999897003174
2023-05-16,6.951600074768066,6.848209857940674,3.5490000247955322
2023-05-17,6.976600170135498,6.848209857940674,3.5810000896453857
2023-05-18,6.997099876403809,6.848209857940674,3.6480000019073486
2023-05-19,7.035099983215332,6.848209857940674,3.691999912261963
2023-05-22,7.006899833679199,6.848209857940674,3.7190001010894775
2023-05-23,7.030900001525879,6.848209857940674,3.697999954223633
2023-05-24,7.056399822235107,6.848209857940674,3.7190001010894775
2023-05-25,7.059800148010254,6.848209857940674,3.813999891281128
2023-05-26,7.077400207519531,6.848209857940674,3.809999942779541
2023-05-29,7.054800033569336,6.848209857940674,
2023-05-30,7.072299957275391,6.848209857940674,3.700000047683716
2023-05-31,7.078999996185303,6.848209857940674,3.63700008392334
2023-06-01,7.110799789428711,6.848209857940674,3.6080000400543213
2023-06-02,7.0929999351501465,6.848209857940674,3.690999984741211
2023-06-05,7.083799839019775,6.848209857940674,3.693000078201294
2023-06-06,7.105000019073486,6.848209857940674,3.6989998817443848
2023-06-07,7.118800163269043,6.848209857940674,3.7839999198913574
2023-06-08,7.128799915313721,6.848209857940674,3.7139999866485596
2023-06-09,7.111199855804443,6.848209857940674,3.744999885559082
2023-06-12,7.127600193023682,6.848209857940674,3.765000104904175
2023-06-13,7.144599914550781,6.848209857940674,3.8389999866485596
2023-06-14,7.166500091552734,6.848209857940674,3.7960000038146973
2023-06-15,7.162600040435791,6.848209857940674,3.7279999256134033
2023-06-16,7.119900226593018,6.848209857940674,3.7690000534057617
2023-06-19,7.1255998611450195,6.848209857940674,
2023-06-20,7.160399913787842,6.848209857940674,3.7290000915527344
2023-06-21,7.180799961090088,6.848209857940674,3.7230000495910645
2023-06-22,7.178400039672852,6.848209857940674,3.7990000247955322
2023-06-23,7.178500175476074,6.848209857940674,3.739000082015991
2023-06-26,7.178500175476074,6.848209857940674,3.7190001010894775
2023-06-27,7.236499786376953,6.848209857940674,3.7679998874664307
2023-06-28,7.218699932098389,6.848209857940674,3.7100000381469727
2023-06-29,7.2434000968933105,6.848209857940674,3.8540000915527344
2023-06-30,7.251800060272217,6.848209857940674,3.819000005722046
2023-07-03,7.242400169372559,6.848209857940674,3.8580000400543213
2023-07-04,7.239799976348877,6.848209857940674,
2023-07-05,7.213500022888184,6.848209857940674,3.944999933242798
2023-07-06,7.246399879455566,6.848209857940674,4.040999889373779
2023-07-07,7.249199867248535,6.848209857940674,4.050000190734863
2023-07-10,7.211299896240234,6.848209857940674,4.00600004196167
2023-07-11,7.230599880218506,6.848209857940674,3.9800000190734863
2023-07-12,7.209199905395508,6.848209857940674,3.8610000610351562
2023-07-13,7.165299892425537,6.848209857940674,3.760999917984009
2023-07-14,7.150000095367432,6.848209857940674,3.819000005722046
2023-07-17,7.1402997970581055,6.848209857940674,3.796999931335449
2023-07-18,7.170599937438965,6.848209857940674,3.7890000343322754
2023-07-19,7.179299831390381,6.848209857940674,3.742000102996826
2023-07-20,7.225900173187256,6.848209857940674,3.8540000915527344
2023-07-21,7.176499843597412,6.848209857940674,3.8369998931884766
2023-07-24,7.1778998374938965,6.848209857940674,3.8570001125335693
2023-07-25,7.185299873352051,6.848209857940674,3.9119999408721924
2023-07-26,7.13539981842041,6.848209857940674,3.8510000705718994
2023-07-27,7.150000095367432,6.848209857940674,4.01200008392334
2023-07-28,7.173099994659424,6.848209857940674,3.9690001010894775
2023-07-31,7.102799892425537,6.848209857940674,3.9590001106262207
2023-08-01,7.095699787139893,6.848209857940674,4.051000118255615
2023-08-02,7.176499843597412,6.848209857940674,4.078000068664551
2023-08-03,7.190400123596191,6.848209857940674,4.189000129699707
2023-08-04,7.162799835205078,6.848209857940674,4.059999942779541
2023-08-07,7.131199836730957,6.848209857940674,4.078000068664551
2023-08-08,7.192299842834473,6.848209857940674,4.026000022888184
2023-08-09,7.215700149536133,6.848209857940674,4.01200008392334
2023-08-10,7.208600044250488,6.848209857940674,4.079999923706055
2023-08-11,7.214700222015381,6.848209857940674,4.168000221252441
2023-08-14,7.192299842834473,6.848209857940674,4.184000015258789
2023-08-15,7.257299900054932,6.848209857940674,4.2210001945495605
2023-08-16,7.281499862670898,6.848209857940674,4.257999897003174
2023-08-17,7.296999931335449,6.848209857940674,4.308000087738037
2023-08-18,7.280399799346924,6.848209857940674,4.250999927520752
2023-08-21,7.280700206756592,6.848209857940674,4.3420000076293945
2023-08-22,7.197999954223633,6.848209857940674,4.328000068664551
2023-08-23,7.292399883270264,6.848209857940674,4.197999954223633
2023-08-24,7.170499801635742,6.848209857940674,4.235000133514404
2023-08-25,7.276500225067139,6.848209857940674,4.238999843597412
2023-08-28,7.289000034332275,6.848209857940674,4.211999893188477
2023-08-29,7.289100170135498,6.848209857940674,4.122000217437744
2023-08-30,7.279399871826172,6.848209857940674,4.118000030517578
2023-08-31,7.283599853515625,6.848209857940674,4.0929999351501465
2023-09-01,7.256899833679199,6.848209857940674,4.172999858856201
2023-09-04,7.140100002288818,6.848209857940674,
2023-09-05,7.271900177001953,6.848209857940674,4.26800012588501
2023-09-06,7.303400039672852,6.848209857940674,4.289999961853027
2023-09-07,7.315899848937988,6.848209857940674,4.260000228881836
2023-09-08,7.3277997970581055,6.848209857940674,4.257999897003174
2023-09-11,7.232399940490723,6.848209857940674,4.288000106811523
2023-09-12,7.288000106811523,6.848209857940674,4.263999938964844
2023-09-13,7.290900230407715,6.848209857940674,4.249000072479248
2023-09-14,7.268799781799316,6.848209857940674,4.288000106811523
2023-09-15,7.275899887084961,6.848209857940674,4.322000026702881
2023-09-18,7.273900032043457,6.848209857940674,4.318999767303467
2023-09-19,7.290599822998047,6.848209857940674,4.364999771118164
2023-09-20,7.295599937438965,6.848209857940674,4.348999977111816
2023-09-21,7.285999774932861,6.848209857940674,4.480000019073486
2023-09-22,7.30649995803833,6.848209857940674,4.438000202178955
2023-09-25,7.297500133514404,6.848209857940674,4.541999816894531
2023-09-26,7.309899806976318,6.848209857940674,4.558000087738037
2023-09-27,7.310699939727783,6.848209857940674,4.625999927520752
2023-09-28,7.30810022354126,6.848209857940674,4.5970001220703125
2023-09-29,7.299900054931641,6.848209857940674,4.572999954223633
2023-10-02,7.163599967956543,6.848209857940674,4.683000087738037
2023-10-03,7.179900169372559,6.848209857940674,4.802000045776367
2023-10-04,7.194300174713135,6.848209857940674,4.735000133514404
2023-10-05,7.200300216674805,6.848209857940674,4.7170000076293945
2023-10-06,7.197700023651123,6.848209857940674,4.783999919891357
2023-10-09,7.30049991607666,6.848209857940674,4.796999931335449
2023-10-10,7.29040002822876,6.848209857940674,4.65500020980835
2023-10-11,7.295000076293945,6.848209857940674,4.59499979019165
2023-10-12,7.298699855804443,6.848209857940674,4.711999893188477
2023-10-13,7.301499843597412,6.848209857940674,4.629000186920166
2023-10-16,7.168099880218506,6.848209857940674,4.711999893188477
2023-10-17,7.309299945831299,6.848209857940674,4.8470001220703125
2023-10-18,7.311699867248535,6.848209857940674,4.9039998054504395
2023-10-19,7.313499927520752,6.848209857940674,4.98799991607666
2023-10-20,7.311200141906738,6.848209857940674,4.923999786376953
2023-10-23,7.315400123596191,6.848209857940674,4.8379998207092285
2023-10-24,7.3140997886657715,6.848209857940674,4.840000152587891
2023-10-25,7.309000015258789,6.848209857940674,4.953000068664551
2023-10-26,7.315700054168701,6.848209857940674,4.84499979019165
2023-10-27,7.314899921417236,6.848209857940674,4.84499979019165
2023-10-30,7.158699989318848,6.848209857940674,4.875
2023-10-31,7.312099933624268,6.848209857940674,4.875
2023-11-01,7.315499782562256,6.848209857940674,4.789000034332275
2023-11-02,7.315899848937988,6.848209857940674,4.669000148773193
2023-11-03,7.3140997886657715,6.848209857940674,4.558000087738037
2023-11-06,7.298500061035156,6.848209857940674,4.6620001792907715
2023-11-07,7.268599987030029,6.848209857940674,4.571000099182129
2023-11-08,7.27810001373291,6.848209857940674,4.5229997634887695
2023-11-09,7.279300212860107,6.848209857940674,4.630000114440918
2023-11-10,7.282299995422363,6.848209857940674,4.627999782562256
2023-11-13,7.18179988861084,6.848209857940674,4.631999969482422
2023-11-14,7.289000034332275,6.848209857940674,4.440999984741211
2023-11-15,7.252099990844727,6.848209857940674,4.534999847412109
2023-11-16,7.245800018310547,6.848209857940674,4.445000171661377
2023-11-17,7.241000175476074,6.848209857940674,4.440999984741211
2023-11-20,7.209700107574463,6.848209857940674,4.421999931335449
2023-11-21,7.167500019073486,6.848209857940674,4.418000221252441
2023-11-22,7.086900234222412,6.848209857940674,4.415999889373779
2023-11-23,7.154200077056885,6.848209857940674,
2023-11-24,7.0858001708984375,6.848209857940674,4.4720001220703125
2023-11-27,7.081900119781494,6.848209857940674,4.388999938964844
2023-11-28,7.130300045013428,6.848209857940674,4.335999965667725
2023-11-29,7.063799858093262,6.848209857940674,4.270999908447266
2023-11-30,7.07889986038208,6.848209857940674,4.3520002365112305
2023-12-01,7.075399875640869,6.848209857940674,4.22599983215332
2023-12-04,7.061800003051758,6.848209857940674,4.288000106811523
2023-12-05,7.135200023651123,6.848209857940674,4.171000003814697
2023-12-06,7.145599842071533,6.848209857940674,4.120999813079834
2023-12-07,7.144599914550781,6.848209857940674,4.129000186920166
2023-12-08,7.148799896240234,6.848209857940674,4.244999885559082
2023-12-11,7.1265997886657715,6.848209857940674,4.238999843597412
2023-12-12,7.174200057983398,6.848209857940674,4.205999851226807
2023-12-13,7.176000118255615,6.848209857940674,4.0329999923706055
2023-12-14,7.1717000007629395,6.848209857940674,3.930000066757202
2023-12-15,7.066999912261963,6.848209857940674,3.927999973297119
2023-12-18,7.070499897003174,6.848209857940674,3.9539999961853027
2023-12-19,7.131999969482422,6.848209857940674,3.921999931335449
2023-12-20,7.067599773406982,6.848209857940674,3.877000093460083
2023-12-21,7.134099960327148,6.848209857940674,3.8940000534057617
2023-12-22,7.138500213623047,6.848209857940674,3.9010000228881836
2023-12-25,7.0833001136779785,6.848209857940674,
2023-12-26,7.135499954223633,6.848209857940674,3.885999917984009
2023-12-27,7.142399787902832,6.848209857940674,3.7890000343322754
2023-12-28,7.140200138092041,6.848209857940674,3.8499999046325684
2023-12-29,7.10699987411499,6.848209857940674,3.865999937057495
2024-01-01,7.068600177764893,6.848209857940674,
2024-01-02,7.068600177764893,6.848209857940674,3.946000099182129
2024-01-03,7.089600086212158,6.848209857940674,3.9070000648498535
2024-01-04,7.098899841308594,6.848209857940674,3.990999937057495
2024-01-05,7.110000133514404,6.848209857940674,4.041999816894531
2024-01-08,7.09250020980835,6.848209857940674,4.001999855041504
2024-01-09,7.090000152587891,6.848209857940674,4.019000053405762
2024-01-10,7.101600170135498,6.848209857940674,4.03000020980835
2024-01-11,7.170400142669678,6.848209857940674,3.9769999980926514
2024-01-12,7.103099822998047,6.848209857940674,3.950000047683716
2024-01-15,7.100599765777588,6.848209857940674,
2024-01-16,7.0970001220703125,6.848209857940674,4.065999984741211
2024-01-17,7.116499900817871,6.848209857940674,4.105999946594238
2024-01-18,7.114500045776367,6.848209857940674,4.144000053405762
2024-01-19,7.114999771118164,6.848209857940674,4.145999908447266
2024-01-22,7.107100009918213,6.848209857940674,4.093999862670898
2024-01-23,7.192699909210205,6.848209857940674,4.142000198364258
2024-01-24,7.077600002288818,6.848209857940674,4.177999973297119
2024-01-25,7.081999778747559,6.848209857940674,4.131999969482422
2024-01-26,7.081099987030029,6.848209857940674,4.159999847412109
2024-01-29,7.086599826812744,6.848209857940674,4.091000080108643
2024-01-30,7.084499835968018,6.848209857940674,4.059000015258789
2024-01-31,7.094099998474121,6.848209857940674,3.9670000076293945
2024-02-01,7.1006999015808105,6.848209857940674,3.86299991607666
2024-02-02,7.088500022888184,6.848209857940674,4.0329999923706055
2024-02-05,7.112599849700928,6.848209857940674,4.164000034332275
2024-02-06,7.108500003814697,6.848209857940674,4.090000152587891
2024-02-07,7.100100040435791,6.848209857940674,4.110000133514404
2024-02-08,7.101099967956543,6.848209857940674,4.170000076293945
2024-02-09,7.10699987411499,6.848209857940674,4.186999797821045
2024-02-12,7.178999900817871,6.848209857940674,4.171999931335449
2024-02-13,7.192200183868408,6.848209857940674,4.315999984741211
2024-02-14,7.188700199127197,6.848209857940674,4.267000198364258
2024-02-15,7.175899982452393,6.848209857940674,4.239999771118164
2024-02-16,7.163899898529053,6.848209857940674,4.295000076293945
2024-02-19,7.118599891662598,6.848209857940674,
2024-02-20,7.197199821472168,6.848209857940674,4.275000095367432
2024-02-21,7.189700126647949,6.848209857940674,4.324999809265137
2024-02-22,7.1880998611450195,6.848209857940674,4.327000141143799
2024-02-23,7.193299770355225,6.848209857940674,4.260000228881836
2024-02-26,7.194399833679199,6.848209857940674,4.298999786376953
2024-02-27,7.196300029754639,6.848209857940674,4.315000057220459
2024-02-28,7.197400093078613,6.848209857940674,4.27400016784668
2024-02-29,7.196000099182129,6.848209857940674,4.251999855041504
2024-03-01,7.18720006942749,6.848209857940674,4.179999828338623
2024-03-04,7.195799827575684,6.848209857940674,4.218999862670898
2024-03-05,7.19890022277832,6.848209857940674,4.13700008392334
2024-03-06,7.196000099182129,6.848209857940674,4.104000091552734
2024-03-07,7.195899963378906,6.848209857940674,4.0920000076293945
2024-03-08,7.192299842834473,6.848209857940674,4.089000225067139
2024-03-11,7.185200214385986,6.848209857940674,4.104000091552734
2024-03-12,7.183800220489502,6.848209857940674,4.15500020980835
2024-03-13,7.181000232696533,6.848209857940674,4.191999912261963
2024-03-14,7.186600208282471,6.848209857940674,4.297999858856201
2024-03-15,7.192200183868408,6.848209857940674,4.303999900817871
2024-03-18,7.195000171661377,6.848209857940674,4.340000152587891
2024-03-19,7.197199821472168,6.848209857940674,4.296999931335449
2024-03-20,7.197999954223633,6.848209857940674,4.2729997634887695
2024-03-21,7.1975998878479,6.848209857940674,4.270999908447266
2024-03-22,7.198200225830078,6.848209857940674,4.2179999351501465
2024-03-25,7.228099822998047,6.848209857940674,4.252999782562256
2024-03-26,7.208399772644043,6.848209857940674,4.234000205993652
2024-03-27,7.217700004577637,6.848209857940674,4.196000099182129
2024-03-28,7.225800037384033,6.848209857940674,4.205999851226807
2024-03-29,7.226500034332275,6.848209857940674,
2024-04-01,7.220300197601318,6.848209857940674,4.328999996185303
2024-04-02,7.229700088500977,6.848209857940674,4.364999771118164
2024-04-03,7.232399940490723,6.848209857940674,4.355000019073486
2024-04-04,7.234399795532227,6.848209857940674,4.309000015258789
2024-04-05,7.23390007019043,6.848209857940674,4.377999782562256
2024-04-08,7.231400012969971,6.848209857940674,4.423999786376953
2024-04-09,7.229700088500977,6.848209857940674,4.366000175476074
2024-04-10,7.2307000160217285,6.848209857940674,4.559999942779541
2024-04-11,7.231500148773193,6.848209857940674,4.576000213623047
2024-04-12,7.235899925231934,6.848209857940674,4.499000072479248
2024-04-15,7.235599994659424,6.848209857940674,4.627999782562256
2024-04-16,7.236999988555908,6.848209857940674,4.658999919891357
2024-04-17,7.236199855804443,6.848209857940674,4.585000038146973
2024-04-18,7.237400054931641,6.848209857940674,4.646999835968018
2024-04-19,7.236700057983398,6.848209857940674,4.614999771118164
2024-04-22,7.2393999099731445,6.848209857940674,4.623000144958496
2024-04-23,7.242499828338623,6.848209857940674,4.5980000495910645
2024-04-24,7.244500160217285,6.848209857940674,4.6519999504089355
2024-04-25,7.244200229644775,6.848209857940674,4.705999851226807
2024-04-26,7.23859977722168,6.848209857940674,4.669000148773193
2024-04-29,7.24459981918335,6.848209857940674,4.613999843597412
2024-04-30,7.23769998550415,6.848209857940674,4.685999870300293
2024-05-01,7.240699768066406,6.848209857940674,4.59499979019165
2024-05-02,7.2399001121521,6.848209857940674,4.571000099182129
2024-05-03,7.238399982452393,6.848209857940674,4.5
2024-05-06,7.236199855804443,6.848209857940674,4.488999843597412
2024-05-07,7.208000183105469,6.848209857940674,4.4629998207092285
2024-05-08,7.218400001525879,6.848209857940674,4.492000102996826
2024-05-09,7.223800182342529,6.848209857940674,4.448999881744385
2024-05-10,7.218699932098389,6.848209857940674,4.504000186920166
2024-05-13,7.225800037384033,6.848209857940674,4.480999946594238
2024-05-14,7.2322998046875,6.848209857940674,4.445000171661377
2024-05-15,7.2322998046875,6.848209857940674,4.355999946594238
2024-05-16,7.217700004577637,6.848209857940674,4.376999855041504
2024-05-17,7.2170000076293945,6.848209857940674,4.420000076293945
2024-05-20,7.222700119018555,6.848209857940674,4.436999797821045
2024-05-21,7.2316999435424805,6.848209857940674,4.414000034332275
2024-05-22,7.237599849700928,6.848209857940674,4.434000015258789
2024-05-23,7.240300178527832,6.848209857940674,4.474999904632568
2024-05-24,7.241499900817871,6.848209857940674,4.4670000076293945
2024-05-27,7.241499900817871,6.848209857940674,
2024-05-28,7.241499900817871,6.848209857940674,4.541999816894531
2024-05-29,7.244999885559082,6.848209857940674,4.624000072479248
2024-05-30,7.2494001388549805,6.848209857940674,4.553999900817871
2024-05-31,7.233500003814697,6.848209857940674,4.513999938964844
2024-06-03,7.241000175476074,6.848209857940674,4.4019999504089355
2024-06-04,7.242000102996826,6.848209857940674,4.335999965667725
2024-06-05,7.242000102996826,6.848209857940674,4.289000034332275
2024-06-06,7.246699810028076,6.848209857940674,4.281000137329102
2024-06-07,7.244100093841553,6.848209857940674,4.429999828338623
2024-06-10,7.246799945831299,6.848209857940674,4.468999862670898
2024-06-11,7.246799945831299,6.848209857940674,4.4039998054504395
2024-06-12,7.246699810028076,6.848209857940674,4.295000076293945
2024-06-13,7.238100051879883,6.848209857940674,4.23799991607666
2024-06-14,7.2515997886657715,6.848209857940674,4.2129998207092285
2024-06-17,7.254300117492676,6.848209857940674,4.2789998054504395
2024-06-18,7.255000114440918,6.848209857940674,4.2170000076293945
2024-06-19,7.252699851989746,6.848209857940674,
2024-06-20,7.25629997253418,6.848209857940674,4.254000186920166
2024-06-21,7.259099960327148,6.848209857940674,4.256999969482422
2024-06-24,7.259200096130371,6.848209857940674,4.248000144958496
2024-06-25,7.257699966430664,6.848209857940674,4.23799991607666
2024-06-26,7.26140022277832,6.848209857940674,4.315999984741211
2024-06-27,7.263500213623047,6.848209857940674,4.288000106811523
2024-06-28,7.267199993133545,6.848209857940674,4.3429999351501465
2024-07-01,7.2657999992370605,6.848209857940674,4.479000091552734
2024-07-02,7.266900062561035,6.848209857940674,4.435999870300293
2024-07-03,7.269400119781494,6.848209857940674,4.355000019073486
2024-07-04,7.268599987030029,6.848209857940674,
2024-07-05,7.2657999992370605,6.848209857940674,4.271999835968018
2024-07-08,7.2677998542785645,6.848209857940674,4.269000053405762
2024-07-09,7.267099857330322,6.848209857940674,4.300000190734863
2024-07-10,7.271699905395508,6.848209857940674,4.28000020980835
2024-07-11,7.274499893188477,6.848209857940674,4.192999839782715
2024-07-12,7.254799842834473,6.848209857940674,4.189000129699707
2024-07-15,7.2494001388549805,6.848209857940674,4.229000091552734
2024-07-16,7.258900165557861,6.848209857940674,4.166999816894531
2024-07-17,7.2606000900268555,6.848209857940674,4.145999908447266
2024-07-18,7.259399890899658,6.848209857940674,4.189000129699707
2024-07-19,7.258900165557861,6.848209857940674,4.238999843597412
2024-07-22,7.269000053405762,6.848209857940674,4.260000228881836
2024-07-23,7.27269983291626,6.848209857940674,4.238999843597412
2024-07-24,7.2743000984191895,6.848209857940674,4.285999774932861
2024-07-25,7.261199951171875,6.848209857940674,4.25600004196167
2024-07-26,7.230100154876709,6.848209857940674,4.199999809265137
2024-07-29,7.250100135803223,6.848209857940674,4.177999973297119
2024-07-30,7.258299827575684,6.848209857940674,4.14300012588501
2024-07-31,7.250699996948242,6.848209857940674,4.109000205993652
2024-08-01,7.217199802398682,6.848209857940674,3.9760000705718994
2024-08-02,7.242800235748291,6.848209857940674,3.7920000553131104
2024-08-05,7.157199859619141,6.848209857940674,3.7850000858306885
2024-08-06,7.120200157165527,6.848209857940674,3.888000011444092
2024-08-07,7.156300067901611,6.848209857940674,3.9679999351501465
2024-08-08,7.180300235748291,6.848209857940674,3.996999979019165
2024-08-09,7.173699855804443,6.848209857940674,3.941999912261963
2024-08-12,7.166299819946289,6.848209857940674,3.9089999198913574
2024-08-13,7.173999786376953,6.848209857940674,3.8519999980926514
2024-08-14,7.152900218963623,6.848209857940674,3.819999933242798
2024-08-15,7.13730001449585,6.848209857940674,3.9260001182556152
2024-08-16,7.173399925231934,6.848209857940674,3.8919999599456787
2024-08-19,7.164000034332275,6.848209857940674,3.867000102996826
2024-08-20,7.140500068664551,6.848209857940674,3.818000078201294
2024-08-21,7.131999969482422,6.848209857940674,3.7780001163482666
2024-08-22,7.131800174713135,6.848209857940674,3.861999988555908
2024-08-23,7.144400119781494,6.848209857940674,3.806999921798706
2024-08-26,7.124000072479248,6.848209857940674,3.818000078201294
2024-08-27,7.118100166320801,6.848209857940674,3.8329999446868896
2024-08-28,7.1230998039245605,6.848209857940674,3.8410000801086426
2024-08-29,7.124300003051758,6.848209857940674,3.867000102996826
2024-08-30,7.0954999923706055,6.848209857940674,3.9110000133514404
2024-09-02,7.092100143432617,6.848209857940674,
2024-09-03,7.116600036621094,6.848209857940674,3.8440001010894775
2024-09-04,7.1203999519348145,6.848209857940674,3.7679998874664307
2024-09-05,7.1118998527526855,6.848209857940674,3.7309999465942383
2024-09-06,7.091300010681152,6.848209857940674,3.7100000381469727
2024-09-09,7.087900161743164,6.848209857940674,3.697000026702881
2024-09-10,7.11359977722168,6.848209857940674,3.6459999084472656
2024-09-11,7.120800018310547,6.848209857940674,3.6530001163482666
2024-09-12,7.119699954986572,6.848209857940674,3.680000066757202
2024-09-13,7.116600036621094,6.848209857940674,3.6500000953674316
2024-09-16,7.092700004577637,6.848209857940674,3.621000051498413
2024-09-17,7.09250020980835,6.848209857940674,3.6419999599456787
2024-09-18,7.09250020980835,6.848209857940674,3.684999942779541
2024-09-19,7.080999851226807,6.848209857940674,3.740000009536743
2024-09-20,7.066999912261963,6.848209857940674,3.7279999256134033
2024-09-23,7.050899982452393,6.848209857940674,3.739000082015991
2024-09-24,7.051300048828125,6.848209857940674,3.7360000610351562
2024-09-25,7.030200004577637,6.848209857940674,3.7809998989105225
2024-09-26,7.032299995422363,6.848209857940674,3.7909998893737793
2024-09-27,7.008999824523926,6.848209857940674,3.749000072479248
2024-09-30,7.010300159454346,6.848209857940674,3.802000045776367
2024-10-01,7.017499923706055,6.848209857940674,3.743000030517578
2024-10-02,7.030399799346924,6.848209857940674,3.7850000858306885
2024-10-03,7.037700176239014,6.848209857940674,3.8499999046325684
2024-10-04,7.045100212097168,6.848209857940674,3.9809999465942383
2024-10-07,7.017499923706055,6.848209857940674,4.026000022888184
2024-10-08,7.019100189208984,6.848209857940674,4.0329999923706055
2024-10-09,7.057799816131592,6.848209857940674,4.066999912261963
2024-10-10,7.080100059509277,6.848209857940674,4.0960001945495605
2024-10-11,7.080100059509277,6.848209857940674,4.072999954223633
2024-10-14,7.065199851989746,6.848209857940674,4.0980000495910645
2024-10-15,7.087200164794922,6.848209857940674,4.038000106811523
2024-10-16,7.117800235748291,6.848209857940674,4.015999794006348
2024-10-17,7.1184000968933105,6.848209857940674,4.0960001945495605
2024-10-18,7.123000144958496,6.848209857940674,4.072999954223633
2024-10-21,7.100800037384033,6.848209857940674,4.182000160217285
2024-10-22,7.118000030517578,6.848209857940674,4.203999996185303
2024-10-23,7.121699810028076,6.848209857940674,4.242000102996826
2024-10-24,7.12529993057251,6.848209857940674,4.199999809265137
2024-10-25,7.11870002746582,6.848209857940674,4.23199987411499
2024-10-28,7.120100021362305,6.848209857940674,4.2779998779296875
2024-10-29,7.127500057220459,6.848209857940674,4.27400016784668
2024-10-30,7.130099773406982,6.848209857940674,4.265999794006348
2024-10-31,7.114799976348877,6.848209857940674,4.283999919891357
2024-11-01,7.118500232696533,6.848209857940674,4.361000061035156
2024-11-04,7.121699810028076,6.848209857940674,4.309000015258789
2024-11-05,7.097799777984619,6.848209857940674,4.289000034332275
2024-11-06,7.102200031280518,6.848209857940674,4.426000118255615
2024-11-07,7.1768999099731445,6.848209857940674,4.341000080108643
2024-11-08,7.141200065612793,6.848209857940674,4.306000232696533
2024-11-11,7.178199768066406,6.848209857940674,4.308000087738037
2024-11-12,7.211100101470947,6.848209857940674,4.432000160217285
2024-11-13,7.231599807739258,6.848209857940674,4.451000213623047
2024-11-14,7.223499774932861,6.848209857940674,4.418000221252441
2024-11-15,7.2291998863220215,6.848209857940674,4.427999973297119
2024-11-18,7.230999946594238,6.848209857940674,4.414000034332275
2024-11-19,7.235400199890137,6.848209857940674,4.379000186920166
2024-11-20,7.238100051879883,6.848209857940674,4.406000137329102
2024-11-21,7.24399995803833,6.848209857940674,4.432000160217285
2024-11-22,7.233699798583984,6.848209857940674,4.409999847412109
2024-11-25,7.242000102996826,6.848209857940674,4.264999866485596
2024-11-26,7.239500045776367,6.848209857940674,4.302000045776367
2024-11-27,7.251999855041504,6.848209857940674,4.242000102996826
2024-11-28,7.246200084686279,6.848209857940674,
2024-11-29,7.2428998947143555,6.848209857940674,4.177999973297119
2024-12-02,7.240699768066406,6.848209857940674,4.196000099182129
2024-12-03,7.270899772644043,6.848209857940674,4.2230000495910645
2024-12-04,7.28380012512207,6.848209857940674,4.179999828338623
2024-12-05,7.263000011444092,6.848209857940674,4.179999828338623
2024-12-06,7.259200096130371,6.848209857940674,4.151000022888184
2024-12-09,7.2692999839782715,6.848209857940674,4.198999881744385
2024-12-10,7.259500026702881,6.848209857940674,4.2210001945495605
2024-12-11,7.248700141906738,6.848209857940674,4.270999908447266
2024-12-12,7.261099815368652,6.848209857940674,4.323999881744385
2024-12-13,7.267600059509277,6.848209857940674,4.39900016784668
2024-12-16,7.275100231170654,6.848209857940674,4.396999835968018
2024-12-17,7.282400131225586,6.848209857940674,4.385000228881836
2024-12-18,7.284599781036377,6.848209857940674,4.49399995803833
2024-12-19,7.285399913787842,6.848209857940674,4.570000171661377
2024-12-20,7.295400142669678,6.848209857940674,4.52400016784668
2024-12-23,7.295400142669678,6.848209857940674,4.598999977111816
2024-12-24,7.296999931335449,6.848209857940674,4.591000080108643
2024-12-25,7.294600009918213,6.848209857940674,
2024-12-26,7.2972002029418945,6.848209857940674,4.578999996185303
2024-12-27,7.297299861907959,6.848209857940674,4.61899995803833
2024-12-30,7.297800064086914,6.848209857940674,4.545000076293945
2024-12-31,7.298099994659424,6.848209857940674,4.572999954223633
2025-01-02,7.298099994659424,6.848209857940674,4.574999809265137
2025-01-03,7.298600196838379,6.848209857940674,4.5960001945495605
2025-01-06,7.3196001052856445,6.848209857940674,4.618000030517578
2025-01-07,7.322299957275391,6.848209857940674,4.683000087738037
2025-01-08,7.326399803161621,6.848209857940674,4.692999839782715
2025-01-09,7.331500053405762,6.848209857940674,
2025-01-10,7.332099914550781,6.848209857940674,4.776000022888184
2025-01-13,7.331699848175049,6.848209857940674,4.802999973297119
2025-01-14,7.329800128936768,6.848209857940674,4.788000106811523
2025-01-15,7.330900192260742,6.848209857940674,4.6529998779296875
2025-01-16,7.330100059509277,6.848209857940674,4.605999946594238
2025-01-17,7.330999851226807,6.848209857940674,4.609000205993652
2025-01-20,7.323999881744385,6.848209857940674,
2025-01-21,7.313300132751465,6.848209857940674,4.573999881744385
2025-01-22,7.271200180053711,6.848209857940674,4.598999977111816
2025-01-23,7.271200180053711,6.848209857940674,4.638000011444092
2025-01-24,7.286200046539307,6.848209857940674,4.625999927520752
2025-01-27,7.243100166320801,6.848209857940674,4.5279998779296875
2025-01-28,7.250699996948242,6.848209857940674,4.551000118255615
2025-01-29,7.250199794769287,6.848209857940674,4.554999828338623
2025-01-30,7.169000148773193,6.848209857940674,4.51200008392334
2025-01-31,7.1809000968933105,6.848209857940674,4.568999767303467
2025-02-03,7.185800075531006,6.848209857940674,4.543000221252441
2025-02-04,7.195000171661377,6.848209857940674,4.513000011444092
2025-02-05,7.1819000244140625,6.848209857940674,4.421999931335449
2025-02-06,7.270500183105469,6.848209857940674,4.440000057220459
2025-02-07,7.287799835205078,6.848209857940674,4.486999988555908
2025-02-10,7.286799907684326,6.848209857940674,4.493000030517578
2025-02-11,7.304500102996826,6.848209857940674,4.5370001792907715
2025-02-12,7.307199954986572,6.848209857940674,4.63700008392334
2025-02-13,7.308800220489502,6.848209857940674,4.525000095367432
2025-02-14,7.28879976272583,6.848209857940674,4.4720001220703125
2025-02-17,7.252999782562256,6.848209857940674,
2025-02-18,7.252999782562256,6.848209857940674,4.544000148773193
2025-02-19,7.278600215911865,6.848209857940674,4.534999847412109
2025-02-20,7.283299922943115,6.848209857940674,4.5
2025-02-21,7.255499839782715,6.848209857940674,4.420000076293945
2025-02-24,7.25,6.848209857940674,4.39300012588501
2025-02-25,7.247600078582764,6.848209857940674,4.297999858856201
2025-02-26,7.247600078582764,6.848209857940674,4.249000072479248
2025-02-27,7.257999897003174,6.848209857940674,4.284999847412109
2025-02-28,7.285299777984619,6.848209857940674,4.230999946594238
2025-03-03,7.282800197601318,6.848209857940674,4.179999828338623
2025-03-04,7.284299850463867,6.848209857940674,4.210000038146973
2025-03-05,7.265100002288818,6.848209857940674,4.264999866485596
2025-03-06,7.2505998611450195,6.848209857940674,4.285999774932861
2025-03-07,7.2505998611450195,6.848209857940674,4.316999912261963
2025-03-10,7.234000205993652,6.848209857940674,4.2129998207092285
2025-03-11,7.259099960327148,6.848209857940674,4.288000106811523
2025-03-12,7.259099960327148,6.848209857940674,4.317999839782715
2025-03-13,7.237100124359131,6.848209857940674,4.27400016784668
2025-03-14,7.237100124359131,6.848209857940674,4.308000087738037
2025-03-17,7.237100124359131,6.848209857940674,4.306000232696533
2025-03-18,7.232699871063232,6.848209857940674,4.281000137329102
2025-03-19,7.22730016708374,6.848209857940674,4.25600004196167
2025-03-20,7.230000019073486,6.848209857940674,4.232999801635742
2025-03-21,7.247700214385986,6.848209857940674,4.251999855041504
2025-03-24,7.248499870300293,6.848209857940674,4.330999851226807
2025-03-25,7.252999782562256,6.848209857940674,4.307000160217285
2025-03-26,7.256899833679199,6.848209857940674,4.3379998207092285
2025-03-27,7.256899833679199,6.848209857940674,4.36899995803833
2025-03-28,7.263299942016602,6.848209857940674,4.255000114440918
2025-03-31,7.262800216674805,6.848209857940674,4.245999813079834
2025-04-01,7.256700038909912,6.848209857940674,4.156000137329102
2025-04-02,7.269700050354004,6.848209857940674,4.196000099182129
2025-04-03,7.267499923706055,6.848209857940674,4.054999828338623
2025-04-04,7.267499923706055,6.848209857940674,3.984999895095825
2025-04-07,7.281300067901611,6.848209857940674,4.15500020980835
2025-04-08,7.30810022354126,6.848209857940674,4.26200008392334
2025-04-09,7.338799953460693,6.848209857940674,4.400000095367432
2025-04-10,7.349999904632568,6.848209857940674,4.394000053405762
2025-04-11,7.314000129699707,6.848209857940674,4.493000030517578
2025-04-14,7.291600227355957,6.848209857940674,4.363999843597412
2025-04-15,7.3119001388549805,6.848209857940674,4.322999954223633
2025-04-16,7.3119001388549805,6.848209857940674,4.2789998054504395
2025-04-17,7.3119001388549805,6.848209857940674,4.333000183105469
2025-04-21,,6.848209857940674,4.40500020980835
2025-04-22,7.298999786376953,6.848209857940674,4.388999938964844
2025-04-23,7.311800003051758,6.848209857940674,4.38700008392334
2025-04-24,7.285999774932861,6.848209857940674,4.304999828338623
2025-04-25,7.285999774932861,6.848209857940674,4.265999794006348
2025-04-28,7.286399841308594,6.848209857940674,4.216000080108643
2025-04-29,7.294000148773193,6.848209857940674,4.172999858856201
2025-04-30,7.269000053405762,6.848209857940674,4.177000045776367
2025-05-01,7.270599842071533,6.848209857940674,4.230999946594238
2025-05-02,7.270599842071533,6.848209857940674,4.322000026702881
2025-05-05,7.270599842071533,6.848209857940674,4.3429999351501465
2025-05-06,7.269999980926514,6.848209857940674,4.308000087738037
2025-05-07,7.216300010681152,6.848209857940674,4.275000095367432
2025-05-08,7.225200176239014,6.848209857940674,4.373000144958496
2025-05-09,7.225200176239014,6.848209857940674,4.375
2025-05-12,7.236299991607666,6.848209857940674,4.456999778747559
2025-05-13,7.2017998695373535,6.848209857940674,4.499000072479248
2025-05-14,7.205699920654297,6.848209857940674,4.5279998779296875
2025-05-15,7.205699920654297,6.848209857940674,4.454999923706055
2025-05-16,7.206500053405762,6.848209857940674,4.440999984741211
2025-05-19,7.209000110626221,6.848209857940674,4.474999904632568
2025-05-20,7.209000110626221,6.848209857940674,4.480999946594238
2025-05-21,7.219399929046631,6.848209857940674,4.5960001945495605
2025-05-22,7.201900005340576,6.848209857940674,4.552999973297119
2025-05-23,7.203700065612793,6.848209857940674,4.508999824523926
2025-05-26,7.203700065612793,6.848209857940674,
2025-05-27,7.203700065612793,6.848209857940674,4.434000015258789
2025-05-28,7.203700065612793,6.848209857940674,4.4770002365112305
2025-05-29,7.203700065612793,6.848209857940674,4.423999786376953
2025-05-30,7.203700065612793,6.848209857940674,4.415999889373779
2025-06-02,7.203700065612793,6.848209857940674,4.461999893188477
2025-06-03,7.203700065612793,6.848209857940674,4.460000038146973
2025-06-04,7.203700065612793,6.848209857940674,4.364999771118164
2025-06-05,7.203700065612793,6.848209857940674,4.394000053405762
2025-06-06,7.175000190734863,6.848209857940674,4.510000228881836
2025-06-09,7.188600063323975,6.848209857940674,4.48199987411499
2025-06-10,7.180200099945068,6.848209857940674,4.473999977111816
2025-06-11,7.180200099945068,6.848209857940674,4.4120001792907715
2025-06-12,7.192800045013428,6.848209857940674,4.35699987411499
2025-06-13,7.192800045013428,6.848209857940674,4.423999786376953
2025-06-16,7.181000232696533,6.848209857940674,4.452000141143799
2025-06-17,7.178999900817871,6.848209857940674,4.39300012588501
2025-06-18,7.184500217437744,6.848209857940674,4.396999835968018
2025-06-19,7.188799858093262,6.848209857940674,
2025-06-20,7.188000202178955,6.848209857940674,4.375
2025-06-23,7.188000202178955,6.848209857940674,4.320000171661377
2025-06-24,7.178999900817871,6.848209857940674,4.293000221252441
2025-06-25,7.171299934387207,6.848209857940674,4.293000221252441
2025-06-26,7.176400184631348,6.848209857940674,4.252999782562256
2025-06-27,7.167500019073486,6.848209857940674,4.2829999923706055
2025-06-30,7.172100067138672,6.848209857940674,4.230000019073486
2025-07-01,7.163599967956543,6.848209857940674,4.250999927520752
2025-07-02,7.1645002365112305,6.848209857940674,4.293000221252441
2025-07-03,7.164899826049805,6.848209857940674,4.3480000495910645
2025-07-04,7.164899826049805,6.848209857940674,
2025-07-07,7.164899826049805,6.848209857940674,4.394999980926514
2025-07-08,7.1743998527526855,6.848209857940674,4.414999961853027
2025-07-09,7.173799991607666,6.848209857940674,4.3420000076293945
2025-07-10,7.179999828338623,6.848209857940674,4.3460001945495605
2025-07-11,7.174799919128418,6.848209857940674,4.422999858856201
2025-07-14,7.168099880218506,6.848209857940674,4.427000045776367
2025-07-15,7.166999816894531,6.848209857940674,4.488999843597412
2025-07-16,7.172900199890137,6.848209857940674,4.454999923706055
2025-07-17,7.178500175476074,6.848209857940674,4.4629998207092285
2025-07-18,7.183199882507324,6.848209857940674,4.432000160217285
2025-07-21,7.177700042724609,6.848209857940674,4.372000217437744
2025-07-22,7.17549991607666,6.848209857940674,4.335999965667725
2025-07-23,7.174300193786621,6.848209857940674,4.388000011444092
2025-07-24,7.1595001220703125,6.848209857940674,4.4079999923706055
2025-07-25,7.153500080108643,6.848209857940674,4.386000156402588
2025-07-28,7.153500080108643,6.848209857940674,4.420000076293945
2025-07-29,7.177800178527832,6.848209857940674,4.329999923706055
2025-07-30,7.176400184631348,6.848209857940674,4.375999927520752
2025-07-31,7.176400184631348,6.848209857940674,4.360000133514404
2025-08-01,7.200200080871582,6.848209857940674,4.21999979019165
2025-08-04,7.211599826812744,6.848209857940674,4.199999809265137
2025-08-05,7.177999973297119,6.848209857940674,4.196000099182129
2025-08-06,7.1834001541137695,6.848209857940674,4.21999979019165
2025-08-07,7.182799816131592,6.848209857940674,4.24399995803833
2025-08-08,7.181000232696533,6.848209857940674,4.284999847412109
2025-08-11,7.181000232696533,6.848209857940674,4.2729997634887695
2025-08-12,7.187699794769287,6.848209857940674,4.293000221252441
2025-08-13,7.178500175476074,6.848209857940674,4.23799991607666
2025-08-14,7.174300193786621,6.848209857940674,4.293000221252441
2025-08-15,7.179500102996826,6.848209857940674,4.328000068664551
2025-08-18,7.181700229644775,6.848209857940674,4.341000080108643
2025-08-19,7.184599876403809,6.848209857940674,4.302000045776367
2025-08-20,7.1819000244140625,6.848209857940674,4.296000003814697
2025-08-21,7.1757001876831055,6.848209857940674,4.329999923706055
2025-08-22,7.179900169372559,6.848209857940674,4.260000228881836
2025-08-25,7.167500019073486,6.848209857940674,4.275000095367432
2025-08-26,7.151000022888184,6.848209857940674,4.257999897003174
2025-08-27,7.1519999504089355,6.848209857940674,4.23799991607666
2025-08-28,7.1529998779296875,6.848209857940674,4.206999778747559
2025-08-29,7.1529998779296875,6.848209857940674,4.2270002365112305
2025-09-01,7.13040018081665,6.848209857940674,
2025-09-02,7.13040018081665,6.848209857940674,4.2769999504089355
2025-09-03,7.138999938964844,6.848209857940674,4.210999965667725
2025-09-04,7.14139986038208,6.848209857940674,4.176000118255615
2025-09-05,7.14139986038208,6.848209857940674,4.085999965667725
2025-09-08,7.132500171661377,6.848209857940674,4.046000003814697
2025-09-09,7.129300117492676,6.848209857940674,4.073999881744385
2025-09-10,7.1209001541137695,6.848209857940674,4.0320000648498535
2025-09-11,7.120699882507324,6.848209857940674,4.011000156402588
2025-09-12,7.1184000968933105,6.848209857940674,4.060999870300293
2025-09-15,7.124199867248535,6.848209857940674,4.033999919891357
2025-09-16,7.118500232696533,6.848209857940674,4.026000022888184
2025-09-17,7.114200115203857,6.848209857940674,4.076000213623047
2025-09-18,7.103300094604492,6.848209857940674,4.104000091552734
2025-09-19,7.1128997802734375,6.848209857940674,4.138999938964844
2025-09-22,7.1128997802734375,6.848209857940674,4.14300012588501
2025-09-23,7.113999843597412,6.848209857940674,4.119999885559082
2025-09-24,7.111599922180176,6.848209857940674,4.146999835968018
2025-09-25,7.131499767303467,6.848209857940674,4.171999931335449
2025-09-26,7.133800029754639,6.848209857940674,4.186999797821045
2025-09-29,7.132800102233887,6.848209857940674,4.140999794006348
2025-09-30,7.1194000244140625,6.848209857940674,4.1479997634887695
2025-10-01,7.11899995803833,6.848209857940674,4.105999946594238
2025-10-02,7.11899995803833,6.848209857940674,4.0879998207092285
2025-10-03,7.11899995803833,6.848209857940674,4.11899995803833
2025-10-06,7.11899995803833,6.848209857940674,4.1620001792907715
2025-10-07,7.11899995803833,6.848209857940674,4.126999855041504
2025-10-08,7.11899995803833,6.848209857940674,4.129000186920166
2025-10-09,7.118500232696533,6.848209857940674,4.1479997634887695
2025-10-10,7.127500057220459,6.848209857940674,4.051000118255615
2025-10-13,7.099999904632568,6.848209857940674,4.051000118255615
2025-10-14,7.099999904632568,6.848209857940674,4.021999835968018
2025-10-15,7.138400077819824,6.848209857940674,4.046000003814697
2025-10-16,7.126200199127197,6.848209857940674,3.9760000705718994
2025-10-17,7.123000144958496,6.848209857940674,4.006999969482422
2025-10-20,7.126399993896484,6.848209857940674,3.9860000610351562
2025-10-21,7.119500160217285,6.848209857940674,3.9630000591278076
2025-10-22,7.121799945831299,6.848209857940674,3.953000068664551
2025-10-23,7.125699996948242,6.848209857940674,3.990999937057495
2025-10-24,7.125699996948242,6.848209857940674,3.996999979019165
2025-10-27,7.121099948883057,6.848209857940674,3.996999979019165
2025-10-28,7.110199928283691,6.848209857940674,3.9830000400543213
2025-10-29,7.098800182342529,6.848209857940674,4.058000087738037
2025-10-30,7.098999977111816,6.848209857940674,4.0929999351501465
2025-10-31,7.109799861907959,6.848209857940674,4.10099983215332
2025-11-03,7.1168999671936035,6.848209857940674,4.105999946594238
2025-11-04,7.171800136566162,6.848209857940674,4.089000225067139
2025-11-05,7.129499912261963,6.848209857940674,4.1570000648498535
2025-11-06,7.125999927520752,6.848209857940674,4.0929999351501465
2025-11-07,7.118599891662598,6.848209857940674,4.0929999351501465
2025-11-10,7.118599891662598,6.848209857940674,4.110000133514404
2025-11-11,7.11929988861084,6.848209857940674,4.119999885559082
2025-11-12,7.11929988861084,6.848209857940674,4.065000057220459
2025-11-13,7.11929988861084,6.848209857940674,4.111999988555908
2025-11-14,7.111999988555908,6.848209857940674,4.1479997634887695
2025-11-17,7.0991997718811035,6.848209857940674,4.132999897003174
2025-11-18,7.107500076293945,6.848209857940674,4.123000144958496
2025-11-19,7.107500076293945,6.848209857940674,4.132999897003174
2025-11-20,7.107500076293945,6.848209857940674,4.105999946594238
2025-11-21,7.107500076293945,6.848209857940674,4.063000202178955
2025-11-24,7.106599807739258,6.848209857940674,4.038000106811523
2025-11-25,7.102200031280518,6.848209857940674,4.001999855041504
2025-11-26,7.084499835968018,6.848209857940674,3.997999906539917
2025-11-27,7.075799942016602,6.848209857940674,
2025-11-28,7.075799942016602,6.848209857940674,4.017000198364258
2025-12-01,7.075099945068359,6.848209857940674,4.0960001945495605
2025-12-02,7.071700096130371,6.848209857940674,4.085999965667725
2025-12-03,7.070000171661377,6.848209857940674,4.057000160217285
2025-12-04,7.063600063323975,6.848209857940674,4.107999801635742
2025-12-05,7.071400165557861,6.848209857940674,4.138999938964844
2025-12-08,7.0696001052856445,6.848209857940674,4.171999931335449
2025-12-09,7.071000099182129,6.848209857940674,4.185999870300293
2025-12-10,7.063300132751465,6.848209857940674,4.164000034332275
2025-12-11,7.064000129699707,6.848209857940674,4.140999794006348
2025-12-12,7.0578999519348145,6.848209857940674,4.193999767303467
2025-12-15,7.053999900817871,6.848209857940674,4.182000160217285
2025-12-16,7.046999931335449,6.848209857940674,4.14900016784668
2025-12-17,7.0416998863220215,6.848209857940674,4.151000022888184
2025-12-18,7.043000221252441,6.848209857940674,4.116000175476074
2025-12-19,7.040500164031982,6.848209857940674,4.151000022888184
2025-12-22,7.040900230407715,6.848209857940674,4.169000148773193
2025-12-23,7.040900230407715,6.848209857940674,4.169000148773193
2025-12-24,7.0279998779296875,6.848209857940674,4.136000156402588
2025-12-26,7.0279998779296875,6.848209857940674,4.136000156402588
2025-12-29,7.0279998779296875,6.848209857940674,4.116000175476074
2025-12-30,7.0055999755859375,6.848209857940674,4.130000114440918
2025-12-31,6.996099948883057,6.848209857940674,4.163000106811523
2026-01-02,6.996099948883057,6.848209857940674,4.186999797821045
2026-01-05,6.993100166320801,6.848209857940674,4.164999961853027
2026-01-06,6.98799991607666,6.848209857940674,4.178999900817871
2026-01-07,6.983399868011475,6.848209857940674,4.138000011444092
2026-01-08,6.996500015258789,6.848209857940674,4.183000087738037
2026-01-09,6.983500003814697,6.848209857940674,4.171000003814697
2026-01-12,6.977200031280518,6.848209857940674,4.186999797821045
2026-01-13,6.973100185394287,6.848209857940674,4.171000003814697
2026-01-14,6.977499961853027,6.848209857940674,4.139999866485596
2026-01-15,6.9730000495910645,6.848209857940674,4.159999847412109
2026-01-16,6.966000080108643,6.848209857940674,4.230999946594238
2026-01-19,6.968100070953369,6.848209857940674,
2026-01-20,6.968100070953369,6.848209857940674,4.295000076293945
2026-01-21,6.95989990234375,6.848209857940674,4.252999782562256
2026-01-22,6.963699817657471,6.848209857940674,4.249000072479248
2026-01-23,6.972599983215332,6.848209857940674,4.238999843597412
2026-01-26,6.972599983215332,6.848209857940674,4.2129998207092285
2026-01-27,6.95419979095459,6.848209857940674,4.2230000495910645
2026-01-28,6.954500198364258,6.848209857940674,4.250999927520752
2026-01-29,6.954500198364258,6.848209857940674,4.2270002365112305
2026-01-30,6.947999954223633,6.848209857940674,4.241000175476074
2026-02-02,6.951000213623047,6.848209857940674,4.275000095367432
2026-02-03,6.946300029754639,6.848209857940674,4.27400016784668
2026-02-04,6.937699794769287,6.848209857940674,4.275000095367432
2026-02-05,6.937699794769287,6.848209857940674,4.210000038146973
2026-02-06,6.93779993057251,6.848209857940674,4.205999851226807
2026-02-09,6.938799858093262,6.848209857940674,4.197999954223633
2026-02-10,6.921999931335449,6.848209857940674,4.146999835968018
2026-02-11,6.910600185394287,6.848209857940674,4.171999931335449
2026-02-12,6.912499904632568,6.848209857940674,4.104000091552734
2026-02-13,6.900100231170654,6.848209857940674,4.056000232696533
2026-02-16,6.9079999923706055,6.848209857940674,
2026-02-17,6.9079999923706055,6.848209857940674,4.052000045776367
2026-02-18,6.9079999923706055,6.848209857940674,4.078999996185303
2026-02-19,6.9079999923706055,6.848209857940674,4.074999809265137
2026-02-20,6.908100128173828,6.848209857940674,4.085999965667725
2026-02-23,6.9079999923706055,6.848209857940674,4.0289998054504395
2026-02-24,6.9079999923706055,6.848209857940674,4.0329999923706055
2026-02-25,6.8831000328063965,6.848209857940674,4.047999858856201
2026-02-26,6.869200229644775,6.848209857940674,4.017000198364258
2026-02-27,6.84089994430542,6.848209857940674,3.9619998931884766
2026-03-02,6.857900142669678,6.848209857940674,4.047999858856201
2026-03-03,6.881999969482422,6.848209857940674,4.056000232696533
2026-03-04,6.899700164794922,6.848209857940674,4.079999923706055
2026-03-05,6.896999835968018,6.848209857940674,4.145999908447266
2026-03-06,6.896999835968018,6.848209857940674,4.132999897003174
2026-03-09,6.896500110626221,6.848209857940674,4.136000156402588
2026-03-10,6.910999774932861,6.848209857940674,4.136000156402588
2026-03-11,6.876500129699707,6.848209857940674,4.208000183105469
2026-03-12,6.865499973297119,6.848209857940674,4.2729997634887695
2026-03-13,6.868899822235107,6.848209857940674,4.284999847412109
2026-03-16,6.896100044250488,6.848209857940674,4.21999979019165
2026-03-17,6.95550012588501,6.848209857940674,4.202000141143799
2026-03-18,6.886300086975098,6.848209857940674,4.258999824523926
2026-03-19,6.872600078582764,6.848209857940674,4.281000137329102
2026-03-20,6.899799823760986,6.848209857940674,4.390999794006348
2026-03-23,6.885700225830078,6.848209857940674,4.334000110626221
2026-03-24,6.880000114440918,6.848209857940674,4.392000198364258
2026-03-25,6.8917999267578125,6.848209857940674,4.328000068664551
2026-03-26,6.901000022888184,6.848209857940674,4.415999889373779
2026-03-27,6.910699844360352,6.848209857940674,4.440000057220459
2026-03-30,6.911600112915039,6.848209857940674,4.3420000076293945
2026-03-31,6.911600112915039,6.848209857940674,4.310999870300293
2026-04-01,6.894199848175049,6.848209857940674,4.318999767303467
2026-04-02,6.870500087738037,6.848209857940674,4.313000202178955
2026-04-03,6.8850998878479,6.848209857940674,
2026-04-06,6.882400035858154,6.848209857940674,4.335000038146973
2026-04-07,6.882299900054932,6.848209857940674,4.3429999351501465
2026-04-08,6.8566999435424805,6.848209857940674,4.290999889373779
2026-04-09,6.828700065612793,6.848209857940674,4.293000221252441
2026-04-10,6.831399917602539,6.848209857940674,4.316999912261963
2026-04-13,6.8277997970581055,6.848209857940674,4.296999931335449
2026-04-14,6.8302998542785645,6.848209857940674,4.25600004196167
2026-04-15,6.815700054168701,6.848209857940674,4.2820000648498535
2026-04-16,6.817999839782715,6.848209857940674,4.309000015258789
2026-04-17,6.821100234985352,6.848209857940674,4.245999813079834
2026-04-20,6.816999912261963,6.848209857940674,4.25
2026-04-21,6.817399978637695,6.848209857940674,4.291999816894531
2026-04-22,6.820799827575684,6.848209857940674,4.294000148773193
2026-04-23,6.82420015335083,6.848209857940674,4.322999954223633
2026-04-24,6.826000213623047,6.848209857940674,4.309999942779541
2026-04-27,6.835899829864502,6.848209857940674,4.335999965667725
2026-04-28,6.822800159454346,6.848209857940674,4.354000091552734
2026-04-29,6.836999893188477,6.848209857940674,4.418000221252441
