Date,sp500,nasdaq_composite,dow_jones,russell_2000,vix
2010-01-04,1132.989990234375,2308.419921875,10583.9599609375,640.0999755859375,20.040000915527344
2010-01-05,1136.52001953125,2308.7099609375,10572.01953125,638.489990234375,19.350000381469727
2010-01-06,1137.1400146484375,2301.090087890625,10573.6796875,637.9500122070312,19.15999984741211
2010-01-07,1141.68994140625,2300.050048828125,10606.8603515625,641.969970703125,19.059999465942383
2010-01-08,1144.97998046875,2317.169921875,10618.1904296875,644.5599975585938,18.1299991607666
2010-01-11,1146.97998046875,2312.409912109375,10663.990234375,643.989990234375,17.549999237060547
2010-01-12,1136.219970703125,2282.31005859375,10627.259765625,635.5,18.25
2010-01-13,1145.6800537109375,2307.89990234375,10680.76953125,643.5599975585938,17.850000381469727
2010-01-14,1148.4599609375,2316.739990234375,10710.5498046875,646.4299926757812,17.6299991607666
2010-01-15,1136.030029296875,2287.989990234375,10609.650390625,637.9600219726562,17.90999984741211
2010-01-19,1150.22998046875,2320.39990234375,10725.4296875,649.1500244140625,17.579999923706055
2010-01-20,1138.0400390625,2291.25,10603.150390625,639.6099853515625,18.68000030517578
2010-01-21,1116.47998046875,2265.699951171875,10389.8798828125,628.3599853515625,22.270000457763672
2010-01-22,1091.760009765625,2205.2900390625,10172.98046875,617.1199951171875,27.309999465942383
2010-01-25,1096.780029296875,2210.800048828125,10196.8603515625,618.1099853515625,25.40999984741211
2010-01-26,1092.1700439453125,2203.72998046875,10194.2900390625,612.1599731445312,24.549999237060547
2010-01-27,1097.5,2221.409912109375,10236.16015625,618.3800048828125,23.139999389648438
2010-01-28,1084.530029296875,2179.0,10120.4599609375,607.9299926757812,23.729999542236328
2010-01-29,1073.8699951171875,2147.35009765625,10067.330078125,602.0399780273438,24.6200008392334
2010-02-01,1089.18994140625,2171.199951171875,10185.5302734375,609.25,22.59000015258789
2010-02-02,1103.3199462890625,2190.06005859375,10296.849609375,614.0499877929688,21.479999542236328
2010-02-03,1097.280029296875,2190.909912109375,10270.5498046875,610.6599731445312,21.600000381469727
2010-02-04,1063.1099853515625,2125.429931640625,10002.1796875,589.6799926757812,26.079999923706055
2010-02-05,1066.18994140625,2141.1201171875,10012.23046875,592.97998046875,26.110000610351562
2010-02-08,1056.739990234375,2126.050048828125,9908.3896484375,586.489990234375,26.510000228881836
2010-02-09,1070.52001953125,2150.8701171875,10058.6396484375,595.1699829101562,26.0
2010-02-10,1068.1300048828125,2147.8701171875,10038.3798828125,595.8200073242188,25.399999618530273
2010-02-11,1078.469970703125,2177.409912109375,10144.1904296875,605.4600219726562,23.959999084472656
2010-02-12,1075.510009765625,2183.530029296875,10099.1396484375,610.719970703125,22.729999542236328
2010-02-16,1094.8699951171875,2214.18994140625,10268.8095703125,620.8400268554688,22.25
2010-02-17,1099.510009765625,2226.2900390625,10309.240234375,624.8300170898438,21.719999313354492
2010-02-18,1106.75,2241.7099609375,10392.900390625,629.3200073242188,20.6299991607666
2010-02-19,1109.1700439453125,2243.8701171875,10402.349609375,631.6199951171875,20.020000457763672
2010-02-22,1108.010009765625,2242.030029296875,10383.3798828125,632.25,19.940000534057617
2010-02-23,1094.5999755859375,2213.43994140625,10282.41015625,625.0700073242188,21.3700008392334
2010-02-24,1105.239990234375,2235.89990234375,10374.16015625,630.4299926757812,20.270000457763672
2010-02-25,1102.93994140625,2234.219970703125,10321.0302734375,630.4600219726562,20.100000381469727
2010-02-26,1104.489990234375,2238.260009765625,10325.259765625,628.5599975585938,19.5
2010-03-01,1115.7099609375,2273.570068359375,10403.7900390625,642.6500244140625,19.260000228881836
2010-03-02,1118.31005859375,2280.7900390625,10405.98046875,648.3099975585938,19.059999465942383
2010-03-03,1118.7900390625,2280.679931640625,10396.759765625,649.260009765625,18.829999923706055
2010-03-04,1122.969970703125,2292.31005859375,10444.1396484375,652.469970703125,18.719999313354492
2010-03-05,1138.699951171875,2326.35009765625,10566.2001953125,666.02001953125,17.420000076293945
2010-03-08,1138.5,2332.2099609375,10552.51953125,667.1099853515625,17.790000915527344
2010-03-09,1140.449951171875,2340.679931640625,10564.3798828125,669.6300048828125,17.920000076293945
2010-03-10,1145.6099853515625,2358.949951171875,10567.330078125,674.9299926757812,18.56999969482422
2010-03-11,1150.239990234375,2368.4599609375,10611.83984375,677.219970703125,18.059999465942383
2010-03-12,1149.989990234375,2367.659912109375,10624.6904296875,676.5900268554688,17.579999923706055
2010-03-15,1150.510009765625,2362.2099609375,10642.150390625,674.4099731445312,18.0
2010-03-16,1159.4599609375,2378.010009765625,10685.98046875,679.5800170898438,17.690000534057617
2010-03-17,1166.2099609375,2389.090087890625,10733.669921875,683.97998046875,16.90999984741211
2010-03-18,1165.8299560546875,2391.280029296875,10779.169921875,681.6099853515625,16.6200008392334
2010-03-19,1159.9000244140625,2374.409912109375,10741.98046875,673.8900146484375,16.969999313354492
2010-03-22,1165.81005859375,2395.39990234375,10785.8896484375,682.9099731445312,16.8700008392334
2010-03-23,1174.1700439453125,2415.239990234375,10888.830078125,690.2999877929688,16.350000381469727
2010-03-24,1167.719970703125,2398.760009765625,10836.150390625,683.6799926757812,17.549999237060547
2010-03-25,1165.72998046875,2397.409912109375,10841.2099609375,679.0999755859375,18.399999618530273
2010-03-26,1166.5899658203125,2395.1298828125,10850.3603515625,678.969970703125,17.770000457763672
2010-03-29,1173.219970703125,2404.360107421875,10895.8603515625,682.25,17.59000015258789
2010-03-30,1173.27001953125,2410.68994140625,10907.419921875,683.9400024414062,17.1299991607666
2010-03-31,1169.4300537109375,2397.9599609375,10856.6298828125,678.6400146484375,17.59000015258789
2010-04-01,1178.0999755859375,2402.580078125,10927.0703125,683.97998046875,17.469999313354492
2010-04-05,1187.43994140625,2429.530029296875,10973.5498046875,697.6500244140625,17.020000457763672
2010-04-06,1189.43994140625,2436.81005859375,10969.990234375,701.47998046875,16.229999542236328
2010-04-07,1182.449951171875,2431.159912109375,10897.51953125,699.4600219726562,16.6200008392334
2010-04-08,1186.43994140625,2436.81005859375,10927.0703125,699.6400146484375,16.479999542236328
2010-04-09,1194.3699951171875,2454.050048828125,10997.349609375,702.9500122070312,16.139999389648438
2010-04-12,1196.47998046875,2457.8701171875,11005.9697265625,705.0599975585938,15.579999923706055
2010-04-13,1197.300048828125,2465.989990234375,11019.419921875,707.030029296875,16.200000762939453
2010-04-14,1210.6500244140625,2504.860107421875,11123.1103515625,722.4000244140625,15.59000015258789
2010-04-15,1211.6700439453125,2515.68994140625,11144.5703125,724.2100219726562,15.890000343322754
2010-04-16,1192.1300048828125,2481.260009765625,11018.66015625,714.6199951171875,18.360000610351562
2010-04-19,1197.52001953125,2480.110107421875,11092.0498046875,711.4000244140625,17.34000015258789
2010-04-20,1207.1700439453125,2500.31005859375,11117.0595703125,721.5499877929688,15.729999542236328
2010-04-21,1205.93994140625,2504.610107421875,11124.919921875,726.1900024414062,16.31999969482422
2010-04-22,1208.6700439453125,2519.070068359375,11134.2900390625,734.3099975585938,16.469999313354492
2010-04-23,1217.280029296875,2530.14990234375,11204.2802734375,741.9199829101562,16.6200008392334
2010-04-26,1212.050048828125,2522.949951171875,11205.0302734375,738.8599853515625,17.469999313354492
2010-04-27,1183.7099609375,2471.469970703125,10991.990234375,721.27001953125,22.809999465942383
2010-04-28,1191.3599853515625,2471.72998046875,11045.26953125,722.3900146484375,21.079999923706055
2010-04-29,1206.780029296875,2511.919921875,11167.3203125,737.739990234375,18.440000534057617
2010-04-30,1186.68994140625,2461.18994140625,11008.6103515625,716.5999755859375,22.049999237060547
2010-05-03,1202.260009765625,2498.739990234375,11151.830078125,732.8200073242188,20.190000534057617
2010-05-04,1173.5999755859375,2424.25,10926.76953125,709.7000122070312,23.84000015258789
2010-05-05,1165.8699951171875,2402.2900390625,10866.830078125,698.5800170898438,24.90999984741211
2010-05-06,1128.1500244140625,2319.639892578125,10520.3203125,672.22998046875,32.79999923706055
2010-05-07,1110.8800048828125,2265.639892578125,10380.4296875,653.0,40.95000076293945
2010-05-10,1159.72998046875,2374.669921875,10785.1396484375,689.6099853515625,28.84000015258789
2010-05-11,1155.7900390625,2375.31005859375,10748.259765625,695.47998046875,28.31999969482422
2010-05-12,1171.6700439453125,2425.02001953125,10896.91015625,716.1099853515625,25.520000457763672
2010-05-13,1157.43994140625,2394.360107421875,10782.9501953125,709.8499755859375,26.68000030517578
2010-05-14,1135.6800537109375,2346.85009765625,10620.16015625,693.97998046875,31.239999771118164
2010-05-17,1136.93994140625,2354.22998046875,10625.830078125,695.7100219726562,30.84000015258789
2010-05-18,1120.800048828125,2317.260009765625,10510.9501953125,682.75,33.54999923706055
2010-05-19,1115.050048828125,2298.3701171875,10444.3701171875,674.4000244140625,35.31999969482422
2010-05-20,1071.5899658203125,2204.010009765625,10068.009765625,640.0399780273438,45.790000915527344
2010-05-21,1087.68994140625,2229.0400390625,10193.3896484375,649.2899780273438,40.099998474121094
2010-05-24,1073.6500244140625,2213.550048828125,10066.5703125,641.2100219726562,38.31999969482422
2010-05-25,1074.030029296875,2210.949951171875,10043.75,640.02001953125,34.61000061035156
2010-05-26,1067.949951171875,2195.8798828125,9974.4501953125,642.6199951171875,35.02000045776367
2010-05-27,1103.06005859375,2277.679931640625,10258.990234375,670.510009765625,29.68000030517578
2010-05-28,1089.4100341796875,2257.0400390625,10136.6298828125,661.6099853515625,32.06999969482422
2010-06-01,1070.7099609375,2222.330078125,10024.01953125,640.9600219726562,35.540000915527344
2010-06-02,1098.3800048828125,2281.070068359375,10249.5400390625,660.52001953125,30.170000076293945
2010-06-03,1102.8299560546875,2303.030029296875,10255.2802734375,667.3699951171875,29.459999084472656
2010-06-04,1064.8800048828125,2219.169921875,9931.9697265625,633.969970703125,35.47999954223633
2010-06-07,1050.469970703125,2173.89990234375,9816.490234375,618.489990234375,36.56999969482422
2010-06-08,1062.0,2170.570068359375,9939.98046875,617.6900024414062,33.70000076293945
2010-06-09,1055.68994140625,2158.85009765625,9899.25,618.2899780273438,33.72999954223633
2010-06-10,1086.8399658203125,2218.7099609375,10172.5302734375,639.7899780273438,30.56999969482422
2010-06-11,1091.5999755859375,2243.60009765625,10211.0703125,649.0,28.790000915527344
2010-06-14,1089.6300048828125,2243.9599609375,10190.8896484375,652.27001953125,28.579999923706055
2010-06-15,1115.22998046875,2305.8798828125,10404.76953125,668.77001953125,25.8700008392334
2010-06-16,1114.6099853515625,2305.929931640625,10409.4599609375,666.1300048828125,25.920000076293945
2010-06-17,1116.0400390625,2307.159912109375,10434.169921875,665.8499755859375,25.049999237060547
2010-06-18,1117.510009765625,2309.800048828125,10450.6396484375,666.9199829101562,23.950000762939453
2010-06-21,1113.199951171875,2289.090087890625,10442.41015625,660.030029296875,24.8799991607666
2010-06-22,1095.31005859375,2261.800048828125,10293.51953125,645.9099731445312,27.049999237060547
2010-06-23,1092.0400390625,2254.22998046875,10298.4404296875,644.25,26.90999984741211
2010-06-24,1073.68994140625,2217.419921875,10152.7998046875,633.1699829101562,29.739999771118164
2010-06-25,1076.760009765625,2223.47998046875,10143.8095703125,645.1099853515625,28.530000686645508
2010-06-28,1074.5699462890625,2220.64990234375,10138.51953125,641.5399780273438,29.0
2010-06-29,1041.239990234375,2135.179931640625,9870.2998046875,615.9600219726562,34.130001068115234
2010-06-30,1030.7099609375,2109.239990234375,9774.01953125,609.489990234375,34.540000915527344
2010-07-01,1027.3699951171875,2101.360107421875,9732.5302734375,604.760009765625,32.86000061035156
2010-07-02,1022.5800170898438,2091.7900390625,9686.48046875,598.969970703125,30.1200008392334
2010-07-06,1028.06005859375,2093.8798828125,9743.6201171875,590.030029296875,29.649999618530273
2010-07-07,1060.27001953125,2159.469970703125,10018.2802734375,611.6599731445312,26.84000015258789
2010-07-08,1070.25,2175.39990234375,10138.990234375,620.27001953125,25.709999084472656
2010-07-09,1077.9599609375,2196.449951171875,10198.0302734375,629.4299926757812,24.979999542236328
2010-07-12,1078.75,2198.360107421875,10216.26953125,621.6099853515625,24.43000030517578
2010-07-13,1095.3399658203125,2242.030029296875,10363.01953125,642.8200073242188,24.559999465942383
2010-07-14,1095.1700439453125,2249.840087890625,10366.7197265625,640.1599731445312,24.889999389648438
2010-07-15,1096.47998046875,2249.080078125,10359.3095703125,634.6199951171875,25.139999389648438
2010-07-16,1064.8800048828125,2179.050048828125,10097.900390625,610.3900146484375,26.25
2010-07-19,1071.25,2198.22998046875,10154.4296875,613.0800170898438,25.969999313354492
2010-07-20,1083.47998046875,2222.489990234375,10229.9599609375,624.239990234375,23.93000030517578
2010-07-21,1069.5899658203125,2187.330078125,10120.5302734375,612.6400146484375,25.639999389648438
2010-07-22,1093.6700439453125,2245.889892578125,10322.2998046875,635.47998046875,24.6299991607666
2010-07-23,1102.6600341796875,2269.469970703125,10424.6201171875,650.6500244140625,23.469999313354492
2010-07-26,1115.010009765625,2296.429931640625,10525.4296875,665.219970703125,22.729999542236328
2010-07-27,1113.8399658203125,2288.25,10537.6904296875,662.1699829101562,23.190000534057617
2010-07-28,1106.1300048828125,2264.56005859375,10497.8798828125,650.760009765625,24.25
2010-07-29,1101.530029296875,2251.68994140625,10467.16015625,650.4299926757812,24.1299991607666
2010-07-30,1101.5999755859375,2254.699951171875,10465.9404296875,650.8900146484375,23.5
2010-08-02,1125.8599853515625,2295.360107421875,10674.3798828125,661.8599853515625,22.010000228881836
2010-08-03,1120.4599609375,2283.52001953125,10636.3798828125,655.6599731445312,22.6299991607666
2010-08-04,1127.239990234375,2303.570068359375,10680.4296875,662.9600219726562,22.209999084472656
2010-08-05,1125.81005859375,2293.06005859375,10674.98046875,655.0700073242188,22.100000381469727
2010-08-06,1121.6400146484375,2288.469970703125,10653.5595703125,650.6799926757812,21.739999771118164
2010-08-09,1127.7900390625,2305.68994140625,10698.75,659.52001953125,22.139999389648438
2010-08-10,1121.06005859375,2277.169921875,10644.25,646.3599853515625,22.3700008392334
2010-08-11,1089.469970703125,2208.6298828125,10378.830078125,620.3900146484375,25.389999389648438
2010-08-12,1083.6099853515625,2190.27001953125,10319.9501953125,616.97998046875,25.729999542236328
2010-08-13,1079.25,2173.47998046875,10303.150390625,609.489990234375,26.239999771118164
2010-08-16,1079.3800048828125,2181.8701171875,10302.009765625,615.0999755859375,26.100000381469727
2010-08-17,1092.5400390625,2209.43994140625,10405.849609375,626.2999877929688,24.329999923706055
2010-08-18,1094.1600341796875,2215.699951171875,10415.5400390625,628.0399780273438,24.59000015258789
2010-08-19,1075.6300048828125,2178.949951171875,10271.2099609375,610.9600219726562,26.440000534057617
2010-08-20,1071.68994140625,2179.760009765625,10213.6201171875,610.780029296875,25.489999771118164
2010-08-23,1067.3599853515625,2159.6298828125,10174.41015625,602.6699829101562,25.65999984741211
2010-08-24,1051.8699951171875,2123.760009765625,10040.4501953125,595.5900268554688,27.459999084472656
2010-08-25,1055.3299560546875,2141.5400390625,10060.0595703125,604.8699951171875,26.700000762939453
2010-08-26,1047.219970703125,2118.68994140625,9985.8095703125,599.760009765625,27.3700008392334
2010-08-27,1064.5899658203125,2153.6298828125,10150.650390625,616.760009765625,24.450000762939453
2010-08-30,1048.9200439453125,2119.969970703125,10009.73046875,601.719970703125,27.209999084472656
2010-08-31,1049.3299560546875,2114.030029296875,10014.7197265625,602.0599975585938,26.049999237060547
2010-09-01,1080.2900390625,2176.840087890625,10269.4697265625,624.989990234375,23.889999389648438
2010-09-02,1090.0999755859375,2200.010009765625,10320.099609375,632.260009765625,23.190000534057617
2010-09-03,1104.510009765625,2233.75,10447.9296875,643.3599853515625,21.309999465942383
2010-09-07,1091.8399658203125,2208.889892578125,10340.6904296875,629.2899780273438,23.799999237060547
2010-09-08,1098.8699951171875,2228.8701171875,10387.009765625,634.25,23.25
2010-09-09,1104.1800537109375,2236.199951171875,10415.240234375,634.6199951171875,22.809999465942383
2010-09-10,1109.550048828125,2242.47998046875,10462.76953125,636.4600219726562,21.989999771118164
2010-09-13,1121.9000244140625,2285.7099609375,10544.1298828125,652.280029296875,21.209999084472656
2010-09-14,1121.0999755859375,2289.77001953125,10526.490234375,649.22998046875,21.559999465942383
2010-09-15,1125.0699462890625,2301.320068359375,10572.73046875,652.510009765625,22.100000381469727
2010-09-16,1124.6600341796875,2303.25,10594.830078125,647.8099975585938,21.719999313354492
2010-09-17,1125.5899658203125,2315.610107421875,10607.849609375,651.4400024414062,22.010000228881836
2010-09-20,1142.7099609375,2355.830078125,10753.6201171875,669.97998046875,21.5
2010-09-21,1139.780029296875,2349.35009765625,10761.0302734375,664.6599731445312,22.350000381469727
2010-09-22,1134.280029296875,2334.550048828125,10739.3095703125,656.7100219726562,22.510000228881836
2010-09-23,1124.8299560546875,2327.080078125,10662.419921875,648.8400268554688,23.8700008392334
2010-09-24,1148.6700439453125,2381.219970703125,10860.259765625,671.010009765625,21.709999084472656
2010-09-27,1142.1600341796875,2369.77001953125,10812.0400390625,668.2899780273438,22.540000915527344
2010-09-28,1147.699951171875,2379.590087890625,10858.1396484375,675.4299926757812,22.600000381469727
2010-09-29,1144.72998046875,2376.56005859375,10835.2802734375,677.6400146484375,23.25
2010-09-30,1141.199951171875,2368.6201171875,10788.0498046875,676.1400146484375,23.700000762939453
2010-10-01,1146.239990234375,2370.75,10829.6796875,679.2899780273438,22.5
2010-10-04,1137.030029296875,2344.52001953125,10751.26953125,669.4500122070312,23.530000686645508
2010-10-05,1160.75,2399.830078125,10944.7197265625,689.3499755859375,21.760000228881836
2010-10-06,1159.969970703125,2380.659912109375,10967.650390625,685.3300170898438,21.489999771118164
2010-10-07,1158.06005859375,2383.669921875,10948.580078125,684.22998046875,21.559999465942383
2010-10-08,1165.1500244140625,2401.909912109375,11006.48046875,693.8200073242188,20.709999084472656
2010-10-11,1165.3199462890625,2402.330078125,11010.33984375,693.47998046875,18.959999084472656
2010-10-12,1169.77001953125,2417.919921875,11020.400390625,696.0399780273438,18.93000030517578
2010-10-13,1178.0999755859375,2441.22998046875,11096.080078125,706.469970703125,19.06999969482422
2010-10-14,1173.81005859375,2435.3798828125,11094.5703125,704.6900024414062,19.8799991607666
2010-10-15,1176.18994140625,2468.77001953125,11062.7802734375,703.1599731445312,19.030000686645508
2010-10-18,1184.7099609375,2480.659912109375,11143.6904296875,710.1300048828125,19.09000015258789
2010-10-19,1165.9000244140625,2436.949951171875,10978.6201171875,694.1500244140625,20.6299991607666
2010-10-20,1178.1700439453125,2457.389892578125,11107.9697265625,702.1099853515625,19.790000915527344
2010-10-21,1180.260009765625,2459.669921875,11146.5703125,698.1199951171875,19.270000457763672
2010-10-22,1183.0799560546875,2479.389892578125,11132.5595703125,703.4299926757812,18.780000686645508
2010-10-25,1185.6199951171875,2490.85009765625,11164.0498046875,707.8900146484375,19.850000381469727
2010-10-26,1185.6400146484375,2497.2900390625,11169.4599609375,706.9299926757812,20.219999313354492
2010-10-27,1182.449951171875,2503.260009765625,11126.2802734375,704.22998046875,20.709999084472656
2010-10-28,1183.780029296875,2507.3701171875,11113.9501953125,701.030029296875,20.8799991607666
2010-10-29,1183.260009765625,2507.409912109375,11118.490234375,703.3499755859375,21.200000762939453
2010-11-01,1184.3800048828125,2504.840087890625,11124.6201171875,698.5599975585938,21.829999923706055
2010-11-02,1193.5699462890625,2533.52001953125,11188.7197265625,712.8900146484375,21.56999969482422
2010-11-03,1197.9599609375,2540.27001953125,11215.1298828125,715.1400146484375,19.559999465942383
2010-11-04,1221.06005859375,2577.340087890625,11434.83984375,733.4600219726562,18.520000457763672
2010-11-05,1225.8499755859375,2578.97998046875,11444.080078125,736.5900268554688,18.260000228881836
2010-11-08,1223.25,2580.050048828125,11406.83984375,736.77001953125,18.290000915527344
2010-11-09,1213.4000244140625,2562.97998046875,11346.75,725.97998046875,19.079999923706055
2010-11-10,1218.7099609375,2578.780029296875,11357.0400390625,734.8699951171875,18.469999313354492
2010-11-11,1213.5400390625,2555.52001953125,11283.099609375,731.5800170898438,18.639999389648438
2010-11-12,1199.2099609375,2518.2099609375,11192.580078125,719.27001953125,20.610000610351562
2010-11-15,1197.75,2513.820068359375,11201.9697265625,719.9400024414062,20.200000762939453
2010-11-16,1178.3399658203125,2469.840087890625,11023.5,705.3400268554688,22.579999923706055
2010-11-17,1178.5899658203125,2476.010009765625,11007.8798828125,707.77001953125,21.760000228881836
2010-11-18,1196.68994140625,2514.39990234375,11181.23046875,720.8400268554688,18.75
2010-11-19,1199.72998046875,2518.1201171875,11203.5498046875,724.3599853515625,18.040000915527344
2010-11-22,1197.8399658203125,2532.02001953125,11178.580078125,727.3300170898438,18.3700008392334
2010-11-23,1180.72998046875,2494.949951171875,11036.3701171875,719.9299926757812,20.6299991607666
2010-11-24,1198.3499755859375,2543.1201171875,11187.2802734375,736.530029296875,19.559999465942383
2010-11-26,1189.4000244140625,2534.56005859375,11091.8701171875,732.72998046875,22.219999313354492
2010-11-29,1187.760009765625,2525.219970703125,11052.490234375,731.9500122070312,21.530000686645508
2010-11-30,1180.550048828125,2498.22998046875,11006.01953125,727.010009765625,23.540000915527344
2010-12-01,1206.0699462890625,2549.429931640625,11255.7802734375,743.1400146484375,21.360000610351562
2010-12-02,1221.530029296875,2579.35009765625,11362.41015625,751.2000122070312,19.389999389648438
2010-12-03,1224.7099609375,2591.4599609375,11382.08984375,756.4199829101562,18.010000228881836
2010-12-06,1223.1199951171875,2594.919921875,11362.1904296875,760.8599853515625,18.020000457763672
2010-12-07,1223.75,2598.489990234375,11359.16015625,764.4199829101562,17.989999771118164
2010-12-08,1228.280029296875,2609.159912109375,11372.48046875,764.0399780273438,17.739999771118164
2010-12-09,1233.0,2616.669921875,11370.0595703125,767.6300048828125,17.25
2010-12-10,1240.4000244140625,2637.5400390625,11410.3203125,776.8300170898438,17.610000610351562
2010-12-13,1240.4599609375,2624.909912109375,11428.5595703125,772.0999755859375,17.549999237060547
2010-12-14,1241.5899658203125,2627.719970703125,11476.5400390625,771.6599731445312,17.610000610351562
2010-12-15,1235.22998046875,2617.219970703125,11457.4697265625,768.3599853515625,17.940000534057617
2010-12-16,1242.8699951171875,2637.31005859375,11499.25,776.5599975585938,17.389999389648438
2010-12-17,1243.9100341796875,2642.969970703125,11491.91015625,779.510009765625,16.110000610351562
2010-12-20,1247.0799560546875,2649.56005859375,11478.1298828125,782.2999877929688,16.40999984741211
2010-12-21,1254.5999755859375,2667.610107421875,11533.16015625,790.52001953125,16.489999771118164
2010-12-22,1258.8399658203125,2671.47998046875,11559.490234375,790.5900268554688,15.449999809265137
2010-12-23,1256.77001953125,2665.60009765625,11573.490234375,788.9600219726562,16.469999313354492
2010-12-27,1257.5400390625,2667.27001953125,11555.0302734375,792.3499755859375,17.670000076293945
2010-12-28,1258.510009765625,2662.8798828125,11575.5400390625,789.4600219726562,17.520000457763672
2010-12-29,1259.780029296875,2666.929931640625,11585.3798828125,790.260009765625,17.280000686645508
2010-12-30,1257.8800048828125,2662.97998046875,11569.7099609375,789.739990234375,17.520000457763672
2010-12-31,1257.6400146484375,2652.8701171875,11577.509765625,783.6500244140625,17.75
2011-01-03,1271.8699951171875,2691.52001953125,11670.75,798.5599975585938,17.610000610351562
2011-01-04,1270.199951171875,2681.25,11691.1796875,785.8300170898438,17.3799991607666
2011-01-05,1276.56005859375,2702.199951171875,11722.8896484375,795.0900268554688,17.020000457763672
2011-01-06,1273.8499755859375,2709.889892578125,11697.3095703125,791.4199829101562,17.399999618530273
2011-01-07,1271.5,2703.169921875,11674.759765625,787.8300170898438,17.139999389648438
2011-01-10,1269.75,2707.800048828125,11637.4501953125,791.5800170898438,17.540000915527344
2011-01-11,1274.47998046875,2716.830078125,11671.8798828125,794.760009765625,16.889999389648438
2011-01-12,1285.9599609375,2737.330078125,11755.4404296875,801.3599853515625,16.239999771118164
2011-01-13,1283.760009765625,2735.2900390625,11731.900390625,800.6500244140625,16.389999389648438
2011-01-14,1293.239990234375,2755.300048828125,11787.3798828125,807.5700073242188,15.460000038146973
2011-01-18,1295.02001953125,2765.85009765625,11837.9296875,807.5599975585938,15.869999885559082
2011-01-19,1281.9200439453125,2725.360107421875,11825.2900390625,786.8900146484375,17.309999465942383
2011-01-20,1280.260009765625,2704.2900390625,11822.7998046875,778.0800170898438,17.989999771118164
2011-01-21,1283.3499755859375,2689.5400390625,11871.83984375,773.1799926757812,18.469999313354492
2011-01-24,1290.8399658203125,2717.550048828125,11980.51953125,779.280029296875,17.649999618530273
2011-01-25,1291.1800537109375,2719.25,11977.1904296875,779.9600219726562,17.59000015258789
2011-01-26,1296.6300048828125,2739.5,11985.4404296875,793.719970703125,16.639999389648438
2011-01-27,1299.5400390625,2755.280029296875,11989.830078125,795.4299926757812,16.149999618530273
2011-01-28,1276.3399658203125,2686.889892578125,11823.7001953125,775.4000244140625,20.040000915527344
2011-01-31,1286.1199951171875,2700.080078125,11891.9296875,781.25,19.530000686645508
2011-02-01,1307.5899658203125,2751.18994140625,12040.16015625,798.8900146484375,17.6299991607666
2011-02-02,1304.030029296875,2749.56005859375,12041.9697265625,796.1599731445312,17.299999237060547
2011-02-03,1307.0999755859375,2753.8798828125,12062.259765625,798.6300048828125,16.690000534057617
2011-02-04,1310.8699951171875,2769.300048828125,12092.150390625,800.1099853515625,15.930000305175781
2011-02-07,1319.050048828125,2783.989990234375,12161.6298828125,808.3200073242188,16.280000686645508
2011-02-08,1324.5699462890625,2797.050048828125,12233.150390625,813.6900024414062,15.8100004196167
2011-02-09,1320.8800048828125,2789.070068359375,12239.8896484375,809.27001953125,15.869999885559082
2011-02-10,1321.8699951171875,2790.449951171875,12229.2900390625,812.7000122070312,16.09000015258789
2011-02-11,1329.1500244140625,2809.43994140625,12273.259765625,822.1099853515625,15.6899995803833
2011-02-14,1332.3199462890625,2817.179931640625,12268.1904296875,825.9000244140625,15.949999809265137
2011-02-15,1328.010009765625,2804.35009765625,12226.6396484375,820.030029296875,16.3700008392334
2011-02-16,1336.3199462890625,2825.56005859375,12288.169921875,828.3699951171875,16.719999313354492
2011-02-17,1340.4300537109375,2831.580078125,12318.1396484375,834.02001953125,16.59000015258789
2011-02-18,1343.010009765625,2833.949951171875,12391.25,834.8200073242188,16.43000030517578
2011-02-22,1315.43994140625,2756.419921875,12212.7900390625,812.9600219726562,20.799999237060547
2011-02-23,1307.4000244140625,2722.989990234375,12105.7802734375,799.6500244140625,22.1299991607666
2011-02-24,1306.0999755859375,2737.89990234375,12068.5,804.1799926757812,21.31999969482422
2011-02-25,1319.8800048828125,2781.050048828125,12130.4501953125,821.9500122070312,19.219999313354492
2011-02-28,1327.219970703125,2782.27001953125,12226.33984375,823.4500122070312,18.350000381469727
2011-03-01,1306.3299560546875,2737.409912109375,12058.01953125,807.0800170898438,21.010000228881836
2011-03-02,1308.43994140625,2748.070068359375,12066.7998046875,810.9000244140625,20.700000762939453
2011-03-03,1330.969970703125,2798.739990234375,12258.2001953125,828.8900146484375,18.600000381469727
2011-03-04,1321.1500244140625,2784.669921875,12169.8798828125,824.989990234375,19.059999465942383
2011-03-07,1310.1300048828125,2745.6298828125,12090.0302734375,812.25,20.65999984741211
2011-03-08,1321.8199462890625,2765.77001953125,12214.3798828125,824.6599731445312,19.81999969482422
2011-03-09,1320.02001953125,2751.719970703125,12213.08984375,821.1900024414062,20.219999313354492
2011-03-10,1295.1099853515625,2701.02001953125,11984.6103515625,799.530029296875,21.8799991607666
2011-03-11,1304.280029296875,2715.610107421875,12044.400390625,802.8300170898438,20.079999923706055
2011-03-14,1296.3900146484375,2700.969970703125,11993.16015625,798.1699829101562,21.1299991607666
2011-03-15,1281.8699951171875,2667.330078125,11855.419921875,791.3300170898438,24.31999969482422
2011-03-16,1256.8800048828125,2616.820068359375,11613.2998046875,781.9000244140625,29.399999618530273
2011-03-17,1273.719970703125,2636.050048828125,11774.58984375,785.52001953125,26.3700008392334
2011-03-18,1279.2099609375,2643.669921875,11858.51953125,794.6599731445312,24.440000534057617
2011-03-21,1298.3800048828125,2692.090087890625,12036.5302734375,813.02001953125,20.610000610351562
2011-03-22,1293.77001953125,2683.8701171875,12018.6298828125,808.6599731445312,20.209999084472656
2011-03-23,1297.5400390625,2698.300048828125,12086.01953125,811.239990234375,19.170000076293945
2011-03-24,1309.6600341796875,2736.419921875,12170.5595703125,817.0999755859375,18.0
2011-03-25,1313.800048828125,2743.06005859375,12220.58984375,823.8499755859375,17.90999984741211
2011-03-28,1310.18994140625,2730.679931640625,12197.8798828125,821.77001953125,19.440000534057617
2011-03-29,1319.43994140625,2756.889892578125,12279.009765625,829.489990234375,18.15999984741211
2011-03-30,1328.260009765625,2776.7900390625,12350.6103515625,840.3699951171875,17.709999084472656
2011-03-31,1325.8299560546875,2781.070068359375,12319.73046875,843.5499877929688,17.739999771118164
2011-04-01,1332.4100341796875,2789.60009765625,12376.7197265625,846.77001953125,17.399999618530273
2011-04-04,1332.8699951171875,2789.18994140625,12400.0302734375,849.3599853515625,17.5
2011-04-05,1332.6300048828125,2791.18994140625,12393.900390625,853.3099975585938,17.25
2011-04-06,1335.5400390625,2799.820068359375,12426.75,854.1699829101562,16.899999618530273
2011-04-07,1333.510009765625,2796.139892578125,12409.490234375,849.4400024414062,17.110000610351562
2011-04-08,1328.1700439453125,2780.419921875,12380.0498046875,840.8900146484375,17.8700008392334
2011-04-11,1324.4599609375,2771.510009765625,12381.1103515625,833.8599853515625,16.59000015258789
2011-04-12,1314.1600341796875,2744.7900390625,12263.580078125,822.27001953125,17.09000015258789
2011-04-13,1314.4100341796875,2761.52001953125,12270.990234375,823.9199829101562,16.920000076293945
2011-04-14,1314.52001953125,2760.219970703125,12285.150390625,827.469970703125,16.270000457763672
2011-04-15,1319.6800537109375,2764.64990234375,12341.830078125,834.97998046875,15.319999694824219
2011-04-18,1305.1400146484375,2735.3798828125,12201.58984375,821.510009765625,16.959999084472656
2011-04-19,1312.6199951171875,2744.969970703125,12266.75,823.010009765625,15.829999923706055
2011-04-20,1330.3599853515625,2802.510009765625,12453.5400390625,839.4500122070312,15.069999694824219
2011-04-21,1337.3800048828125,2820.159912109375,12505.990234375,845.6400146484375,14.6899995803833
2011-04-25,1335.25,2825.8798828125,12479.8798828125,844.22998046875,15.770000457763672
2011-04-26,1347.239990234375,2847.5400390625,12595.3701171875,853.0399780273438,15.619999885559082
2011-04-27,1355.6600341796875,2869.8798828125,12690.9599609375,858.3099975585938,15.350000381469727
2011-04-28,1360.47998046875,2872.530029296875,12763.3095703125,861.5499877929688,14.619999885559082
2011-04-29,1363.6099853515625,2873.5400390625,12810.5400390625,865.2899780273438,14.75
2011-05-02,1361.219970703125,2864.080078125,12807.3603515625,854.77001953125,15.989999771118164
2011-05-03,1356.6199951171875,2841.6201171875,12807.509765625,843.77001953125,16.700000762939453
2011-05-04,1347.3199462890625,2828.22998046875,12723.580078125,832.9000244140625,17.079999923706055
2011-05-05,1335.0999755859375,2814.719970703125,12584.169921875,829.239990234375,18.200000762939453
2011-05-06,1340.199951171875,2827.56005859375,12638.740234375,833.3400268554688,18.399999618530273
2011-05-09,1346.2900390625,2843.25,12684.6796875,842.7999877929688,17.15999984741211
2011-05-10,1357.1600341796875,2871.889892578125,12760.3603515625,855.9099731445312,15.90999984741211
2011-05-11,1342.0799560546875,2845.06005859375,12630.0302734375,840.6599731445312,16.950000762939453
2011-05-12,1348.6500244140625,2863.0400390625,12695.919921875,847.530029296875,16.030000686645508
2011-05-13,1337.77001953125,2828.469970703125,12595.75,835.6699829101562,17.06999969482422
2011-05-16,1329.469970703125,2782.31005859375,12548.3701171875,822.9099731445312,18.239999771118164
2011-05-17,1328.97998046875,2783.2099609375,12479.580078125,820.3599853515625,17.549999237060547
2011-05-18,1340.6800537109375,2815.0,12560.1796875,833.4500122070312,16.229999542236328
2011-05-19,1343.5999755859375,2823.31005859375,12605.3203125,835.1599731445312,15.520000457763672
2011-05-20,1333.27001953125,2803.320068359375,12512.0400390625,829.0599975585938,17.43000030517578
2011-05-23,1317.3699951171875,2758.89990234375,12381.259765625,814.0399780273438,18.270000457763672
2011-05-24,1316.280029296875,2746.159912109375,12356.2099609375,810.3300170898438,17.81999969482422
2011-05-25,1320.469970703125,2761.3798828125,12394.66015625,820.8699951171875,17.06999969482422
2011-05-26,1325.68994140625,2782.919921875,12402.759765625,830.8699951171875,16.09000015258789
2011-05-27,1331.0999755859375,2796.860107421875,12441.580078125,836.260009765625,15.979999542236328
2011-05-31,1345.199951171875,2835.300048828125,12569.7900390625,848.2999877929688,15.449999809265137
2011-06-01,1314.550048828125,2769.18994140625,12290.1396484375,821.4000244140625,18.299999237060547
2011-06-02,1312.93994140625,2773.31005859375,12248.5498046875,820.6900024414062,18.09000015258789
2011-06-03,1300.1600341796875,2732.780029296875,12151.259765625,808.1300048828125,17.950000762939453
2011-06-06,1286.1700439453125,2702.56005859375,12089.9599609375,795.3200073242188,18.489999771118164
2011-06-07,1284.93994140625,2701.56005859375,12070.8095703125,797.5499877929688,18.06999969482422
2011-06-08,1279.56005859375,2675.3798828125,12048.9404296875,788.0399780273438,18.790000915527344
2011-06-09,1289.0,2684.8701171875,12124.3603515625,792.6400146484375,17.770000457763672
2011-06-10,1270.97998046875,2643.72998046875,11951.91015625,779.5399780273438,18.860000610351562
2011-06-13,1271.8299560546875,2639.68994140625,11952.9697265625,777.2000122070312,19.610000610351562
2011-06-14,1287.8699951171875,2678.719970703125,12076.1103515625,793.989990234375,18.260000228881836
2011-06-15,1265.4200439453125,2631.4599609375,11897.26953125,779.4600219726562,21.31999969482422
2011-06-16,1267.6400146484375,2623.699951171875,11961.51953125,781.5399780273438,22.729999542236328
2011-06-17,1271.5,2616.47998046875,12004.3603515625,781.75,21.850000381469727
2011-06-20,1278.3599853515625,2629.659912109375,12080.3798828125,788.47998046875,19.989999771118164
2011-06-21,1295.52001953125,2687.260009765625,12190.009765625,806.3699951171875,18.860000610351562
2011-06-22,1287.1400146484375,2669.18994140625,12109.669921875,799.8699951171875,18.520000457763672
2011-06-23,1283.5,2686.75,12050.0,802.6799926757812,19.290000915527344
2011-06-24,1268.449951171875,2652.889892578125,11934.580078125,797.7899780273438,21.100000381469727
2011-06-27,1280.0999755859375,2688.280029296875,12043.5595703125,805.1400146484375,20.559999465942383
2011-06-28,1296.6700439453125,2729.31005859375,12188.6904296875,817.3099975585938,19.170000076293945
2011-06-29,1307.4100341796875,2740.489990234375,12261.419921875,819.9199829101562,17.270000457763672
2011-06-30,1320.6400146484375,2773.52001953125,12414.33984375,827.4299926757812,16.520000457763672
2011-07-01,1339.6700439453125,2816.030029296875,12582.76953125,840.0399780273438,15.869999885559082
2011-07-05,1337.8800048828125,2825.77001953125,12569.8701171875,841.6199951171875,16.059999465942383
2011-07-06,1339.219970703125,2834.02001953125,12626.01953125,845.22998046875,16.34000015258789
2011-07-07,1353.219970703125,2872.659912109375,12719.490234375,858.1099853515625,15.949999809265137
2011-07-08,1343.800048828125,2859.81005859375,12657.2001953125,852.5700073242188,15.949999809265137
2011-07-11,1319.489990234375,2802.6201171875,12505.759765625,833.5399780273438,18.389999389648438
2011-07-12,1313.6400146484375,2781.909912109375,12446.8798828125,829.77001953125,19.8700008392334
2011-07-13,1317.719970703125,2796.919921875,12491.6103515625,836.97998046875,19.90999984741211
2011-07-14,1308.8699951171875,2762.669921875,12437.1201171875,823.3200073242188,20.799999237060547
2011-07-15,1316.1400146484375,2789.800048828125,12479.73046875,828.780029296875,19.530000686645508
2011-07-18,1305.43994140625,2765.110107421875,12385.16015625,815.969970703125,20.950000762939453
2011-07-19,1326.72998046875,2826.52001953125,12587.419921875,834.6199951171875,19.209999084472656
2011-07-20,1325.8399658203125,2814.22998046875,12571.91015625,832.3400268554688,19.09000015258789
2011-07-21,1343.800048828125,2834.429931640625,12724.41015625,841.260009765625,17.559999465942383
2011-07-22,1345.02001953125,2858.830078125,12681.16015625,841.8200073242188,17.520000457763672
2011-07-25,1337.4300537109375,2842.800048828125,12592.7998046875,831.4000244140625,19.350000381469727
2011-07-26,1331.93994140625,2839.9599609375,12501.2998046875,824.8300170898438,20.229999542236328
2011-07-27,1304.8900146484375,2764.7900390625,12302.5498046875,800.530029296875,22.979999542236328
2011-07-28,1300.6700439453125,2766.25,12240.1103515625,799.3400268554688,23.739999771118164
2011-07-29,1292.280029296875,2756.3798828125,12143.240234375,797.030029296875,25.25
2011-08-01,1286.93994140625,2744.610107421875,12132.490234375,792.8499755859375,23.65999984741211
2011-08-02,1254.050048828125,2669.239990234375,11866.6201171875,767.010009765625,24.790000915527344
2011-08-03,1260.3399658203125,2693.070068359375,11896.4404296875,772.780029296875,23.3799991607666
2011-08-04,1200.0699462890625,2556.389892578125,11383.6796875,726.7999877929688,31.65999984741211
2011-08-05,1199.3800048828125,2532.409912109375,11444.6103515625,714.6300048828125,32.0
2011-08-08,1119.4599609375,2357.68994140625,10809.849609375,650.9600219726562,48.0
2011-08-09,1172.530029296875,2482.52001953125,11239.76953125,696.1599731445312,35.060001373291016
2011-08-10,1120.760009765625,2381.050048828125,10719.9404296875,660.2100219726562,42.9900016784668
2011-08-11,1172.6400146484375,2492.679931640625,11143.3095703125,695.8900146484375,39.0
2011-08-12,1178.81005859375,2507.97998046875,11269.01953125,697.5,36.36000061035156
2011-08-15,1204.489990234375,2555.199951171875,11482.900390625,718.6300048828125,31.8700008392334
2011-08-16,1192.760009765625,2523.449951171875,11405.9296875,704.760009765625,32.849998474121094
2011-08-17,1193.8900146484375,2511.47998046875,11410.2099609375,704.030029296875,31.579999923706055
2011-08-18,1140.6500244140625,2380.429931640625,10990.580078125,662.510009765625,42.66999816894531
2011-08-19,1123.530029296875,2341.840087890625,10817.650390625,651.7000122070312,43.04999923706055
2011-08-22,1123.8199462890625,2345.3798828125,10854.650390625,651.3400268554688,42.439998626708984
2011-08-23,1162.3499755859375,2446.06005859375,11176.759765625,683.0700073242188,36.27000045776367
2011-08-24,1177.5999755859375,2467.68994140625,11320.7099609375,692.5700073242188,35.900001525878906
2011-08-25,1159.27001953125,2419.6298828125,11149.8203125,674.4199829101562,39.7599983215332
2011-08-26,1176.800048828125,2479.85009765625,11284.5400390625,691.7899780273438,35.59000015258789
2011-08-29,1210.0799560546875,2562.110107421875,11539.25,724.6500244140625,32.279998779296875
2011-08-30,1212.9200439453125,2576.110107421875,11559.9501953125,728.0800170898438,32.88999938964844
2011-08-31,1218.8900146484375,2579.4599609375,11613.5302734375,726.8099975585938,31.6200008392334
2011-09-01,1204.4200439453125,2546.0400390625,11493.5703125,708.9199829101562,31.81999969482422
2011-09-02,1173.969970703125,2480.330078125,11240.259765625,683.3599853515625,33.91999816894531
2011-09-06,1165.239990234375,2473.830078125,11139.2998046875,680.8699951171875,37.0
2011-09-07,1198.6199951171875,2548.93994140625,11414.8603515625,709.469970703125,33.380001068115234
2011-09-08,1185.9000244140625,2529.139892578125,11295.8095703125,694.9199829101562,34.31999969482422
2011-09-09,1154.22998046875,2467.989990234375,10992.1298828125,673.9600219726562,38.52000045776367
2011-09-12,1162.27001953125,2495.090087890625,11061.1201171875,679.760009765625,38.59000015258789
2011-09-13,1172.8699951171875,2532.14990234375,11105.849609375,691.739990234375,36.90999984741211
2011-09-14,1188.6800537109375,2572.550048828125,11246.73046875,704.1199951171875,34.599998474121094
2011-09-15,1209.1099853515625,2607.070068359375,11433.1796875,713.510009765625,31.969999313354492
2011-09-16,1216.010009765625,2622.31005859375,11509.08984375,714.3099975585938,30.979999542236328
2011-09-19,1204.0899658203125,2612.830078125,11401.009765625,702.22998046875,32.72999954223633
2011-09-20,1202.0899658203125,2590.239990234375,11408.66015625,689.9500122070312,32.86000061035156
2011-09-21,1166.760009765625,2538.18994140625,11124.83984375,664.5800170898438,37.31999969482422
2011-09-22,1129.56005859375,2455.669921875,10733.830078125,643.4199829101562,41.349998474121094
2011-09-23,1136.4300537109375,2483.22998046875,10771.48046875,652.4299926757812,41.25
2011-09-26,1162.949951171875,2516.68994140625,11043.8603515625,665.6199951171875,39.02000045776367
2011-09-27,1175.3800048828125,2546.830078125,11190.6904296875,680.22998046875,37.709999084472656
2011-09-28,1151.06005859375,2491.580078125,11010.900390625,651.969970703125,41.08000183105469
2011-09-29,1160.4000244140625,2480.760009765625,11153.98046875,662.7999877929688,38.84000015258789
2011-09-30,1131.4200439453125,2415.39990234375,10913.3798828125,644.1599731445312,42.959999084472656
2011-10-03,1099.22998046875,2335.830078125,10655.2998046875,609.489990234375,45.45000076293945
2011-10-04,1123.949951171875,2404.820068359375,10808.7099609375,648.6400146484375,40.81999969482422
2011-10-05,1144.030029296875,2460.510009765625,10939.9501953125,658.1099853515625,37.810001373291016
2011-10-06,1164.969970703125,2506.820068359375,11123.330078125,673.7999877929688,36.27000045776367
2011-10-07,1155.4599609375,2479.35009765625,11103.1201171875,656.2100219726562,36.20000076293945
2011-10-10,1194.8900146484375,2566.050048828125,11433.1796875,684.9000244140625,33.02000045776367
2011-10-11,1195.5400390625,2583.030029296875,11416.2998046875,688.969970703125,32.86000061035156
2011-10-12,1207.25,2604.72998046875,11518.849609375,700.3800048828125,31.260000228881836
2011-10-13,1203.6600341796875,2620.239990234375,11478.1298828125,698.8200073242188,30.700000762939453
2011-10-14,1224.5799560546875,2667.85009765625,11644.490234375,712.4600219726562,28.239999771118164
2011-10-17,1200.8599853515625,2614.919921875,11397.0,688.5999755859375,33.38999938964844
2011-10-18,1225.3800048828125,2657.429931640625,11577.0498046875,709.3400268554688,31.559999465942383
2011-10-19,1209.8800048828125,2604.0400390625,11504.6201171875,694.3699951171875,34.439998626708984
2011-10-20,1215.3900146484375,2598.6201171875,11541.7802734375,696.4199829101562,34.779998779296875
2011-10-21,1238.25,2637.4599609375,11808.7900390625,712.4199829101562,31.31999969482422
2011-10-24,1254.18994140625,2699.43994140625,11913.6201171875,736.030029296875,29.260000228881836
2011-10-25,1229.050048828125,2638.419921875,11706.6201171875,713.6500244140625,32.220001220703125
2011-10-26,1242.0,2650.669921875,11869.0400390625,727.1500244140625,29.860000610351562
2011-10-27,1284.5899658203125,2738.6298828125,12208.5498046875,765.4299926757812,25.459999084472656
2011-10-28,1285.0899658203125,2737.14990234375,12231.1103515625,761.0,24.530000686645508
2011-10-31,1253.300048828125,2684.409912109375,11955.009765625,741.0599975585938,29.959999084472656
2011-11-01,1218.280029296875,2606.9599609375,11657.9599609375,713.8900146484375,34.77000045776367
2011-11-02,1237.9000244140625,2639.97998046875,11836.0400390625,733.260009765625,32.7400016784668
2011-11-03,1261.1500244140625,2697.969970703125,12044.4697265625,751.530029296875,30.5
2011-11-04,1253.22998046875,2686.14990234375,11983.240234375,746.489990234375,30.15999984741211
2011-11-07,1261.1199951171875,2695.25,12068.3896484375,745.27001953125,29.850000381469727
2011-11-08,1275.9200439453125,2727.489990234375,12170.1796875,755.27001953125,27.479999542236328
2011-11-09,1229.0999755859375,2621.64990234375,11780.9404296875,718.8599853515625,36.15999984741211
2011-11-10,1239.699951171875,2625.14990234375,11893.8603515625,725.47998046875,32.810001373291016
2011-11-11,1263.8499755859375,2678.75,12153.6796875,744.6400146484375,30.040000915527344
2011-11-14,1251.780029296875,2657.219970703125,12078.98046875,732.8900146484375,31.1299991607666
2011-11-15,1257.81005859375,2686.199951171875,12096.16015625,743.0800170898438,31.219999313354492
2011-11-16,1236.9100341796875,2639.610107421875,11905.58984375,729.8599853515625,33.5099983215332
2011-11-17,1216.1300048828125,2587.989990234375,11770.73046875,718.75,34.5099983215332
2011-11-18,1215.6500244140625,2572.5,11796.16015625,719.4199829101562,32.0
2011-11-21,1192.97998046875,2523.139892578125,11547.3095703125,701.9000244140625,32.90999984741211
2011-11-22,1188.0400390625,2521.280029296875,11493.7197265625,696.260009765625,31.969999313354492
2011-11-23,1161.7900390625,2460.080078125,11257.5498046875,674.3400268554688,33.97999954223633
2011-11-25,1158.6700439453125,2441.510009765625,11231.650390625,666.1599731445312,34.470001220703125
2011-11-28,1192.550048828125,2527.340087890625,11523.009765625,697.9000244140625,32.130001068115234
2011-11-29,1195.18994140625,2515.510009765625,11555.6298828125,696.0999755859375,30.639999389648438
2011-11-30,1246.9599609375,2620.340087890625,12045.6796875,737.4199829101562,27.799999237060547
2011-12-01,1244.5799560546875,2626.199951171875,12020.0302734375,730.75,27.40999984741211
2011-12-02,1244.280029296875,2626.929931640625,12019.419921875,735.02001953125,27.520000457763672
2011-12-05,1257.0799560546875,2655.760009765625,12097.830078125,747.030029296875,27.84000015258789
2011-12-06,1258.469970703125,2649.56005859375,12150.1298828125,746.780029296875,28.1299991607666
2011-12-07,1261.010009765625,2649.2099609375,12196.3701171875,746.1400146484375,28.670000076293945
2011-12-08,1234.3499755859375,2596.3798828125,11997.7001953125,722.6799926757812,30.59000015258789
2011-12-09,1255.18994140625,2646.85009765625,12184.259765625,745.4000244140625,26.3799991607666
2011-12-12,1236.469970703125,2612.260009765625,12021.3896484375,733.1500244140625,25.670000076293945
2011-12-13,1225.72998046875,2579.27001953125,11954.9404296875,718.0599975585938,25.40999984741211
2011-12-14,1211.8199462890625,2539.31005859375,11823.48046875,708.4600219726562,26.040000915527344
2011-12-15,1215.75,2541.010009765625,11868.8095703125,716.010009765625,25.110000610351562
2011-12-16,1219.6600341796875,2555.330078125,11866.3896484375,722.0499877929688,24.290000915527344
2011-12-19,1205.3499755859375,2523.139892578125,11766.259765625,708.5599975585938,24.920000076293945
2011-12-20,1241.300048828125,2603.72998046875,12103.580078125,738.219970703125,23.219999313354492
2011-12-21,1243.719970703125,2577.969970703125,12107.740234375,740.4500122070312,21.43000030517578
2011-12-22,1254.0,2599.449951171875,12169.650390625,745.510009765625,21.15999984741211
2011-12-23,1265.3299560546875,2618.639892578125,12294.0,747.97998046875,20.729999542236328
2011-12-27,1265.4300537109375,2625.199951171875,12291.349609375,751.3099975585938,21.90999984741211
2011-12-28,1249.6400146484375,2589.97998046875,12151.41015625,735.2100219726562,23.520000457763672
2011-12-29,1263.02001953125,2613.739990234375,12287.0400390625,744.97998046875,22.649999618530273
2011-12-30,1257.5999755859375,2605.14990234375,12217.5595703125,740.9199829101562,23.399999618530273
2012-01-03,1277.06005859375,2648.719970703125,12397.3798828125,752.280029296875,22.969999313354492
2012-01-04,1277.300048828125,2648.360107421875,12418.419921875,747.280029296875,22.219999313354492
2012-01-05,1281.06005859375,2669.860107421875,12415.7001953125,752.2899780273438,21.479999542236328
2012-01-06,1277.81005859375,2674.219970703125,12359.919921875,749.7100219726562,20.6299991607666
2012-01-09,1280.699951171875,2676.56005859375,12392.6904296875,753.510009765625,21.06999969482422
2012-01-10,1292.0799560546875,2702.5,12462.4697265625,764.75,20.690000534057617
2012-01-11,1292.47998046875,2710.760009765625,12449.4501953125,767.239990234375,21.049999237060547
2012-01-12,1295.5,2724.699951171875,12471.01953125,770.489990234375,20.469999313354492
2012-01-13,1289.0899658203125,2710.669921875,12422.0595703125,764.2000122070312,20.90999984741211
2012-01-17,1293.6700439453125,2728.080078125,12482.0703125,765.530029296875,22.200000762939453
2012-01-18,1308.0400390625,2769.7099609375,12578.9501953125,779.260009765625,20.889999389648438
2012-01-19,1314.5,2788.330078125,12623.98046875,782.3699951171875,19.8700008392334
2012-01-20,1315.3800048828125,2786.699951171875,12720.48046875,784.6199951171875,18.280000686645508
2012-01-23,1316.0,2784.169921875,12708.8203125,783.0499877929688,18.670000076293945
2012-01-24,1314.6500244140625,2786.639892578125,12675.75,788.27001953125,18.90999984741211
2012-01-25,1326.06005859375,2818.31005859375,12758.849609375,795.5800170898438,18.309999465942383
2012-01-26,1318.4300537109375,2805.280029296875,12734.6298828125,792.9099731445312,18.56999969482422
2012-01-27,1316.3299560546875,2816.550048828125,12660.4599609375,798.8499755859375,18.530000686645508
2012-01-30,1313.010009765625,2811.93994140625,12653.7197265625,792.3800048828125,19.399999618530273
2012-01-31,1312.4100341796875,2813.840087890625,12632.91015625,792.8200073242188,19.440000534057617
2012-02-01,1324.0899658203125,2848.27001953125,12716.4599609375,809.6599731445312,18.549999237060547
2012-02-02,1325.5400390625,2859.679931640625,12705.41015625,812.8900146484375,17.979999542236328
2012-02-03,1344.9000244140625,2905.659912109375,12862.23046875,831.1099853515625,17.100000381469727
2012-02-06,1344.3299560546875,2901.989990234375,12845.1298828125,828.3699951171875,17.760000228881836
2012-02-07,1347.050048828125,2904.080078125,12878.2001953125,827.3699951171875,17.649999618530273
2012-02-08,1349.9599609375,2915.860107421875,12883.9501953125,828.3900146484375,18.15999984741211
2012-02-09,1351.949951171875,2927.22998046875,12890.4599609375,824.989990234375,18.6299991607666
2012-02-10,1342.6400146484375,2903.8798828125,12801.23046875,813.3300170898438,20.790000915527344
2012-02-13,1351.77001953125,2931.389892578125,12874.0400390625,824.8099975585938,19.040000915527344
2012-02-14,1350.5,2931.830078125,12878.2802734375,820.6500244140625,19.540000915527344
2012-02-15,1343.22998046875,2915.830078125,12780.9501953125,813.97998046875,21.139999389648438
2012-02-16,1358.0400390625,2959.85009765625,12904.080078125,829.9600219726562,19.219999313354492
2012-02-17,1361.22998046875,2951.780029296875,12949.8701171875,828.6799926757812,17.780000686645508
2012-02-21,1362.2099609375,2948.570068359375,12965.6904296875,823.2000122070312,18.190000534057617
2012-02-22,1357.6600341796875,2933.169921875,12938.669921875,816.5,18.190000534057617
2012-02-23,1363.4599609375,2956.97998046875,12984.6904296875,829.22998046875,16.799999237060547
2012-02-24,1365.739990234375,2963.75,12982.9501953125,826.9199829101562,17.309999465942383
2012-02-27,1367.5899658203125,2966.159912109375,12981.509765625,826.6599731445312,18.190000534057617
2012-02-28,1372.1800537109375,2986.760009765625,13005.1201171875,823.7999877929688,17.959999084472656
2012-02-29,1365.6800537109375,2966.889892578125,12952.0703125,810.9400024414062,18.43000030517578
2012-03-01,1374.0899658203125,2988.969970703125,12980.2998046875,815.219970703125,17.260000228881836
2012-03-02,1369.6300048828125,2976.18994140625,12977.5703125,802.4199829101562,17.290000915527344
2012-03-05,1364.3299560546875,2950.47998046875,12962.8095703125,803.6500244140625,18.049999237060547
2012-03-06,1343.3599853515625,2910.320068359375,12759.150390625,787.0900268554688,20.8700008392334
2012-03-07,1352.6300048828125,2935.68994140625,12837.330078125,795.9500122070312,19.06999969482422
2012-03-08,1365.9100341796875,2970.419921875,12907.9404296875,806.3400268554688,17.950000762939453
2012-03-09,1370.8699951171875,2988.340087890625,12922.01953125,817.0,17.110000610351562
2012-03-12,1371.0899658203125,2983.659912109375,12959.7099609375,814.2899780273438,15.640000343322754
2012-03-13,1395.949951171875,3039.8798828125,13177.6796875,831.22998046875,14.800000190734863
2012-03-14,1394.280029296875,3040.72998046875,13194.099609375,823.4000244140625,15.3100004196167
2012-03-15,1402.5999755859375,3056.3701171875,13252.759765625,831.4600219726562,15.420000076293945
2012-03-16,1404.1700439453125,3055.260009765625,13232.6201171875,830.1799926757812,14.470000267028809
2012-03-19,1409.75,3078.320068359375,13239.1298828125,837.77001953125,15.039999961853027
2012-03-20,1405.52001953125,3074.14990234375,13170.1904296875,829.239990234375,15.579999923706055
2012-03-21,1402.8900146484375,3075.320068359375,13124.6201171875,829.9199829101562,15.130000114440918
2012-03-22,1392.780029296875,3063.320068359375,13046.1396484375,821.4400024414062,15.569999694824219
2012-03-23,1397.1099853515625,3067.919921875,13080.73046875,830.030029296875,14.819999694824219
2012-03-26,1416.510009765625,3122.570068359375,13241.6298828125,846.1300048828125,14.260000228881836
2012-03-27,1412.52001953125,3120.35009765625,13197.73046875,839.97998046875,15.59000015258789
2012-03-28,1405.5400390625,3104.9599609375,13126.2099609375,834.4500122070312,15.470000267028809
2012-03-29,1403.280029296875,3095.360107421875,13145.8203125,832.219970703125,15.479999542236328
2012-03-30,1408.469970703125,3091.570068359375,13212.0400390625,830.2999877929688,15.5
2012-04-02,1419.0400390625,3119.699951171875,13264.490234375,840.6300048828125,15.640000343322754
2012-04-03,1413.3800048828125,3113.570068359375,13199.5498046875,834.7999877929688,15.65999984741211
2012-04-04,1398.9599609375,3068.090087890625,13074.75,820.3800048828125,16.440000534057617
2012-04-05,1398.0799560546875,3080.5,13060.1396484375,818.1799926757812,16.700000762939453
2012-04-09,1382.199951171875,3047.080078125,12929.58984375,803.4600219726562,18.809999465942383
2012-04-10,1358.5899658203125,2991.219970703125,12715.9296875,784.1500244140625,20.389999389648438
2012-04-11,1368.7099609375,3016.4599609375,12805.3896484375,796.5900268554688,20.020000457763672
2012-04-12,1387.5699462890625,3055.550048828125,12986.580078125,808.5900268554688,17.200000762939453
2012-04-13,1370.260009765625,3011.330078125,12849.58984375,796.2899780273438,19.549999237060547
2012-04-16,1369.5699462890625,2988.39990234375,12921.41015625,798.0800170898438,19.549999237060547
2012-04-17,1390.780029296875,3042.820068359375,13115.5400390625,810.6300048828125,18.459999084472656
2012-04-18,1385.1400146484375,3031.449951171875,13032.75,803.3200073242188,18.639999389648438
2012-04-19,1376.9200439453125,3007.56005859375,12964.099609375,798.9000244140625,18.360000610351562
2012-04-20,1378.530029296875,3000.449951171875,13029.259765625,804.0499877929688,17.440000534057617
2012-04-23,1366.93994140625,2970.449951171875,12927.169921875,791.8499755859375,18.969999313354492
2012-04-24,1371.969970703125,2961.60009765625,13001.5595703125,798.0499877929688,18.100000381469727
2012-04-25,1390.68994140625,3029.6298828125,13090.7197265625,812.1199951171875,16.81999969482422
2012-04-26,1399.97998046875,3050.610107421875,13204.6201171875,818.3300170898438,16.239999771118164
2012-04-27,1403.3599853515625,3069.199951171875,13228.3095703125,825.469970703125,16.31999969482422
2012-04-30,1397.9100341796875,3046.360107421875,13213.6298828125,816.8800048828125,17.149999618530273
2012-05-01,1405.8199462890625,3050.43994140625,13279.3203125,815.8900146484375,16.600000381469727
2012-05-02,1402.31005859375,3059.85009765625,13268.5703125,818.5999755859375,16.8799991607666
2012-05-03,1391.5699462890625,3024.300048828125,13206.58984375,806.5900268554688,17.559999465942383
2012-05-04,1369.0999755859375,2956.340087890625,13038.26953125,791.8400268554688,19.15999984741211
2012-05-07,1369.5799560546875,2957.760009765625,13008.5302734375,793.8099975585938,18.940000534057617
2012-05-08,1363.719970703125,2946.27001953125,12932.08984375,793.0599975585938,19.049999237060547
2012-05-09,1354.5799560546875,2934.7099609375,12835.0595703125,788.9199829101562,20.079999923706055
2012-05-10,1357.989990234375,2933.639892578125,12855.0400390625,791.75,18.829999923706055
2012-05-11,1353.3900146484375,2933.820068359375,12820.599609375,790.0599975585938,19.889999389648438
2012-05-14,1338.3499755859375,2902.580078125,12695.349609375,778.9500122070312,21.8700008392334
2012-05-15,1330.6600341796875,2893.760009765625,12632.0,777.3599853515625,21.969999313354492
2012-05-16,1324.800048828125,2874.0400390625,12598.5498046875,772.1099853515625,22.270000457763672
2012-05-17,1304.8599853515625,2813.68994140625,12442.490234375,754.3300170898438,24.489999771118164
2012-05-18,1295.219970703125,2778.7900390625,12369.3798828125,747.2100219726562,25.100000381469727
2012-05-21,1315.989990234375,2847.2099609375,12504.48046875,764.6400146484375,22.010000228881836
2012-05-22,1316.6300048828125,2839.080078125,12502.8095703125,759.6300048828125,22.479999542236328
2012-05-23,1318.8599853515625,2850.1201171875,12496.150390625,765.1699829101562,22.329999923706055
2012-05-24,1320.6800537109375,2839.3798828125,12529.75,766.5700073242188,21.540000915527344
2012-05-25,1317.8199462890625,2837.530029296875,12454.830078125,766.4099731445312,21.760000228881836
2012-05-29,1332.4200439453125,2870.989990234375,12580.6904296875,777.1599731445312,21.030000686645508
2012-05-30,1313.3199462890625,2837.360107421875,12419.8603515625,762.0,24.139999389648438
2012-05-31,1310.3299560546875,2827.340087890625,12393.4501953125,761.8200073242188,24.059999465942383
2012-06-01,1278.0400390625,2747.47998046875,12118.5703125,737.4199829101562,26.65999984741211
2012-06-04,1278.1800537109375,2760.010009765625,12101.4599609375,737.239990234375,26.1200008392334
2012-06-05,1285.5,2778.110107421875,12127.9501953125,746.0900268554688,24.68000030517578
2012-06-06,1315.1300048828125,2844.719970703125,12414.7900390625,765.1699829101562,22.15999984741211
2012-06-07,1314.989990234375,2831.02001953125,12460.9599609375,760.3400268554688,21.719999313354492
2012-06-08,1325.6600341796875,2858.419921875,12554.2001953125,769.1900024414062,21.229999542236328
2012-06-11,1308.9300537109375,2809.72998046875,12411.23046875,751.010009765625,23.559999465942383
2012-06-12,1324.1800537109375,2843.070068359375,12573.7998046875,761.530029296875,22.09000015258789
2012-06-13,1314.8800048828125,2818.610107421875,12496.3798828125,752.3800048828125,24.270000457763672
2012-06-14,1329.0999755859375,2836.330078125,12651.91015625,762.3400268554688,21.68000030517578
2012-06-15,1342.8399658203125,2872.800048828125,12767.169921875,771.3200073242188,21.110000610351562
2012-06-18,1344.780029296875,2895.330078125,12741.8203125,772.530029296875,18.31999969482422
2012-06-19,1357.97998046875,2929.760009765625,12837.330078125,786.4299926757812,18.3799991607666
2012-06-20,1355.68994140625,2930.449951171875,12824.3896484375,784.0499877929688,17.239999771118164
2012-06-21,1325.510009765625,2859.090087890625,12573.5703125,764.8300170898438,20.079999923706055
2012-06-22,1335.02001953125,2892.419921875,12640.7802734375,775.1599731445312,18.110000610351562
2012-06-25,1313.719970703125,2836.159912109375,12502.66015625,761.9000244140625,20.3799991607666
2012-06-26,1319.989990234375,2854.06005859375,12534.669921875,765.02001953125,19.719999313354492
2012-06-27,1331.8499755859375,2875.320068359375,12627.009765625,776.239990234375,19.450000762939453
2012-06-28,1329.0400390625,2849.489990234375,12602.259765625,775.8900146484375,19.709999084472656
2012-06-29,1362.1600341796875,2935.050048828125,12880.08984375,798.489990234375,17.079999923706055
2012-07-02,1365.510009765625,2951.22998046875,12871.3896484375,807.9400024414062,16.799999237060547
2012-07-03,1374.02001953125,2976.080078125,12943.66015625,818.489990234375,16.65999984741211
2012-07-05,1367.5799560546875,2976.1201171875,12896.669921875,817.4299926757812,17.5
2012-07-06,1354.6800537109375,2937.330078125,12772.4697265625,807.1400146484375,17.100000381469727
2012-07-09,1352.4599609375,2931.77001953125,12736.2900390625,804.7999877929688,17.979999542236328
2012-07-10,1341.469970703125,2902.330078125,12653.1201171875,795.1699829101562,18.719999313354492
2012-07-11,1341.449951171875,2887.97998046875,12604.5302734375,792.260009765625,17.950000762939453
2012-07-12,1334.760009765625,2866.18994140625,12573.26953125,789.6199951171875,18.329999923706055
2012-07-13,1356.780029296875,2908.469970703125,12777.08984375,800.989990234375,16.739999771118164
2012-07-16,1353.6400146484375,2896.93994140625,12727.2099609375,796.6599731445312,17.110000610351562
2012-07-17,1363.6700439453125,2910.0400390625,12805.5400390625,799.4500122070312,16.479999542236328
2012-07-18,1372.780029296875,2942.60009765625,12908.7001953125,805.0599975585938,16.15999984741211
2012-07-19,1376.510009765625,2965.89990234375,12943.3603515625,802.1699829101562,15.449999809265137
2012-07-20,1362.6600341796875,2925.300048828125,12822.5703125,791.5399780273438,16.270000457763672
2012-07-23,1350.52001953125,2890.14990234375,12721.4599609375,778.9000244140625,18.6200008392334
2012-07-24,1338.31005859375,2862.989990234375,12617.3203125,767.75,20.469999313354492
2012-07-25,1337.8900146484375,2854.239990234375,12676.0498046875,769.3099975585938,19.34000015258789
2012-07-26,1360.02001953125,2893.25,12887.9296875,777.1099853515625,17.530000686645508
2012-07-27,1385.969970703125,2958.090087890625,13075.66015625,796.0,16.700000762939453
2012-07-30,1385.300048828125,2945.840087890625,13073.009765625,791.5800170898438,18.030000686645508
2012-07-31,1379.3199462890625,2939.52001953125,13008.6796875,786.9400024414062,18.93000030517578
2012-08-01,1375.3199462890625,2920.2099609375,12976.1298828125,771.1300048828125,18.959999084472656
2012-08-02,1365.0,2909.77001953125,12878.8798828125,768.5999755859375,17.56999969482422
2012-08-03,1390.989990234375,2967.89990234375,13096.169921875,788.47998046875,15.640000343322754
2012-08-06,1394.22998046875,2989.909912109375,13117.509765625,794.3499755859375,15.949999809265137
2012-08-07,1401.3499755859375,3015.860107421875,13168.599609375,801.3400268554688,15.989999771118164
2012-08-08,1402.219970703125,3011.25,13175.6396484375,800.1599731445312,15.319999694824219
2012-08-09,1402.800048828125,3018.639892578125,13165.1904296875,802.9000244140625,15.279999732971191
2012-08-10,1405.8699951171875,3020.860107421875,13207.9501953125,801.5499877929688,14.739999771118164
2012-08-13,1404.1099853515625,3022.52001953125,13169.4296875,799.489990234375,13.699999809265137
2012-08-14,1403.9300537109375,3016.97998046875,13172.1396484375,796.8800048828125,14.850000381469727
2012-08-15,1405.530029296875,3030.929931640625,13164.7802734375,804.260009765625,14.630000114440918
2012-08-16,1415.510009765625,3062.389892578125,13250.1103515625,813.0800170898438,14.289999961853027
2012-08-17,1418.1600341796875,3076.590087890625,13275.2001953125,819.8900146484375,13.449999809265137
2012-08-20,1418.1300048828125,3076.2099609375,13271.6396484375,816.510009765625,14.020000457763672
2012-08-21,1413.1700439453125,3067.260009765625,13203.580078125,815.3599853515625,15.020000457763672
2012-08-22,1413.489990234375,3073.669921875,13172.759765625,812.5599975585938,15.109999656677246
2012-08-23,1402.0799560546875,3053.39990234375,13057.4599609375,806.0,15.960000038146973
2012-08-24,1411.1300048828125,3069.7900390625,13157.9697265625,809.1900024414062,15.180000305175781
2012-08-27,1410.43994140625,3073.18994140625,13124.669921875,810.4000244140625,16.350000381469727
2012-08-28,1409.300048828125,3077.139892578125,13102.990234375,814.280029296875,16.489999771118164
2012-08-29,1410.489990234375,3081.18994140625,13107.48046875,817.8400268554688,17.059999465942383
2012-08-30,1399.47998046875,3048.7099609375,13000.7099609375,808.6400146484375,17.829999923706055
2012-08-31,1406.5799560546875,3066.9599609375,13090.83984375,812.0900268554688,17.469999313354492
2012-09-04,1404.93994140625,3075.06005859375,13035.9404296875,822.1400146484375,17.979999542236328
2012-09-05,1403.43994140625,3069.27001953125,13047.48046875,821.22998046875,17.739999771118164
2012-09-06,1432.1199951171875,3135.81005859375,13292.0,837.9500122070312,15.600000381469727
2012-09-07,1437.9200439453125,3136.419921875,13306.6396484375,842.27001953125,14.380000114440918
2012-09-10,1429.0799560546875,3104.02001953125,13254.2900390625,839.3699951171875,16.280000686645508
2012-09-11,1433.56005859375,3104.530029296875,13323.3603515625,841.9199829101562,16.40999984741211
2012-09-12,1436.56005859375,3114.31005859375,13333.349609375,845.1199951171875,15.800000190734863
2012-09-13,1459.989990234375,3155.830078125,13539.8603515625,856.1199951171875,14.050000190734863
2012-09-14,1465.77001953125,3183.949951171875,13593.3701171875,864.7000122070312,14.510000228881836
2012-09-17,1461.18994140625,3178.669921875,13553.099609375,858.9000244140625,14.59000015258789
2012-09-18,1459.3199462890625,3177.800048828125,13564.6396484375,856.9299926757812,14.180000305175781
2012-09-19,1461.050048828125,3182.6201171875,13577.9599609375,856.0800170898438,13.880000114440918
2012-09-20,1460.260009765625,3175.9599609375,13596.9296875,851.510009765625,14.069999694824219
2012-09-21,1460.1500244140625,3179.9599609375,13579.4697265625,855.510009765625,13.979999542236328
2012-09-24,1456.8900146484375,3160.780029296875,13558.919921875,851.760009765625,14.149999618530273
2012-09-25,1441.5899658203125,3117.72998046875,13457.5498046875,839.1199951171875,15.430000305175781
2012-09-26,1433.3199462890625,3093.699951171875,13413.509765625,833.9299926757812,16.809999465942383
2012-09-27,1447.1500244140625,3136.60009765625,13485.9697265625,843.5399780273438,14.84000015258789
2012-09-28,1440.6700439453125,3116.22998046875,13437.1298828125,837.4500122070312,15.729999542236328
2012-10-01,1444.489990234375,3113.530029296875,13515.1103515625,840.3099975585938,16.31999969482422
2012-10-02,1445.75,3120.0400390625,13482.3603515625,840.510009765625,15.710000038146973
2012-10-03,1450.989990234375,3135.22998046875,13494.6103515625,838.780029296875,15.430000305175781
2012-10-04,1461.4000244140625,3149.4599609375,13575.3603515625,844.6500244140625,14.550000190734863
2012-10-05,1460.9300537109375,3136.18994140625,13610.150390625,842.8599853515625,14.329999923706055
2012-10-08,1455.8800048828125,3112.35009765625,13583.650390625,838.4099731445312,15.109999656677246
2012-10-09,1441.47998046875,3065.02001953125,13473.5302734375,827.9199829101562,16.3700008392334
2012-10-10,1432.56005859375,3051.780029296875,13344.9697265625,826.75,16.290000915527344
2012-10-11,1432.8399658203125,3049.409912109375,13326.3896484375,829.780029296875,15.59000015258789
2012-10-12,1428.5899658203125,3044.110107421875,13328.849609375,823.0900268554688,16.139999389648438
2012-10-15,1440.1300048828125,3064.179931640625,13424.23046875,828.280029296875,15.270000457763672
2012-10-16,1454.9200439453125,3101.169921875,13551.7802734375,835.4400024414062,15.220000267028809
2012-10-17,1460.9100341796875,3104.1201171875,13557.0,842.52001953125,15.069999694824219
2012-10-18,1457.3399658203125,3072.8701171875,13548.9404296875,837.1199951171875,15.029999732971191
2012-10-19,1433.18994140625,3005.6201171875,13343.509765625,821.0,17.059999465942383
2012-10-22,1433.8199462890625,3016.9599609375,13345.8896484375,820.52001953125,16.6200008392334
2012-10-23,1413.1099853515625,2990.4599609375,13102.5302734375,816.2000122070312,18.829999923706055
2012-10-24,1408.75,2981.699951171875,13077.33984375,813.6500244140625,18.329999923706055
2012-10-25,1412.969970703125,2986.1201171875,13103.6796875,816.8200073242188,18.1200008392334
2012-10-26,1411.93994140625,2987.949951171875,13107.2099609375,813.25,17.809999465942383
2012-10-31,1412.1600341796875,2977.22998046875,13096.4599609375,818.72998046875,18.600000381469727
2012-11-01,1427.5899658203125,3020.06005859375,13232.6201171875,827.8499755859375,16.690000534057617
2012-11-02,1414.199951171875,2982.1298828125,13093.16015625,814.3699951171875,17.59000015258789
2012-11-05,1417.260009765625,2999.659912109375,13112.4404296875,819.5399780273438,18.420000076293945
2012-11-06,1428.3900146484375,3011.929931640625,13245.6796875,825.6400146484375,17.579999923706055
2012-11-07,1394.530029296875,2937.2900390625,12932.73046875,804.52001953125,19.079999923706055
2012-11-08,1377.510009765625,2895.580078125,12811.3203125,793.6500244140625,18.489999771118164
2012-11-09,1379.8499755859375,2904.8701171875,12815.3896484375,795.02001953125,18.610000610351562
2012-11-12,1380.030029296875,2904.25,12815.080078125,793.760009765625,16.68000030517578
2012-11-13,1374.530029296875,2883.889892578125,12756.1796875,789.010009765625,16.649999618530273
2012-11-14,1355.489990234375,2846.81005859375,12570.9501953125,773.2000122070312,17.920000076293945
2012-11-15,1353.3299560546875,2836.93994140625,12542.3798828125,769.47998046875,17.989999771118164
2012-11-16,1359.8800048828125,2853.1298828125,12588.3095703125,776.280029296875,16.40999984741211
2012-11-19,1386.8900146484375,2916.070068359375,12795.9599609375,793.0599975585938,15.239999771118164
2012-11-20,1387.81005859375,2916.679931640625,12788.509765625,793.8099975585938,15.079999923706055
2012-11-21,1391.030029296875,2926.550048828125,12836.8896484375,798.3800048828125,15.3100004196167
2012-11-23,1409.1500244140625,2966.85009765625,13009.5302734375,807.1799926757812,15.140000343322754
2012-11-26,1406.2900390625,2976.780029296875,12967.3701171875,809.02001953125,15.5
2012-11-27,1398.93994140625,2967.7900390625,12878.1298828125,807.739990234375,15.920000076293945
2012-11-28,1409.9300537109375,2991.780029296875,12985.1103515625,813.5,15.510000228881836
2012-11-29,1415.949951171875,3012.030029296875,13021.8203125,823.2000122070312,15.0600004196167
2012-11-30,1416.1800537109375,3010.239990234375,13025.580078125,821.9199829101562,15.869999885559082
2012-12-03,1409.4599609375,3002.199951171875,12965.599609375,820.7999877929688,16.639999389648438
2012-12-04,1407.050048828125,2996.68994140625,12951.7802734375,822.1199951171875,17.1200008392334
2012-12-05,1409.280029296875,2973.699951171875,13034.490234375,820.5999755859375,16.459999084472656
2012-12-06,1413.93994140625,2989.27001953125,13074.0400390625,821.7899780273438,16.579999923706055
2012-12-07,1418.0699462890625,2978.0400390625,13155.1298828125,822.27001953125,15.899999618530273
2012-12-10,1418.550048828125,2986.9599609375,13169.8798828125,826.260009765625,16.049999237060547
2012-12-11,1427.8399658203125,3022.300048828125,13248.4404296875,834.989990234375,15.569999694824219
2012-12-12,1428.47998046875,3013.81005859375,13245.4501953125,829.3900146484375,15.949999809265137
2012-12-13,1419.449951171875,2992.159912109375,13170.7197265625,824.2000122070312,16.559999465942383
2012-12-14,1413.5799560546875,2971.330078125,13135.009765625,823.75,17.0
2012-12-17,1430.3599853515625,3010.60009765625,13235.3896484375,835.0,16.34000015258789
2012-12-18,1446.7900390625,3054.530029296875,13350.9599609375,847.6900024414062,15.569999694824219
2012-12-19,1435.81005859375,3044.360107421875,13251.9697265625,847.8900146484375,17.360000610351562
2012-12-20,1443.68994140625,3050.389892578125,13311.7197265625,852.489990234375,17.670000076293945
2012-12-21,1430.1500244140625,3021.010009765625,13190.83984375,847.9199829101562,17.84000015258789
2012-12-24,1426.6600341796875,3012.60009765625,13138.9296875,844.739990234375,17.84000015258789
2012-12-26,1419.8299560546875,2990.159912109375,13114.58984375,838.8900146484375,19.479999542236328
2012-12-27,1418.0999755859375,2985.909912109375,13096.3095703125,837.4000244140625,19.469999313354492
2012-12-28,1402.4300537109375,2960.31005859375,12938.1103515625,832.0999755859375,22.719999313354492
2012-12-31,1426.18994140625,3019.510009765625,13104.1396484375,849.3499755859375,18.020000457763672
2013-01-02,1462.4200439453125,3112.260009765625,13412.5498046875,873.4199829101562,14.680000305175781
2013-01-03,1459.3699951171875,3100.570068359375,13391.3603515625,872.5999755859375,14.5600004196167
2013-01-04,1466.469970703125,3101.659912109375,13435.2099609375,879.1500244140625,13.829999923706055
2013-01-07,1461.8900146484375,3098.81005859375,13384.2900390625,875.7999877929688,13.789999961853027
2013-01-08,1457.1500244140625,3091.81005859375,13328.849609375,874.7000122070312,13.619999885559082
2013-01-09,1461.02001953125,3105.81005859375,13390.509765625,879.510009765625,13.8100004196167
2013-01-10,1472.1199951171875,3121.760009765625,13471.2197265625,881.239990234375,13.489999771118164
2013-01-11,1472.050048828125,3125.6298828125,13488.4296875,880.77001953125,13.359999656677246
2013-01-14,1470.6800537109375,3117.5,13507.3203125,880.0999755859375,13.520000457763672
2013-01-15,1472.3399658203125,3110.780029296875,13534.8896484375,884.5999755859375,13.550000190734863
2013-01-16,1472.6300048828125,3117.5400390625,13511.23046875,882.3099975585938,13.420000076293945
2013-01-17,1480.93994140625,3136.0,13596.01953125,890.3599853515625,13.569999694824219
2013-01-18,1485.97998046875,3134.7099609375,13649.7001953125,892.7999877929688,12.460000038146973
2013-01-22,1492.56005859375,3143.179931640625,13712.2099609375,899.239990234375,12.430000305175781
2013-01-23,1494.81005859375,3153.669921875,13779.330078125,896.7000122070312,12.460000038146973
2013-01-24,1494.8199462890625,3130.3798828125,13825.330078125,900.1900024414062,12.6899995803833
2013-01-25,1502.9599609375,3149.7099609375,13895.98046875,905.239990234375,12.890000343322754
2013-01-28,1500.1800537109375,3154.300048828125,13881.9296875,906.7100219726562,13.569999694824219
2013-01-29,1507.8399658203125,3153.659912109375,13954.419921875,907.3099975585938,13.3100004196167
2013-01-30,1501.9599609375,3142.31005859375,13910.419921875,896.9099731445312,14.319999694824219
2013-01-31,1498.1099853515625,3142.1298828125,13860.580078125,902.0900268554688,14.279999732971191
2013-02-01,1513.1700439453125,3179.10009765625,14009.7900390625,911.2000122070312,12.899999618530273
2013-02-04,1495.7099609375,3131.169921875,13880.080078125,899.280029296875,14.670000076293945
2013-02-05,1511.2900390625,3171.580078125,13979.2998046875,908.219970703125,13.720000267028809
2013-02-06,1512.1199951171875,3168.47998046875,13986.51953125,911.2899780273438,13.40999984741211
2013-02-07,1509.3900146484375,3165.1298828125,13944.0498046875,908.0999755859375,13.5
2013-02-08,1517.9300537109375,3193.8701171875,13992.9697265625,913.6699829101562,13.020000457763672
2013-02-11,1517.010009765625,3192.0,13971.240234375,913.030029296875,12.9399995803833
2013-02-12,1519.4300537109375,3186.489990234375,14018.7001953125,917.52001953125,12.640000343322754
2013-02-13,1520.3299560546875,3196.8798828125,13982.91015625,920.5800170898438,12.979999542236328
2013-02-14,1521.3800048828125,3198.659912109375,13973.3896484375,923.760009765625,12.65999984741211
2013-02-15,1519.7900390625,3192.030029296875,13981.759765625,923.1500244140625,12.460000038146973
2013-02-19,1530.93994140625,3213.590087890625,14035.669921875,932.0,12.3100004196167
2013-02-20,1511.949951171875,3164.409912109375,13927.5400390625,913.5,14.680000305175781
2013-02-21,1502.4200439453125,3131.489990234375,13880.6201171875,905.4000244140625,15.220000267028809
2013-02-22,1515.5999755859375,3161.820068359375,14000.5703125,916.1500244140625,14.170000076293945
2013-02-25,1487.8499755859375,3116.25,13784.169921875,895.8400268554688,18.989999771118164
2013-02-26,1496.93994140625,3129.64990234375,13900.1298828125,900.0499877929688,16.8700008392334
2013-02-27,1515.989990234375,3162.260009765625,14075.3701171875,909.9199829101562,14.729999542236328
2013-02-28,1514.6800537109375,3160.18994140625,14054.490234375,911.1099853515625,15.510000228881836
2013-03-01,1518.199951171875,3169.739990234375,14089.66015625,914.72998046875,15.359999656677246
2013-03-04,1525.199951171875,3182.030029296875,14127.8203125,916.6799926757812,14.010000228881836
2013-03-05,1539.7900390625,3224.1298828125,14253.76953125,927.4000244140625,13.479999542236328
2013-03-06,1541.4599609375,3222.3701171875,14296.240234375,929.9600219726562,13.529999732971191
2013-03-07,1544.260009765625,3232.090087890625,14329.490234375,934.5700073242188,13.0600004196167
2013-03-08,1551.1800537109375,3244.3701171875,14397.0703125,942.5,12.59000015258789
2013-03-11,1556.219970703125,3252.8701171875,14447.2900390625,942.510009765625,11.5600004196167
2013-03-12,1552.47998046875,3242.320068359375,14450.0595703125,940.260009765625,12.270000457763672
2013-03-13,1554.52001953125,3245.1201171875,14455.2802734375,943.9000244140625,11.829999923706055
2013-03-14,1563.22998046875,3258.929931640625,14539.1396484375,953.0700073242188,11.300000190734863
2013-03-15,1560.699951171875,3249.070068359375,14514.1103515625,952.47998046875,11.300000190734863
2013-03-18,1552.0999755859375,3237.590087890625,14452.0595703125,947.2000122070312,13.359999656677246
2013-03-19,1548.3399658203125,3229.10009765625,14455.8203125,942.8499755859375,14.390000343322754
2013-03-20,1558.7099609375,3254.18994140625,14511.73046875,951.9500122070312,12.670000076293945
2013-03-21,1545.800048828125,3222.60009765625,14421.490234375,943.9199829101562,13.989999771118164
2013-03-22,1556.8900146484375,3245.0,14512.0302734375,946.27001953125,13.569999694824219
2013-03-25,1551.68994140625,3235.300048828125,14447.75,945.8499755859375,13.739999771118164
2013-03-26,1563.77001953125,3252.47998046875,14559.650390625,949.8200073242188,12.770000457763672
2013-03-27,1562.8499755859375,3256.52001953125,14526.16015625,950.239990234375,13.149999618530273
2013-03-28,1569.18994140625,3267.52001953125,14578.5400390625,951.5399780273438,12.699999809265137
2013-04-01,1562.1700439453125,3239.169921875,14572.849609375,938.7899780273438,13.579999923706055
2013-04-02,1570.25,3254.860107421875,14662.009765625,934.2999877929688,12.779999732971191
2013-04-03,1553.68994140625,3218.60009765625,14550.349609375,918.7100219726562,14.210000038146973
2013-04-04,1559.97998046875,3224.97998046875,14606.1103515625,925.6599731445312,13.890000343322754
2013-04-05,1553.280029296875,3203.860107421875,14565.25,923.280029296875,13.920000076293945
2013-04-08,1563.0699462890625,3222.25,14613.48046875,931.489990234375,13.1899995803833
2013-04-09,1568.6099853515625,3237.860107421875,14673.4599609375,929.3400268554688,12.84000015258789
2013-04-10,1587.72998046875,3297.25,14802.240234375,946.0900268554688,12.359999656677246
2013-04-11,1593.3699951171875,3300.159912109375,14865.1396484375,947.0499877929688,12.239999771118164
2013-04-12,1588.8499755859375,3294.949951171875,14865.0595703125,942.8499755859375,12.0600004196167
2013-04-15,1552.3599853515625,3216.489990234375,14599.2001953125,907.1799926757812,17.270000457763672
2013-04-16,1574.5699462890625,3264.6298828125,14756.7802734375,923.2999877929688,13.960000038146973
2013-04-17,1552.010009765625,3204.669921875,14618.58984375,906.7999877929688,16.510000228881836
2013-04-18,1541.6099853515625,3166.360107421875,14537.1396484375,901.510009765625,17.559999465942383
2013-04-19,1555.25,3206.06005859375,14547.509765625,912.5,14.970000267028809
2013-04-22,1562.5,3233.550048828125,14567.169921875,914.7999877929688,14.390000343322754
2013-04-23,1578.780029296875,3269.330078125,14719.4599609375,929.3599853515625,13.479999542236328
2013-04-24,1578.7900390625,3269.64990234375,14676.2998046875,934.1099853515625,13.609999656677246
2013-04-25,1585.1600341796875,3289.989990234375,14700.7998046875,940.280029296875,13.619999885559082
2013-04-26,1582.239990234375,3279.260009765625,14712.5498046875,935.25,13.609999656677246
2013-04-29,1593.6099853515625,3307.02001953125,14818.75,942.4299926757812,13.710000038146973
2013-04-30,1597.5699462890625,3328.7900390625,14839.7998046875,947.4600219726562,13.520000457763672
2013-05-01,1582.699951171875,3299.1298828125,14700.9501953125,924.2100219726562,14.489999771118164
2013-05-02,1597.5899658203125,3340.6201171875,14831.580078125,939.8499755859375,13.59000015258789
2013-05-03,1614.4200439453125,3378.6298828125,14973.9599609375,954.4199829101562,12.850000381469727
2013-05-06,1617.5,3392.969970703125,14968.8896484375,959.7999877929688,12.65999984741211
2013-05-07,1625.9599609375,3396.6298828125,15056.2001953125,967.8200073242188,12.829999923706055
2013-05-08,1632.68994140625,3413.27001953125,15105.1201171875,970.4099731445312,12.65999984741211
2013-05-09,1626.6700439453125,3409.169921875,15082.6201171875,966.260009765625,13.130000114440918
2013-05-10,1633.699951171875,3436.580078125,15118.490234375,975.1599731445312,12.59000015258789
2013-05-13,1633.77001953125,3438.7900390625,15091.6796875,973.7899780273438,12.550000190734863
2013-05-14,1650.3399658203125,3462.610107421875,15215.25,985.9600219726562,12.770000457763672
2013-05-15,1658.780029296875,3471.6201171875,15275.6904296875,988.5399780273438,12.8100004196167
2013-05-16,1650.469970703125,3465.239990234375,15233.2197265625,985.3400268554688,13.069999694824219
2013-05-17,1667.469970703125,3498.969970703125,15354.400390625,996.280029296875,12.449999809265137
2013-05-20,1666.2900390625,3496.429931640625,15335.2802734375,997.97998046875,13.020000457763672
2013-05-21,1669.1600341796875,3502.1201171875,15387.580078125,998.780029296875,13.369999885559082
2013-05-22,1655.3499755859375,3463.300048828125,15307.169921875,982.260009765625,13.819999694824219
2013-05-23,1650.510009765625,3459.419921875,15294.5,984.280029296875,14.069999694824219
2013-05-24,1649.5999755859375,3459.139892578125,15303.099609375,984.280029296875,13.989999771118164
2013-05-28,1660.06005859375,3488.889892578125,15409.3896484375,997.3499755859375,14.479999542236328
2013-05-29,1648.3599853515625,3467.52001953125,15302.7998046875,986.9600219726562,14.829999923706055
2013-05-30,1654.4100341796875,3491.300048828125,15324.5302734375,994.4299926757812,14.529999732971191
2013-05-31,1630.739990234375,3455.909912109375,15115.5703125,984.1500244140625,16.299999237060547
2013-06-03,1640.4200439453125,3465.3701171875,15254.0302734375,990.530029296875,16.280000686645508
2013-06-04,1631.3800048828125,3445.260009765625,15177.5400390625,981.969970703125,16.270000457763672
2013-06-05,1608.9000244140625,3401.47998046875,14960.58984375,968.1599731445312,17.5
2013-06-06,1622.56005859375,3424.050048828125,15040.6201171875,979.4600219726562,16.6299991607666
2013-06-07,1643.3800048828125,3469.219970703125,15248.1201171875,987.6199951171875,15.140000343322754
2013-06-10,1642.81005859375,3473.77001953125,15238.58984375,992.6699829101562,15.4399995803833
2013-06-11,1626.1300048828125,3436.949951171875,15122.01953125,981.4500122070312,17.06999969482422
2013-06-12,1612.52001953125,3400.429931640625,14995.23046875,972.3099975585938,18.59000015258789
2013-06-13,1636.3599853515625,3445.360107421875,15176.080078125,989.6900024414062,16.40999984741211
2013-06-14,1626.72998046875,3423.56005859375,15070.1796875,981.3800048828125,17.149999618530273
2013-06-17,1639.0400390625,3452.1298828125,15179.849609375,987.8400268554688,16.799999237060547
2013-06-18,1651.81005859375,3482.179931640625,15318.23046875,999.989990234375,16.610000610351562
2013-06-19,1628.9300537109375,3443.199951171875,15112.1904296875,986.5,16.639999389648438
2013-06-20,1588.18994140625,3364.639892578125,14758.3203125,960.52001953125,20.489999771118164
2013-06-21,1592.4300537109375,3357.25,14799.400390625,963.6799926757812,18.899999618530273
2013-06-24,1573.0899658203125,3320.760009765625,14659.5595703125,951.0499877929688,20.110000610351562
2013-06-25,1588.030029296875,3347.889892578125,14760.3095703125,961.260009765625,18.469999313354492
2013-06-26,1603.260009765625,3376.219970703125,14910.1396484375,963.8300170898438,17.209999084472656
2013-06-27,1613.199951171875,3401.860107421875,15024.490234375,979.9199829101562,16.860000610351562
2013-06-28,1606.280029296875,3403.25,14909.599609375,977.47998046875,16.860000610351562
2013-07-01,1614.9599609375,3434.489990234375,14974.9599609375,989.8400268554688,16.3700008392334
2013-07-02,1614.0799560546875,3433.39990234375,14932.41015625,989.469970703125,16.440000534057617
2013-07-03,1615.4100341796875,3443.669921875,14988.3701171875,991.1300048828125,16.200000762939453
2013-07-05,1631.8900146484375,3479.3798828125,15135.83984375,1005.3900146484375,14.890000343322754
2013-07-08,1640.4599609375,3484.830078125,15224.6904296875,1009.25,14.779999732971191
2013-07-09,1652.3199462890625,3504.260009765625,15300.33984375,1018.0499877929688,14.350000381469727
2013-07-10,1652.6199951171875,3520.760009765625,15291.66015625,1020.4199829101562,14.210000038146973
2013-07-11,1675.02001953125,3578.300048828125,15460.919921875,1033.1800537109375,14.010000228881836
2013-07-12,1680.18994140625,3600.080078125,15464.2998046875,1036.52001953125,13.84000015258789
2013-07-15,1682.5,3607.489990234375,15484.259765625,1043.300048828125,13.789999961853027
2013-07-16,1676.260009765625,3598.5,15451.849609375,1038.75,14.420000076293945
2013-07-17,1680.9100341796875,3610.0,15470.51953125,1042.530029296875,13.779999732971191
2013-07-18,1689.3699951171875,3611.280029296875,15548.5400390625,1050.27001953125,13.770000457763672
2013-07-19,1692.0899658203125,3587.610107421875,15543.740234375,1050.47998046875,12.539999961853027
2013-07-22,1695.530029296875,3600.389892578125,15545.5498046875,1053.4100341796875,12.289999961853027
2013-07-23,1692.3900146484375,3579.27001953125,15567.740234375,1052.199951171875,12.65999984741211
2013-07-24,1685.93994140625,3579.60009765625,15542.240234375,1043.8299560546875,13.180000305175781
2013-07-25,1690.25,3605.18994140625,15555.6103515625,1054.1800537109375,12.970000267028809
2013-07-26,1691.6500244140625,3613.159912109375,15558.830078125,1048.510009765625,12.720000267028809
2013-07-29,1685.3299560546875,3599.139892578125,15521.9697265625,1040.6600341796875,13.390000343322754
2013-07-30,1685.9599609375,3616.469970703125,15520.58984375,1043.510009765625,13.390000343322754
2013-07-31,1685.72998046875,3626.3701171875,15499.5400390625,1045.260009765625,13.449999809265137
2013-08-01,1706.8699951171875,3675.739990234375,15628.01953125,1059.8800048828125,12.9399995803833
2013-08-02,1709.6700439453125,3689.590087890625,15658.3603515625,1059.8599853515625,11.979999542236328
2013-08-05,1707.1400146484375,3692.949951171875,15612.1298828125,1063.010009765625,11.84000015258789
2013-08-06,1697.3699951171875,3665.77001953125,15518.740234375,1052.1400146484375,12.720000267028809
2013-08-07,1690.9100341796875,3654.010009765625,15470.669921875,1044.3399658203125,12.979999542236328
2013-08-08,1697.47998046875,3669.1201171875,15498.3203125,1049.469970703125,12.729999542236328
2013-08-09,1691.4200439453125,3660.110107421875,15425.509765625,1048.4000244140625,13.40999984741211
2013-08-12,1689.469970703125,3669.949951171875,15419.6796875,1053.6700439453125,12.8100004196167
2013-08-13,1694.1600341796875,3684.43994140625,15451.009765625,1051.989990234375,12.3100004196167
2013-08-14,1685.3900146484375,3669.27001953125,15337.66015625,1047.800048828125,13.039999961853027
2013-08-15,1661.3199462890625,3606.1201171875,15112.1904296875,1027.6099853515625,14.729999542236328
2013-08-16,1655.8299560546875,3602.780029296875,15081.4697265625,1024.300048828125,14.369999885559082
2013-08-19,1646.06005859375,3589.090087890625,15010.740234375,1013.25,15.100000381469727
2013-08-20,1652.3499755859375,3613.590087890625,15002.990234375,1028.5699462890625,14.90999984741211
2013-08-21,1642.800048828125,3599.7900390625,14897.5498046875,1021.5800170898438,15.9399995803833
2013-08-22,1656.9599609375,3638.7099609375,14963.740234375,1036.199951171875,14.760000228881836
2013-08-23,1663.5,3657.7900390625,15010.509765625,1038.239990234375,13.979999542236328
2013-08-26,1656.780029296875,3657.570068359375,14946.4599609375,1038.469970703125,14.989999771118164
2013-08-27,1630.47998046875,3578.52001953125,14776.1298828125,1013.489990234375,16.770000457763672
2013-08-28,1634.9599609375,3593.35009765625,14824.509765625,1016.5,16.489999771118164
2013-08-29,1638.1700439453125,3620.300048828125,14840.9501953125,1026.93994140625,16.809999465942383
2013-08-30,1632.969970703125,3589.8701171875,14810.3095703125,1010.9000244140625,17.010000228881836
2013-09-03,1639.77001953125,3612.610107421875,14833.9599609375,1016.260009765625,16.610000610351562
2013-09-04,1653.0799560546875,3649.0400390625,14930.8701171875,1025.5799560546875,15.880000114440918
2013-09-05,1655.0799560546875,3658.780029296875,14937.48046875,1028.68994140625,15.770000457763672
2013-09-06,1655.1700439453125,3660.010009765625,14922.5,1029.550048828125,15.850000381469727
2013-09-09,1671.7099609375,3706.179931640625,15063.1201171875,1046.0799560546875,15.630000114440918
2013-09-10,1683.989990234375,3729.02001953125,15191.0595703125,1055.719970703125,14.529999732971191
2013-09-11,1689.1300048828125,3725.010009765625,15326.599609375,1055.3399658203125,13.819999694824219
2013-09-12,1683.4200439453125,3715.969970703125,15300.6396484375,1048.47998046875,14.289999961853027
2013-09-13,1687.989990234375,3722.179931640625,15376.0595703125,1053.97998046875,14.15999984741211
2013-09-16,1697.5999755859375,3717.85009765625,15494.7802734375,1056.25,14.380000114440918
2013-09-17,1704.760009765625,3745.699951171875,15529.73046875,1066.3900146484375,14.529999732971191
2013-09-18,1725.52001953125,3783.639892578125,15676.9404296875,1076.969970703125,13.59000015258789
2013-09-19,1722.3399658203125,3789.3798828125,15636.5498046875,1075.27001953125,13.15999984741211
2013-09-20,1709.9100341796875,3774.72998046875,15451.08984375,1072.8299560546875,13.119999885559082
2013-09-23,1701.8399658203125,3765.2900390625,15401.3798828125,1072.1300048828125,14.3100004196167
2013-09-24,1697.4200439453125,3768.25,15334.58984375,1074.6800537109375,14.079999923706055
2013-09-25,1692.77001953125,3761.10009765625,15273.259765625,1073.510009765625,14.010000228881836
2013-09-26,1698.6700439453125,3787.429931640625,15328.2998046875,1078.4100341796875,14.0600004196167
2013-09-27,1691.75,3781.590087890625,15258.240234375,1074.18994140625,15.460000038146973
2013-09-30,1681.550048828125,3771.47998046875,15129.669921875,1073.7900390625,16.600000381469727
2013-10-01,1695.0,3817.97998046875,15191.7001953125,1087.4300537109375,15.539999961853027
2013-10-02,1693.8699951171875,3815.02001953125,15133.1396484375,1082.550048828125,16.600000381469727
2013-10-03,1678.6600341796875,3774.340087890625,14996.48046875,1070.9000244140625,17.670000076293945
2013-10-04,1690.5,3807.75,15072.580078125,1078.25,16.739999771118164
2013-10-07,1676.1199951171875,3770.3798828125,14936.240234375,1065.7900390625,19.40999984741211
2013-10-08,1655.449951171875,3694.830078125,14776.5302734375,1047.260009765625,20.34000015258789
2013-10-09,1656.4000244140625,3677.780029296875,14802.98046875,1043.4599609375,19.600000381469727
2013-10-10,1692.56005859375,3760.75,15126.0703125,1069.5,16.479999542236328
2013-10-11,1703.199951171875,3791.8701171875,15237.1103515625,1084.31005859375,15.720000267028809
2013-10-14,1710.1400146484375,3815.280029296875,15301.259765625,1090.300048828125,16.06999969482422
2013-10-15,1698.06005859375,3794.010009765625,15168.009765625,1079.6199951171875,18.65999984741211
2013-10-16,1721.5400390625,3839.429931640625,15373.830078125,1092.4200439453125,14.710000038146973
2013-10-17,1733.1500244140625,3863.14990234375,15371.650390625,1102.27001953125,13.479999542236328
2013-10-18,1744.5,3914.280029296875,15399.650390625,1114.77001953125,13.039999961853027
2013-10-21,1744.6600341796875,3920.050048828125,15392.2001953125,1112.47998046875,13.15999984741211
2013-10-22,1754.6700439453125,3929.570068359375,15467.66015625,1115.6300048828125,13.329999923706055
2013-10-23,1746.3800048828125,3907.070068359375,15413.330078125,1110.9300537109375,13.420000076293945
2013-10-24,1752.0699462890625,3928.9599609375,15509.2099609375,1118.8499755859375,13.199999809265137
2013-10-25,1759.77001953125,3943.360107421875,15570.2802734375,1118.3399658203125,13.09000015258789
2013-10-28,1762.1099853515625,3940.1298828125,15568.9296875,1117.969970703125,13.3100004196167
2013-10-29,1771.949951171875,3952.340087890625,15680.349609375,1121.0699462890625,13.40999984741211
2013-10-30,1763.31005859375,3930.6201171875,15618.759765625,1105.5,13.649999618530273
2013-10-31,1756.5400390625,3919.7099609375,15545.75,1100.1500244140625,13.75
2013-11-01,1761.6400146484375,3922.0400390625,15615.5498046875,1095.6700439453125,13.279999732971191
2013-11-04,1767.9300537109375,3936.590087890625,15639.1201171875,1108.280029296875,12.930000305175781
2013-11-05,1762.969970703125,3939.860107421875,15618.2197265625,1103.5899658203125,13.270000457763672
2013-11-06,1770.489990234375,3931.949951171875,15746.8798828125,1098.6300048828125,12.670000076293945
2013-11-07,1747.1500244140625,3857.330078125,15593.98046875,1079.0899658203125,13.90999984741211
2013-11-08,1770.6099853515625,3919.22998046875,15761.7802734375,1099.969970703125,12.899999618530273
2013-11-11,1771.8900146484375,3919.7900390625,15783.099609375,1101.5,12.529999732971191
2013-11-12,1767.68994140625,3919.919921875,15750.669921875,1101.469970703125,12.819999694824219
2013-11-13,1782.0,3965.580078125,15821.6298828125,1112.1800537109375,12.520000457763672
2013-11-14,1790.6199951171875,3972.739990234375,15876.2197265625,1111.43994140625,12.369999885559082
2013-11-15,1798.1800537109375,3985.969970703125,15961.7001953125,1116.199951171875,12.1899995803833
2013-11-18,1791.530029296875,3949.070068359375,15976.01953125,1107.2900390625,13.100000381469727
2013-11-19,1787.8699951171875,3931.550048828125,15967.0302734375,1101.3800048828125,13.390000343322754
2013-11-20,1781.3699951171875,3921.27001953125,15900.8203125,1099.7900390625,13.399999618530273
2013-11-21,1795.8499755859375,3969.159912109375,16009.990234375,1119.6199951171875,12.65999984741211
2013-11-22,1804.760009765625,3991.64990234375,16064.76953125,1124.9200439453125,12.260000228881836
2013-11-25,1802.47998046875,3994.570068359375,16072.5400390625,1124.719970703125,12.789999961853027
2013-11-26,1802.75,4017.75,16072.7998046875,1134.530029296875,12.8100004196167
2013-11-27,1807.22998046875,4044.75,16097.330078125,1141.3299560546875,12.979999542236328
2013-11-29,1805.81005859375,4059.889892578125,16086.41015625,1142.8900146484375,13.699999809265137
2013-12-02,1800.9000244140625,4045.260009765625,16008.76953125,1129.1199951171875,14.229999542236328
2013-12-03,1795.1500244140625,4037.199951171875,15914.6201171875,1123.780029296875,14.550000190734863
2013-12-04,1792.81005859375,4038.0,15889.76953125,1121.3800048828125,14.699999809265137
2013-12-05,1785.030029296875,4033.169921875,15821.509765625,1122.469970703125,15.079999923706055
2013-12-06,1805.0899658203125,4062.52001953125,16020.2001953125,1131.3800048828125,13.789999961853027
2013-12-09,1808.3699951171875,4068.75,16025.5302734375,1129.4599609375,13.489999771118164
2013-12-10,1802.6199951171875,4060.489990234375,15973.1298828125,1119.68994140625,13.90999984741211
2013-12-11,1782.219970703125,4003.81005859375,15843.5302734375,1101.5,15.420000076293945
2013-12-12,1775.5,3998.39990234375,15739.4296875,1103.27001953125,15.539999961853027
2013-12-13,1775.3199462890625,4000.97998046875,15755.3603515625,1107.050048828125,15.760000228881836
2013-12-16,1786.5400390625,4029.52001953125,15884.5703125,1119.8499755859375,16.030000686645508
2013-12-17,1781.0,4023.679931640625,15875.259765625,1118.8900146484375,16.209999084472656
2013-12-18,1810.6500244140625,4070.06005859375,16167.9697265625,1133.719970703125,13.800000190734863
2013-12-19,1809.5999755859375,4058.139892578125,16179.080078125,1125.449951171875,14.149999618530273
2013-12-20,1818.3199462890625,4104.740234375,16221.1396484375,1146.469970703125,13.789999961853027
2013-12-23,1827.989990234375,4148.89990234375,16294.6103515625,1157.219970703125,13.039999961853027
2013-12-24,1833.3199462890625,4155.419921875,16357.5498046875,1161.800048828125,12.479999542236328
2013-12-26,1842.02001953125,4167.18017578125,16479.880859375,1162.6500244140625,12.329999923706055
2013-12-27,1841.4000244140625,4156.58984375,16478.41015625,1161.0899658203125,12.460000038146973
2013-12-30,1841.0699462890625,4154.2001953125,16504.2890625,1160.5899658203125,13.5600004196167
2013-12-31,1848.3599853515625,4176.58984375,16576.66015625,1163.6400146484375,13.720000267028809
2014-01-02,1831.97998046875,4143.06982421875,16441.349609375,1150.719970703125,14.229999542236328
2014-01-03,1831.3699951171875,4131.91015625,16469.990234375,1156.0899658203125,13.760000228881836
2014-01-06,1826.77001953125,4113.68017578125,16425.099609375,1147.1600341796875,13.550000190734863
2014-01-07,1837.8800048828125,4153.18017578125,16530.939453125,1157.6300048828125,12.920000076293945
2014-01-08,1837.489990234375,4165.60986328125,16462.740234375,1157.4599609375,12.869999885559082
2014-01-09,1838.1300048828125,4156.18994140625,16444.759765625,1158.3499755859375,12.890000343322754
2014-01-10,1842.3699951171875,4174.669921875,16437.05078125,1164.530029296875,12.140000343322754
2014-01-13,1819.199951171875,4113.2998046875,16257.9404296875,1148.0899658203125,13.279999732971191
2014-01-14,1838.8800048828125,4183.02001953125,16373.8603515625,1163.4300537109375,12.279999732971191
2014-01-15,1848.3800048828125,4214.8798828125,16481.939453125,1171.3499755859375,12.279999732971191
2014-01-16,1845.8900146484375,4218.68994140625,16417.009765625,1173.1300048828125,12.529999732971191
2014-01-17,1838.699951171875,4197.580078125,16458.560546875,1168.4300537109375,12.4399995803833
2014-01-21,1843.800048828125,4225.759765625,16414.439453125,1175.719970703125,12.869999885559082
2014-01-22,1844.8599853515625,4243.0,16373.33984375,1181.2900390625,12.84000015258789
2014-01-23,1828.4599609375,4218.8798828125,16197.349609375,1172.4000244140625,13.770000457763672
2014-01-24,1790.2900390625,4128.169921875,15879.1103515625,1144.1300048828125,18.139999389648438
2014-01-27,1781.56005859375,4083.610107421875,15837.8798828125,1127.72998046875,17.420000076293945
2014-01-28,1792.5,4097.9599609375,15928.5595703125,1138.239990234375,15.800000190734863
2014-01-29,1774.199951171875,4051.429931640625,15738.7900390625,1122.449951171875,17.350000381469727
2014-01-30,1794.18994140625,4123.1298828125,15848.6103515625,1139.3599853515625,17.290000915527344
2014-01-31,1782.5899658203125,4103.8798828125,15698.849609375,1130.8800048828125,18.40999984741211
2014-02-03,1741.8900146484375,3996.9599609375,15372.7998046875,1094.5799560546875,21.440000534057617
2014-02-04,1755.199951171875,4031.52001953125,15445.240234375,1102.8399658203125,19.110000610351562
2014-02-05,1751.6400146484375,4011.550048828125,15440.23046875,1093.5899658203125,19.950000762939453
2014-02-06,1773.4300537109375,4057.1201171875,15628.5302734375,1103.9300537109375,17.229999542236328
2014-02-07,1797.02001953125,4125.85986328125,15794.080078125,1116.550048828125,15.289999961853027
2014-02-10,1799.8399658203125,4148.169921875,15801.7900390625,1118.72998046875,15.260000228881836
2014-02-11,1819.75,4191.0498046875,15994.76953125,1129.1600341796875,14.510000228881836
2014-02-12,1819.260009765625,4201.2900390625,15963.9404296875,1132.5400390625,14.300000190734863
2014-02-13,1829.8299560546875,4240.669921875,16027.58984375,1147.7900390625,14.140000343322754
2014-02-14,1838.6300048828125,4244.02001953125,16154.3896484375,1149.2099609375,13.569999694824219
2014-02-18,1840.760009765625,4272.77978515625,16130.400390625,1161.47998046875,13.869999885559082
2014-02-19,1828.75,4237.9501953125,16040.5595703125,1149.0699462890625,15.5
2014-02-20,1839.780029296875,4267.5498046875,16133.23046875,1162.1199951171875,14.789999961853027
2014-02-21,1836.25,4263.41015625,16103.2998046875,1164.6300048828125,14.680000305175781
2014-02-24,1847.6099853515625,4292.97021484375,16207.1396484375,1174.550048828125,14.229999542236328
2014-02-25,1845.1199951171875,4287.58984375,16179.66015625,1173.949951171875,13.670000076293945
2014-02-26,1845.1600341796875,4292.06005859375,16198.41015625,1181.719970703125,14.350000381469727
2014-02-27,1854.2900390625,4318.93017578125,16272.650390625,1187.93994140625,14.039999961853027
2014-02-28,1859.449951171875,4308.1201171875,16321.7099609375,1183.030029296875,14.0
2014-03-03,1845.72998046875,4277.2998046875,16168.0302734375,1176.3599853515625,16.0
2014-03-04,1873.9100341796875,4351.97021484375,16395.880859375,1208.6500244140625,14.100000381469727
2014-03-05,1873.81005859375,4357.97021484375,16360.1796875,1205.9100341796875,13.890000343322754
2014-03-06,1877.030029296875,4352.1298828125,16421.890625,1204.5400390625,14.210000038146973
2014-03-07,1878.0400390625,4336.22021484375,16452.720703125,1203.3199462890625,14.109999656677246
2014-03-10,1877.1700439453125,4334.4501953125,16418.6796875,1200.5400390625,14.199999809265137
2014-03-11,1867.6300048828125,4307.18994140625,16351.25,1187.050048828125,14.800000190734863
2014-03-12,1868.199951171875,4323.330078125,16340.080078125,1191.3699951171875,14.470000267028809
2014-03-13,1846.3399658203125,4260.419921875,16108.8896484375,1176.739990234375,16.219999313354492
2014-03-14,1841.1300048828125,4245.39990234375,16065.669921875,1181.4100341796875,17.81999969482422
2014-03-17,1858.8299560546875,4279.9501953125,16247.2197265625,1188.22998046875,15.640000343322754
2014-03-18,1872.25,4333.31005859375,16336.1904296875,1205.0400390625,14.520000457763672
2014-03-19,1860.77001953125,4307.60009765625,16222.169921875,1195.6600341796875,15.119999885559082
2014-03-20,1872.010009765625,4319.2900390625,16331.0498046875,1198.969970703125,14.520000457763672
2014-03-21,1866.52001953125,4276.7900390625,16302.76953125,1193.72998046875,15.0
2014-03-24,1857.43994140625,4226.39013671875,16276.6904296875,1178.22998046875,15.09000015258789
2014-03-25,1865.6199951171875,4234.27001953125,16367.8798828125,1178.050048828125,14.020000457763672
2014-03-26,1852.56005859375,4173.580078125,16268.990234375,1155.489990234375,14.930000305175781
2014-03-27,1849.0400390625,4151.22998046875,16264.23046875,1151.43994140625,14.619999885559082
2014-03-28,1857.6199951171875,4155.759765625,16323.0595703125,1151.81005859375,14.40999984741211
2014-03-31,1872.3399658203125,4198.990234375,16457.66015625,1173.0400390625,13.880000114440918
2014-04-01,1885.52001953125,4268.0400390625,16532.609375,1188.699951171875,13.100000381469727
2014-04-02,1890.9000244140625,4276.4599609375,16573.0,1192.81005859375,13.09000015258789
2014-04-03,1888.77001953125,4237.740234375,16572.55078125,1181.1199951171875,13.369999885559082
2014-04-04,1865.0899658203125,4127.72998046875,16412.7109375,1153.3800048828125,13.960000038146973
2014-04-07,1845.0400390625,4079.75,16245.8701171875,1135.780029296875,15.569999694824219
2014-04-08,1851.9599609375,4112.990234375,16256.1396484375,1144.239990234375,14.890000343322754
2014-04-09,1872.1800537109375,4183.89990234375,16437.1796875,1159.9599609375,13.819999694824219
2014-04-10,1833.0799560546875,4054.110107421875,16170.2197265625,1127.6600341796875,15.890000343322754
2014-04-11,1815.68994140625,3999.72998046875,16026.75,1111.43994140625,17.030000686645508
2014-04-14,1830.6099853515625,4022.68994140625,16173.240234375,1115.3499755859375,16.110000610351562
2014-04-15,1842.97998046875,4034.159912109375,16262.5595703125,1119.489990234375,15.609999656677246
2014-04-16,1862.31005859375,4086.22998046875,16424.849609375,1131.77001953125,14.180000305175781
2014-04-17,1864.8499755859375,4095.52001953125,16408.5390625,1137.9000244140625,13.359999656677246
2014-04-21,1871.8900146484375,4121.5498046875,16449.25,1142.31005859375,13.25
2014-04-22,1879.550048828125,4161.4599609375,16514.369140625,1155.6099853515625,13.1899995803833
2014-04-23,1875.3900146484375,4126.97021484375,16501.650390625,1147.0799560546875,13.270000457763672
2014-04-24,1878.6099853515625,4148.33984375,16501.650390625,1144.3499755859375,13.319999694824219
2014-04-25,1863.4000244140625,4075.56005859375,16361.4599609375,1123.030029296875,14.0600004196167
2014-04-28,1869.4300537109375,4074.39990234375,16448.740234375,1117.06005859375,13.970000267028809
2014-04-29,1878.3299560546875,4103.5400390625,16535.369140625,1120.8299560546875,13.710000038146973
2014-04-30,1883.949951171875,4114.56005859375,16580.83984375,1126.8599853515625,13.40999984741211
2014-05-01,1883.6800537109375,4127.4501953125,16558.869140625,1125.969970703125,13.25
2014-05-02,1881.1400146484375,4123.89990234375,16512.890625,1128.800048828125,12.90999984741211
2014-05-05,1884.6600341796875,4138.06005859375,16530.55078125,1126.300048828125,13.289999961853027
2014-05-06,1867.719970703125,4080.760009765625,16401.01953125,1108.010009765625,13.800000190734863
2014-05-07,1878.2099609375,4067.669921875,16518.5390625,1108.550048828125,13.399999618530273
2014-05-08,1875.6300048828125,4051.5,16550.970703125,1097.4300537109375,13.430000305175781
2014-05-09,1878.47998046875,4071.8701171875,16583.33984375,1107.219970703125,12.920000076293945
2014-05-12,1896.6500244140625,4143.85986328125,16695.470703125,1133.6500244140625,12.229999542236328
2014-05-13,1897.449951171875,4130.169921875,16715.439453125,1121.1600341796875,12.130000114440918
2014-05-14,1888.530029296875,4100.6298828125,16613.970703125,1103.1400146484375,12.170000076293945
2014-05-15,1870.8499755859375,4069.2900390625,16446.810546875,1095.989990234375,13.170000076293945
2014-05-16,1877.8599853515625,4090.590087890625,16491.310546875,1102.9100341796875,12.4399995803833
2014-05-19,1885.0799560546875,4125.81005859375,16511.859375,1114.4300537109375,12.420000076293945
2014-05-20,1872.8299560546875,4096.89013671875,16374.3095703125,1097.9000244140625,12.960000038146973
2014-05-21,1888.030029296875,4131.5400390625,16533.060546875,1103.6300048828125,11.90999984741211
2014-05-22,1892.489990234375,4154.33984375,16543.080078125,1113.8699951171875,12.029999732971191
2014-05-23,1900.530029296875,4185.81005859375,16606.26953125,1126.18994140625,11.359999656677246
2014-05-27,1911.9100341796875,4237.06982421875,16675.5,1142.199951171875,11.510000228881836
2014-05-28,1909.780029296875,4225.080078125,16633.1796875,1136.6800537109375,11.680000305175781
2014-05-29,1920.030029296875,4247.9501953125,16698.740234375,1140.0699462890625,11.569999694824219
2014-05-30,1923.5699462890625,4242.6201171875,16717.169921875,1134.5,11.399999618530273
2014-06-02,1924.969970703125,4237.2001953125,16743.630859375,1128.9000244140625,11.579999923706055
2014-06-03,1924.239990234375,4234.080078125,16722.33984375,1126.1500244140625,11.869999885559082
2014-06-04,1927.8800048828125,4251.64013671875,16737.529296875,1131.219970703125,12.079999923706055
2014-06-05,1940.4599609375,4296.22998046875,16836.109375,1153.93994140625,11.680000305175781
2014-06-06,1949.43994140625,4321.39990234375,16924.279296875,1165.2099609375,10.729999542236328
2014-06-09,1951.27001953125,4336.240234375,16943.099609375,1175.8800048828125,11.149999618530273
2014-06-10,1950.7900390625,4338.0,16945.919921875,1172.7099609375,10.989999771118164
2014-06-11,1943.8900146484375,4331.93017578125,16843.880859375,1166.7099609375,11.600000381469727
2014-06-12,1930.1099853515625,4297.6298828125,16734.189453125,1159.4000244140625,12.5600004196167
2014-06-13,1936.1600341796875,4310.64990234375,16775.740234375,1162.6800537109375,12.180000305175781
2014-06-16,1937.780029296875,4321.10009765625,16781.009765625,1166.8199462890625,12.649999618530273
2014-06-17,1941.989990234375,4337.22998046875,16808.490234375,1176.6199951171875,12.0600004196167
2014-06-18,1956.97998046875,4362.83984375,16906.619140625,1183.1300048828125,10.609999656677246
2014-06-19,1959.47998046875,4359.330078125,16921.4609375,1184.030029296875,10.619999885559082
2014-06-20,1962.8699951171875,4368.0400390625,16947.080078125,1188.4300537109375,10.850000381469727
2014-06-23,1962.6099853515625,4368.68017578125,16937.259765625,1184.949951171875,10.979999542236328
2014-06-24,1949.97998046875,4350.35009765625,16818.130859375,1173.239990234375,12.130000114440918
2014-06-25,1959.530029296875,4379.759765625,16867.509765625,1182.6800537109375,11.59000015258789
2014-06-26,1957.219970703125,4379.0498046875,16846.130859375,1180.7099609375,11.630000114440918
2014-06-27,1960.9599609375,4397.93017578125,16851.83984375,1189.5,11.260000228881836
2014-06-30,1960.22998046875,4408.18017578125,16826.599609375,1192.9599609375,11.569999694824219
2014-07-01,1973.3199462890625,4458.64990234375,16956.0703125,1205.949951171875,11.149999618530273
2014-07-02,1974.6199951171875,4457.72998046875,16976.240234375,1199.5,10.819999694824219
2014-07-03,1985.43994140625,4485.93017578125,17068.259765625,1208.1500244140625,10.319999694824219
2014-07-07,1977.6500244140625,4451.52978515625,17024.2109375,1186.739990234375,11.329999923706055
2014-07-08,1963.7099609375,4391.4599609375,16906.619140625,1172.1500244140625,11.979999542236328
2014-07-09,1972.8299560546875,4419.02978515625,16985.609375,1173.81005859375,11.649999618530273
2014-07-10,1964.6800537109375,4396.2001953125,16915.0703125,1161.8599853515625,12.59000015258789
2014-07-11,1967.5699462890625,4415.490234375,16943.810546875,1159.9300537109375,12.079999923706055
2014-07-14,1977.0999755859375,4440.419921875,17055.419921875,1167.2099609375,11.819999694824219
2014-07-15,1973.280029296875,4416.39013671875,17060.6796875,1153.81005859375,11.960000038146973
2014-07-16,1981.5699462890625,4425.97021484375,17138.19921875,1151.550048828125,11.0
2014-07-17,1958.1199951171875,4363.4501953125,16976.810546875,1133.5999755859375,14.539999961853027
2014-07-18,1978.219970703125,4432.14990234375,17100.1796875,1151.6099853515625,12.0600004196167
2014-07-21,1973.6300048828125,4424.7001953125,17051.73046875,1146.6600341796875,12.8100004196167
2014-07-22,1983.530029296875,4456.02001953125,17113.5390625,1156.1500244140625,12.239999771118164
2014-07-23,1987.010009765625,4473.7001953125,17086.630859375,1158.1099853515625,11.520000457763672
2014-07-24,1987.97998046875,4472.10986328125,17083.80078125,1156.260009765625,11.84000015258789
2014-07-25,1978.3399658203125,4449.56005859375,16960.5703125,1144.719970703125,12.6899995803833
2014-07-28,1978.9100341796875,4444.91015625,16982.58984375,1139.5,12.5600004196167
2014-07-29,1969.949951171875,4442.7001953125,16912.109375,1141.6400146484375,13.279999732971191
2014-07-30,1970.0699462890625,4462.89990234375,16880.359375,1146.5699462890625,13.329999923706055
2014-07-31,1930.6700439453125,4369.77001953125,16563.30078125,1120.0699462890625,16.950000762939453
2014-08-01,1925.1500244140625,4352.64013671875,16493.369140625,1114.8599853515625,17.030000686645508
2014-08-04,1938.989990234375,4383.89013671875,16569.279296875,1124.8199462890625,15.119999885559082
2014-08-05,1920.2099609375,4352.83984375,16429.470703125,1121.56005859375,16.8700008392334
2014-08-06,1920.239990234375,4355.0498046875,16443.33984375,1125.550048828125,16.3700008392334
2014-08-07,1909.5699462890625,4334.97021484375,16368.26953125,1119.760009765625,16.65999984741211
2014-08-08,1931.5899658203125,4370.89990234375,16553.9296875,1131.3499755859375,15.770000457763672
2014-08-11,1936.9200439453125,4401.330078125,16569.98046875,1141.9300537109375,14.229999542236328
2014-08-12,1933.75,4389.25,16560.5390625,1133.030029296875,14.130000114440918
2014-08-13,1946.719970703125,4434.1298828125,16651.80078125,1141.780029296875,12.899999618530273
2014-08-14,1955.1800537109375,4453.0,16713.580078125,1143.3399658203125,12.420000076293945
2014-08-15,1955.06005859375,4464.93017578125,16662.91015625,1141.6500244140625,13.149999618530273
2014-08-18,1971.739990234375,4508.31005859375,16838.740234375,1158.4000244140625,12.319999694824219
2014-08-19,1981.5999755859375,4527.509765625,16919.58984375,1162.469970703125,12.210000038146973
2014-08-20,1986.510009765625,4526.47998046875,16979.130859375,1157.510009765625,11.779999732971191
2014-08-21,1992.3699951171875,4532.10009765625,17039.490234375,1160.030029296875,11.760000228881836
2014-08-22,1988.4000244140625,4538.5498046875,17001.220703125,1160.3399658203125,11.470000267028809
2014-08-25,1997.9200439453125,4557.35009765625,17076.869140625,1165.219970703125,11.699999809265137
2014-08-26,2000.02001953125,4570.64013671875,17106.69921875,1175.1700439453125,11.630000114440918
2014-08-27,2000.1199951171875,4569.6201171875,17122.009765625,1172.7099609375,11.779999732971191
2014-08-28,1996.739990234375,4557.7001953125,17079.5703125,1165.949951171875,12.050000190734863
2014-08-29,2003.3699951171875,4580.27001953125,17098.44921875,1174.3499755859375,12.09000015258789
2014-09-02,2002.280029296875,4598.18994140625,17067.560546875,1179.469970703125,12.25
2014-09-03,2000.719970703125,4572.56005859375,17078.279296875,1172.199951171875,12.359999656677246
2014-09-04,1997.6500244140625,4562.2900390625,17069.580078125,1167.2099609375,12.640000343322754
2014-09-05,2007.7099609375,4582.89990234375,17137.359375,1170.1300048828125,12.09000015258789
2014-09-08,2001.5400390625,4592.2900390625,17111.419921875,1172.31005859375,12.65999984741211
2014-09-09,1988.43994140625,4552.2900390625,17013.869140625,1158.5,13.5
2014-09-10,1995.68994140625,4586.52001953125,17068.7109375,1164.989990234375,12.880000114440918
2014-09-11,1997.449951171875,4591.81005859375,17049.0,1172.3399658203125,12.800000190734863
2014-09-12,1985.5400390625,4567.60009765625,16987.509765625,1160.6099853515625,13.3100004196167
2014-09-15,1984.1300048828125,4518.89990234375,17031.140625,1146.52001953125,14.119999885559082
2014-09-16,1998.97998046875,4552.759765625,17131.970703125,1150.969970703125,12.729999542236328
2014-09-17,2001.5699462890625,4562.18994140625,17156.849609375,1153.8900146484375,12.649999618530273
2014-09-18,2011.3599853515625,4593.43017578125,17265.990234375,1159.27001953125,12.029999732971191
2014-09-19,2010.4000244140625,4579.7900390625,17279.740234375,1146.9200439453125,12.109999656677246
2014-09-22,1994.2900390625,4527.68994140625,17172.6796875,1129.3599853515625,13.6899995803833
2014-09-23,1982.77001953125,4508.68994140625,17055.869140625,1118.719970703125,14.930000305175781
2014-09-24,1998.300048828125,4555.22021484375,17210.060546875,1128.31005859375,13.270000457763672
2014-09-25,1965.989990234375,4466.75,16945.80078125,1110.239990234375,15.640000343322754
2014-09-26,1982.8499755859375,4512.18994140625,17113.150390625,1119.3299560546875,14.850000381469727
2014-09-29,1977.800048828125,4505.85009765625,17071.220703125,1117.9100341796875,15.979999542236328
2014-09-30,1972.2900390625,4493.39013671875,17042.900390625,1101.6800537109375,16.309999465942383
2014-10-01,1946.1600341796875,4422.08984375,16804.7109375,1085.4100341796875,16.709999084472656
2014-10-02,1946.1700439453125,4430.2001953125,16801.05078125,1096.3800048828125,16.15999984741211
2014-10-03,1967.9000244140625,4475.6201171875,17009.689453125,1104.739990234375,14.550000190734863
2014-10-06,1964.8199462890625,4454.7998046875,16991.91015625,1094.6500244140625,15.460000038146973
2014-10-07,1935.0999755859375,4385.2001953125,16719.390625,1076.31005859375,17.200000762939453
2014-10-08,1968.8900146484375,4468.58984375,16994.220703125,1097.1199951171875,15.109999656677246
2014-10-09,1928.2099609375,4378.33984375,16659.25,1067.989990234375,18.760000228881836
2014-10-10,1906.1300048828125,4276.240234375,16544.099609375,1053.3199462890625,21.239999771118164
2014-10-13,1874.739990234375,4213.66015625,16321.0703125,1049.300048828125,24.639999389648438
2014-10-14,1877.699951171875,4227.169921875,16315.1904296875,1061.5999755859375,22.790000915527344
2014-10-15,1862.489990234375,4215.31982421875,16141.740234375,1072.449951171875,25.270000457763672
2014-10-16,1862.760009765625,4217.39013671875,16117.240234375,1086.1099853515625,25.200000762939453
2014-10-17,1886.760009765625,4258.43994140625,16380.41015625,1082.3299560546875,21.989999771118164
2014-10-20,1904.010009765625,4316.06982421875,16399.669921875,1094.969970703125,18.56999969482422
2014-10-21,1941.280029296875,4419.47998046875,16614.810546875,1112.8499755859375,16.079999923706055
2014-10-22,1927.1099853515625,4382.85009765625,16461.3203125,1096.8699951171875,17.8700008392334
2014-10-23,1950.8199462890625,4452.7900390625,16677.900390625,1116.489990234375,16.530000686645508
2014-10-24,1964.5799560546875,4483.72021484375,16805.41015625,1118.8199462890625,16.110000610351562
2014-10-27,1961.6300048828125,4485.93017578125,16817.939453125,1117.47998046875,16.040000915527344
2014-10-28,1985.050048828125,4564.2900390625,17005.75,1149.449951171875,14.390000343322754
2014-10-29,1982.300048828125,4549.22998046875,16974.310546875,1146.3699951171875,15.149999618530273
2014-10-30,1994.6500244140625,4566.14013671875,17195.419921875,1155.77001953125,14.520000457763672
2014-10-31,2018.050048828125,4630.740234375,17390.51953125,1173.510009765625,14.029999732971191
2014-11-03,2017.81005859375,4638.91015625,17366.240234375,1170.199951171875,14.729999542236328
2014-11-04,2012.0999755859375,4623.64013671875,17383.83984375,1165.4200439453125,14.890000343322754
2014-11-05,2023.5699462890625,4620.72021484375,17484.529296875,1167.0699462890625,14.170000076293945
2014-11-06,2031.2099609375,4638.47021484375,17554.470703125,1171.8599853515625,13.670000076293945
2014-11-07,2031.9200439453125,4632.52978515625,17573.9296875,1173.3199462890625,13.119999885559082
2014-11-10,2038.260009765625,4651.6201171875,17613.740234375,1179.5699462890625,12.670000076293945
2014-11-11,2039.6800537109375,4660.56005859375,17614.900390625,1179.9599609375,12.920000076293945
2014-11-12,2038.25,4675.14013671875,17612.19921875,1186.469970703125,13.020000457763672
2014-11-13,2039.3299560546875,4680.14013671875,17652.7890625,1175.4200439453125,13.789999961853027
2014-11-14,2039.8199462890625,4688.5400390625,17634.740234375,1173.81005859375,13.3100004196167
2014-11-17,2041.3199462890625,4671.0,17647.75,1164.22998046875,13.989999771118164
2014-11-18,2051.800048828125,4702.43994140625,17687.8203125,1170.280029296875,13.859999656677246
2014-11-19,2048.719970703125,4675.7099609375,17685.73046875,1157.68994140625,13.960000038146973
2014-11-20,2052.75,4701.8701171875,17719.0,1170.75,13.579999923706055
2014-11-21,2063.5,4712.97021484375,17810.060546875,1172.4200439453125,12.899999618530273
2014-11-24,2069.409912109375,4754.89013671875,17817.900390625,1186.93994140625,12.619999885559082
2014-11-25,2067.030029296875,4758.25,17814.939453125,1186.3299560546875,12.25
2014-11-26,2072.830078125,4787.31982421875,17827.75,1190.6199951171875,12.069999694824219
2014-11-28,2067.56005859375,4791.6298828125,17828.240234375,1173.22998046875,13.329999923706055
2014-12-01,2053.43994140625,4727.35009765625,17776.80078125,1154.050048828125,14.15999984741211
2014-12-02,2066.550048828125,4755.81005859375,17879.55078125,1168.449951171875,12.850000381469727
2014-12-03,2074.330078125,4774.47021484375,17912.619140625,1179.010009765625,12.5
2014-12-04,2071.919921875,4769.43994140625,17900.099609375,1173.010009765625,12.380000114440918
2014-12-05,2075.3701171875,4780.759765625,17958.7890625,1182.4300537109375,11.890000343322754
2014-12-08,2060.31005859375,4740.68994140625,17852.48046875,1167.2099609375,14.210000038146973
2014-12-09,2059.820068359375,4766.47021484375,17801.19921875,1188.06005859375,15.350000381469727
2014-12-10,2026.1400146484375,4684.02001953125,17533.150390625,1161.8599853515625,18.530000686645508
2014-12-11,2035.3299560546875,4708.16015625,17596.33984375,1166.9599609375,20.079999923706055
2014-12-12,2002.3299560546875,4653.60009765625,17280.830078125,1152.43994140625,21.079999923706055
2014-12-15,1989.6300048828125,4605.16015625,17180.83984375,1140.300048828125,20.420000076293945
2014-12-16,1972.739990234375,4547.830078125,17068.869140625,1139.3699951171875,23.56999969482422
2014-12-17,2012.8900146484375,4644.31005859375,17356.869140625,1174.8399658203125,19.440000534057617
2014-12-18,2061.22998046875,4748.39990234375,17778.150390625,1192.1600341796875,16.809999465942383
2014-12-19,2070.64990234375,4765.3798828125,17804.80078125,1195.9599609375,16.489999771118164
2014-12-22,2078.5400390625,4781.419921875,17959.439453125,1201.8599853515625,15.25
2014-12-23,2082.169921875,4765.419921875,18024.169921875,1202.43994140625,14.800000190734863
2014-12-24,2081.8798828125,4773.47021484375,18030.2109375,1206.780029296875,14.369999885559082
2014-12-26,2088.77001953125,4806.85986328125,18053.7109375,1215.2099609375,14.5
2014-12-29,2090.570068359375,4806.91015625,18038.23046875,1219.1099853515625,15.0600004196167
2014-12-30,2080.35009765625,4777.43994140625,17983.0703125,1213.050048828125,15.920000076293945
2014-12-31,2058.89990234375,4736.0498046875,17823.0703125,1204.699951171875,19.200000762939453
2015-01-02,2058.199951171875,4726.81005859375,17832.990234375,1198.800048828125,17.790000915527344
2015-01-05,2020.5799560546875,4652.56982421875,17501.650390625,1181.3499755859375,19.920000076293945
2015-01-06,2002.6099853515625,4592.740234375,17371.640625,1161.31005859375,21.1200008392334
2015-01-07,2025.9000244140625,4650.47021484375,17584.51953125,1175.969970703125,19.309999465942383
2015-01-08,2062.139892578125,4736.18994140625,17907.869140625,1196.1300048828125,17.010000228881836
2015-01-09,2044.81005859375,4704.06982421875,17737.369140625,1185.6800537109375,17.549999237060547
2015-01-12,2028.260009765625,4664.7099609375,17640.83984375,1180.0899658203125,19.600000381469727
2015-01-13,2023.030029296875,4661.5,17613.6796875,1180.6400146484375,20.559999465942383
2015-01-14,2011.27001953125,4639.31982421875,17427.08984375,1177.06005859375,21.479999542236328
2015-01-15,1992.6700439453125,4570.81982421875,17320.7109375,1154.7099609375,22.389999389648438
2015-01-16,2019.4200439453125,4634.3798828125,17511.5703125,1176.6500244140625,20.950000762939453
2015-01-20,2022.550048828125,4654.85009765625,17515.23046875,1170.25,19.889999389648438
2015-01-21,2032.1199951171875,4667.419921875,17554.279296875,1166.25,18.850000381469727
2015-01-22,2063.14990234375,4750.39990234375,17813.98046875,1190.3699951171875,16.399999618530273
2015-01-23,2051.820068359375,4757.8798828125,17672.599609375,1188.9300537109375,16.65999984741211
2015-01-26,2057.090087890625,4771.759765625,17678.69921875,1200.739990234375,15.520000457763672
2015-01-27,2029.550048828125,4681.5,17387.2109375,1194.6600341796875,17.219999313354492
2015-01-28,2002.1600341796875,4637.990234375,17191.369140625,1175.1199951171875,20.440000534057617
2015-01-29,2021.25,4683.41015625,17416.849609375,1190.1800537109375,18.760000228881836
2015-01-30,1994.989990234375,4635.240234375,17164.94921875,1165.3900146484375,20.969999313354492
2015-02-02,2020.8499755859375,4676.68994140625,17361.0390625,1175.510009765625,19.43000030517578
2015-02-03,2050.030029296875,4727.740234375,17666.400390625,1196.989990234375,17.329999923706055
2015-02-04,2041.510009765625,4716.7001953125,17673.01953125,1191.43994140625,18.329999923706055
2015-02-05,2062.52001953125,4765.10009765625,17884.880859375,1208.7099609375,16.850000381469727
2015-02-06,2055.469970703125,4744.39990234375,17824.2890625,1205.4599609375,17.290000915527344
2015-02-09,2046.739990234375,4726.009765625,17729.2109375,1195.8299560546875,18.549999237060547
2015-02-10,2068.590087890625,4787.64013671875,17868.759765625,1203.1800537109375,17.229999542236328
2015-02-11,2068.530029296875,4801.18017578125,17862.140625,1201.550048828125,16.959999084472656
2015-02-12,2088.47998046875,4857.60986328125,17972.380859375,1216.27001953125,15.34000015258789
2015-02-13,2096.989990234375,4893.83984375,18019.349609375,1223.1300048828125,14.6899995803833
2015-02-17,2100.340087890625,4899.27001953125,18047.580078125,1225.010009765625,15.800000190734863
2015-02-18,2099.679931640625,4906.35986328125,18029.849609375,1227.949951171875,15.449999809265137
2015-02-19,2097.449951171875,4924.7001953125,17985.76953125,1227.9100341796875,15.289999961853027
2015-02-20,2110.300048828125,4955.97021484375,18140.439453125,1231.7900390625,14.300000190734863
2015-02-23,2109.659912109375,4960.97021484375,18116.83984375,1231.8299560546875,14.5600004196167
2015-02-24,2115.47998046875,4968.1201171875,18209.189453125,1233.97998046875,13.6899995803833
2015-02-25,2113.860107421875,4967.14013671875,18224.5703125,1235.0999755859375,13.84000015258789
2015-02-26,2110.739990234375,4987.89013671875,18214.419921875,1239.1099853515625,13.90999984741211
2015-02-27,2104.5,4963.52978515625,18132.69921875,1233.3699951171875,13.34000015258789
2015-03-02,2117.389892578125,5008.10009765625,18288.630859375,1242.6199951171875,13.039999961853027
2015-03-03,2107.780029296875,4979.89990234375,18203.369140625,1234.760009765625,13.859999656677246
2015-03-04,2098.530029296875,4967.14013671875,18096.900390625,1230.72998046875,14.229999542236328
2015-03-05,2101.0400390625,4982.81005859375,18135.720703125,1234.31005859375,14.039999961853027
2015-03-06,2071.260009765625,4927.3701171875,17856.779296875,1217.52001953125,15.199999809265137
2015-03-09,2079.429931640625,4942.43994140625,17995.720703125,1223.5899658203125,15.0600004196167
2015-03-10,2044.1600341796875,4859.7900390625,17662.939453125,1208.469970703125,16.690000534057617
2015-03-11,2040.239990234375,4849.93994140625,17635.390625,1215.780029296875,16.8700008392334
2015-03-12,2065.949951171875,4893.2900390625,17895.220703125,1236.6400146484375,15.420000076293945
2015-03-13,2053.39990234375,4871.759765625,17749.310546875,1232.1400146484375,16.0
2015-03-16,2081.18994140625,4929.509765625,17977.419921875,1239.780029296875,15.609999656677246
2015-03-17,2074.280029296875,4937.43017578125,17849.080078125,1242.22998046875,15.65999984741211
2015-03-18,2099.5,4982.830078125,18076.189453125,1252.1400146484375,13.970000267028809
2015-03-19,2089.27001953125,4992.3798828125,17959.029296875,1254.8599853515625,14.069999694824219
2015-03-20,2108.10009765625,5026.419921875,18127.650390625,1266.3699951171875,13.020000457763672
2015-03-23,2104.419921875,5010.97021484375,18116.0390625,1264.7099609375,13.40999984741211
2015-03-24,2091.5,4994.72998046875,18011.140625,1263.4599609375,13.619999885559082
2015-03-25,2061.050048828125,4876.52001953125,17718.5390625,1233.8499755859375,15.4399995803833
2015-03-26,2056.14990234375,4863.35986328125,17678.23046875,1231.989990234375,15.800000190734863
2015-03-27,2061.02001953125,4891.22021484375,17712.66015625,1240.4100341796875,15.069999694824219
2015-03-30,2086.239990234375,4947.43994140625,17976.310546875,1257.800048828125,14.510000228881836
2015-03-31,2067.889892578125,4900.8798828125,17776.119140625,1252.77001953125,15.289999961853027
2015-04-01,2059.68994140625,4880.22998046875,17698.1796875,1251.7099609375,15.109999656677246
2015-04-02,2066.9599609375,4886.93994140625,17763.240234375,1255.6600341796875,14.670000076293945
2015-04-06,2080.6201171875,4917.31982421875,17880.849609375,1260.5400390625,14.739999771118164
2015-04-07,2076.330078125,4910.22998046875,17875.419921875,1253.3599853515625,14.779999732971191
2015-04-08,2081.89990234375,4950.81982421875,17902.509765625,1262.7099609375,13.979999542236328
2015-04-09,2091.179931640625,4974.56005859375,17958.73046875,1259.1099853515625,13.09000015258789
2015-04-10,2102.06005859375,4995.97998046875,18057.650390625,1264.77001953125,12.579999923706055
2015-04-13,2092.429931640625,4988.25,17977.0390625,1265.5899658203125,13.9399995803833
2015-04-14,2095.840087890625,4977.2900390625,18036.69921875,1265.3499755859375,13.670000076293945
2015-04-15,2106.6298828125,5011.02001953125,18112.609375,1275.3499755859375,12.84000015258789
2015-04-16,2104.989990234375,5007.7900390625,18105.76953125,1272.9000244140625,12.600000381469727
2015-04-17,2081.179931640625,4931.81005859375,17826.30078125,1251.8599853515625,13.890000343322754
2015-04-20,2100.39990234375,4994.60009765625,18034.9296875,1264.9200439453125,13.300000190734863
2015-04-21,2097.2900390625,5014.10009765625,17949.58984375,1264.1500244140625,13.25
2015-04-22,2107.9599609375,5035.169921875,18038.26953125,1265.47998046875,12.710000038146973
2015-04-23,2112.929931640625,5056.06005859375,18058.689453125,1271.5400390625,12.479999542236328
2015-04-24,2117.68994140625,5092.080078125,18080.140625,1267.5400390625,12.289999961853027
2015-04-27,2108.919921875,5060.25,18037.970703125,1252.699951171875,13.119999885559082
2015-04-28,2114.760009765625,5055.419921875,18110.140625,1259.3599853515625,12.40999984741211
2015-04-29,2106.85009765625,5023.64013671875,18035.529296875,1246.949951171875,13.390000343322754
2015-04-30,2085.510009765625,4941.419921875,17840.51953125,1220.1300048828125,14.550000190734863
2015-05-01,2108.2900390625,5005.39013671875,18024.060546875,1228.1099853515625,12.699999809265137
2015-05-04,2114.489990234375,5016.93017578125,18070.400390625,1233.219970703125,12.850000381469727
2015-05-05,2089.4599609375,4939.330078125,17928.19921875,1215.4200439453125,14.3100004196167
2015-05-06,2080.14990234375,4919.64013671875,17841.98046875,1219.3599853515625,15.149999618530273
2015-05-07,2088.0,4945.5400390625,17924.060546875,1225.5400390625,15.130000114440918
2015-05-08,2116.10009765625,5003.5498046875,18191.109375,1234.9300537109375,12.859999656677246
2015-05-11,2105.330078125,4993.56982421875,18105.169921875,1235.8299560546875,13.850000381469727
2015-05-12,2099.1201171875,4976.18994140625,18068.23046875,1233.1300048828125,13.859999656677246
2015-05-13,2098.47998046875,4981.68994140625,18060.490234375,1232.280029296875,13.760000228881836
2015-05-14,2121.10009765625,5050.7998046875,18252.240234375,1245.1099853515625,12.739999771118164
2015-05-15,2122.72998046875,5048.2900390625,18272.560546875,1243.949951171875,12.380000114440918
2015-05-18,2129.199951171875,5078.43994140625,18298.880859375,1257.52001953125,12.729999542236328
2015-05-19,2127.830078125,5070.02978515625,18312.390625,1255.6600341796875,12.850000381469727
2015-05-20,2125.85009765625,5071.740234375,18285.400390625,1257.739990234375,12.880000114440918
2015-05-21,2130.820068359375,5090.7900390625,18285.740234375,1256.739990234375,12.109999656677246
2015-05-22,2126.06005859375,5089.35986328125,18232.01953125,1252.219970703125,12.130000114440918
2015-05-26,2104.199951171875,5032.75,18041.5390625,1238.760009765625,14.0600004196167
2015-05-27,2123.47998046875,5106.58984375,18162.990234375,1254.3599853515625,13.270000457763672
2015-05-28,2120.7900390625,5097.97998046875,18126.119140625,1253.0999755859375,13.3100004196167
2015-05-29,2107.389892578125,5070.02978515625,18010.6796875,1246.530029296875,13.84000015258789
2015-06-01,2111.72998046875,5082.93017578125,18040.369140625,1249.6199951171875,13.970000267028809
2015-06-02,2109.60009765625,5076.52001953125,18011.939453125,1251.800048828125,14.239999771118164
2015-06-03,2114.070068359375,5099.22998046875,18076.26953125,1264.5799560546875,13.65999984741211
2015-06-04,2095.840087890625,5059.1201171875,17905.580078125,1251.2900390625,14.710000038146973
2015-06-05,2092.830078125,5068.4599609375,17849.4609375,1261.010009765625,14.210000038146973
2015-06-08,2079.280029296875,5021.6298828125,17766.55078125,1253.699951171875,15.289999961853027
2015-06-09,2080.14990234375,5013.8701171875,17764.0390625,1249.6600341796875,14.470000267028809
2015-06-10,2105.199951171875,5076.68994140625,18000.400390625,1266.9300537109375,13.220000267028809
2015-06-11,2108.860107421875,5082.509765625,18039.369140625,1268.9200439453125,12.850000381469727
2015-06-12,2094.110107421875,5051.10009765625,17898.83984375,1265.02001953125,13.779999732971191
2015-06-15,2084.429931640625,5029.97021484375,17791.169921875,1261.0400390625,15.390000343322754
2015-06-16,2096.2900390625,5055.5498046875,17904.48046875,1269.530029296875,14.8100004196167
2015-06-17,2100.43994140625,5064.8798828125,17935.740234375,1268.3299560546875,14.5
2015-06-18,2121.239990234375,5132.9501953125,18115.83984375,1284.6800537109375,13.1899995803833
2015-06-19,2109.989990234375,5117.0,18015.94921875,1284.6600341796875,13.960000038146973
2015-06-22,2122.85009765625,5153.97021484375,18119.779296875,1292.3900146484375,12.739999771118164
2015-06-23,2124.199951171875,5160.08984375,18144.0703125,1295.800048828125,12.109999656677246
2015-06-24,2108.580078125,5122.41015625,17966.0703125,1283.9200439453125,13.260000228881836
2015-06-25,2102.31005859375,5112.18994140625,17890.359375,1283.280029296875,14.010000228881836
2015-06-26,2101.489990234375,5080.509765625,17946.6796875,1279.800048828125,14.020000457763672
2015-06-29,2057.639892578125,4958.47021484375,17596.349609375,1246.75,18.850000381469727
2015-06-30,2063.110107421875,4986.8701171875,17619.509765625,1253.949951171875,18.229999542236328
2015-07-01,2077.419921875,5013.1201171875,17757.91015625,1256.4000244140625,16.09000015258789
2015-07-02,2076.780029296875,5009.2099609375,17730.109375,1248.260009765625,16.790000915527344
2015-07-06,2068.760009765625,4991.93994140625,17683.580078125,1246.9599609375,17.010000228881836
2015-07-07,2081.340087890625,4997.4599609375,17776.91015625,1248.050048828125,16.09000015258789
2015-07-08,2046.6800537109375,4909.759765625,17515.419921875,1228.9599609375,19.65999984741211
2015-07-09,2051.31005859375,4922.39990234375,17548.619140625,1234.1500244140625,19.969999313354492
2015-07-10,2076.6201171875,4997.7001953125,17760.41015625,1252.02001953125,16.829999923706055
2015-07-13,2099.60009765625,5071.509765625,17977.6796875,1265.3499755859375,13.899999618530273
2015-07-14,2108.949951171875,5104.89013671875,18053.580078125,1273.3299560546875,13.369999885559082
2015-07-15,2107.39990234375,5098.93994140625,18050.169921875,1264.52001953125,13.229999542236328
2015-07-16,2124.2900390625,5163.18017578125,18120.25,1272.8299560546875,12.109999656677246
2015-07-17,2126.639892578125,5210.14013671875,18086.44921875,1267.0899658203125,11.949999809265137
2015-07-20,2128.280029296875,5218.85986328125,18100.41015625,1260.219970703125,12.25
2015-07-21,2119.2099609375,5208.1201171875,17919.2890625,1254.5699462890625,12.220000267028809
2015-07-22,2114.14990234375,5171.77001953125,17851.0390625,1258.3499755859375,12.119999885559082
2015-07-23,2102.14990234375,5146.41015625,17731.919921875,1244.969970703125,12.640000343322754
2015-07-24,2079.64990234375,5088.6298828125,17568.529296875,1225.989990234375,13.739999771118164
2015-07-27,2067.639892578125,5039.77978515625,17440.58984375,1214.6099853515625,15.600000381469727
2015-07-28,2093.25,5089.2099609375,17630.26953125,1224.5999755859375,13.4399995803833
2015-07-29,2108.570068359375,5111.72998046875,17751.390625,1229.5999755859375,12.5
2015-07-30,2108.6298828125,5128.77978515625,17745.98046875,1232.0699462890625,12.130000114440918
2015-07-31,2103.840087890625,5128.27978515625,17689.859375,1238.6800537109375,12.119999885559082
2015-08-03,2098.0400390625,5115.3798828125,17598.19921875,1231.7900390625,12.5600004196167
2015-08-04,2093.320068359375,5105.5498046875,17550.689453125,1228.8499755859375,13.0
2015-08-05,2099.840087890625,5139.93994140625,17540.470703125,1231.75,12.510000228881836
2015-08-06,2083.56005859375,5056.43994140625,17419.75,1215.8499755859375,13.770000457763672
2015-08-07,2077.570068359375,5043.5400390625,17373.380859375,1206.9000244140625,13.390000343322754
2015-08-10,2104.179931640625,5101.7998046875,17615.169921875,1222.6700439453125,12.229999542236328
2015-08-11,2084.070068359375,5036.7900390625,17402.83984375,1211.1400146484375,13.710000038146973
2015-08-12,2086.050048828125,5044.39013671875,17402.509765625,1208.97998046875,13.609999656677246
2015-08-13,2083.389892578125,5033.56005859375,17408.25,1204.739990234375,13.489999771118164
2015-08-14,2091.5400390625,5048.240234375,17477.400390625,1212.68994140625,12.829999923706055
2015-08-17,2102.43994140625,5091.7001953125,17545.1796875,1225.0899658203125,13.020000457763672
2015-08-18,2096.919921875,5059.35009765625,17511.33984375,1214.8900146484375,13.789999961853027
2015-08-19,2079.610107421875,5019.0498046875,17348.73046875,1202.97998046875,15.25
2015-08-20,2035.72998046875,4877.490234375,16990.689453125,1172.52001953125,19.139999389648438
2015-08-21,1970.8900146484375,4706.0400390625,16459.75,1156.7900390625,28.030000686645508
2015-08-24,1893.2099609375,4526.25,15871.349609375,1111.68994140625,40.7400016784668
2015-08-25,1867.6099853515625,4506.490234375,15666.4404296875,1104.0999755859375,36.02000045776367
2015-08-26,1940.510009765625,4697.5400390625,16285.509765625,1132.18994140625,30.31999969482422
2015-08-27,1987.6600341796875,4812.7099609375,16654.76953125,1153.6099853515625,26.100000381469727
2015-08-28,1988.8699951171875,4828.31982421875,16643.009765625,1162.9100341796875,26.049999237060547
2015-08-31,1972.1800537109375,4776.509765625,16528.029296875,1159.449951171875,28.43000030517578
2015-09-01,1913.8499755859375,4636.10009765625,16058.349609375,1128.050048828125,31.399999618530273
2015-09-02,1948.8599853515625,4749.97998046875,16351.3798828125,1146.030029296875,26.09000015258789
2015-09-03,1951.1300048828125,4733.5,16374.759765625,1145.1500244140625,25.610000610351562
2015-09-04,1921.219970703125,4683.919921875,16102.3798828125,1136.1700439453125,27.799999237060547
2015-09-08,1969.4100341796875,4811.93017578125,16492.6796875,1161.760009765625,24.899999618530273
2015-09-09,1942.0400390625,4756.52978515625,16253.5703125,1148.22998046875,26.229999542236328
2015-09-10,1952.2900390625,4796.25,16330.400390625,1153.030029296875,24.3700008392334
2015-09-11,1961.050048828125,4822.33984375,16433.08984375,1157.7900390625,23.200000762939453
2015-09-14,1953.030029296875,4805.759765625,16370.9599609375,1153.5,24.25
2015-09-15,1978.0899658203125,4860.52001953125,16599.849609375,1166.0,22.540000915527344
2015-09-16,1995.31005859375,4889.240234375,16739.94921875,1175.199951171875,21.350000381469727
2015-09-17,1990.199951171875,4893.9501953125,16674.740234375,1180.68994140625,21.139999389648438
2015-09-18,1958.030029296875,4827.22998046875,16384.580078125,1163.3499755859375,22.280000686645508
2015-09-21,1966.969970703125,4828.9501953125,16510.189453125,1161.0899658203125,20.139999389648438
2015-09-22,1942.739990234375,4756.72021484375,16330.4697265625,1143.030029296875,22.440000534057617
2015-09-23,1938.760009765625,4752.740234375,16279.8896484375,1140.050048828125,22.1299991607666
2015-09-24,1932.239990234375,4734.47998046875,16201.3203125,1137.5400390625,23.469999313354492
2015-09-25,1931.3399658203125,4686.5,16314.669921875,1122.7900390625,23.6200008392334
2015-09-28,1881.77001953125,4543.97021484375,16001.8896484375,1090.5699462890625,27.6299991607666
2015-09-29,1884.0899658203125,4517.31982421875,16049.1298828125,1083.9100341796875,26.829999923706055
2015-09-30,1920.030029296875,4620.16015625,16284.7001953125,1100.68994140625,24.5
2015-10-01,1923.8199462890625,4627.080078125,16272.009765625,1097.550048828125,22.549999237060547
2015-10-02,1951.3599853515625,4707.77978515625,16472.369140625,1114.1199951171875,20.940000534057617
2015-10-05,1987.050048828125,4781.259765625,16776.4296875,1141.6400146484375,19.540000915527344
2015-10-06,1979.9200439453125,4748.35986328125,16790.189453125,1133.68994140625,19.399999618530273
2015-10-07,1995.8299560546875,4791.14990234375,16912.2890625,1152.5999755859375,18.399999618530273
2015-10-08,2013.4300537109375,4810.7900390625,17050.75,1163.239990234375,17.420000076293945
2015-10-09,2014.8900146484375,4830.47021484375,17084.490234375,1165.3599853515625,17.079999923706055
2015-10-12,2017.4599609375,4838.64013671875,17131.859375,1164.4000244140625,16.170000076293945
2015-10-13,2003.68994140625,4796.60986328125,17081.890625,1147.8399658203125,17.670000076293945
2015-10-14,1994.239990234375,4782.85009765625,16924.75,1136.969970703125,18.030000686645508
2015-10-15,2023.8599853515625,4870.10009765625,17141.75,1162.77001953125,16.049999237060547
2015-10-16,2033.1099853515625,4886.68994140625,17215.970703125,1162.31005859375,15.050000190734863
2015-10-19,2033.6600341796875,4905.47021484375,17230.5390625,1164.300048828125,14.979999542236328
2015-10-20,2030.77001953125,4880.97021484375,17217.109375,1163.27001953125,15.75
2015-10-21,2018.93994140625,4840.1201171875,17168.609375,1144.949951171875,16.700000762939453
2015-10-22,2052.510009765625,4920.0498046875,17489.16015625,1154.52001953125,14.449999809265137
2015-10-23,2075.14990234375,5031.85986328125,17646.69921875,1166.06005859375,14.460000038146973
2015-10-26,2071.179931640625,5034.7001953125,17623.05078125,1159.5,15.289999961853027
2015-10-27,2065.889892578125,5030.14990234375,17581.4296875,1145.2900390625,15.430000305175781
2015-10-28,2090.35009765625,5095.68994140625,17779.51953125,1178.719970703125,14.329999923706055
2015-10-29,2089.409912109375,5074.27001953125,17755.80078125,1165.6300048828125,14.609999656677246
2015-10-30,2079.360107421875,5053.75,17663.5390625,1161.8599853515625,15.069999694824219
2015-11-02,2104.050048828125,5127.14990234375,17828.759765625,1186.0899658203125,14.149999618530273
2015-11-03,2109.7900390625,5145.1298828125,17918.150390625,1191.5799560546875,14.539999961853027
2015-11-04,2102.31005859375,5142.47998046875,17867.580078125,1190.3800048828125,15.510000228881836
2015-11-05,2099.929931640625,5127.740234375,17863.4296875,1190.68994140625,15.050000190734863
2015-11-06,2099.199951171875,5147.1201171875,17910.330078125,1199.75,14.329999923706055
2015-11-09,2078.580078125,5095.2998046875,17730.48046875,1184.4300537109375,16.520000457763672
2015-11-10,2081.719970703125,5083.240234375,17758.2109375,1187.699951171875,15.289999961853027
2015-11-11,2075.0,5067.02001953125,17702.220703125,1178.0699462890625,16.059999465942383
2015-11-12,2045.969970703125,5005.080078125,17448.0703125,1154.81005859375,18.3700008392334
2015-11-13,2023.0400390625,4927.8798828125,17245.240234375,1146.550048828125,20.079999923706055
2015-11-16,2053.18994140625,4984.6201171875,17483.009765625,1156.0799560546875,18.15999984741211
2015-11-17,2050.43994140625,4986.02001953125,17489.5,1153.2099609375,18.84000015258789
2015-11-18,2083.580078125,5075.2001953125,17737.16015625,1171.75,16.850000381469727
2015-11-19,2081.239990234375,5073.64013671875,17732.75,1166.72998046875,16.989999771118164
2015-11-20,2089.169921875,5104.919921875,17823.810546875,1175.1500244140625,15.470000267028809
2015-11-23,2086.590087890625,5102.47998046875,17792.6796875,1180.3599853515625,15.619999885559082
2015-11-24,2089.139892578125,5102.81005859375,17812.189453125,1188.81005859375,15.930000305175781
2015-11-25,2088.8701171875,5116.14013671875,17813.390625,1198.02001953125,15.1899995803833
2015-11-27,2090.110107421875,5127.52001953125,17813.390625,1202.3800048828125,15.119999885559082
2015-11-30,2080.409912109375,5108.669921875,17719.919921875,1198.1099853515625,16.1299991607666
2015-12-01,2102.6298828125,5156.31005859375,17888.349609375,1204.1600341796875,14.670000076293945
2015-12-02,2079.510009765625,5123.22021484375,17729.6796875,1191.68994140625,15.90999984741211
2015-12-03,2049.6201171875,5037.52978515625,17477.669921875,1170.5699462890625,18.110000610351562
2015-12-04,2091.68994140625,5142.27001953125,17847.630859375,1183.4000244140625,14.8100004196167
2015-12-07,2077.070068359375,5101.81005859375,17730.509765625,1164.300048828125,15.84000015258789
2015-12-08,2063.590087890625,5098.240234375,17568.0,1159.4000244140625,17.600000381469727
2015-12-09,2047.6199951171875,5022.8701171875,17492.30078125,1145.8699951171875,19.610000610351562
2015-12-10,2052.22998046875,5045.169921875,17574.75,1149.02001953125,19.34000015258789
2015-12-11,2012.3699951171875,4933.47021484375,17265.2109375,1123.6099853515625,24.389999389648438
2015-12-14,2021.93994140625,4952.22998046875,17368.5,1115.8599853515625,22.729999542236328
2015-12-15,2043.4100341796875,4995.35986328125,17524.91015625,1131.550048828125,20.950000762939453
2015-12-16,2073.070068359375,5071.1298828125,17749.08984375,1148.969970703125,17.860000610351562
2015-12-17,2041.8900146484375,5002.5498046875,17495.83984375,1135.3599853515625,18.940000534057617
2015-12-18,2005.550048828125,4923.080078125,17128.55078125,1121.02001953125,20.700000762939453
2015-12-21,2021.1500244140625,4968.919921875,17251.619140625,1127.739990234375,18.700000762939453
2015-12-22,2038.969970703125,5001.10986328125,17417.26953125,1137.68994140625,16.600000381469727
2015-12-23,2064.2900390625,5045.93017578125,17602.609375,1152.8199462890625,15.569999694824219
2015-12-24,2060.989990234375,5048.490234375,17552.169921875,1154.760009765625,15.739999771118164
2015-12-28,2056.5,5040.990234375,17528.26953125,1148.2099609375,16.90999984741211
2015-12-29,2078.360107421875,5107.93994140625,17720.98046875,1160.52001953125,16.079999923706055
2015-12-30,2063.360107421875,5065.85009765625,17603.869140625,1149.6400146484375,17.290000915527344
2015-12-31,2043.93994140625,5007.41015625,17425.029296875,1135.8900146484375,18.209999084472656
2016-01-04,2012.6600341796875,4903.08984375,17148.939453125,1108.6199951171875,20.700000762939453
2016-01-05,2016.7099609375,4891.43017578125,17158.66015625,1110.43994140625,19.34000015258789
2016-01-06,1990.260009765625,4835.759765625,16906.509765625,1094.3699951171875,20.59000015258789
2016-01-07,1943.0899658203125,4689.43017578125,16514.099609375,1064.5699462890625,24.989999771118164
2016-01-08,1922.030029296875,4643.6298828125,16346.4501953125,1046.199951171875,27.010000228881836
2016-01-11,1923.6700439453125,4637.990234375,16398.5703125,1041.9000244140625,24.299999237060547
2016-01-12,1938.6800537109375,4685.919921875,16516.220703125,1044.699951171875,22.469999313354492
2016-01-13,1890.280029296875,4526.06005859375,16151.41015625,1010.1900024414062,25.219999313354492
2016-01-14,1921.8399658203125,4615.0,16379.0498046875,1025.6700439453125,23.950000762939453
2016-01-15,1880.3299560546875,4488.419921875,15988.080078125,1007.719970703125,27.020000457763672
2016-01-19,1881.3299560546875,4476.9501953125,16016.01953125,994.8699951171875,26.049999237060547
2016-01-20,1859.3299560546875,4471.68994140625,15766.740234375,999.3099975585938,27.59000015258789
2016-01-21,1868.989990234375,4472.06005859375,15882.6796875,997.3400268554688,26.690000534057617
2016-01-22,1906.9000244140625,4591.18017578125,16093.509765625,1020.6599731445312,22.34000015258789
2016-01-25,1877.0799560546875,4518.490234375,15885.2197265625,997.3699951171875,24.149999618530273
2016-01-26,1903.6300048828125,4567.669921875,16167.23046875,1017.969970703125,22.5
2016-01-27,1882.949951171875,4468.169921875,15944.4599609375,1002.75,23.110000610351562
2016-01-28,1893.3599853515625,4506.68017578125,16069.6396484375,1003.27001953125,22.420000076293945
2016-01-29,1940.239990234375,4613.9501953125,16466.30078125,1035.3800048828125,20.200000762939453
2016-02-01,1939.3800048828125,4620.3701171875,16449.1796875,1032.3900146484375,19.979999542236328
2016-02-02,1903.030029296875,4516.9501953125,16153.5400390625,1008.8400268554688,21.979999542236328
2016-02-03,1912.530029296875,4504.240234375,16336.66015625,1010.2999877929688,21.649999618530273
2016-02-04,1915.449951171875,4509.56005859375,16416.580078125,1014.7899780273438,21.84000015258789
2016-02-05,1880.050048828125,4363.14013671875,16204.9697265625,985.6199951171875,23.3799991607666
2016-02-08,1853.43994140625,4283.75,16027.0498046875,969.3400268554688,26.0
2016-02-09,1852.2099609375,4268.759765625,16014.3798828125,963.9000244140625,26.540000915527344
2016-02-10,1851.8599853515625,4283.58984375,15914.740234375,963.47998046875,26.290000915527344
2016-02-11,1829.0799560546875,4266.83984375,15660.1796875,953.719970703125,28.139999389648438
2016-02-12,1864.780029296875,4337.509765625,15973.83984375,971.989990234375,25.399999618530273
2016-02-16,1895.5799560546875,4435.9599609375,16196.41015625,995.7999877929688,24.110000610351562
2016-02-17,1926.8199462890625,4534.06005859375,16453.830078125,1011.1300048828125,22.309999465942383
2016-02-18,1917.8299560546875,4487.5400390625,16413.4296875,1004.7100219726562,21.639999389648438
2016-02-19,1917.780029296875,4504.43017578125,16391.990234375,1010.010009765625,20.530000686645508
2016-02-22,1945.5,4570.60986328125,16620.66015625,1021.739990234375,19.3799991607666
2016-02-23,1921.27001953125,4503.580078125,16431.779296875,1012.1500244140625,20.979999542236328
2016-02-24,1929.800048828125,4542.60986328125,16484.990234375,1022.0800170898438,20.719999313354492
2016-02-25,1951.699951171875,4582.2001953125,16697.2890625,1031.5799560546875,19.110000610351562
2016-02-26,1948.050048828125,4590.47021484375,16639.970703125,1037.1800537109375,19.809999465942383
2016-02-29,1932.22998046875,4557.9501953125,16516.5,1033.9000244140625,20.549999237060547
2016-03-01,1978.3499755859375,4689.60009765625,16865.080078125,1054.489990234375,17.700000762939453
2016-03-02,1986.449951171875,4703.419921875,16899.3203125,1065.6700439453125,17.09000015258789
2016-03-03,1993.4000244140625,4707.419921875,16943.900390625,1076.050048828125,16.700000762939453
2016-03-04,1999.989990234375,4717.02001953125,17006.76953125,1081.9300537109375,16.860000610351562
2016-03-07,2001.760009765625,4708.25,17073.94921875,1094.1500244140625,17.350000381469727
2016-03-08,1979.260009765625,4648.81982421875,16964.099609375,1067.8800048828125,18.670000076293945
2016-03-09,1989.260009765625,4674.3798828125,17000.359375,1072.77001953125,18.34000015258789
2016-03-10,1989.5699462890625,4662.16015625,16995.130859375,1063.989990234375,18.049999237060547
2016-03-11,2022.18994140625,4748.47021484375,17213.310546875,1087.56005859375,16.5
2016-03-14,2019.6400146484375,4750.27978515625,17229.130859375,1084.25,16.920000076293945
2016-03-15,2015.9300537109375,4728.669921875,17251.529296875,1066.6700439453125,16.84000015258789
2016-03-16,2027.219970703125,4763.97021484375,17325.759765625,1074.510009765625,14.989999771118164
2016-03-17,2040.5899658203125,4774.990234375,17481.490234375,1091.25,14.4399995803833
2016-03-18,2049.580078125,4795.64990234375,17602.30078125,1101.6700439453125,14.020000457763672
2016-03-21,2051.60009765625,4808.8701171875,17623.869140625,1098.5799560546875,13.789999961853027
2016-03-22,2049.800048828125,4821.66015625,17582.5703125,1097.3399658203125,14.170000076293945
2016-03-23,2036.7099609375,4768.85986328125,17502.58984375,1075.699951171875,14.9399995803833
2016-03-24,2035.93994140625,4773.5,17515.73046875,1079.5400390625,14.739999771118164
2016-03-28,2037.050048828125,4766.7900390625,17535.390625,1080.22998046875,15.239999771118164
2016-03-29,2055.010009765625,4846.6201171875,17633.109375,1109.0799560546875,13.819999694824219
2016-03-30,2063.949951171875,4869.2900390625,17716.66015625,1110.43994140625,13.5600004196167
2016-03-31,2059.739990234375,4869.85009765625,17685.08984375,1114.030029296875,13.949999809265137
2016-04-01,2072.780029296875,4914.5400390625,17792.75,1117.6800537109375,13.100000381469727
2016-04-04,2066.1298828125,4891.7998046875,17737.0,1108.5400390625,14.119999885559082
2016-04-05,2045.1700439453125,4843.93017578125,17603.3203125,1095.8499755859375,15.420000076293945
2016-04-06,2066.659912109375,4920.72021484375,17716.05078125,1108.81005859375,14.09000015258789
2016-04-07,2041.9100341796875,4848.3701171875,17541.9609375,1092.7900390625,16.15999984741211
2016-04-08,2047.5999755859375,4850.68994140625,17576.9609375,1097.31005859375,15.359999656677246
2016-04-11,2041.989990234375,4833.39990234375,17556.41015625,1094.3399658203125,16.260000228881836
2016-04-12,2061.719970703125,4872.08984375,17721.25,1105.7099609375,14.850000381469727
2016-04-13,2082.419921875,4947.419921875,17908.279296875,1129.9300537109375,13.84000015258789
2016-04-14,2082.780029296875,4945.89013671875,17926.4296875,1128.5899658203125,13.720000267028809
2016-04-15,2080.72998046875,4938.22021484375,17897.4609375,1130.9200439453125,13.619999885559082
2016-04-18,2094.340087890625,4960.02001953125,18004.16015625,1139.280029296875,13.350000381469727
2016-04-19,2100.800048828125,4940.330078125,18053.599609375,1140.22998046875,13.239999771118164
2016-04-20,2102.39990234375,4948.1298828125,18096.26953125,1142.2900390625,13.279999732971191
2016-04-21,2091.47998046875,4945.89013671875,17982.51953125,1135.77001953125,13.949999809265137
2016-04-22,2091.580078125,4906.22998046875,18003.75,1146.68994140625,13.220000267028809
2016-04-25,2087.7900390625,4895.7900390625,17977.240234375,1138.0999755859375,14.079999923706055
2016-04-26,2091.699951171875,4888.27978515625,17990.3203125,1150.72998046875,13.960000038146973
2016-04-27,2095.14990234375,4863.14013671875,18041.55078125,1154.1500244140625,13.770000457763672
2016-04-28,2075.81005859375,4805.2900390625,17830.759765625,1140.4000244140625,15.220000267028809
2016-04-29,2065.300048828125,4775.35986328125,17773.640625,1130.8499755859375,15.699999809265137
2016-05-02,2081.429931640625,4817.58984375,17891.16015625,1140.9200439453125,14.680000305175781
2016-05-03,2063.3701171875,4763.22021484375,17750.91015625,1121.760009765625,15.600000381469727
2016-05-04,2051.1201171875,4725.64013671875,17651.259765625,1113.1300048828125,16.049999237060547
2016-05-05,2050.6298828125,4717.08984375,17660.7109375,1107.949951171875,15.90999984741211
2016-05-06,2057.139892578125,4736.16015625,17740.630859375,1114.719970703125,14.720000267028809
2016-05-09,2058.68994140625,4750.2099609375,17705.91015625,1118.25,14.569999694824219
2016-05-10,2084.389892578125,4809.8798828125,17928.349609375,1128.8299560546875,13.630000114440918
2016-05-11,2064.4599609375,4760.68994140625,17711.119140625,1114.739990234375,14.6899995803833
2016-05-12,2064.110107421875,4737.330078125,17720.5,1108.5999755859375,14.40999984741211
2016-05-13,2046.6099853515625,4717.68017578125,17535.3203125,1102.43994140625,15.039999961853027
2016-05-16,2066.659912109375,4775.4599609375,17710.7109375,1116.2099609375,14.680000305175781
2016-05-17,2047.2099609375,4715.72998046875,17529.98046875,1097.6800537109375,15.569999694824219
2016-05-18,2047.6300048828125,4739.1201171875,17526.619140625,1102.949951171875,15.949999809265137
2016-05-19,2040.0400390625,4712.52978515625,17435.400390625,1094.780029296875,16.329999923706055
2016-05-20,2052.320068359375,4769.56005859375,17500.939453125,1112.280029296875,15.199999809265137
2016-05-23,2048.0400390625,4765.77978515625,17492.9296875,1111.3699951171875,15.819999694824219
2016-05-24,2076.06005859375,4861.06005859375,17706.05078125,1135.31005859375,14.420000076293945
2016-05-25,2090.5400390625,4894.89013671875,17851.509765625,1141.02001953125,13.899999618530273
2016-05-26,2090.10009765625,4901.77001953125,17828.2890625,1139.75,13.430000305175781
2016-05-27,2099.06005859375,4933.5,17873.220703125,1150.449951171875,13.119999885559082
2016-05-31,2096.949951171875,4948.0498046875,17787.19921875,1154.7900390625,14.1899995803833
2016-06-01,2099.330078125,4952.25,17789.669921875,1163.0400390625,14.199999809265137
2016-06-02,2105.260009765625,4971.35986328125,17838.560546875,1170.5799560546875,13.630000114440918
2016-06-03,2099.1298828125,4942.52001953125,17807.060546875,1164.1300048828125,13.470000267028809
2016-06-06,2109.409912109375,4968.7099609375,17920.330078125,1176.8699951171875,13.649999618530273
2016-06-07,2112.1298828125,4961.75,17938.279296875,1179.969970703125,14.050000190734863
2016-06-08,2119.1201171875,4974.64013671875,18005.05078125,1188.949951171875,14.079999923706055
2016-06-09,2115.47998046875,4958.6201171875,17985.189453125,1181.199951171875,14.640000343322754
2016-06-10,2096.070068359375,4894.5498046875,17865.33984375,1163.9300537109375,17.030000686645508
2016-06-13,2079.06005859375,4848.43994140625,17732.48046875,1150.699951171875,20.969999313354492
2016-06-14,2075.320068359375,4843.5498046875,17674.8203125,1147.8199462890625,20.5
2016-06-15,2071.5,4834.93017578125,17640.169921875,1149.300048828125,20.139999389648438
2016-06-16,2077.989990234375,4844.919921875,17733.099609375,1148.18994140625,19.3700008392334
2016-06-17,2071.219970703125,4800.33984375,17675.16015625,1144.699951171875,19.40999984741211
2016-06-20,2083.25,4837.2099609375,17804.869140625,1157.699951171875,18.3700008392334
2016-06-21,2088.89990234375,4843.759765625,17829.73046875,1153.8699951171875,18.479999542236328
2016-06-22,2085.449951171875,4833.31982421875,17780.830078125,1148.969970703125,21.170000076293945
2016-06-23,2113.320068359375,4910.0400390625,18011.0703125,1172.219970703125,17.25
2016-06-24,2037.4100341796875,4707.97998046875,17400.75,1127.5400390625,25.760000228881836
2016-06-27,2000.5400390625,4594.43994140625,17140.240234375,1089.6500244140625,23.850000381469727
2016-06-28,2036.0899658203125,4691.8701171875,17409.720703125,1107.300048828125,18.75
2016-06-29,2070.77001953125,4779.25,17694.6796875,1131.6199951171875,16.639999389648438
2016-06-30,2098.860107421875,4842.669921875,17929.990234375,1151.9200439453125,15.630000114440918
2016-07-01,2102.949951171875,4862.56982421875,17949.369140625,1156.77001953125,14.770000457763672
2016-07-05,2088.550048828125,4822.89990234375,17840.619140625,1139.449951171875,15.579999923706055
2016-07-06,2099.72998046875,4859.16015625,17918.619140625,1147.3299560546875,14.960000038146973
2016-07-07,2097.89990234375,4876.81005859375,17895.880859375,1149.760009765625,14.760000228881836
2016-07-08,2129.89990234375,4956.759765625,18146.740234375,1177.3599853515625,13.199999809265137
2016-07-11,2137.159912109375,4988.64013671875,18226.9296875,1190.030029296875,13.539999961853027
2016-07-12,2152.139892578125,5022.81982421875,18347.669921875,1205.8900146484375,13.550000190734863
2016-07-13,2152.429931640625,5005.72998046875,18372.119140625,1201.1600341796875,13.039999961853027
2016-07-14,2163.75,5034.06005859375,18506.41015625,1202.1700439453125,12.819999694824219
2016-07-15,2161.739990234375,5029.58984375,18516.55078125,1205.31005859375,12.670000076293945
2016-07-18,2166.889892578125,5055.77978515625,18533.05078125,1207.9100341796875,12.4399995803833
2016-07-19,2163.780029296875,5036.3701171875,18559.009765625,1200.449951171875,11.970000267028809
2016-07-20,2173.02001953125,5089.93017578125,18595.029296875,1209.739990234375,11.770000457763672
2016-07-21,2165.169921875,5073.89990234375,18517.23046875,1203.8599853515625,12.739999771118164
2016-07-22,2175.030029296875,5100.16015625,18570.849609375,1212.8900146484375,12.020000457763672
2016-07-25,2168.47998046875,5097.6298828125,18493.060546875,1209.8199462890625,12.869999885559082
2016-07-26,2169.179931640625,5110.0498046875,18473.75,1216.8599853515625,13.050000190734863
2016-07-27,2166.580078125,5139.81005859375,18472.169921875,1218.9300537109375,12.829999923706055
2016-07-28,2170.06005859375,5154.97998046875,18456.349609375,1217.3299560546875,12.720000267028809
2016-07-29,2173.60009765625,5162.1298828125,18432.240234375,1219.93994140625,11.869999885559082
2016-08-01,2170.840087890625,5184.2001953125,18404.509765625,1219.1199951171875,12.4399995803833
2016-08-02,2157.030029296875,5137.72998046875,18313.76953125,1202.3499755859375,13.369999885559082
2016-08-03,2163.7900390625,5159.740234375,18355.0,1212.72998046875,12.859999656677246
2016-08-04,2164.25,5166.25,18352.05078125,1213.760009765625,12.420000076293945
2016-08-05,2182.8701171875,5221.1201171875,18543.529296875,1231.300048828125,11.390000343322754
2016-08-08,2180.889892578125,5213.14013671875,18529.2890625,1230.4200439453125,11.5
2016-08-09,2181.739990234375,5225.47998046875,18533.05078125,1231.739990234375,11.65999984741211
2016-08-10,2175.489990234375,5204.580078125,18495.66015625,1223.27001953125,12.050000190734863
2016-08-11,2185.7900390625,5228.39990234375,18613.51953125,1229.1199951171875,11.680000305175781
2016-08-12,2184.050048828125,5232.89013671875,18576.470703125,1229.8199462890625,11.550000190734863
2016-08-15,2190.14990234375,5262.02001953125,18636.05078125,1241.8599853515625,11.8100004196167
2016-08-16,2178.14990234375,5227.10986328125,18552.01953125,1231.1300048828125,12.640000343322754
2016-08-17,2182.219970703125,5228.66015625,18573.939453125,1227.6800537109375,12.1899995803833
2016-08-18,2187.02001953125,5240.14990234375,18597.69921875,1236.8499755859375,11.430000305175781
2016-08-19,2183.8701171875,5238.3798828125,18552.5703125,1236.77001953125,11.34000015258789
2016-08-22,2182.639892578125,5244.60009765625,18529.419921875,1239.739990234375,12.270000457763672
2016-08-23,2186.89990234375,5260.080078125,18547.30078125,1248.5799560546875,12.380000114440918
2016-08-24,2175.43994140625,5217.68994140625,18481.48046875,1237.25,13.449999809265137
2016-08-25,2172.469970703125,5212.2001953125,18448.41015625,1240.0,13.630000114440918
2016-08-26,2169.0400390625,5218.919921875,18395.400390625,1238.030029296875,13.649999618530273
2016-08-29,2180.3798828125,5232.330078125,18502.990234375,1244.93994140625,12.9399995803833
2016-08-30,2176.1201171875,5222.990234375,18454.30078125,1246.030029296875,13.119999885559082
2016-08-31,2170.949951171875,5213.22021484375,18400.880859375,1239.9100341796875,13.420000076293945
2016-09-01,2170.860107421875,5227.2099609375,18419.30078125,1239.800048828125,13.479999542236328
2016-09-02,2179.97998046875,5249.89990234375,18491.9609375,1251.8299560546875,11.979999542236328
2016-09-06,2186.47998046875,5275.91015625,18538.119140625,1253.3699951171875,12.020000457763672
2016-09-07,2186.159912109375,5283.93017578125,18526.140625,1261.010009765625,11.9399995803833
2016-09-08,2181.300048828125,5259.47998046875,18479.91015625,1258.3599853515625,12.510000228881836
2016-09-09,2127.81005859375,5125.91015625,18085.44921875,1219.2099609375,17.5
2016-09-12,2159.0400390625,5211.89013671875,18325.0703125,1235.8699951171875,15.15999984741211
2016-09-13,2127.02001953125,5155.25,18066.75,1212.3199462890625,17.850000381469727
2016-09-14,2125.77001953125,5173.77001953125,18034.76953125,1211.5899658203125,18.139999389648438
2016-09-15,2147.260009765625,5249.68994140625,18212.48046875,1227.02001953125,16.299999237060547
2016-09-16,2139.159912109375,5244.56982421875,18123.80078125,1224.780029296875,15.369999885559082
2016-09-19,2139.1201171875,5235.02978515625,18120.169921875,1232.530029296875,15.529999732971191
2016-09-20,2139.760009765625,5241.35009765625,18129.9609375,1228.3299560546875,15.920000076293945
2016-09-21,2163.1201171875,5295.18017578125,18293.69921875,1245.0400390625,13.300000190734863
2016-09-22,2177.179931640625,5339.52001953125,18392.4609375,1263.43994140625,12.020000457763672
2016-09-23,2164.68994140625,5305.75,18261.44921875,1254.6199951171875,12.289999961853027
2016-09-26,2146.10009765625,5257.490234375,18094.830078125,1240.93994140625,14.5
2016-09-27,2159.929931640625,5305.7099609375,18228.30078125,1246.3800048828125,13.100000381469727
2016-09-28,2171.3701171875,5318.5498046875,18339.240234375,1255.6700439453125,12.390000343322754
2016-09-29,2151.1298828125,5269.14990234375,18143.44921875,1237.75,14.020000457763672
2016-09-30,2168.27001953125,5312.0,18308.150390625,1251.6500244140625,13.289999961853027
2016-10-03,2161.199951171875,5300.8701171875,18253.849609375,1245.780029296875,13.569999694824219
2016-10-04,2150.489990234375,5289.66015625,18168.44921875,1239.780029296875,13.630000114440918
2016-10-05,2159.72998046875,5316.02001953125,18281.029296875,1248.3699951171875,12.989999771118164
2016-10-06,2160.77001953125,5306.85009765625,18268.5,1246.239990234375,12.84000015258789
2016-10-07,2153.739990234375,5292.39990234375,18240.490234375,1236.56005859375,13.479999542236328
2016-10-10,2163.659912109375,5328.669921875,18329.0390625,1250.760009765625,13.380000114440918
2016-10-11,2136.72998046875,5246.7900390625,18128.66015625,1227.6199951171875,15.359999656677246
2016-10-12,2139.179931640625,5239.02001953125,18144.19921875,1227.22998046875,15.90999984741211
2016-10-13,2132.550048828125,5213.330078125,18098.939453125,1215.75,16.690000534057617
2016-10-14,2132.97998046875,5214.16015625,18138.380859375,1212.4100341796875,16.1200008392334
2016-10-17,2126.5,5199.81982421875,18086.400390625,1210.1400146484375,16.209999084472656
2016-10-18,2139.60009765625,5243.83984375,18161.939453125,1217.300048828125,15.279999732971191
2016-10-19,2144.2900390625,5246.41015625,18202.619140625,1222.6400146484375,14.40999984741211
2016-10-20,2141.340087890625,5241.830078125,18162.349609375,1219.7900390625,13.75
2016-10-21,2141.159912109375,5257.39990234375,18145.7109375,1218.0999755859375,13.34000015258789
2016-10-24,2151.330078125,5309.830078125,18223.029296875,1226.449951171875,13.020000457763672
2016-10-25,2143.159912109375,5283.39990234375,18169.26953125,1216.0999755859375,13.460000038146973
2016-10-26,2139.429931640625,5250.27001953125,18199.330078125,1204.75,14.239999771118164
2016-10-27,2133.0400390625,5215.97021484375,18169.6796875,1189.949951171875,15.359999656677246
2016-10-28,2126.409912109375,5190.10009765625,18161.189453125,1187.6099853515625,16.190000534057617
2016-10-31,2126.14990234375,5189.14013671875,18142.419921875,1191.3900146484375,17.059999465942383
2016-11-01,2111.719970703125,5153.580078125,18037.099609375,1177.93994140625,18.559999465942383
2016-11-02,2097.93994140625,5105.56982421875,17959.640625,1162.52001953125,19.31999969482422
2016-11-03,2088.659912109375,5058.41015625,17930.669921875,1156.8900146484375,22.079999923706055
2016-11-04,2085.179931640625,5046.3701171875,17888.279296875,1163.43994140625,22.510000228881836
2016-11-07,2131.52001953125,5166.169921875,18259.599609375,1192.25,18.709999084472656
2016-11-08,2139.56005859375,5193.490234375,18332.740234375,1195.1400146484375,18.739999771118164
2016-11-09,2163.260009765625,5251.06982421875,18589.689453125,1232.1600341796875,14.380000114440918
2016-11-10,2167.47998046875,5208.7998046875,18807.880859375,1251.6099853515625,14.739999771118164
2016-11-11,2164.449951171875,5237.10986328125,18847.66015625,1282.3800048828125,14.170000076293945
2016-11-14,2164.199951171875,5218.39990234375,18868.689453125,1298.5999755859375,14.479999542236328
2016-11-15,2180.389892578125,5275.6201171875,18923.060546875,1302.1400146484375,13.369999885559082
2016-11-16,2176.93994140625,5294.580078125,18868.140625,1302.199951171875,13.720000267028809
2016-11-17,2187.1201171875,5333.97021484375,18903.8203125,1309.47998046875,13.350000381469727
2016-11-18,2181.89990234375,5321.509765625,18867.9296875,1315.6400146484375,12.850000381469727
2016-11-21,2198.179931640625,5368.85986328125,18956.689453125,1322.22998046875,12.420000076293945
2016-11-22,2202.93994140625,5386.35009765625,19023.869140625,1334.3399658203125,12.40999984741211
2016-11-23,2204.719970703125,5380.68017578125,19083.1796875,1342.0899658203125,12.430000305175781
2016-11-25,2213.35009765625,5398.919921875,19152.140625,1347.199951171875,12.34000015258789
2016-11-28,2201.719970703125,5368.81005859375,19097.900390625,1329.8299560546875,13.149999618530273
2016-11-29,2204.659912109375,5379.919921875,19121.599609375,1328.219970703125,12.899999618530273
2016-11-30,2198.81005859375,5323.68017578125,19123.580078125,1322.3399658203125,13.329999923706055
2016-12-01,2191.080078125,5251.10986328125,19191.9296875,1313.800048828125,14.069999694824219
2016-12-02,2191.949951171875,5255.64990234375,19170.419921875,1314.25,14.119999885559082
2016-12-05,2204.7099609375,5308.89013671875,19216.240234375,1337.7900390625,12.140000343322754
2016-12-06,2212.22998046875,5333.0,19251.779296875,1352.6700439453125,11.789999961853027
2016-12-07,2241.35009765625,5393.759765625,19549.619140625,1364.510009765625,12.220000267028809
2016-12-08,2246.18994140625,5417.35986328125,19614.810546875,1386.3699951171875,12.640000343322754
2016-12-09,2259.530029296875,5444.5,19756.849609375,1388.0699462890625,11.75
2016-12-12,2256.9599609375,5412.5400390625,19796.4296875,1373.1400146484375,12.640000343322754
2016-12-13,2271.719970703125,5463.830078125,19911.2109375,1373.530029296875,12.720000267028809
2016-12-14,2253.280029296875,5436.669921875,19792.529296875,1356.02001953125,13.1899995803833
2016-12-15,2262.030029296875,5456.85009765625,19852.240234375,1366.4100341796875,12.789999961853027
2016-12-16,2258.070068359375,5437.16015625,19843.41015625,1364.18994140625,12.199999809265137
2016-12-19,2262.530029296875,5457.43994140625,19883.060546875,1371.6800537109375,11.710000038146973
2016-12-20,2270.760009765625,5483.93994140625,19974.619140625,1383.9599609375,11.449999809265137
2016-12-21,2265.179931640625,5471.43017578125,19941.9609375,1375.18994140625,11.270000457763672
2016-12-22,2260.9599609375,5447.419921875,19918.880859375,1362.6600341796875,11.430000305175781
2016-12-23,2263.7900390625,5462.68994140625,19933.810546875,1371.510009765625,11.4399995803833
2016-12-27,2268.8798828125,5487.43994140625,19945.0390625,1377.7099609375,11.989999771118164
2016-12-28,2249.919921875,5438.56005859375,19833.6796875,1360.8299560546875,12.949999809265137
2016-12-29,2249.260009765625,5432.08984375,19819.779296875,1363.1800537109375,13.369999885559082
2016-12-30,2238.830078125,5383.1201171875,19762.599609375,1357.1300048828125,14.039999961853027
2017-01-03,2257.830078125,5429.080078125,19881.759765625,1365.489990234375,12.850000381469727
2017-01-04,2270.75,5477.0,19942.16015625,1387.949951171875,11.850000381469727
2017-01-05,2269.0,5487.93994140625,19899.2890625,1371.93994140625,11.670000076293945
2017-01-06,2276.97998046875,5521.06005859375,19963.80078125,1367.280029296875,11.319999694824219
2017-01-09,2268.89990234375,5531.81982421875,19887.380859375,1357.489990234375,11.5600004196167
2017-01-10,2268.89990234375,5551.81982421875,19855.529296875,1370.9000244140625,11.489999771118164
2017-01-11,2275.320068359375,5563.64990234375,19954.279296875,1373.300048828125,11.260000228881836
2017-01-12,2270.43994140625,5547.490234375,19891.0,1361.0699462890625,11.539999961853027
2017-01-13,2274.639892578125,5574.1201171875,19885.73046875,1372.050048828125,11.229999542236328
2017-01-17,2267.889892578125,5538.72998046875,19826.76953125,1352.3199462890625,11.869999885559082
2017-01-18,2271.889892578125,5555.64990234375,19804.720703125,1358.56005859375,12.479999542236328
2017-01-19,2263.68994140625,5540.080078125,19732.400390625,1345.739990234375,12.779999732971191
2017-01-20,2271.31005859375,5555.330078125,19827.25,1351.8499755859375,11.539999961853027
2017-01-23,2265.199951171875,5552.93994140625,19799.849609375,1347.8399658203125,11.770000457763672
2017-01-24,2280.070068359375,5600.9599609375,19912.7109375,1369.2099609375,11.069999694824219
2017-01-25,2298.3701171875,5656.33984375,20068.509765625,1382.43994140625,10.8100004196167
2017-01-26,2296.679931640625,5655.18017578125,20100.91015625,1375.5999755859375,10.630000114440918
2017-01-27,2294.68994140625,5660.77978515625,20093.779296875,1370.699951171875,10.579999923706055
2017-01-30,2280.89990234375,5613.7099609375,19971.130859375,1352.3299560546875,11.880000114440918
2017-01-31,2278.8701171875,5614.7900390625,19864.08984375,1361.8199462890625,11.989999771118164
2017-02-01,2279.550048828125,5642.64990234375,19890.939453125,1361.22998046875,11.8100004196167
2017-02-02,2280.85009765625,5636.2001953125,19884.91015625,1357.4300537109375,11.930000305175781
2017-02-03,2297.419921875,5666.77001953125,20071.4609375,1377.8399658203125,10.970000267028809
2017-02-06,2292.56005859375,5663.5498046875,20052.419921875,1366.6600341796875,11.369999885559082
2017-02-07,2293.080078125,5674.22021484375,20090.2890625,1361.06005859375,11.289999961853027
2017-02-08,2294.669921875,5682.4501953125,20054.33984375,1358.739990234375,11.449999809265137
2017-02-09,2307.8701171875,5715.18017578125,20172.400390625,1378.530029296875,10.880000114440918
2017-02-10,2316.10009765625,5734.1298828125,20269.369140625,1388.8399658203125,10.850000381469727
2017-02-13,2328.25,5763.9599609375,20412.16015625,1392.3800048828125,11.069999694824219
2017-02-14,2337.580078125,5782.56982421875,20504.41015625,1396.6500244140625,10.739999771118164
2017-02-15,2349.25,5819.43994140625,20611.859375,1404.2099609375,11.970000267028809
2017-02-16,2347.219970703125,5814.89990234375,20619.76953125,1399.1300048828125,11.760000228881836
2017-02-17,2351.159912109375,5838.580078125,20624.05078125,1399.8599853515625,11.489999771118164
2017-02-21,2365.3798828125,5865.9501953125,20743.0,1410.3399658203125,11.569999694824219
2017-02-22,2362.820068359375,5860.6298828125,20775.599609375,1403.8599853515625,11.739999771118164
2017-02-23,2363.81005859375,5835.509765625,20810.3203125,1394.6199951171875,11.710000038146973
2017-02-24,2367.340087890625,5845.31005859375,20821.759765625,1394.52001953125,11.470000267028809
2017-02-27,2369.75,5861.89990234375,20837.439453125,1407.969970703125,12.09000015258789
2017-02-28,2363.639892578125,5825.43994140625,20812.240234375,1386.6800537109375,12.920000076293945
2017-03-01,2395.9599609375,5904.02978515625,21115.55078125,1413.6400146484375,12.539999961853027
2017-03-02,2381.919921875,5861.22021484375,21002.970703125,1395.6700439453125,11.8100004196167
2017-03-03,2383.1201171875,5870.75,21005.7109375,1394.1300048828125,10.960000038146973
2017-03-06,2375.31005859375,5849.18017578125,20954.33984375,1384.25,11.239999771118164
2017-03-07,2368.389892578125,5833.93017578125,20924.759765625,1374.8800048828125,11.449999809265137
2017-03-08,2362.97998046875,5837.5498046875,20855.73046875,1366.0400390625,11.859999656677246
2017-03-09,2364.8701171875,5838.81005859375,20858.189453125,1360.1199951171875,12.300000190734863
2017-03-10,2372.60009765625,5861.72998046875,20902.98046875,1365.260009765625,11.65999984741211
2017-03-13,2373.469970703125,5875.77978515625,20881.48046875,1370.280029296875,11.350000381469727
2017-03-14,2365.449951171875,5856.81982421875,20837.369140625,1362.3800048828125,12.300000190734863
2017-03-15,2385.260009765625,5900.0498046875,20950.099609375,1382.8299560546875,11.630000114440918
2017-03-16,2381.3798828125,5900.759765625,20934.55078125,1386.030029296875,11.210000038146973
2017-03-17,2378.25,5901.0,20914.619140625,1391.52001953125,11.279999732971191
2017-03-20,2373.469970703125,5901.52978515625,20905.859375,1384.0999755859375,11.34000015258789
2017-03-21,2344.02001953125,5793.830078125,20668.009765625,1346.550048828125,12.470000267028809
2017-03-22,2348.449951171875,5821.64013671875,20661.30078125,1345.5999755859375,12.8100004196167
2017-03-23,2345.9599609375,5817.68994140625,20656.580078125,1353.4300537109375,13.119999885559082
2017-03-24,2343.97998046875,5828.740234375,20596.720703125,1354.6400146484375,12.960000038146973
2017-03-27,2341.590087890625,5840.3701171875,20550.98046875,1357.3199462890625,12.5
2017-03-28,2358.570068359375,5875.14013671875,20701.5,1367.260009765625,11.529999732971191
2017-03-29,2361.1298828125,5897.5498046875,20659.3203125,1371.6400146484375,11.420000076293945
2017-03-30,2368.06005859375,5914.33984375,20728.490234375,1382.3499755859375,11.539999961853027
2017-03-31,2362.719970703125,5911.740234375,20663.220703125,1385.9200439453125,12.369999885559082
2017-04-03,2358.840087890625,5894.68017578125,20650.2109375,1369.6700439453125,12.380000114440918
2017-04-04,2360.159912109375,5898.60986328125,20689.240234375,1368.1800537109375,11.789999961853027
2017-04-05,2352.949951171875,5864.47998046875,20648.150390625,1352.1400146484375,12.890000343322754
2017-04-06,2357.489990234375,5878.9501953125,20662.94921875,1364.4300537109375,12.390000343322754
2017-04-07,2355.5400390625,5877.81005859375,20656.099609375,1364.56005859375,12.869999885559082
2017-04-10,2357.159912109375,5880.93017578125,20658.01953125,1367.0899658203125,14.050000190734863
2017-04-11,2353.780029296875,5866.77001953125,20651.30078125,1376.949951171875,15.069999694824219
2017-04-12,2344.929931640625,5836.16015625,20591.859375,1359.199951171875,15.770000457763672
2017-04-13,2328.949951171875,5805.14990234375,20453.25,1345.239990234375,15.960000038146973
2017-04-17,2349.010009765625,5856.7900390625,20636.919921875,1361.1800537109375,14.65999984741211
2017-04-18,2342.18994140625,5849.47021484375,20523.279296875,1361.8900146484375,14.420000076293945
2017-04-19,2338.169921875,5863.02978515625,20404.490234375,1367.1300048828125,14.930000305175781
2017-04-20,2355.840087890625,5916.77978515625,20578.7109375,1384.1500244140625,14.149999618530273
2017-04-21,2348.68994140625,5910.52001953125,20547.759765625,1379.8499755859375,14.630000114440918
2017-04-24,2374.14990234375,5983.81982421875,20763.890625,1397.93994140625,10.84000015258789
2017-04-25,2388.610107421875,6025.490234375,20996.119140625,1411.0799560546875,10.760000228881836
2017-04-26,2387.449951171875,6025.22998046875,20975.08984375,1419.4300537109375,10.850000381469727
2017-04-27,2388.77001953125,6048.93994140625,20981.330078125,1417.1300048828125,10.359999656677246
2017-04-28,2384.199951171875,6047.60986328125,20940.509765625,1400.4300537109375,10.819999694824219
2017-05-01,2388.330078125,6091.60009765625,20913.4609375,1407.3599853515625,10.109999656677246
2017-05-02,2391.169921875,6095.3701171875,20949.890625,1399.3599853515625,10.59000015258789
2017-05-03,2388.1298828125,6072.5498046875,20957.900390625,1390.9200439453125,10.680000305175781
2017-05-04,2389.52001953125,6075.33984375,20951.470703125,1388.8499755859375,10.460000038146973
2017-05-05,2399.2900390625,6100.759765625,21006.939453125,1397.0,10.569999694824219
2017-05-08,2399.3798828125,6102.66015625,21012.279296875,1391.6400146484375,9.770000457763672
2017-05-09,2396.919921875,6120.58984375,20975.779296875,1391.8599853515625,9.960000038146973
2017-05-10,2399.6298828125,6129.14013671875,20943.109375,1399.5899658203125,10.210000038146973
2017-05-11,2394.43994140625,6115.9599609375,20919.419921875,1390.199951171875,10.600000381469727
2017-05-12,2390.89990234375,6121.22998046875,20896.609375,1382.77001953125,10.399999618530273
2017-05-15,2402.320068359375,6149.669921875,20981.939453125,1393.9200439453125,10.420000076293945
2017-05-16,2400.669921875,6169.8701171875,20979.75,1394.6800537109375,10.649999618530273
2017-05-17,2357.030029296875,6011.240234375,20606.9296875,1355.8900146484375,15.59000015258789
2017-05-18,2365.719970703125,6055.1298828125,20663.01953125,1361.0799560546875,14.65999984741211
2017-05-19,2381.72998046875,6083.7001953125,20804.83984375,1367.3299560546875,12.039999961853027
2017-05-22,2394.02001953125,6133.6201171875,20894.830078125,1377.1400146484375,10.930000305175781
2017-05-23,2398.419921875,6138.7099609375,20937.91015625,1380.97998046875,10.720000267028809
2017-05-24,2404.389892578125,6163.02001953125,21012.419921875,1382.510009765625,10.020000457763672
2017-05-25,2415.070068359375,6205.259765625,21082.94921875,1383.3900146484375,9.989999771118164
2017-05-26,2415.820068359375,6210.18994140625,21080.279296875,1382.239990234375,9.8100004196167
2017-05-30,2412.909912109375,6203.18994140625,21029.470703125,1371.18994140625,10.380000114440918
2017-05-31,2411.800048828125,6198.52001953125,21008.650390625,1370.2099609375,10.40999984741211
2017-06-01,2430.06005859375,6246.830078125,21144.1796875,1396.06005859375,9.890000343322754
2017-06-02,2439.070068359375,6305.7998046875,21206.2890625,1405.3900146484375,9.75
2017-06-05,2436.10009765625,6295.68017578125,21184.0390625,1396.449951171875,10.069999694824219
2017-06-06,2429.330078125,6275.06005859375,21136.23046875,1394.9000244140625,10.449999809265137
2017-06-07,2433.139892578125,6297.3798828125,21173.689453125,1396.6700439453125,10.390000343322754
2017-06-08,2433.7900390625,6321.759765625,21182.529296875,1415.6099853515625,10.15999984741211
2017-06-09,2431.77001953125,6207.919921875,21271.970703125,1421.7099609375,10.699999809265137
2017-06-12,2429.389892578125,6175.4599609375,21235.669921875,1419.2099609375,11.460000038146973
2017-06-13,2440.35009765625,6220.3701171875,21328.470703125,1425.989990234375,10.420000076293945
2017-06-14,2437.919921875,6194.89013671875,21374.560546875,1417.5699462890625,10.640000343322754
2017-06-15,2432.4599609375,6165.5,21359.900390625,1410.0799560546875,10.899999618530273
2017-06-16,2433.14990234375,6151.759765625,21384.279296875,1406.72998046875,10.380000114440918
2017-06-19,2453.4599609375,6239.009765625,21528.990234375,1418.0799560546875,10.369999885559082
2017-06-20,2437.030029296875,6188.02978515625,21467.140625,1402.969970703125,10.859999656677246
2017-06-21,2435.610107421875,6233.9501953125,21410.029296875,1399.25,10.75
2017-06-22,2434.5,6236.68994140625,21397.2890625,1404.5400390625,10.479999542236328
2017-06-23,2438.300048828125,6265.25,21394.759765625,1414.780029296875,10.020000457763672
2017-06-26,2439.070068359375,6247.14990234375,21409.55078125,1416.6400146484375,9.899999618530273
2017-06-27,2419.3798828125,6146.6201171875,21310.66015625,1403.52001953125,11.0600004196167
2017-06-28,2440.68994140625,6234.41015625,21454.609375,1425.27001953125,10.029999732971191
2017-06-29,2419.699951171875,6144.35009765625,21287.029296875,1416.199951171875,11.4399995803833
2017-06-30,2423.409912109375,6140.419921875,21349.630859375,1415.3599853515625,11.180000305175781
2017-07-03,2429.010009765625,6110.06005859375,21479.26953125,1426.6800537109375,11.220000267028809
2017-07-05,2432.5400390625,6150.85986328125,21478.169921875,1420.1500244140625,11.069999694824219
2017-07-06,2409.75,6089.4599609375,21320.0390625,1400.81005859375,12.539999961853027
2017-07-07,2425.179931640625,6153.080078125,21414.33984375,1415.8399658203125,11.1899995803833
2017-07-10,2427.429931640625,6176.39013671875,21408.51953125,1408.469970703125,11.109999656677246
2017-07-11,2425.530029296875,6193.2998046875,21409.0703125,1413.050048828125,10.890000343322754
2017-07-12,2443.25,6261.169921875,21532.140625,1424.3199462890625,10.300000190734863
2017-07-13,2447.830078125,6274.43994140625,21553.08984375,1425.6600341796875,9.899999618530273
2017-07-14,2459.27001953125,6312.47021484375,21637.740234375,1428.8199462890625,9.510000228881836
2017-07-17,2459.139892578125,6314.43017578125,21629.720703125,1431.5999755859375,9.819999694824219
2017-07-18,2460.610107421875,6344.31005859375,21574.73046875,1427.6099853515625,9.890000343322754
2017-07-19,2473.830078125,6385.0400390625,21640.75,1441.77001953125,9.789999961853027
2017-07-20,2473.449951171875,6390.0,21611.779296875,1442.3499755859375,9.579999923706055
2017-07-21,2472.5400390625,6387.75,21580.0703125,1435.8399658203125,9.359999656677246
2017-07-24,2469.909912109375,6410.81005859375,21513.169921875,1438.050048828125,9.430000305175781
2017-07-25,2477.1298828125,6412.169921875,21613.4296875,1450.3900146484375,9.430000305175781
2017-07-26,2477.830078125,6422.75,21711.009765625,1442.280029296875,9.600000381469727
2017-07-27,2475.419921875,6382.18994140625,21796.55078125,1433.6199951171875,10.109999656677246
2017-07-28,2472.10009765625,6374.68017578125,21830.310546875,1429.260009765625,10.289999961853027
2017-07-31,2470.300048828125,6348.1201171875,21891.119140625,1425.1400146484375,10.260000228881836
2017-08-01,2476.35009765625,6362.93994140625,21963.919921875,1428.3299560546875,10.09000015258789
2017-08-02,2477.570068359375,6362.64990234375,22016.240234375,1412.9000244140625,10.279999732971191
2017-08-03,2472.159912109375,6340.33984375,22026.099609375,1405.22998046875,10.4399995803833
2017-08-04,2476.830078125,6351.56005859375,22092.810546875,1412.3199462890625,10.029999732971191
2017-08-07,2480.909912109375,6383.77001953125,22118.419921875,1414.1700439453125,9.930000305175781
2017-08-08,2474.919921875,6370.4599609375,22085.33984375,1410.1500244140625,10.960000038146973
2017-08-09,2474.02001953125,6352.330078125,22048.69921875,1396.949951171875,11.109999656677246
2017-08-10,2438.2099609375,6216.8701171875,21844.009765625,1372.5400390625,16.040000915527344
2017-08-11,2441.320068359375,6256.56005859375,21858.3203125,1374.22998046875,15.510000228881836
2017-08-14,2465.840087890625,6340.22998046875,21993.7109375,1394.31005859375,12.329999923706055
2017-08-15,2464.610107421875,6333.009765625,21998.990234375,1383.239990234375,12.039999961853027
2017-08-16,2468.110107421875,6345.10986328125,22024.869140625,1383.530029296875,11.739999771118164
2017-08-17,2430.010009765625,6221.91015625,21750.73046875,1358.93994140625,15.550000190734863
2017-08-18,2425.550048828125,6216.52978515625,21674.509765625,1357.7900390625,14.260000228881836
2017-08-21,2428.3701171875,6213.1298828125,21703.75,1356.9000244140625,13.1899995803833
2017-08-22,2452.510009765625,6297.47998046875,21899.890625,1371.5400390625,11.350000381469727
2017-08-23,2444.0400390625,6278.41015625,21812.08984375,1369.739990234375,12.25
2017-08-24,2438.969970703125,6271.330078125,21783.400390625,1373.8800048828125,12.229999542236328
2017-08-25,2443.050048828125,6265.64013671875,21813.669921875,1377.449951171875,11.279999732971191
2017-08-28,2444.239990234375,6283.02001953125,21808.400390625,1382.22998046875,11.319999694824219
2017-08-29,2446.300048828125,6301.89013671875,21865.369140625,1383.6800537109375,11.699999809265137
2017-08-30,2457.590087890625,6368.31005859375,21892.4296875,1391.3199462890625,11.220000267028809
2017-08-31,2471.64990234375,6428.66015625,21948.099609375,1405.280029296875,10.59000015258789
2017-09-01,2476.550048828125,6435.330078125,21987.560546875,1413.5699462890625,10.130000114440918
2017-09-05,2457.85009765625,6375.56982421875,21753.310546875,1399.6600341796875,12.229999542236328
2017-09-06,2465.5400390625,6393.31005859375,21807.640625,1402.199951171875,11.630000114440918
2017-09-07,2465.10009765625,6397.8701171875,21784.779296875,1398.6700439453125,11.550000190734863
2017-09-08,2461.429931640625,6360.18994140625,21797.7890625,1399.4300537109375,12.119999885559082
2017-09-11,2488.110107421875,6432.259765625,22057.369140625,1414.8299560546875,10.729999542236328
2017-09-12,2496.47998046875,6454.27978515625,22118.859375,1423.4599609375,10.579999923706055
2017-09-13,2498.3701171875,6460.18994140625,22158.1796875,1426.8900146484375,10.5
2017-09-14,2495.6201171875,6429.080078125,22203.48046875,1425.02001953125,10.4399995803833
2017-09-15,2500.22998046875,6448.47021484375,22268.33984375,1431.7099609375,10.170000076293945
2017-09-18,2503.8701171875,6454.64013671875,22331.349609375,1441.0799560546875,10.149999618530273
2017-09-19,2506.64990234375,6461.31982421875,22370.80078125,1440.4000244140625,10.180000305175781
2017-09-20,2508.239990234375,6456.0400390625,22412.58984375,1445.4200439453125,9.779999732971191
2017-09-21,2500.60009765625,6422.68994140625,22359.23046875,1444.1800537109375,9.670000076293945
2017-09-22,2502.219970703125,6426.919921875,22349.58984375,1450.780029296875,9.59000015258789
2017-09-25,2496.659912109375,6370.58984375,22296.08984375,1451.9599609375,10.210000038146973
2017-09-26,2496.840087890625,6380.16015625,22284.3203125,1456.8599853515625,10.170000076293945
2017-09-27,2507.0400390625,6453.259765625,22340.7109375,1484.81005859375,9.869999885559082
2017-09-28,2510.06005859375,6453.4501953125,22381.19921875,1488.7900390625,9.550000190734863
2017-09-29,2519.360107421875,6495.9599609375,22405.08984375,1490.8599853515625,9.510000228881836
2017-10-02,2529.1201171875,6516.72021484375,22557.599609375,1509.469970703125,9.449999809265137
2017-10-03,2534.580078125,6531.7099609375,22641.669921875,1511.969970703125,9.510000228881836
2017-10-04,2537.739990234375,6534.6298828125,22661.640625,1507.760009765625,9.630000114440918
2017-10-05,2552.070068359375,6585.35986328125,22775.390625,1512.0899658203125,9.1899995803833
2017-10-06,2549.330078125,6590.18017578125,22773.669921875,1510.219970703125,9.649999618530273
2017-10-09,2544.72998046875,6579.72998046875,22761.0703125,1503.56005859375,10.329999923706055
2017-10-10,2550.639892578125,6587.25,22830.6796875,1508.010009765625,10.079999923706055
2017-10-11,2555.239990234375,6603.5498046875,22872.890625,1506.9200439453125,9.850000381469727
2017-10-12,2550.929931640625,6591.509765625,22841.009765625,1505.1600341796875,9.90999984741211
2017-10-13,2553.169921875,6605.7998046875,22871.720703125,1502.6600341796875,9.609999656677246
2017-10-16,2557.639892578125,6624.0,22956.9609375,1502.6800537109375,9.90999984741211
2017-10-17,2559.360107421875,6623.66015625,22997.439453125,1497.5,10.3100004196167
2017-10-18,2561.260009765625,6624.22021484375,23157.599609375,1505.1400146484375,10.069999694824219
2017-10-19,2562.10009765625,6605.06982421875,23163.0390625,1502.0400390625,10.050000190734863
2017-10-20,2575.2099609375,6629.0498046875,23328.630859375,1509.25,9.970000267028809
2017-10-23,2564.97998046875,6586.830078125,23273.9609375,1497.489990234375,11.069999694824219
2017-10-24,2569.1298828125,6598.43017578125,23441.759765625,1500.4200439453125,11.15999984741211
2017-10-25,2557.14990234375,6563.89013671875,23329.4609375,1493.47998046875,11.229999542236328
2017-10-26,2560.39990234375,6556.77001953125,23400.859375,1497.4599609375,11.300000190734863
2017-10-27,2581.070068359375,6701.259765625,23434.189453125,1508.3199462890625,9.800000190734863
2017-10-30,2572.830078125,6698.9599609375,23348.740234375,1490.9000244140625,10.5
2017-10-31,2575.260009765625,6727.669921875,23377.240234375,1502.530029296875,10.180000305175781
2017-11-01,2579.360107421875,6716.52978515625,23435.009765625,1492.780029296875,10.199999809265137
2017-11-02,2579.85009765625,6714.93994140625,23516.259765625,1496.550048828125,9.930000305175781
2017-11-03,2587.840087890625,6764.43994140625,23539.189453125,1494.9100341796875,9.140000343322754
2017-11-06,2591.1298828125,6786.43994140625,23548.419921875,1497.9599609375,9.399999618530273
2017-11-07,2590.639892578125,6767.77978515625,23557.23046875,1479.0899658203125,9.890000343322754
2017-11-08,2594.3798828125,6789.1201171875,23563.359375,1481.72998046875,9.779999732971191
2017-11-09,2584.6201171875,6750.0498046875,23461.939453125,1475.02001953125,10.5
2017-11-10,2582.300048828125,6750.93994140625,23422.2109375,1475.27001953125,11.289999961853027
2017-11-13,2584.840087890625,6757.60009765625,23439.69921875,1475.0699462890625,11.5
2017-11-14,2578.8701171875,6737.8701171875,23409.470703125,1471.260009765625,11.59000015258789
2017-11-15,2564.6201171875,6706.2099609375,23271.279296875,1464.0899658203125,13.130000114440918
2017-11-16,2585.639892578125,6793.2900390625,23458.359375,1486.8800048828125,11.760000228881836
2017-11-17,2578.85009765625,6782.7900390625,23358.240234375,1492.8199462890625,11.430000305175781
2017-11-20,2582.139892578125,6790.7099609375,23430.330078125,1503.4000244140625,10.649999618530273
2017-11-21,2599.030029296875,6862.47998046875,23590.830078125,1518.8900146484375,9.729999542236328
2017-11-22,2597.080078125,6867.35986328125,23526.1796875,1516.760009765625,9.880000114440918
2017-11-24,2602.419921875,6889.16015625,23557.990234375,1519.1600341796875,9.670000076293945
2017-11-27,2601.419921875,6878.52001953125,23580.779296875,1513.31005859375,9.869999885559082
2017-11-28,2627.0400390625,6912.35986328125,23836.7109375,1536.4300537109375,10.029999732971191
2017-11-29,2626.070068359375,6824.39013671875,23940.6796875,1542.300048828125,10.699999809265137
2017-11-30,2647.580078125,6873.97021484375,24272.349609375,1544.1400146484375,11.279999732971191
2017-12-01,2642.219970703125,6847.58984375,24231.58984375,1537.02001953125,11.430000305175781
2017-12-04,2639.43994140625,6775.3701171875,24290.05078125,1532.4100341796875,11.680000305175781
2017-12-05,2629.570068359375,6762.2099609375,24180.640625,1516.760009765625,11.329999923706055
2017-12-06,2629.27001953125,6776.3798828125,24140.91015625,1508.8800048828125,11.020000457763672
2017-12-07,2636.97998046875,6812.83984375,24211.48046875,1520.469970703125,10.15999984741211
2017-12-08,2651.5,6840.080078125,24329.16015625,1521.719970703125,9.579999923706055
2017-12-11,2659.989990234375,6875.080078125,24386.029296875,1519.8399658203125,9.34000015258789
2017-12-12,2664.110107421875,6862.31982421875,24504.80078125,1516.1199951171875,9.920000076293945
2017-12-13,2662.85009765625,6875.7998046875,24585.4296875,1524.449951171875,10.180000305175781
2017-12-14,2652.010009765625,6856.52978515625,24508.66015625,1506.949951171875,10.489999771118164
2017-12-15,2675.81005859375,6936.580078125,24651.740234375,1530.4200439453125,9.420000076293945
2017-12-18,2690.159912109375,6994.759765625,24792.19921875,1548.9200439453125,9.529999732971191
2017-12-19,2681.469970703125,6963.85009765625,24754.75,1536.75,10.029999732971191
2017-12-20,2679.25,6960.9599609375,24726.650390625,1540.0799560546875,9.720000267028809
2017-12-21,2684.570068359375,6965.35986328125,24782.2890625,1547.1099853515625,9.619999885559082
2017-12-22,2683.340087890625,6959.9599609375,24754.060546875,1542.9300537109375,9.899999618530273
2017-12-26,2680.5,6936.25,24746.2109375,1544.22998046875,10.25
2017-12-27,2682.6201171875,6939.33984375,24774.30078125,1543.93994140625,10.470000267028809
2017-12-28,2687.5400390625,6950.16015625,24837.509765625,1548.9300537109375,10.180000305175781
2017-12-29,2673.610107421875,6903.39013671875,24719.220703125,1535.510009765625,11.039999961853027
2018-01-02,2695.81005859375,7006.89990234375,24824.009765625,1550.010009765625,9.770000457763672
2018-01-03,2713.06005859375,7065.52978515625,24922.6796875,1552.5799560546875,9.149999618530273
2018-01-04,2723.989990234375,7077.91015625,25075.130859375,1555.719970703125,9.220000267028809
2018-01-05,2743.14990234375,7136.56005859375,25295.869140625,1560.010009765625,9.220000267028809
2018-01-08,2747.7099609375,7157.39013671875,25283.0,1561.81005859375,9.520000457763672
2018-01-09,2751.2900390625,7163.580078125,25385.80078125,1560.0999755859375,10.079999923706055
2018-01-10,2748.22998046875,7153.56982421875,25369.130859375,1559.800048828125,9.819999694824219
2018-01-11,2767.56005859375,7211.77978515625,25574.73046875,1586.7900390625,9.880000114440918
2018-01-12,2786.239990234375,7261.06005859375,25803.189453125,1591.969970703125,10.15999984741211
2018-01-16,2776.419921875,7223.68994140625,25792.859375,1572.969970703125,11.65999984741211
2018-01-17,2802.56005859375,7298.27978515625,26115.650390625,1586.6600341796875,11.90999984741211
2018-01-18,2798.030029296875,7296.0498046875,26017.810546875,1576.72998046875,12.220000267028809
2018-01-19,2810.300048828125,7336.3798828125,26071.720703125,1597.6300048828125,11.270000457763672
2018-01-22,2832.969970703125,7408.02978515625,26214.599609375,1605.1700439453125,11.029999732971191
2018-01-23,2839.1298828125,7460.2900390625,26210.810546875,1610.7099609375,11.100000381469727
2018-01-24,2837.5400390625,7415.06005859375,26252.119140625,1601.77001953125,11.470000267028809
2018-01-25,2839.25,7411.16015625,26392.7890625,1601.6700439453125,11.579999923706055
2018-01-26,2872.8701171875,7505.77001953125,26616.7109375,1608.06005859375,11.079999923706055
2018-01-29,2853.530029296875,7466.509765625,26439.48046875,1598.1099853515625,13.84000015258789
2018-01-30,2822.429931640625,7402.47998046875,26076.890625,1582.8199462890625,14.789999961853027
2018-01-31,2823.81005859375,7411.47998046875,26149.390625,1574.97998046875,13.539999961853027
2018-02-01,2821.97998046875,7385.85986328125,26186.7109375,1579.8699951171875,13.470000267028809
2018-02-02,2762.1298828125,7240.9501953125,25520.9609375,1547.27001953125,17.309999465942383
2018-02-05,2648.93994140625,6967.52978515625,24345.75,1491.0899658203125,37.31999969482422
2018-02-06,2695.139892578125,7115.8798828125,24912.76953125,1507.1700439453125,29.979999542236328
2018-02-07,2681.659912109375,7051.97998046875,24893.349609375,1507.969970703125,27.729999542236328
2018-02-08,2581.0,6777.16015625,23860.4609375,1463.7900390625,33.459999084472656
2018-02-09,2619.550048828125,6874.490234375,24190.900390625,1477.8399658203125,29.059999465942383
2018-02-12,2656.0,6981.9599609375,24601.26953125,1490.97998046875,25.610000610351562
2018-02-13,2662.93994140625,7013.509765625,24640.44921875,1494.949951171875,24.969999313354492
2018-02-14,2698.6298828125,7143.6201171875,24893.490234375,1522.0999755859375,19.260000228881836
2018-02-15,2731.199951171875,7256.43017578125,25200.369140625,1537.199951171875,19.1299991607666
2018-02-16,2732.219970703125,7239.47021484375,25219.380859375,1543.550048828125,19.459999084472656
2018-02-20,2716.260009765625,7234.31005859375,24964.75,1529.989990234375,20.600000381469727
2018-02-21,2701.330078125,7218.22998046875,24797.779296875,1531.8399658203125,20.020000457763672
2018-02-22,2703.9599609375,7210.08984375,24962.48046875,1529.989990234375,18.719999313354492
2018-02-23,2747.300048828125,7337.39013671875,25309.990234375,1549.18994140625,16.489999771118164
2018-02-26,2779.60009765625,7421.4599609375,25709.26953125,1559.3299560546875,15.800000190734863
2018-02-27,2744.280029296875,7330.35009765625,25410.029296875,1536.469970703125,18.59000015258789
2018-02-28,2713.830078125,7273.009765625,25029.19921875,1512.449951171875,19.850000381469727
2018-03-01,2677.669921875,7180.56005859375,24608.98046875,1507.3900146484375,22.469999313354492
2018-03-02,2691.25,7257.8701171875,24538.060546875,1533.1700439453125,19.59000015258789
2018-03-05,2720.93994140625,7330.7099609375,24874.759765625,1546.050048828125,18.729999542236328
2018-03-06,2728.1201171875,7372.009765625,24884.119140625,1562.199951171875,18.360000610351562
2018-03-07,2726.800048828125,7396.64990234375,24801.359375,1574.530029296875,17.760000228881836
2018-03-08,2738.969970703125,7427.9501953125,24895.2109375,1571.969970703125,16.540000915527344
2018-03-09,2786.570068359375,7560.81005859375,25335.740234375,1597.1400146484375,14.640000343322754
2018-03-12,2783.02001953125,7588.31982421875,25178.609375,1601.06005859375,15.779999732971191
2018-03-13,2765.31005859375,7511.009765625,25007.029296875,1592.050048828125,16.350000381469727
2018-03-14,2749.47998046875,7496.81005859375,24758.119140625,1584.31005859375,17.229999542236328
2018-03-15,2747.330078125,7481.740234375,24873.66015625,1576.6199951171875,16.59000015258789
2018-03-16,2752.010009765625,7481.990234375,24946.509765625,1586.050048828125,15.800000190734863
2018-03-19,2712.919921875,7344.240234375,24610.91015625,1570.56005859375,19.020000457763672
2018-03-20,2716.93994140625,7364.2998046875,24727.26953125,1570.4100341796875,18.200000762939453
2018-03-21,2711.929931640625,7345.2900390625,24682.310546875,1579.300048828125,17.860000610351562
2018-03-22,2643.68994140625,7166.68017578125,23957.890625,1543.8699951171875,23.34000015258789
2018-03-23,2588.260009765625,6992.669921875,23533.19921875,1510.0799560546875,24.8700008392334
2018-03-26,2658.550048828125,7220.5400390625,24202.599609375,1543.719970703125,21.030000686645508
2018-03-27,2612.6201171875,7008.81005859375,23857.7109375,1513.5699462890625,22.5
2018-03-28,2605.0,6949.22998046875,23848.419921875,1513.030029296875,22.8700008392334
2018-03-29,2640.8701171875,7063.4501953125,24103.109375,1529.4300537109375,19.969999313354492
2018-04-02,2581.8798828125,6870.1201171875,23644.189453125,1492.530029296875,23.6200008392334
2018-04-03,2614.449951171875,6941.27978515625,24033.359375,1512.1500244140625,21.100000381469727
2018-04-04,2644.68994140625,7042.10986328125,24264.30078125,1531.6600341796875,20.059999465942383
2018-04-05,2662.840087890625,7076.5498046875,24505.220703125,1542.9300537109375,18.940000534057617
2018-04-06,2604.469970703125,6915.10986328125,23932.759765625,1513.300048828125,21.489999771118164
2018-04-09,2613.159912109375,6950.33984375,23979.099609375,1514.4599609375,21.770000457763672
2018-04-10,2656.8701171875,7094.2998046875,24408.0,1543.4300537109375,20.469999313354492
2018-04-11,2642.18994140625,7069.02978515625,24189.44921875,1546.800048828125,20.239999771118164
2018-04-12,2663.989990234375,7140.25,24483.05078125,1557.3299560546875,18.489999771118164
2018-04-13,2656.300048828125,7106.64990234375,24360.140625,1549.510009765625,17.40999984741211
2018-04-16,2677.840087890625,7156.27978515625,24573.0390625,1563.030029296875,16.559999465942383
2018-04-17,2706.389892578125,7281.10009765625,24786.630859375,1579.800048828125,15.25
2018-04-18,2708.639892578125,7295.240234375,24748.0703125,1583.56005859375,15.600000381469727
2018-04-19,2693.1298828125,7238.06005859375,24664.890625,1573.8199462890625,15.960000038146973
2018-04-20,2670.139892578125,7146.1298828125,24462.939453125,1564.1199951171875,16.8799991607666
2018-04-23,2670.2900390625,7128.60009765625,24448.689453125,1562.1199951171875,16.34000015258789
2018-04-24,2634.56005859375,7007.35009765625,24024.130859375,1553.280029296875,18.020000457763672
2018-04-25,2639.39990234375,7003.740234375,24083.830078125,1550.469970703125,17.84000015258789
2018-04-26,2666.93994140625,7118.68017578125,24322.33984375,1557.8900146484375,16.239999771118164
2018-04-27,2669.909912109375,7119.7998046875,24311.189453125,1556.239990234375,15.40999984741211
2018-04-30,2648.050048828125,7066.27001953125,24163.150390625,1541.8800048828125,15.930000305175781
2018-05-01,2654.800048828125,7130.7001953125,24099.05078125,1550.3299560546875,15.489999771118164
2018-05-02,2635.669921875,7100.89990234375,23924.98046875,1554.9100341796875,15.970000267028809
2018-05-03,2629.72998046875,7088.14990234375,23930.150390625,1546.56005859375,15.899999618530273
2018-05-04,2663.419921875,7209.6201171875,24262.509765625,1565.5999755859375,14.770000457763672
2018-05-07,2672.6298828125,7265.2099609375,24357.3203125,1578.949951171875,14.75
2018-05-08,2671.919921875,7266.89990234375,24360.2109375,1586.3900146484375,14.710000038146973
2018-05-09,2697.7900390625,7339.91015625,24542.5390625,1596.050048828125,13.420000076293945
2018-05-10,2723.070068359375,7404.97021484375,24739.529296875,1603.7099609375,13.229999542236328
2018-05-11,2727.719970703125,7402.8798828125,24831.169921875,1606.7900390625,12.649999618530273
2018-05-14,2730.1298828125,7411.31982421875,24899.41015625,1600.3399658203125,12.930000305175781
2018-05-15,2711.449951171875,7351.6298828125,24706.41015625,1600.3399658203125,14.630000114440918
2018-05-16,2722.4599609375,7398.2998046875,24768.9296875,1616.3699951171875,13.420000076293945
2018-05-17,2720.1298828125,7382.47021484375,24713.98046875,1625.2900390625,13.430000305175781
2018-05-18,2712.969970703125,7354.33984375,24715.08984375,1626.6300048828125,13.420000076293945
2018-05-21,2733.010009765625,7394.0400390625,25013.2890625,1637.43994140625,13.079999923706055
2018-05-22,2724.43994140625,7378.4599609375,24834.41015625,1625.239990234375,13.220000267028809
2018-05-23,2733.2900390625,7425.9599609375,24886.810546875,1627.6099853515625,12.579999923706055
2018-05-24,2727.760009765625,7424.43017578125,24811.759765625,1628.219970703125,12.529999732971191
2018-05-25,2721.330078125,7433.85009765625,24753.08984375,1626.9300537109375,13.220000267028809
2018-05-29,2689.860107421875,7396.58984375,24361.44921875,1623.6500244140625,17.020000457763672
2018-05-30,2724.010009765625,7462.4501953125,24667.779296875,1647.989990234375,14.9399995803833
2018-05-31,2705.27001953125,7442.1201171875,24415.83984375,1633.6099853515625,15.430000305175781
2018-06-01,2734.6201171875,7554.330078125,24635.2109375,1647.97998046875,13.460000038146973
2018-06-04,2746.8701171875,7606.4599609375,24813.689453125,1653.3699951171875,12.739999771118164
2018-06-05,2748.800048828125,7637.85986328125,24799.98046875,1664.6300048828125,12.399999618530273
2018-06-06,2772.35009765625,7689.240234375,25146.390625,1675.949951171875,11.640000343322754
2018-06-07,2770.3701171875,7635.06982421875,25241.41015625,1667.77001953125,12.130000114440918
2018-06-08,2779.030029296875,7645.509765625,25316.529296875,1672.489990234375,12.180000305175781
2018-06-11,2782.0,7659.93017578125,25322.310546875,1674.6800537109375,12.350000381469727
2018-06-12,2786.85009765625,7703.7900390625,25320.73046875,1682.300048828125,12.34000015258789
2018-06-13,2775.6298828125,7695.7001953125,25201.19921875,1676.5400390625,12.9399995803833
2018-06-14,2782.489990234375,7761.0400390625,25175.310546875,1684.719970703125,12.119999885559082
2018-06-15,2779.659912109375,7746.3798828125,25090.48046875,1683.9100341796875,11.979999542236328
2018-06-18,2773.75,7747.02978515625,24987.470703125,1692.4599609375,12.3100004196167
2018-06-19,2762.590087890625,7725.58984375,24700.2109375,1693.449951171875,13.350000381469727
2018-06-20,2767.320068359375,7781.509765625,24657.80078125,1706.989990234375,12.789999961853027
2018-06-21,2749.760009765625,7712.9501953125,24461.69921875,1688.949951171875,14.640000343322754
2018-06-22,2754.8798828125,7692.81982421875,24580.890625,1685.5799560546875,13.770000457763672
2018-06-25,2717.070068359375,7532.009765625,24252.80078125,1657.510009765625,17.329999923706055
2018-06-26,2723.06005859375,7561.6298828125,24283.109375,1668.530029296875,15.920000076293945
2018-06-27,2699.6298828125,7445.080078125,24117.58984375,1640.449951171875,17.90999984741211
2018-06-28,2716.31005859375,7503.68017578125,24216.05078125,1645.02001953125,16.850000381469727
2018-06-29,2718.3701171875,7510.2998046875,24271.41015625,1643.0699462890625,16.09000015258789
2018-07-02,2726.7099609375,7567.68994140625,24307.1796875,1655.0899658203125,15.600000381469727
2018-07-03,2713.219970703125,7502.669921875,24174.8203125,1660.4200439453125,16.139999389648438
2018-07-05,2736.610107421875,7586.43017578125,24356.740234375,1679.47998046875,14.970000267028809
2018-07-06,2759.820068359375,7688.39013671875,24456.48046875,1694.050048828125,13.369999885559082
2018-07-09,2784.169921875,7756.2001953125,24776.58984375,1704.5999755859375,12.6899995803833
2018-07-10,2793.840087890625,7759.2001953125,24919.66015625,1695.6199951171875,12.640000343322754
2018-07-11,2774.02001953125,7716.60986328125,24700.44921875,1683.6600341796875,13.630000114440918
2018-07-12,2798.2900390625,7823.919921875,24924.890625,1690.280029296875,12.579999923706055
2018-07-13,2801.31005859375,7825.97998046875,25019.41015625,1687.0799560546875,12.180000305175781
2018-07-16,2798.429931640625,7805.72021484375,25064.359375,1678.5400390625,12.829999923706055
2018-07-17,2809.550048828125,7855.1201171875,25119.890625,1687.260009765625,12.0600004196167
2018-07-18,2815.6201171875,7854.43994140625,25199.2890625,1691.8699951171875,12.100000381469727
2018-07-19,2804.489990234375,7825.2998046875,25064.5,1701.31005859375,12.869999885559082
2018-07-20,2801.830078125,7820.2001953125,25058.119140625,1696.81005859375,12.859999656677246
2018-07-23,2806.97998046875,7841.8701171875,25044.2890625,1698.4100341796875,12.619999885559082
2018-07-24,2820.39990234375,7840.77001953125,25241.939453125,1680.199951171875,12.40999984741211
2018-07-25,2846.070068359375,7932.240234375,25414.099609375,1685.199951171875,12.289999961853027
2018-07-26,2837.43994140625,7852.18017578125,25527.0703125,1695.3599853515625,12.140000343322754
2018-07-27,2818.820068359375,7737.419921875,25451.060546875,1663.3399658203125,13.029999732971191
2018-07-30,2802.60009765625,7630.0,25306.830078125,1653.1300048828125,14.260000228881836
2018-07-31,2816.2900390625,7671.7900390625,25415.189453125,1670.800048828125,12.829999923706055
2018-08-01,2813.360107421875,7707.2900390625,25333.8203125,1669.260009765625,13.149999618530273
2018-08-02,2827.219970703125,7802.68994140625,25326.16015625,1682.0999755859375,12.1899995803833
2018-08-03,2840.35009765625,7812.009765625,25462.580078125,1673.3699951171875,11.640000343322754
2018-08-06,2850.39990234375,7859.68017578125,25502.1796875,1684.31005859375,11.270000457763672
2018-08-07,2858.449951171875,7883.66015625,25628.91015625,1688.300048828125,10.930000305175781
2018-08-08,2857.699951171875,7888.330078125,25583.75,1686.8800048828125,10.850000381469727
2018-08-09,2853.580078125,7891.77978515625,25509.23046875,1690.8900146484375,11.270000457763672
2018-08-10,2833.280029296875,7839.10986328125,25313.140625,1686.800048828125,13.15999984741211
2018-08-13,2821.929931640625,7819.7099609375,25187.69921875,1675.3199462890625,14.779999732971191
2018-08-14,2839.9599609375,7870.89013671875,25299.919921875,1692.5799560546875,13.3100004196167
2018-08-15,2818.3701171875,7774.1201171875,25162.41015625,1670.6700439453125,14.640000343322754
2018-08-16,2840.68994140625,7806.52001953125,25558.73046875,1685.75,13.449999809265137
2018-08-17,2850.1298828125,7816.330078125,25669.3203125,1692.949951171875,12.640000343322754
2018-08-20,2857.050048828125,7821.009765625,25758.689453125,1698.68994140625,12.489999771118164
2018-08-21,2862.9599609375,7859.169921875,25822.2890625,1718.050048828125,12.859999656677246
2018-08-22,2861.820068359375,7889.10009765625,25733.599609375,1722.5400390625,12.25
2018-08-23,2856.97998046875,7878.4599609375,25656.98046875,1717.050048828125,12.40999984741211
2018-08-24,2874.68994140625,7945.97998046875,25790.349609375,1725.6700439453125,11.989999771118164
2018-08-27,2896.739990234375,8017.89990234375,26049.640625,1728.4100341796875,12.15999984741211
2018-08-28,2897.52001953125,8030.0400390625,26064.01953125,1728.4200439453125,12.5
2018-08-29,2914.0400390625,8109.68994140625,26124.5703125,1734.75,12.25
2018-08-30,2901.1298828125,8088.35986328125,25986.919921875,1732.3499755859375,13.529999732971191
2018-08-31,2901.52001953125,8109.5400390625,25964.8203125,1740.75,12.859999656677246
2018-09-04,2896.719970703125,8091.25,25952.48046875,1733.3800048828125,13.15999984741211
2018-09-05,2888.60009765625,7995.169921875,25974.990234375,1727.6500244140625,13.90999984741211
2018-09-06,2878.050048828125,7922.72998046875,25995.869140625,1714.469970703125,14.649999618530273
2018-09-07,2871.679931640625,7902.5400390625,25916.5390625,1713.1800537109375,14.880000114440918
2018-09-10,2877.1298828125,7924.16015625,25857.0703125,1717.469970703125,14.15999984741211
2018-09-11,2887.889892578125,7972.47021484375,25971.060546875,1718.4000244140625,13.220000267028809
2018-09-12,2888.919921875,7954.22998046875,25998.919921875,1715.699951171875,13.140000343322754
2018-09-13,2904.179931640625,8013.7099609375,26145.990234375,1714.3199462890625,12.369999885559082
2018-09-14,2904.97998046875,8010.0400390625,26154.669921875,1721.719970703125,12.069999694824219
2018-09-17,2888.800048828125,7895.7900390625,26062.119140625,1703.550048828125,13.680000305175781
2018-09-18,2904.31005859375,7956.10986328125,26246.9609375,1710.969970703125,12.789999961853027
2018-09-19,2907.949951171875,7950.0400390625,26405.759765625,1702.9300537109375,11.75
2018-09-20,2930.75,8028.22998046875,26656.98046875,1720.1800537109375,11.800000190734863
2018-09-21,2929.669921875,7986.9599609375,26743.5,1712.3199462890625,11.680000305175781
2018-09-24,2919.3701171875,7993.25,26562.05078125,1705.3199462890625,12.199999809265137
2018-09-25,2915.56005859375,8007.47021484375,26492.2109375,1708.81005859375,12.420000076293945
2018-09-26,2905.969970703125,7990.3701171875,26385.279296875,1691.6099853515625,12.890000343322754
2018-09-27,2914.0,8041.97021484375,26439.9296875,1690.530029296875,12.40999984741211
2018-09-28,2913.97998046875,8046.35009765625,26458.310546875,1696.5699462890625,12.119999885559082
2018-10-01,2924.590087890625,8037.2998046875,26651.2109375,1672.989990234375,12.0
2018-10-02,2923.429931640625,7999.5498046875,26773.939453125,1656.0400390625,12.050000190734863
2018-10-03,2925.510009765625,8025.08984375,26828.390625,1671.2900390625,11.609999656677246
2018-10-04,2901.610107421875,7879.509765625,26627.48046875,1646.9100341796875,14.220000267028809
2018-10-05,2885.570068359375,7788.4501953125,26447.05078125,1632.1099853515625,14.819999694824219
2018-10-08,2884.429931640625,7735.9501953125,26486.779296875,1629.52001953125,15.6899995803833
2018-10-09,2880.340087890625,7738.02001953125,26430.5703125,1621.8699951171875,15.949999809265137
2018-10-10,2785.679931640625,7422.0498046875,25598.740234375,1575.4100341796875,22.959999084472656
2018-10-11,2728.3701171875,7329.06005859375,25052.830078125,1545.3800048828125,24.979999542236328
2018-10-12,2767.1298828125,7496.89013671875,25339.990234375,1546.6800537109375,21.309999465942383
2018-10-15,2750.7900390625,7430.740234375,25250.55078125,1553.0899658203125,21.299999237060547
2018-10-16,2809.919921875,7645.490234375,25798.419921875,1596.8399658203125,17.6200008392334
2018-10-17,2809.2099609375,7642.7001953125,25706.6796875,1589.5999755859375,17.399999618530273
2018-10-18,2768.780029296875,7485.14013671875,25379.44921875,1560.75,20.059999465942383
2018-10-19,2767.780029296875,7449.02978515625,25444.33984375,1542.0400390625,19.889999389648438
2018-10-22,2755.8798828125,7468.6298828125,25317.41015625,1539.5,19.639999389648438
2018-10-23,2740.68994140625,7437.5400390625,25191.4296875,1526.5899658203125,20.709999084472656
2018-10-24,2656.10009765625,7108.39990234375,24583.419921875,1468.699951171875,25.229999542236328
2018-10-25,2705.570068359375,7318.33984375,24984.55078125,1500.4000244140625,24.219999313354492
2018-10-26,2658.68994140625,7167.2099609375,24688.310546875,1483.8199462890625,24.15999984741211
2018-10-29,2641.25,7050.2900390625,24442.919921875,1477.31005859375,24.700000762939453
2018-10-30,2682.6298828125,7161.64990234375,24874.640625,1506.6400146484375,23.350000381469727
2018-10-31,2711.739990234375,7305.89990234375,25115.759765625,1511.4100341796875,21.229999542236328
2018-11-01,2740.3701171875,7434.06005859375,25380.740234375,1544.97998046875,19.34000015258789
2018-11-02,2723.06005859375,7356.990234375,25270.830078125,1547.97998046875,19.510000228881836
2018-11-05,2738.31005859375,7328.85009765625,25461.69921875,1547.510009765625,19.959999084472656
2018-11-06,2755.449951171875,7375.9599609375,25635.009765625,1556.0999755859375,19.90999984741211
2018-11-07,2813.889892578125,7570.75,26180.30078125,1582.1600341796875,16.360000610351562
2018-11-08,2806.830078125,7530.8798828125,26191.220703125,1578.2099609375,16.719999313354492
2018-11-09,2781.010009765625,7406.89990234375,25989.30078125,1549.489990234375,17.360000610351562
2018-11-12,2726.219970703125,7200.8701171875,25387.1796875,1518.7900390625,20.450000762939453
2018-11-13,2722.179931640625,7200.8701171875,25286.490234375,1514.800048828125,20.020000457763672
2018-11-14,2701.580078125,7136.39013671875,25080.5,1502.510009765625,21.25
2018-11-15,2730.199951171875,7259.02978515625,25289.26953125,1524.1199951171875,19.979999542236328
2018-11-16,2736.27001953125,7247.8701171875,25413.220703125,1527.530029296875,18.139999389648438
2018-11-19,2690.72998046875,7028.47998046875,25017.439453125,1496.5400390625,20.100000381469727
2018-11-20,2641.889892578125,6908.81982421875,24465.640625,1469.010009765625,22.479999542236328
2018-11-21,2649.929931640625,6972.25,24464.689453125,1488.280029296875,20.799999237060547
2018-11-23,2632.56005859375,6938.97998046875,24285.94921875,1488.6800537109375,21.520000457763672
2018-11-26,2673.449951171875,7081.85009765625,24640.240234375,1505.9599609375,18.899999618530273
2018-11-27,2682.169921875,7082.7001953125,24748.73046875,1492.8599853515625,19.020000457763672
2018-11-28,2743.7900390625,7291.58984375,25366.4296875,1530.3800048828125,18.489999771118164
2018-11-29,2737.800048828125,7273.080078125,25338.83984375,1525.3900146484375,18.790000915527344
2018-11-30,2760.169921875,7330.5400390625,25538.4609375,1533.27001953125,18.06999969482422
2018-12-03,2790.3701171875,7441.509765625,25826.4296875,1548.9599609375,16.440000534057617
2018-12-04,2700.06005859375,7158.43017578125,25027.0703125,1480.75,20.739999771118164
2018-12-06,2695.949951171875,7188.259765625,24947.669921875,1477.4100341796875,21.190000534057617
2018-12-07,2633.080078125,6969.25,24388.94921875,1448.0899658203125,23.229999542236328
2018-12-10,2637.719970703125,7020.52001953125,24423.259765625,1443.0999755859375,22.639999389648438
2018-12-11,2636.780029296875,7031.830078125,24370.240234375,1440.1300048828125,21.760000228881836
2018-12-12,2651.070068359375,7098.31005859375,24527.26953125,1455.3199462890625,21.459999084472656
2018-12-13,2650.5400390625,7070.330078125,24597.380859375,1432.699951171875,20.649999618530273
2018-12-14,2599.949951171875,6910.66015625,24100.509765625,1410.81005859375,21.6299991607666
2018-12-17,2545.93994140625,6753.72998046875,23592.98046875,1378.1400146484375,24.520000457763672
2018-12-18,2546.159912109375,6783.91015625,23675.640625,1377.1800537109375,25.579999923706055
2018-12-19,2506.9599609375,6636.830078125,23323.66015625,1349.22998046875,25.579999923706055
2018-12-20,2467.419921875,6528.41015625,22859.599609375,1326.0,28.3799991607666
2018-12-21,2416.6201171875,6332.990234375,22445.369140625,1292.0899658203125,30.110000610351562
2018-12-24,2351.10009765625,6192.919921875,21792.19921875,1266.9200439453125,36.06999969482422
2018-12-26,2467.699951171875,6554.35986328125,22878.44921875,1329.81005859375,30.40999984741211
2018-12-27,2488.830078125,6579.490234375,23138.8203125,1331.8199462890625,29.959999084472656
2018-12-28,2485.739990234375,6584.52001953125,23062.400390625,1337.9200439453125,28.34000015258789
2018-12-31,2506.85009765625,6635.27978515625,23327.4609375,1348.56005859375,25.420000076293945
2019-01-02,2510.030029296875,6665.93994140625,23346.240234375,1355.9100341796875,23.219999313354492
2019-01-03,2447.889892578125,6463.5,22686.220703125,1330.8299560546875,25.450000762939453
2019-01-04,2531.93994140625,6738.85986328125,23433.16015625,1380.75,21.3799991607666
2019-01-07,2549.68994140625,6823.47021484375,23531.349609375,1405.3699951171875,21.399999618530273
2019-01-08,2574.409912109375,6897.0,23787.44921875,1426.550048828125,20.469999313354492
2019-01-09,2584.9599609375,6957.080078125,23879.119140625,1438.81005859375,19.979999542236328
2019-01-10,2596.639892578125,6986.06982421875,24001.919921875,1445.4300537109375,19.5
2019-01-11,2596.260009765625,6971.47998046875,23995.94921875,1447.3800048828125,18.190000534057617
2019-01-14,2582.610107421875,6905.919921875,23909.83984375,1432.81005859375,19.06999969482422
2019-01-15,2610.300048828125,7023.830078125,24065.58984375,1445.219970703125,18.600000381469727
2019-01-16,2616.10009765625,7034.68994140625,24207.16015625,1454.699951171875,19.040000915527344
2019-01-17,2635.9599609375,7084.4599609375,24370.099609375,1467.25,18.059999465942383
2019-01-18,2670.7099609375,7157.22998046875,24706.349609375,1482.5,17.799999237060547
2019-01-22,2632.89990234375,7020.35986328125,24404.48046875,1457.449951171875,20.799999237060547
2019-01-23,2638.699951171875,7025.77001953125,24575.619140625,1454.260009765625,19.520000457763672
2019-01-24,2642.330078125,7073.4599609375,24553.240234375,1464.4100341796875,18.889999389648438
2019-01-25,2664.760009765625,7164.85986328125,24737.19921875,1482.8499755859375,17.420000076293945
2019-01-28,2643.85009765625,7085.68017578125,24528.220703125,1473.5400390625,18.8700008392334
2019-01-29,2640.0,7028.2900390625,24579.9609375,1471.449951171875,19.1299991607666
2019-01-30,2681.050048828125,7183.080078125,25014.859375,1486.93994140625,17.65999984741211
2019-01-31,2704.10009765625,7281.740234375,24999.669921875,1499.4200439453125,16.56999969482422
2019-02-01,2706.530029296875,7263.8701171875,25063.890625,1502.050048828125,16.139999389648438
2019-02-04,2724.8701171875,7347.5400390625,25239.369140625,1517.5400390625,15.729999542236328
2019-02-05,2737.699951171875,7402.080078125,25411.51953125,1520.22998046875,15.569999694824219
2019-02-06,2731.610107421875,7375.27978515625,25390.30078125,1518.02001953125,15.380000114440918
2019-02-07,2706.050048828125,7288.35009765625,25169.529296875,1505.6300048828125,16.3700008392334
2019-02-08,2707.8798828125,7298.2001953125,25106.330078125,1506.3900146484375,15.720000267028809
2019-02-11,2709.800048828125,7307.89990234375,25053.109375,1518.97998046875,15.970000267028809
2019-02-12,2744.72998046875,7414.6201171875,25425.759765625,1538.22998046875,15.430000305175781
2019-02-13,2753.030029296875,7420.3798828125,25543.26953125,1542.93994140625,15.649999618530273
2019-02-14,2745.72998046875,7426.9501953125,25439.390625,1545.1099853515625,16.219999313354492
2019-02-15,2775.60009765625,7472.41015625,25883.25,1569.25,14.90999984741211
2019-02-19,2779.760009765625,7486.77001953125,25891.3203125,1574.469970703125,14.880000114440918
2019-02-20,2784.699951171875,7489.06982421875,25954.439453125,1581.6600341796875,14.020000457763672
2019-02-21,2774.8798828125,7459.7099609375,25850.630859375,1575.550048828125,14.460000038146973
2019-02-22,2792.669921875,7527.5400390625,26031.810546875,1590.06005859375,13.510000228881836
2019-02-25,2796.110107421875,7554.4599609375,26091.94921875,1588.81005859375,14.850000381469727
2019-02-26,2793.89990234375,7549.2998046875,26057.98046875,1577.47998046875,15.170000076293945
2019-02-27,2792.3798828125,7554.509765625,25985.16015625,1581.050048828125,14.699999809265137
2019-02-28,2784.489990234375,7532.52978515625,25916.0,1575.550048828125,14.779999732971191
2019-03-01,2803.68994140625,7595.35009765625,26026.3203125,1589.6400146484375,13.569999694824219
2019-03-04,2792.81005859375,7577.56982421875,25819.650390625,1575.43994140625,14.630000114440918
2019-03-05,2789.64990234375,7576.35986328125,25806.630859375,1568.280029296875,14.739999771118164
2019-03-06,2771.449951171875,7505.919921875,25673.4609375,1536.8199462890625,15.739999771118164
2019-03-07,2748.929931640625,7421.4599609375,25473.23046875,1523.6300048828125,16.59000015258789
2019-03-08,2743.070068359375,7408.14013671875,25450.240234375,1521.8800048828125,16.049999237060547
2019-03-11,2783.300048828125,7558.06005859375,25650.880859375,1548.8800048828125,14.329999923706055
2019-03-12,2791.52001953125,7591.02978515625,25554.66015625,1549.8299560546875,13.770000457763672
2019-03-13,2810.919921875,7643.41015625,25702.890625,1555.8800048828125,13.40999984741211
2019-03-14,2808.47998046875,7630.91015625,25709.939453125,1549.6400146484375,13.5
2019-03-15,2822.47998046875,7688.52978515625,25848.869140625,1553.5400390625,12.880000114440918
2019-03-18,2832.93994140625,7714.47998046875,25914.099609375,1563.9300537109375,13.100000381469727
2019-03-19,2832.570068359375,7723.9501953125,25887.380859375,1554.989990234375,13.5600004196167
2019-03-20,2824.22998046875,7728.97021484375,25745.669921875,1543.1600341796875,13.90999984741211
2019-03-21,2854.8798828125,7838.9599609375,25962.509765625,1562.4100341796875,13.630000114440918
2019-03-22,2800.7099609375,7642.669921875,25502.3203125,1505.9200439453125,16.479999542236328
2019-03-25,2798.360107421875,7637.5400390625,25516.830078125,1512.8599853515625,16.329999923706055
2019-03-26,2818.4599609375,7691.52001953125,25657.73046875,1528.1700439453125,14.680000305175781
2019-03-27,2805.3701171875,7643.3798828125,25625.58984375,1522.22998046875,15.149999618530273
2019-03-28,2815.43994140625,7669.169921875,25717.4609375,1535.0999755859375,14.430000305175781
2019-03-29,2834.39990234375,7729.31982421875,25928.6796875,1539.739990234375,13.710000038146973
2019-04-01,2867.18994140625,7828.91015625,26258.419921875,1556.06005859375,13.399999618530273
2019-04-02,2867.239990234375,7848.68994140625,26179.130859375,1553.3199462890625,13.359999656677246
2019-04-03,2873.39990234375,7895.5498046875,26218.130859375,1560.9100341796875,13.739999771118164
2019-04-04,2879.389892578125,7891.77978515625,26384.630859375,1567.489990234375,13.579999923706055
2019-04-05,2892.739990234375,7938.68994140625,26424.990234375,1582.56005859375,12.819999694824219
2019-04-08,2895.77001953125,7953.8798828125,26341.01953125,1579.0,13.180000305175781
2019-04-09,2878.199951171875,7909.27978515625,26150.580078125,1559.6800537109375,14.279999732971191
2019-04-10,2888.2099609375,7964.240234375,26157.16015625,1581.550048828125,13.300000190734863
2019-04-11,2888.320068359375,7947.35986328125,26143.05078125,1579.1400146484375,13.020000457763672
2019-04-12,2907.409912109375,7984.16015625,26412.30078125,1584.800048828125,12.010000228881836
2019-04-15,2905.580078125,7976.009765625,26384.76953125,1579.1700439453125,12.319999694824219
2019-04-16,2907.06005859375,8000.22998046875,26452.66015625,1582.7900390625,12.180000305175781
2019-04-17,2900.449951171875,7996.080078125,26449.5390625,1567.5999755859375,12.600000381469727
2019-04-18,2905.030029296875,7998.06005859375,26559.5390625,1565.75,12.09000015258789
2019-04-22,2907.969970703125,8015.27001953125,26511.05078125,1560.0400390625,12.420000076293945
2019-04-23,2933.679931640625,8120.81982421875,26656.390625,1585.0899658203125,12.279999732971191
2019-04-24,2927.25,8102.009765625,26597.05078125,1588.1300048828125,13.140000343322754
2019-04-25,2926.169921875,8118.68017578125,26462.080078125,1575.6099853515625,13.25
2019-04-26,2939.8798828125,8146.39990234375,26543.330078125,1589.9000244140625,12.729999542236328
2019-04-29,2943.030029296875,8161.85009765625,26554.390625,1598.3599853515625,13.109999656677246
2019-04-30,2945.830078125,8095.39013671875,26592.91015625,1591.2099609375,13.119999885559082
2019-05-01,2923.72998046875,8049.64013671875,26430.140625,1576.3800048828125,14.800000190734863
2019-05-02,2917.52001953125,8036.77001953125,26307.7890625,1582.6500244140625,14.420000076293945
2019-05-03,2945.639892578125,8164.0,26504.94921875,1614.02001953125,12.869999885559082
2019-05-06,2932.469970703125,8123.2900390625,26438.48046875,1614.97998046875,15.4399995803833
2019-05-07,2884.050048828125,7963.759765625,25965.08984375,1582.31005859375,19.31999969482422
2019-05-08,2879.419921875,7943.31982421875,25967.330078125,1574.969970703125,19.399999618530273
2019-05-09,2870.719970703125,7910.58984375,25828.359375,1570.06005859375,19.100000381469727
2019-05-10,2881.39990234375,7916.93994140625,25942.369140625,1572.989990234375,16.040000915527344
2019-05-13,2811.8701171875,7647.02001953125,25324.990234375,1523.0,20.549999237060547
2019-05-14,2834.409912109375,7734.490234375,25532.05078125,1543.06005859375,18.059999465942383
2019-05-15,2850.9599609375,7822.14990234375,25648.01953125,1548.27001953125,16.440000534057617
2019-05-16,2876.320068359375,7898.0498046875,25862.6796875,1557.239990234375,15.289999961853027
2019-05-17,2859.530029296875,7816.27978515625,25764.0,1535.760009765625,15.960000038146973
2019-05-20,2840.22998046875,7702.3798828125,25679.900390625,1524.9599609375,16.309999465942383
2019-05-21,2864.360107421875,7785.72021484375,25877.330078125,1545.25,14.949999809265137
2019-05-22,2856.27001953125,7750.83984375,25776.609375,1531.6300048828125,14.75
2019-05-23,2822.239990234375,7628.27978515625,25490.470703125,1501.3800048828125,16.920000076293945
2019-05-24,2826.06005859375,7637.009765625,25585.689453125,1514.1099853515625,15.850000381469727
2019-05-28,2802.389892578125,7607.35009765625,25347.76953125,1504.02001953125,17.5
2019-05-29,2783.02001953125,7547.31005859375,25126.41015625,1489.949951171875,17.899999618530273
2019-05-30,2788.860107421875,7567.72021484375,25169.880859375,1485.530029296875,17.299999237060547
2019-05-31,2752.06005859375,7453.14990234375,24815.0390625,1465.489990234375,18.709999084472656
2019-06-03,2744.449951171875,7333.02001953125,24819.779296875,1469.97998046875,18.860000610351562
2019-06-04,2803.27001953125,7527.1201171875,25332.1796875,1508.56005859375,16.969999313354492
2019-06-05,2826.14990234375,7575.47998046875,25539.5703125,1506.7900390625,16.09000015258789
2019-06-06,2843.489990234375,7615.5498046875,25720.66015625,1499.2900390625,15.930000305175781
2019-06-07,2873.340087890625,7742.10009765625,25983.939453125,1514.3900146484375,16.299999237060547
2019-06-10,2886.72998046875,7823.169921875,26062.6796875,1523.56005859375,15.9399995803833
2019-06-11,2885.719970703125,7822.56982421875,26048.509765625,1519.1099853515625,15.989999771118164
2019-06-12,2879.840087890625,7792.72021484375,26004.830078125,1519.7900390625,15.90999984741211
2019-06-13,2891.639892578125,7837.1298828125,26106.76953125,1535.800048828125,15.819999694824219
2019-06-14,2886.97998046875,7796.66015625,26089.609375,1522.5,15.279999732971191
2019-06-17,2889.669921875,7845.02001953125,26112.529296875,1532.75,15.350000381469727
2019-06-18,2917.75,7953.8798828125,26465.5390625,1550.22998046875,15.149999618530273
2019-06-19,2926.4599609375,7987.31982421875,26504.0,1555.5799560546875,14.329999923706055
2019-06-20,2954.179931640625,8051.33984375,26753.169921875,1563.489990234375,14.75
2019-06-21,2950.4599609375,8031.7099609375,26719.130859375,1549.6300048828125,15.399999618530273
2019-06-24,2945.35009765625,8005.7001953125,26727.5390625,1530.0799560546875,15.260000228881836
2019-06-25,2917.3798828125,7884.72021484375,26548.220703125,1521.0400390625,16.280000686645508
2019-06-26,2913.780029296875,7909.97021484375,26536.8203125,1521.8900146484375,16.209999084472656
2019-06-27,2924.919921875,7967.759765625,26526.580078125,1546.550048828125,15.819999694824219
2019-06-28,2941.760009765625,8006.240234375,26599.9609375,1566.5699462890625,15.079999923706055
2019-07-01,2964.330078125,8091.16015625,26717.4296875,1566.5699462890625,14.0600004196167
2019-07-02,2973.010009765625,8109.08984375,26786.6796875,1560.5400390625,12.930000305175781
2019-07-03,2995.820068359375,8170.22998046875,26966.0,1572.1199951171875,12.569999694824219
2019-07-05,2990.409912109375,8161.7900390625,26922.119140625,1575.6199951171875,13.279999732971191
2019-07-08,2975.949951171875,8098.3798828125,26806.140625,1561.3900146484375,13.960000038146973
2019-07-09,2979.6298828125,8141.72998046875,26783.490234375,1562.5899658203125,14.09000015258789
2019-07-10,2993.070068359375,8202.5302734375,26860.19921875,1565.050048828125,13.029999732971191
2019-07-11,2999.909912109375,8196.0400390625,27088.080078125,1557.9200439453125,12.930000305175781
2019-07-12,3013.77001953125,8244.1396484375,27332.029296875,1570.0,12.390000343322754
2019-07-15,3014.300048828125,8258.1904296875,27359.16015625,1561.8199462890625,12.680000305175781
2019-07-16,3004.0400390625,8222.7998046875,27335.630859375,1562.0,12.859999656677246
2019-07-17,2984.419921875,8185.2099609375,27219.849609375,1550.780029296875,13.970000267028809
2019-07-18,2995.110107421875,8207.240234375,27222.970703125,1555.6199951171875,13.529999732971191
2019-07-19,2976.610107421875,8146.490234375,27154.19921875,1547.9000244140625,14.449999809265137
2019-07-22,2985.030029296875,8204.1396484375,27171.900390625,1544.780029296875,13.529999732971191
2019-07-23,3005.469970703125,8251.400390625,27349.189453125,1554.9599609375,12.609999656677246
2019-07-24,3019.56005859375,8321.5,27269.970703125,1580.4200439453125,12.069999694824219
2019-07-25,3003.669921875,8238.5400390625,27140.98046875,1561.449951171875,12.739999771118164
2019-07-26,3025.860107421875,8330.2099609375,27192.44921875,1578.969970703125,12.15999984741211
2019-07-29,3020.969970703125,8293.330078125,27221.349609375,1569.030029296875,12.829999923706055
2019-07-30,3013.179931640625,8273.6103515625,27198.01953125,1585.5999755859375,13.9399995803833
2019-07-31,2980.3798828125,8175.419921875,26864.26953125,1574.6099853515625,16.1200008392334
2019-08-01,2953.56005859375,8111.1201171875,26583.419921875,1550.760009765625,17.8700008392334
2019-08-02,2932.050048828125,8004.06982421875,26485.009765625,1533.6600341796875,17.610000610351562
2019-08-05,2844.739990234375,7726.0400390625,25717.740234375,1487.4100341796875,24.59000015258789
2019-08-06,2881.77001953125,7833.27001953125,26029.51953125,1502.0899658203125,20.170000076293945
2019-08-07,2883.97998046875,7862.830078125,26007.0703125,1500.68994140625,19.489999771118164
2019-08-08,2938.090087890625,8039.16015625,26378.189453125,1532.1300048828125,16.90999984741211
2019-08-09,2918.64990234375,7959.14013671875,26287.439453125,1513.0400390625,17.969999313354492
2019-08-12,2882.699951171875,7863.41015625,25896.439453125,1495.9000244140625,21.09000015258789
2019-08-13,2926.320068359375,8016.35986328125,26279.91015625,1510.5799560546875,17.520000457763672
2019-08-14,2840.60009765625,7773.93994140625,25479.419921875,1467.52001953125,22.100000381469727
2019-08-15,2847.60009765625,7766.6201171875,25579.390625,1461.6500244140625,21.18000030517578
2019-08-16,2888.679931640625,7895.990234375,25886.009765625,1493.6400146484375,18.469999313354492
2019-08-19,2923.64990234375,8002.81005859375,26135.7890625,1508.8499755859375,16.8799991607666
2019-08-20,2900.510009765625,7948.56005859375,25962.439453125,1498.010009765625,17.5
2019-08-21,2924.429931640625,8020.2099609375,26202.73046875,1509.8499755859375,15.800000190734863
2019-08-22,2922.949951171875,7991.39013671875,26252.240234375,1506.0,16.68000030517578
2019-08-23,2847.110107421875,7751.77001953125,25628.900390625,1459.489990234375,19.8700008392334
2019-08-26,2878.3798828125,7853.740234375,25898.830078125,1476.0,19.31999969482422
2019-08-27,2869.159912109375,7826.9501953125,25777.900390625,1456.0400390625,20.309999465942383
2019-08-28,2887.93994140625,7856.8798828125,26036.099609375,1472.7099609375,19.350000381469727
2019-08-29,2924.580078125,7973.39013671875,26362.25,1496.719970703125,17.8799991607666
2019-08-30,2926.4599609375,7962.8798828125,26403.279296875,1494.8399658203125,18.979999542236328
2019-09-03,2906.27001953125,7874.16015625,26118.01953125,1472.280029296875,19.65999984741211
2019-09-04,2937.780029296875,7976.8798828125,26355.470703125,1484.760009765625,17.329999923706055
2019-09-05,2976.0,8116.830078125,26728.150390625,1510.75,16.270000457763672
2019-09-06,2978.7099609375,8103.06982421875,26797.4609375,1505.1700439453125,15.0
2019-09-09,2978.429931640625,8087.43994140625,26835.509765625,1524.22998046875,15.270000457763672
2019-09-10,2979.389892578125,8084.16015625,26909.4296875,1541.6099853515625,15.199999809265137
2019-09-11,3000.929931640625,8169.68017578125,27137.0390625,1575.7099609375,14.609999656677246
2019-09-12,3009.570068359375,8194.4697265625,27182.44921875,1575.0699462890625,14.220000267028809
2019-09-13,3007.389892578125,8176.7099609375,27219.51953125,1578.1400146484375,13.739999771118164
2019-09-16,2997.9599609375,8153.5400390625,27076.8203125,1584.5999755859375,14.670000076293945
2019-09-17,3005.699951171875,8186.02001953125,27110.80078125,1578.2900390625,14.4399995803833
2019-09-18,3006.72998046875,8177.39013671875,27147.080078125,1568.3399658203125,13.949999809265137
2019-09-19,3006.7900390625,8182.8798828125,27094.7890625,1561.469970703125,14.050000190734863
2019-09-20,2992.070068359375,8117.669921875,26935.0703125,1559.760009765625,15.319999694824219
2019-09-23,2991.780029296875,8112.4599609375,26949.990234375,1558.25,14.90999984741211
2019-09-24,2966.60009765625,7993.6298828125,26807.76953125,1533.5899658203125,17.049999237060547
2019-09-25,2984.8701171875,8077.3798828125,26970.7109375,1550.6500244140625,15.960000038146973
2019-09-26,2977.6201171875,8030.66015625,26891.119140625,1533.3299560546875,16.06999969482422
2019-09-27,2961.7900390625,7939.6298828125,26820.25,1520.47998046875,17.219999313354492
2019-09-30,2976.739990234375,7999.33984375,26916.830078125,1523.3699951171875,16.239999771118164
2019-10-01,2940.25,7908.68017578125,26573.0390625,1493.4300537109375,18.559999465942383
2019-10-02,2887.610107421875,7785.25,26078.619140625,1479.6300048828125,20.559999465942383
2019-10-03,2910.6298828125,7872.259765625,26201.0390625,1486.3499755859375,19.1200008392334
2019-10-04,2952.010009765625,7982.47021484375,26573.720703125,1500.699951171875,17.040000915527344
2019-10-07,2938.7900390625,7956.2900390625,26478.01953125,1497.7900390625,17.860000610351562
2019-10-08,2893.06005859375,7823.77978515625,26164.0390625,1472.5999755859375,20.280000686645508
2019-10-09,2919.39990234375,7903.740234375,26346.009765625,1479.4599609375,18.639999389648438
2019-10-10,2938.1298828125,7950.77978515625,26496.669921875,1485.3599853515625,17.56999969482422
2019-10-11,2970.27001953125,8057.0400390625,26816.58984375,1511.9000244140625,15.579999923706055
2019-10-14,2966.14990234375,8048.64990234375,26787.359375,1505.4300537109375,14.569999694824219
2019-10-15,2995.679931640625,8148.7099609375,27024.80078125,1523.300048828125,13.539999961853027
2019-10-16,2989.68994140625,8124.18017578125,27001.98046875,1525.06005859375,13.680000305175781
2019-10-17,2997.949951171875,8156.85009765625,27025.880859375,1541.8399658203125,13.789999961853027
2019-10-18,2986.199951171875,8089.5400390625,26770.19921875,1535.47998046875,14.25
2019-10-21,3006.719970703125,8162.990234375,26827.640625,1552.4100341796875,14.0
2019-10-22,2995.989990234375,8104.2998046875,26788.099609375,1550.8699951171875,14.460000038146973
2019-10-23,3004.52001953125,8119.7900390625,26833.94921875,1552.8599853515625,14.010000228881836
2019-10-24,3010.2900390625,8185.7998046875,26805.529296875,1548.489990234375,13.710000038146973
2019-10-25,3022.550048828125,8243.1201171875,26958.060546875,1558.7099609375,12.649999618530273
2019-10-28,3039.419921875,8325.990234375,27090.720703125,1571.9300537109375,13.109999656677246
2019-10-29,3036.889892578125,8276.849609375,27071.4609375,1577.0699462890625,13.199999809265137
2019-10-30,3046.77001953125,8303.98046875,27186.689453125,1572.8499755859375,12.329999923706055
2019-10-31,3037.56005859375,8292.3603515625,27046.23046875,1562.449951171875,13.220000267028809
2019-11-01,3066.909912109375,8386.400390625,27347.359375,1589.3299560546875,12.300000190734863
2019-11-04,3078.27001953125,8433.2001953125,27462.109375,1597.4000244140625,12.829999923706055
2019-11-05,3074.6201171875,8434.6796875,27492.630859375,1599.6099853515625,13.100000381469727
2019-11-06,3076.780029296875,8410.6298828125,27492.560546875,1589.5400390625,12.619999885559082
2019-11-07,3085.179931640625,8434.51953125,27674.80078125,1593.989990234375,12.729999542236328
2019-11-08,3093.080078125,8475.3095703125,27681.240234375,1598.8599853515625,12.069999694824219
2019-11-11,3087.010009765625,8464.2802734375,27691.490234375,1594.77001953125,12.6899995803833
2019-11-12,3091.840087890625,8486.08984375,27691.490234375,1595.1199951171875,12.680000305175781
2019-11-13,3094.0400390625,8482.099609375,27783.58984375,1589.1800537109375,13.0
2019-11-14,3096.6298828125,8479.01953125,27781.9609375,1588.7900390625,13.050000190734863
2019-11-15,3120.4599609375,8540.830078125,28004.890625,1596.449951171875,12.050000190734863
2019-11-18,3122.030029296875,8549.9404296875,28036.220703125,1592.3399658203125,12.460000038146973
2019-11-19,3120.179931640625,8570.66015625,27934.01953125,1598.2900390625,12.859999656677246
2019-11-20,3108.4599609375,8526.73046875,27821.08984375,1591.6099853515625,12.779999732971191
2019-11-21,3103.5400390625,8506.2099609375,27766.2890625,1583.9599609375,13.130000114440918
2019-11-22,3110.2900390625,8519.8798828125,27875.619140625,1588.93994140625,12.34000015258789
2019-11-25,3133.639892578125,8632.490234375,28066.470703125,1621.9000244140625,11.869999885559082
2019-11-26,3140.52001953125,8647.9296875,28121.6796875,1624.22998046875,11.539999961853027
2019-11-27,3153.6298828125,8705.1796875,28164.0,1634.0999755859375,11.75
2019-11-29,3140.97998046875,8665.4697265625,28051.41015625,1624.5,12.619999885559082
2019-12-02,3113.8701171875,8567.990234375,27783.0390625,1607.5799560546875,14.90999984741211
2019-12-03,3093.199951171875,8520.6396484375,27502.810546875,1602.6300048828125,15.960000038146973
2019-12-04,3112.760009765625,8566.669921875,27649.779296875,1613.9000244140625,14.800000190734863
2019-12-05,3117.429931640625,8570.7001953125,27677.7890625,1614.8299560546875,14.520000457763672
2019-12-06,3145.909912109375,8656.5302734375,28015.060546875,1633.8399658203125,13.619999885559082
2019-12-09,3135.9599609375,8621.830078125,27909.599609375,1629.6199951171875,15.859999656677246
2019-12-10,3132.52001953125,8616.1796875,27881.720703125,1631.7099609375,15.680000305175781
2019-12-11,3141.6298828125,8654.0498046875,27911.30078125,1631.9300537109375,14.989999771118164
2019-12-12,3168.570068359375,8717.3203125,28132.05078125,1644.81005859375,13.9399995803833
2019-12-13,3168.800048828125,8734.8798828125,28135.380859375,1637.97998046875,12.630000114440918
2019-12-16,3191.449951171875,8814.23046875,28235.890625,1649.93994140625,12.140000343322754
2019-12-17,3192.52001953125,8823.3603515625,28267.16015625,1657.56005859375,12.289999961853027
2019-12-18,3191.139892578125,8827.740234375,28239.279296875,1661.72998046875,12.579999923706055
2019-12-19,3205.3701171875,8887.2197265625,28376.9609375,1667.0899658203125,12.5
2019-12-20,3221.219970703125,8924.9599609375,28455.08984375,1671.9000244140625,12.510000228881836
2019-12-23,3224.010009765625,8945.650390625,28551.529296875,1674.1400146484375,12.609999656677246
2019-12-24,3223.3798828125,8952.8798828125,28515.44921875,1678.010009765625,12.670000076293945
2019-12-26,3239.909912109375,9022.3896484375,28621.390625,1677.6700439453125,12.649999618530273
2019-12-27,3240.02001953125,9006.6201171875,28645.259765625,1669.030029296875,13.430000305175781
2019-12-30,3221.2900390625,8945.990234375,28462.140625,1664.1500244140625,14.819999694824219
2019-12-31,3230.780029296875,8972.599609375,28538.439453125,1668.469970703125,13.779999732971191
2020-01-02,3257.85009765625,9092.1904296875,28868.80078125,1666.77001953125,12.470000267028809
2020-01-03,3234.85009765625,9020.76953125,28634.880859375,1660.8699951171875,14.020000457763672
2020-01-06,3246.280029296875,9071.4697265625,28703.380859375,1663.260009765625,13.850000381469727
2020-01-07,3237.179931640625,9068.580078125,28583.6796875,1658.31005859375,13.789999961853027
2020-01-08,3253.050048828125,9129.240234375,28745.08984375,1663.5899658203125,13.449999809265137
2020-01-09,3274.699951171875,9203.4296875,28956.900390625,1664.989990234375,12.539999961853027
2020-01-10,3265.35009765625,9178.8603515625,28823.76953125,1657.6400146484375,12.5600004196167
2020-01-13,3288.1298828125,9273.9296875,28907.05078125,1669.6099853515625,12.319999694824219
2020-01-14,3283.14990234375,9251.330078125,28939.669921875,1675.739990234375,12.390000343322754
2020-01-15,3289.2900390625,9258.7001953125,29030.220703125,1682.4000244140625,12.420000076293945
2020-01-16,3316.81005859375,9357.1298828125,29297.640625,1705.219970703125,12.319999694824219
2020-01-17,3329.6201171875,9388.9404296875,29348.099609375,1699.6400146484375,12.100000381469727
2020-01-21,3320.7900390625,9370.8095703125,29196.0390625,1685.9000244140625,12.850000381469727
2020-01-22,3321.75,9383.76953125,29186.26953125,1684.4599609375,12.90999984741211
2020-01-23,3325.5400390625,9402.48046875,29160.08984375,1685.010009765625,12.979999542236328
2020-01-24,3295.469970703125,9314.91015625,28989.73046875,1662.22998046875,14.5600004196167
2020-01-27,3243.6298828125,9139.3095703125,28535.80078125,1644.1400146484375,18.229999542236328
2020-01-28,3276.239990234375,9269.6796875,28722.849609375,1658.31005859375,16.280000686645508
2020-01-29,3273.39990234375,9275.16015625,28734.44921875,1649.219970703125,16.389999389648438
2020-01-30,3283.659912109375,9298.9296875,28859.439453125,1648.219970703125,15.489999771118164
2020-01-31,3225.52001953125,9150.9404296875,28256.029296875,1614.06005859375,18.84000015258789
2020-02-03,3248.919921875,9273.400390625,28399.810546875,1632.2099609375,17.969999313354492
2020-02-04,3297.590087890625,9467.9697265625,28807.630859375,1656.77001953125,16.049999237060547
2020-02-05,3334.68994140625,9508.6796875,29290.849609375,1681.9200439453125,15.149999618530273
2020-02-06,3345.780029296875,9572.150390625,29379.76953125,1677.4599609375,14.960000038146973
2020-02-07,3327.7099609375,9520.509765625,29102.509765625,1656.780029296875,15.470000267028809
2020-02-10,3352.090087890625,9628.3896484375,29276.8203125,1667.6700439453125,15.039999961853027
2020-02-11,3357.75,9638.9404296875,29276.33984375,1677.510009765625,15.180000305175781
2020-02-12,3379.449951171875,9725.9599609375,29551.419921875,1689.3800048828125,13.739999771118164
2020-02-13,3373.93994140625,9711.9697265625,29423.310546875,1693.739990234375,14.149999618530273
2020-02-14,3380.159912109375,9731.1796875,29398.080078125,1687.5799560546875,13.680000305175781
2020-02-18,3370.2900390625,9732.740234375,29232.189453125,1683.52001953125,14.829999923706055
2020-02-19,3386.14990234375,9817.1796875,29348.029296875,1692.5699462890625,14.380000114440918
2020-02-20,3373.22998046875,9750.9697265625,29219.98046875,1696.0699462890625,15.5600004196167
2020-02-21,3337.75,9576.58984375,28992.41015625,1678.6099853515625,17.079999923706055
2020-02-24,3225.889892578125,9221.2802734375,27960.80078125,1628.0999755859375,25.030000686645508
2020-02-25,3128.2099609375,8965.6103515625,27081.359375,1571.9000244140625,27.850000381469727
2020-02-26,3116.389892578125,8980.7802734375,26957.58984375,1552.760009765625,27.559999465942383
2020-02-27,2978.760009765625,8566.48046875,25766.640625,1497.8699951171875,39.15999984741211
2020-02-28,2954.219970703125,8567.3701171875,25409.359375,1476.4300537109375,40.11000061035156
2020-03-02,3090.22998046875,8952.169921875,26703.3203125,1518.489990234375,33.41999816894531
2020-03-03,3003.3701171875,8684.08984375,25917.41015625,1486.0799560546875,36.81999969482422
2020-03-04,3130.1201171875,9018.08984375,27090.859375,1531.199951171875,31.989999771118164
2020-03-05,3023.93994140625,8738.58984375,26121.279296875,1478.8199462890625,39.619998931884766
2020-03-06,2972.3701171875,8575.6201171875,25864.779296875,1449.219970703125,41.939998626708984
2020-03-09,2746.56005859375,7950.68017578125,23851.01953125,1313.43994140625,54.459999084472656
2020-03-10,2882.22998046875,8344.25,25018.16015625,1350.9000244140625,47.29999923706055
2020-03-11,2741.3798828125,7952.0498046875,23553.220703125,1264.300048828125,53.900001525878906
2020-03-12,2480.639892578125,7201.7998046875,21200.619140625,1122.9300537109375,75.47000122070312
2020-03-13,2711.02001953125,7874.8798828125,23185.619140625,1210.1300048828125,57.83000183105469
2020-03-16,2386.1298828125,6904.58984375,20188.51953125,1037.4200439453125,82.69000244140625
2020-03-17,2529.18994140625,7334.77978515625,21237.380859375,1106.510009765625,75.91000366210938
2020-03-18,2398.10009765625,6989.83984375,19898.919921875,991.1599731445312,76.44999694824219
2020-03-19,2409.389892578125,7150.580078125,20087.189453125,1058.75,72.0
2020-03-20,2304.919921875,6879.52001953125,19173.98046875,1013.8900146484375,66.04000091552734
2020-03-23,2237.39990234375,6860.669921875,18591.9296875,1002.4000244140625,61.59000015258789
2020-03-24,2447.330078125,7417.85986328125,20704.91015625,1096.5400390625,61.66999816894531
2020-03-25,2475.56005859375,7384.2998046875,21200.55078125,1110.3699951171875,63.95000076293945
2020-03-26,2630.070068359375,7797.5400390625,22552.169921875,1180.3199462890625,61.0
2020-03-27,2541.469970703125,7502.3798828125,21636.779296875,1131.989990234375,65.54000091552734
2020-03-30,2626.64990234375,7774.14990234375,22327.48046875,1158.3199462890625,57.08000183105469
2020-03-31,2584.590087890625,7700.10009765625,21917.16015625,1153.0999755859375,53.540000915527344
2020-04-01,2470.5,7360.580078125,20943.509765625,1071.989990234375,57.060001373291016
2020-04-02,2526.89990234375,7487.31005859375,21413.439453125,1085.81005859375,50.90999984741211
2020-04-03,2488.64990234375,7373.080078125,21052.529296875,1052.050048828125,46.79999923706055
2020-04-06,2663.679931640625,7913.240234375,22679.990234375,1138.780029296875,45.2400016784668
2020-04-07,2659.409912109375,7887.259765625,22653.859375,1139.1700439453125,46.70000076293945
2020-04-08,2749.97998046875,8090.89990234375,23433.5703125,1191.6600341796875,43.349998474121094
2020-04-09,2789.820068359375,8153.580078125,23719.369140625,1246.72998046875,41.66999816894531
2020-04-13,2761.6298828125,8192.419921875,23390.76953125,1212.0400390625,41.16999816894531
2020-04-14,2846.06005859375,8515.740234375,23949.759765625,1237.3299560546875,37.7599983215332
2020-04-15,2783.360107421875,8393.1796875,23504.349609375,1183.97998046875,40.84000015258789
2020-04-16,2799.550048828125,8532.3603515625,23537.6796875,1178.0899658203125,40.11000061035156
2020-04-17,2874.56005859375,8650.1396484375,24242.490234375,1229.0999755859375,38.150001525878906
2020-04-20,2823.159912109375,8560.73046875,23650.439453125,1213.3499755859375,43.83000183105469
2020-04-21,2736.56005859375,8263.23046875,23018.880859375,1185.0899658203125,45.40999984741211
2020-04-22,2799.31005859375,8495.3798828125,23475.8203125,1201.52001953125,41.97999954223633
2020-04-23,2797.800048828125,8494.75,23515.259765625,1214.06005859375,41.380001068115234
2020-04-24,2836.739990234375,8634.51953125,23775.26953125,1233.050048828125,35.93000030517578
2020-04-27,2878.47998046875,8730.16015625,24133.779296875,1281.8800048828125,33.290000915527344
2020-04-28,2863.389892578125,8607.73046875,24101.55078125,1298.0799560546875,33.56999969482422
2020-04-29,2939.510009765625,8914.7099609375,24633.859375,1360.760009765625,31.229999542236328
2020-04-30,2912.429931640625,8889.5498046875,24345.720703125,1310.6600341796875,34.150001525878906
2020-05-01,2830.7099609375,8604.9501953125,23723.689453125,1260.47998046875,37.189998626708984
2020-05-04,2842.739990234375,8710.7099609375,23749.759765625,1263.969970703125,35.970001220703125
2020-05-05,2868.43994140625,8809.1201171875,23883.08984375,1273.510009765625,33.61000061035156
2020-05-06,2848.419921875,8854.3896484375,23664.640625,1263.010009765625,34.119998931884766
2020-05-07,2881.18994140625,8979.66015625,23875.890625,1282.9300537109375,31.440000534057617
2020-05-08,2929.800048828125,9121.3203125,24331.3203125,1329.6400146484375,27.979999542236328
2020-05-11,2930.18994140625,9192.33984375,24221.990234375,1321.239990234375,27.56999969482422
2020-05-12,2870.1201171875,9002.5498046875,23764.779296875,1275.5400390625,33.040000915527344
2020-05-13,2820.0,8863.169921875,23247.970703125,1233.25,35.279998779296875
2020-05-14,2852.5,8943.7197265625,23625.33984375,1237.550048828125,32.61000061035156
2020-05-15,2863.699951171875,9014.5595703125,23685.419921875,1256.989990234375,31.889999389648438
2020-05-18,2953.909912109375,9234.830078125,24597.369140625,1333.68994140625,29.299999237060547
2020-05-19,2922.93994140625,9185.099609375,24206.859375,1307.719970703125,30.530000686645508
2020-05-20,2971.610107421875,9375.7802734375,24575.900390625,1346.9300537109375,27.989999771118164
2020-05-21,2948.510009765625,9284.8798828125,24474.119140625,1347.56005859375,29.530000686645508
2020-05-22,2955.449951171875,9324.58984375,24465.16015625,1355.530029296875,28.15999984741211
2020-05-26,2991.77001953125,9340.2197265625,24995.109375,1393.0699462890625,28.010000228881836
2020-05-27,3036.1298828125,9412.3603515625,25548.26953125,1436.3599853515625,27.6200008392334
2020-05-28,3029.72998046875,9368.990234375,25400.640625,1400.6700439453125,28.59000015258789
2020-05-29,3044.31005859375,9489.8701171875,25383.109375,1394.0400390625,27.510000228881836
2020-06-01,3055.72998046875,9552.0498046875,25475.01953125,1405.3699951171875,28.229999542236328
2020-06-02,3080.820068359375,9608.3798828125,25742.650390625,1418.2099609375,26.84000015258789
2020-06-03,3122.8701171875,9682.91015625,26269.890625,1452.0899658203125,25.65999984741211
2020-06-04,3112.35009765625,9615.8095703125,26281.8203125,1452.06005859375,25.809999465942383
2020-06-05,3193.929931640625,9814.080078125,27110.98046875,1507.1500244140625,24.520000457763672
2020-06-08,3232.389892578125,9924.75,27572.439453125,1536.8900146484375,25.809999465942383
2020-06-09,3207.179931640625,9953.75,27272.30078125,1507.050048828125,27.56999969482422
2020-06-10,3190.139892578125,10020.349609375,26989.990234375,1467.3900146484375,27.56999969482422
2020-06-11,3002.10009765625,9492.73046875,25128.169921875,1356.219970703125,40.790000915527344
2020-06-12,3041.31005859375,9588.8095703125,25605.5390625,1387.6800537109375,36.09000015258789
2020-06-15,3066.590087890625,9726.01953125,25763.16015625,1419.6099853515625,34.400001525878906
2020-06-16,3124.739990234375,9895.8701171875,26289.98046875,1452.260009765625,33.66999816894531
2020-06-17,3113.489990234375,9910.5302734375,26119.609375,1426.530029296875,33.470001220703125
2020-06-18,3115.340087890625,9943.0498046875,26080.099609375,1427.3299560546875,32.939998626708984
2020-06-19,3097.739990234375,9946.1201171875,25871.4609375,1418.6300048828125,35.119998931884766
2020-06-22,3117.860107421875,10056.48046875,26024.9609375,1433.530029296875,31.770000457763672
2020-06-23,3131.2900390625,10131.3701171875,26156.099609375,1439.3399658203125,31.3700008392334
2020-06-24,3050.330078125,9909.169921875,25445.939453125,1389.739990234375,33.84000015258789
2020-06-25,3083.760009765625,10017.0,25745.599609375,1413.31005859375,32.220001220703125
2020-06-26,3009.050048828125,9757.2197265625,25015.55078125,1378.780029296875,34.72999954223633
2020-06-29,3053.239990234375,9874.150390625,25595.80078125,1421.2099609375,31.780000686645508
2020-06-30,3100.2900390625,10058.76953125,25812.880859375,1441.3699951171875,30.43000030517578
2020-07-01,3115.860107421875,10154.6298828125,25734.970703125,1427.31005859375,28.6200008392334
2020-07-02,3130.010009765625,10207.6298828125,25827.359375,1431.8599853515625,27.68000030517578
2020-07-06,3179.719970703125,10433.650390625,26287.029296875,1442.8800048828125,27.940000534057617
2020-07-07,3145.320068359375,10343.8896484375,25890.1796875,1416.0,29.43000030517578
2020-07-08,3169.93994140625,10492.5,26067.279296875,1427.4000244140625,28.079999923706055
2020-07-09,3152.050048828125,10547.75,25706.08984375,1398.9200439453125,29.260000228881836
2020-07-10,3185.0400390625,10617.4404296875,26075.30078125,1422.6800537109375,27.290000915527344
2020-07-13,3155.219970703125,10390.83984375,26085.80078125,1403.5699462890625,32.189998626708984
2020-07-14,3197.52001953125,10488.580078125,26642.58984375,1428.260009765625,29.520000457763672
2020-07-15,3226.56005859375,10550.490234375,26870.099609375,1478.27001953125,27.760000228881836
2020-07-16,3215.570068359375,10473.830078125,26734.7109375,1467.56005859375,28.0
2020-07-17,3224.72998046875,10503.1904296875,26671.94921875,1473.3199462890625,25.68000030517578
2020-07-20,3251.840087890625,10767.08984375,26680.869140625,1467.949951171875,24.459999084472656
2020-07-21,3257.300048828125,10680.3603515625,26840.400390625,1487.510009765625,24.84000015258789
2020-07-22,3276.02001953125,10706.1298828125,27005.83984375,1490.1400146484375,24.31999969482422
2020-07-23,3235.659912109375,10461.419921875,26652.330078125,1490.199951171875,26.079999923706055
2020-07-24,3215.6298828125,10363.1796875,26469.890625,1467.550048828125,25.84000015258789
2020-07-27,3239.409912109375,10536.26953125,26584.76953125,1484.6500244140625,24.739999771118164
2020-07-28,3218.43994140625,10402.08984375,26379.279296875,1469.760009765625,25.440000534057617
2020-07-29,3258.43994140625,10542.9404296875,26539.5703125,1500.6300048828125,24.100000381469727
2020-07-30,3246.219970703125,10587.8095703125,26313.650390625,1495.0999755859375,24.760000228881836
2020-07-31,3271.1201171875,10745.26953125,26428.3203125,1480.4300537109375,24.459999084472656
2020-08-03,3294.610107421875,10902.7998046875,26664.400390625,1506.800048828125,24.280000686645508
2020-08-04,3306.510009765625,10941.169921875,26828.470703125,1517.2099609375,23.760000228881836
2020-08-05,3327.77001953125,10998.400390625,27201.51953125,1546.239990234375,22.989999771118164
2020-08-06,3349.159912109375,11108.0703125,27386.98046875,1544.6199951171875,22.649999618530273
2020-08-07,3351.280029296875,11010.98046875,27433.48046875,1569.1800537109375,22.209999084472656
2020-08-10,3360.469970703125,10968.3603515625,27791.439453125,1584.6700439453125,22.1299991607666
2020-08-11,3333.68994140625,10782.8203125,27686.91015625,1575.0999755859375,24.030000686645508
2020-08-12,3380.35009765625,11012.240234375,27976.83984375,1583.25,22.280000686645508
2020-08-13,3373.429931640625,11042.5,27896.720703125,1579.7900390625,22.1299991607666
2020-08-14,3372.85009765625,11019.2998046875,27931.01953125,1577.8800048828125,22.049999237060547
2020-08-17,3381.989990234375,11129.73046875,27844.91015625,1585.469970703125,21.350000381469727
2020-08-18,3389.780029296875,11210.83984375,27778.0703125,1569.77001953125,21.510000228881836
2020-08-19,3374.85009765625,11146.4599609375,27692.880859375,1572.0699462890625,22.540000915527344
2020-08-20,3385.510009765625,11264.9501953125,27739.73046875,1564.300048828125,22.719999313354492
2020-08-21,3397.159912109375,11311.7998046875,27930.330078125,1552.47998046875,22.540000915527344
2020-08-24,3431.280029296875,11379.7197265625,28308.4609375,1568.469970703125,22.3700008392334
2020-08-25,3443.6201171875,11466.4697265625,28248.439453125,1571.2099609375,22.030000686645508
2020-08-26,3478.72998046875,11665.0595703125,28331.919921875,1560.18994140625,23.270000457763672
2020-08-27,3484.550048828125,11625.33984375,28492.26953125,1564.56005859375,24.469999313354492
2020-08-28,3508.010009765625,11695.6298828125,28653.869140625,1578.3399658203125,22.959999084472656
2020-08-31,3500.31005859375,11775.4599609375,28430.05078125,1561.8800048828125,26.40999984741211
2020-09-01,3526.64990234375,11939.669921875,28645.66015625,1578.5799560546875,26.1200008392334
2020-09-02,3580.840087890625,12056.4404296875,29100.5,1592.2900390625,26.56999969482422
2020-09-03,3455.06005859375,11458.099609375,28292.73046875,1544.6800537109375,33.599998474121094
2020-09-04,3426.9599609375,11313.1298828125,28133.310546875,1535.300048828125,30.75
2020-09-08,3331.840087890625,10847.6904296875,27500.890625,1504.5899658203125,31.459999084472656
2020-09-09,3398.9599609375,11141.5595703125,27940.470703125,1526.47998046875,28.809999465942383
2020-09-10,3339.18994140625,10919.58984375,27534.580078125,1507.75,29.709999084472656
2020-09-11,3340.969970703125,10853.5498046875,27665.640625,1497.27001953125,26.8700008392334
2020-09-14,3383.5400390625,11056.650390625,27993.330078125,1536.969970703125,25.850000381469727
2020-09-15,3401.199951171875,11190.3203125,27995.599609375,1538.1500244140625,25.59000015258789
2020-09-16,3385.489990234375,11050.4697265625,28032.380859375,1552.3299560546875,26.040000915527344
2020-09-17,3357.010009765625,10910.2802734375,27901.98046875,1542.5999755859375,26.459999084472656
2020-09-18,3319.469970703125,10793.2802734375,27657.419921875,1536.780029296875,25.829999923706055
2020-09-21,3281.06005859375,10778.7998046875,27147.69921875,1485.25,27.780000686645508
2020-09-22,3315.570068359375,10963.6396484375,27288.1796875,1496.9599609375,26.860000610351562
2020-09-23,3236.919921875,10632.990234375,26763.130859375,1451.4599609375,28.579999923706055
2020-09-24,3246.590087890625,10672.26953125,26815.439453125,1451.8199462890625,28.510000228881836
2020-09-25,3298.4599609375,10913.5595703125,27173.9609375,1474.9100341796875,26.3799991607666
2020-09-28,3351.60009765625,11117.5302734375,27584.060546875,1510.3399658203125,26.190000534057617
2020-09-29,3335.469970703125,11085.25,27452.66015625,1504.72998046875,26.270000457763672
2020-09-30,3363.0,11167.509765625,27781.69921875,1507.68994140625,26.3700008392334
2020-10-01,3380.800048828125,11326.509765625,27816.900390625,1531.199951171875,26.700000762939453
2020-10-02,3348.419921875,11075.01953125,27682.810546875,1539.300048828125,27.6299991607666
2020-10-05,3408.60009765625,11332.490234375,28148.640625,1581.9599609375,27.959999084472656
2020-10-06,3360.969970703125,11154.599609375,27772.759765625,1577.2900390625,29.479999542236328
2020-10-07,3419.43994140625,11364.599609375,28303.4609375,1611.0400390625,28.059999465942383
2020-10-08,3446.830078125,11420.98046875,28425.509765625,1628.550048828125,26.360000610351562
2020-10-09,3477.139892578125,11579.9404296875,28586.900390625,1637.550048828125,25.0
2020-10-12,3534.219970703125,11876.259765625,28837.51953125,1649.050048828125,25.06999969482422
2020-10-13,3511.929931640625,11863.900390625,28679.810546875,1636.8499755859375,26.06999969482422
2020-10-14,3488.669921875,11768.73046875,28514.0,1621.6500244140625,26.399999618530273
2020-10-15,3483.340087890625,11713.8701171875,28494.19921875,1638.8800048828125,26.969999313354492
2020-10-16,3483.81005859375,11671.5595703125,28606.310546875,1633.81005859375,27.40999984741211
2020-10-19,3426.919921875,11478.8798828125,28195.419921875,1613.6300048828125,29.18000030517578
2020-10-20,3443.1201171875,11516.490234375,28308.7890625,1617.7099609375,29.350000381469727
2020-10-21,3435.56005859375,11484.6904296875,28210.8203125,1603.780029296875,28.649999618530273
2020-10-22,3453.489990234375,11506.009765625,28363.66015625,1630.25,28.110000610351562
2020-10-23,3465.389892578125,11548.2802734375,28335.5703125,1640.5,27.549999237060547
2020-10-26,3400.969970703125,11358.9404296875,27685.380859375,1605.2099609375,32.459999084472656
2020-10-27,3390.679931640625,11431.349609375,27463.189453125,1590.7099609375,33.349998474121094
2020-10-28,3271.030029296875,11004.8701171875,26519.94921875,1543.280029296875,40.279998779296875
2020-10-29,3310.110107421875,11185.58984375,26659.109375,1561.5799560546875,37.59000015258789
2020-10-30,3269.9599609375,10911.58984375,26501.599609375,1538.47998046875,38.02000045776367
2020-11-02,3310.239990234375,10957.6103515625,26925.05078125,1568.5899658203125,37.130001068115234
2020-11-03,3369.159912109375,11160.5703125,27480.029296875,1614.300048828125,35.54999923706055
2020-11-04,3443.43994140625,11590.7802734375,27847.66015625,1615.0799560546875,29.56999969482422
2020-11-05,3510.449951171875,11890.9296875,28390.1796875,1660.050048828125,27.579999923706055
2020-11-06,3509.43994140625,11895.23046875,28323.400390625,1648.260009765625,24.860000610351562
2020-11-09,3550.5,11713.7802734375,29157.970703125,1705.0400390625,25.75
2020-11-10,3545.530029296875,11553.8603515625,29420.919921875,1737.010009765625,24.799999237060547
2020-11-11,3572.659912109375,11786.4296875,29397.630859375,1736.93994140625,23.450000762939453
2020-11-12,3537.010009765625,11709.58984375,29080.169921875,1708.469970703125,25.350000381469727
2020-11-13,3585.14990234375,11829.2900390625,29479.810546875,1744.0400390625,23.100000381469727
2020-11-16,3626.909912109375,11924.1298828125,29950.439453125,1785.3399658203125,22.450000762939453
2020-11-17,3609.530029296875,11899.33984375,29783.349609375,1791.9100341796875,22.709999084472656
2020-11-18,3567.7900390625,11801.599609375,29438.419921875,1769.3199462890625,23.84000015258789
2020-11-19,3581.8701171875,11904.7099609375,29483.23046875,1784.1300048828125,23.110000610351562
2020-11-20,3557.5400390625,11854.9697265625,29263.48046875,1785.3399658203125,23.700000762939453
2020-11-23,3577.590087890625,11880.6298828125,29591.26953125,1818.300048828125,22.65999984741211
2020-11-24,3635.409912109375,12036.7900390625,30046.240234375,1853.530029296875,21.639999389648438
2020-11-25,3629.64990234375,12094.400390625,29872.470703125,1845.02001953125,21.25
2020-11-27,3638.35009765625,12205.849609375,29910.369140625,1855.27001953125,20.84000015258789
2020-11-30,3621.6298828125,12198.740234375,29638.640625,1819.8199462890625,20.56999969482422
2020-12-01,3662.449951171875,12355.1103515625,29823.919921875,1836.050048828125,20.770000457763672
2020-12-02,3669.010009765625,12349.3701171875,29883.7890625,1838.030029296875,21.170000076293945
2020-12-03,3666.719970703125,12377.1796875,29969.51953125,1848.699951171875,21.280000686645508
2020-12-04,3699.1201171875,12464.23046875,30218.259765625,1892.449951171875,20.790000915527344
2020-12-07,3691.9599609375,12519.9501953125,30069.7890625,1891.25,21.299999237060547
2020-12-08,3702.25,12582.76953125,30173.880859375,1917.780029296875,20.68000030517578
2020-12-09,3672.820068359375,12338.9501953125,30068.810546875,1902.1500244140625,22.270000457763672
2020-12-10,3668.10009765625,12405.8095703125,29999.259765625,1922.699951171875,22.520000457763672
2020-12-11,3663.4599609375,12377.8701171875,30046.369140625,1911.699951171875,23.309999465942383
2020-12-14,3647.489990234375,12440.0400390625,29861.55078125,1913.8599853515625,24.719999313354492
2020-12-15,3694.6201171875,12595.0595703125,30199.310546875,1959.760009765625,22.889999389648438
2020-12-16,3701.169921875,12658.1904296875,30154.5390625,1952.719970703125,22.5
2020-12-17,3722.47998046875,12764.75,30303.369140625,1978.050048828125,21.93000030517578
2020-12-18,3709.409912109375,12755.6396484375,30179.05078125,1969.989990234375,21.56999969482422
2020-12-21,3694.919921875,12742.51953125,30216.44921875,1970.3299560546875,25.15999984741211
2020-12-22,3687.260009765625,12807.919921875,30015.509765625,1989.8800048828125,24.229999542236328
2020-12-23,3690.010009765625,12771.1103515625,30129.830078125,2007.0999755859375,23.309999465942383
2020-12-24,3703.06005859375,12804.73046875,30199.869140625,2003.949951171875,21.530000686645508
2020-12-28,3735.360107421875,12899.419921875,30403.970703125,1996.25,21.700000762939453
2020-12-29,3727.0400390625,12850.2197265625,30335.669921875,1959.3599853515625,23.079999923706055
2020-12-30,3732.0400390625,12870.0,30409.560546875,1979.989990234375,22.770000457763672
2020-12-31,3756.070068359375,12888.2802734375,30606.48046875,1974.8599853515625,22.75
2021-01-04,3700.64990234375,12698.4501953125,30223.890625,1945.9100341796875,26.969999313354492
2021-01-05,3726.860107421875,12818.9599609375,30391.599609375,1979.1099853515625,25.34000015258789
2021-01-06,3748.139892578125,12740.7900390625,30829.400390625,2057.919921875,25.06999969482422
2021-01-07,3803.7900390625,13067.48046875,31041.130859375,2096.889892578125,22.3700008392334
2021-01-08,3824.679931640625,13201.98046875,31097.970703125,2091.659912109375,21.559999465942383
2021-01-11,3799.610107421875,13036.4296875,31008.689453125,2091.010009765625,24.079999923706055
2021-01-12,3801.18994140625,13072.4296875,31068.689453125,2127.9599609375,23.329999923706055
2021-01-13,3809.840087890625,13128.9501953125,31060.470703125,2111.969970703125,22.209999084472656
2021-01-14,3795.5400390625,13112.6396484375,30991.51953125,2155.35009765625,23.25
2021-01-15,3768.25,12998.5,30814.259765625,2123.199951171875,24.34000015258789
2021-01-19,3798.909912109375,13197.1796875,30930.51953125,2151.139892578125,23.239999771118164
2021-01-20,3851.85009765625,13457.25,31188.380859375,2160.6201171875,21.579999923706055
2021-01-21,3853.070068359375,13530.91015625,31176.009765625,2141.419921875,21.31999969482422
2021-01-22,3841.469970703125,13543.0595703125,30996.98046875,2168.760009765625,21.90999984741211
2021-01-25,3855.360107421875,13635.990234375,30960.0,2163.27001953125,23.190000534057617
2021-01-26,3849.6201171875,13626.0595703125,30937.0390625,2149.860107421875,23.020000457763672
2021-01-27,3750.77001953125,13270.599609375,30303.169921875,2108.699951171875,37.209999084472656
2021-01-28,3787.3798828125,13337.16015625,30603.359375,2106.610107421875,30.209999084472656
2021-01-29,3714.239990234375,13070.6904296875,29982.619140625,2073.639892578125,33.09000015258789
2021-02-01,3773.860107421875,13403.3896484375,30211.91015625,2126.159912109375,30.239999771118164
2021-02-02,3826.31005859375,13612.7802734375,30687.48046875,2151.43994140625,25.559999465942383
2021-02-03,3830.169921875,13610.5400390625,30723.599609375,2159.699951171875,22.90999984741211
2021-02-04,3871.739990234375,13777.740234375,31055.859375,2202.419921875,21.770000457763672
2021-02-05,3886.830078125,13856.2998046875,31148.240234375,2233.330078125,20.8700008392334
2021-02-08,3915.590087890625,13987.6396484375,31385.759765625,2289.760009765625,21.239999771118164
2021-02-09,3911.22998046875,14007.7001953125,31375.830078125,2299.0,21.6299991607666
2021-02-10,3909.8798828125,13972.5302734375,31437.80078125,2282.43994140625,21.989999771118164
2021-02-11,3916.3798828125,14025.76953125,31430.69921875,2285.320068359375,21.25
2021-02-12,3934.830078125,14095.4697265625,31458.400390625,2289.360107421875,19.969999313354492
2021-02-16,3932.590087890625,14047.5,31522.75,2272.889892578125,21.459999084472656
2021-02-17,3931.330078125,13965.490234375,31613.01953125,2256.110107421875,21.5
2021-02-18,3913.969970703125,13865.3603515625,31493.33984375,2218.389892578125,22.489999771118164
2021-02-19,3906.7099609375,13874.4599609375,31494.3203125,2266.68994140625,22.049999237060547
2021-02-22,3876.5,13533.0498046875,31521.689453125,2251.070068359375,23.450000762939453
2021-02-23,3881.3701171875,13465.2001953125,31537.349609375,2231.31005859375,23.110000610351562
2021-02-24,3925.429931640625,13597.9697265625,31961.859375,2284.3798828125,21.34000015258789
2021-02-25,3829.340087890625,13119.4296875,31402.009765625,2200.169921875,28.889999389648438
2021-02-26,3811.14990234375,13192.349609375,30932.369140625,2201.050048828125,27.950000762939453
2021-03-01,3901.820068359375,13588.830078125,31535.509765625,2275.320068359375,23.350000381469727
2021-03-02,3870.2900390625,13358.7900390625,31391.51953125,2231.510009765625,24.100000381469727
2021-03-03,3819.719970703125,12997.75,31270.08984375,2207.7900390625,26.670000076293945
2021-03-04,3768.469970703125,12723.4697265625,30924.140625,2146.919921875,28.56999969482422
2021-03-05,3841.93994140625,12920.150390625,31496.30078125,2192.2099609375,24.65999984741211
2021-03-08,3821.35009765625,12609.16015625,31802.439453125,2202.97998046875,25.469999313354492
2021-03-09,3875.43994140625,13073.8203125,31832.740234375,2245.06005859375,24.030000686645508
2021-03-10,3898.81005859375,13068.830078125,32297.01953125,2285.679931640625,22.559999465942383
2021-03-11,3939.340087890625,13398.669921875,32485.58984375,2338.5400390625,21.90999984741211
2021-03-12,3943.340087890625,13319.8603515625,32778.640625,2352.7900390625,20.690000534057617
2021-03-15,3968.93994140625,13459.7099609375,32953.4609375,2360.169921875,20.030000686645508
2021-03-16,3962.7099609375,13471.5703125,32825.94921875,2319.52001953125,19.790000915527344
2021-03-17,3974.1201171875,13525.2001953125,33015.37109375,2336.389892578125,19.229999542236328
2021-03-18,3915.4599609375,13116.169921875,32862.30078125,2267.590087890625,21.579999923706055
2021-03-19,3913.10009765625,13215.240234375,32627.970703125,2287.550048828125,20.950000762939453
2021-03-22,3940.590087890625,13377.5400390625,32731.19921875,2266.840087890625,18.8799991607666
2021-03-23,3910.52001953125,13227.7001953125,32423.150390625,2185.68994140625,20.299999237060547
2021-03-24,3889.139892578125,12961.8896484375,32420.060546875,2134.27001953125,21.200000762939453
2021-03-25,3909.52001953125,12977.6796875,32619.48046875,2183.1201171875,19.809999465942383
2021-03-26,3974.5400390625,13138.73046875,33072.87890625,2221.47998046875,18.860000610351562
2021-03-29,3971.090087890625,13059.650390625,33171.37109375,2158.679931640625,20.739999771118164
2021-03-30,3958.550048828125,13045.3896484375,33066.9609375,2195.800048828125,19.610000610351562
2021-03-31,3972.889892578125,13246.8701171875,32981.55078125,2220.52001953125,19.399999618530273
2021-04-01,4019.8701171875,13480.1103515625,33153.2109375,2253.89990234375,17.329999923706055
2021-04-05,4077.909912109375,13705.58984375,33527.19140625,2264.889892578125,17.90999984741211
2021-04-06,4073.93994140625,13698.3798828125,33430.23828125,2259.14990234375,18.1200008392334
2021-04-07,4079.949951171875,13688.83984375,33446.26171875,2223.050048828125,17.15999984741211
2021-04-08,4097.169921875,13829.3095703125,33503.5703125,2242.60009765625,16.950000762939453
2021-04-09,4128.7998046875,13900.1904296875,33800.6015625,2243.469970703125,16.690000534057617
2021-04-12,4127.990234375,13850.0,33745.3984375,2233.780029296875,16.90999984741211
2021-04-13,4141.58984375,13996.099609375,33677.26953125,2228.919921875,16.649999618530273
2021-04-14,4124.66015625,13857.83984375,33730.890625,2247.719970703125,16.989999771118164
2021-04-15,4170.419921875,14038.759765625,34035.98828125,2257.070068359375,16.56999969482422
2021-04-16,4185.47021484375,14052.33984375,34200.671875,2262.669921875,16.25
2021-04-19,4163.259765625,13914.76953125,34077.62890625,2232.0,17.290000915527344
2021-04-20,4134.93994140625,13786.26953125,33821.30078125,2188.2099609375,18.68000030517578
2021-04-21,4173.419921875,13950.2197265625,34137.30859375,2239.6298828125,17.5
2021-04-22,4134.97998046875,13818.41015625,33815.8984375,2232.610107421875,18.709999084472656
2021-04-23,4180.169921875,14016.8095703125,34043.48828125,2271.860107421875,17.329999923706055
2021-04-26,4187.6201171875,14138.7802734375,33981.5703125,2298.010009765625,17.639999389648438
2021-04-27,4186.72021484375,14090.2197265625,33984.9296875,2301.27001953125,17.559999465942383
2021-04-28,4183.18017578125,14051.0302734375,33820.37890625,2304.159912109375,17.280000686645508
2021-04-29,4211.47021484375,14082.5498046875,34060.359375,2295.4599609375,17.610000610351562
2021-04-30,4181.169921875,13962.6796875,33874.8515625,2266.449951171875,18.610000610351562
2021-05-03,4192.66015625,13895.1201171875,34113.23046875,2277.449951171875,18.309999465942383
2021-05-04,4164.66015625,13633.5,34133.03125,2248.2900390625,19.479999542236328
2021-05-05,4167.58984375,13582.419921875,34230.33984375,2241.3701171875,19.149999618530273
2021-05-06,4201.6201171875,13632.83984375,34548.53125,2241.419921875,18.389999389648438
2021-05-07,4232.60009765625,13752.240234375,34777.76171875,2271.6298828125,16.690000534057617
2021-05-10,4188.43017578125,13401.8603515625,34742.8203125,2212.699951171875,19.65999984741211
2021-05-11,4152.10009765625,13389.4296875,34269.16015625,2206.989990234375,21.84000015258789
2021-05-12,4063.0400390625,13031.6796875,33587.66015625,2135.139892578125,27.59000015258789
2021-05-13,4112.5,13124.990234375,34021.44921875,2170.949951171875,23.1299991607666
2021-05-14,4173.85009765625,13429.98046875,34382.12890625,2224.6298828125,18.809999465942383
2021-05-17,4163.2900390625,13379.0498046875,34327.7890625,2227.1201171875,19.719999313354492
2021-05-18,4127.830078125,13303.6396484375,34060.66015625,2210.8798828125,21.34000015258789
2021-05-19,4115.68017578125,13299.740234375,33896.0390625,2193.639892578125,22.18000030517578
2021-05-20,4159.1201171875,13535.740234375,34084.1484375,2207.760009765625,20.670000076293945
2021-05-21,4155.85986328125,13470.990234375,34207.83984375,2215.27001953125,20.149999618530273
2021-05-24,4197.0498046875,13661.169921875,34393.98046875,2227.340087890625,18.399999618530273
2021-05-25,4188.1298828125,13657.169921875,34312.4609375,2205.75,18.84000015258789
2021-05-26,4195.990234375,13738.0,34323.05078125,2249.27001953125,17.360000610351562
2021-05-27,4200.8798828125,13736.2802734375,34464.640625,2273.070068359375,16.739999771118164
2021-05-28,4204.10986328125,13748.740234375,34529.44921875,2268.969970703125,16.760000228881836
2021-06-01,4202.0400390625,13736.48046875,34575.30859375,2294.739990234375,17.899999618530273
2021-06-02,4208.1201171875,13756.330078125,34600.37890625,2297.830078125,17.479999542236328
2021-06-03,4192.85009765625,13614.509765625,34577.0390625,2279.25,18.040000915527344
2021-06-04,4229.89013671875,13814.490234375,34756.390625,2286.409912109375,16.420000076293945
2021-06-07,4226.52001953125,13881.7197265625,34630.23828125,2319.179931640625,16.420000076293945
2021-06-08,4227.259765625,13924.91015625,34599.8203125,2343.760009765625,17.06999969482422
2021-06-09,4219.5498046875,13911.75,34447.140625,2327.1298828125,17.889999389648438
2021-06-10,4239.18017578125,14020.330078125,34466.23828125,2311.409912109375,16.100000381469727
2021-06-11,4247.43994140625,14069.419921875,34479.6015625,2335.81005859375,15.649999618530273
2021-06-14,4255.14990234375,14174.1396484375,34393.75,2326.14990234375,16.389999389648438
2021-06-15,4246.58984375,14072.8603515625,34299.328125,2320.070068359375,17.020000457763672
2021-06-16,4223.7001953125,14039.6796875,34033.671875,2314.68994140625,18.149999618530273
2021-06-17,4221.85986328125,14161.349609375,33823.44921875,2287.4599609375,17.75
2021-06-18,4166.4501953125,14030.3798828125,33290.078125,2237.75,20.700000762939453
2021-06-21,4224.7900390625,14141.48046875,33876.96875,2286.090087890625,17.889999389648438
2021-06-22,4246.43994140625,14253.26953125,33945.578125,2295.949951171875,16.65999984741211
2021-06-23,4241.83984375,14271.73046875,33874.23828125,2303.469970703125,16.31999969482422
2021-06-24,4266.490234375,14369.7099609375,34196.8203125,2333.6201171875,15.970000267028809
2021-06-25,4280.7001953125,14360.3896484375,34433.83984375,2334.39990234375,15.619999885559082
2021-06-28,4290.60986328125,14500.509765625,34283.26953125,2322.340087890625,15.760000228881836
2021-06-29,4291.7998046875,14528.330078125,34292.2890625,2308.840087890625,16.020000457763672
2021-06-30,4297.5,14503.9501953125,34502.51171875,2310.550048828125,15.829999923706055
2021-07-01,4319.93994140625,14522.3798828125,34633.53125,2329.360107421875,15.479999542236328
2021-07-02,4352.33984375,14639.330078125,34786.3515625,2305.760009765625,15.069999694824219
2021-07-06,4343.5400390625,14663.6396484375,34577.37109375,2274.5,16.440000534057617
2021-07-07,4358.1298828125,14665.0595703125,34681.7890625,2252.85009765625,16.200000762939453
2021-07-08,4320.81982421875,14559.7802734375,34421.9296875,2231.679931640625,19.0
2021-07-09,4369.5498046875,14701.919921875,34870.16015625,2280.0,16.18000030517578
2021-07-12,4384.6298828125,14733.240234375,34996.1796875,2281.820068359375,16.170000076293945
2021-07-13,4369.2099609375,14677.650390625,34888.7890625,2238.860107421875,17.1200008392334
2021-07-14,4374.2998046875,14644.9501953125,34933.23046875,2202.360107421875,16.329999923706055
2021-07-15,4360.02978515625,14543.1298828125,34987.01953125,2190.2900390625,17.010000228881836
2021-07-16,4327.16015625,14427.240234375,34687.8515625,2163.239990234375,18.450000762939453
2021-07-19,4258.490234375,14274.98046875,33962.0390625,2130.679931640625,22.5
2021-07-20,4323.06005859375,14498.8798828125,34511.98828125,2194.300048828125,19.729999542236328
2021-07-21,4358.68994140625,14631.9501953125,34798.0,2234.0400390625,17.90999984741211
2021-07-22,4367.47998046875,14684.599609375,34823.3515625,2199.47998046875,17.690000534057617
2021-07-23,4411.7900390625,14836.990234375,35061.55078125,2209.64990234375,17.200000762939453
2021-07-26,4422.2998046875,14840.7099609375,35144.30859375,2216.919921875,17.579999923706055
2021-07-27,4401.4599609375,14660.580078125,35058.51953125,2191.830078125,19.360000610351562
2021-07-28,4400.64013671875,14762.580078125,34930.9296875,2224.9599609375,18.309999465942383
2021-07-29,4419.14990234375,14778.259765625,35084.53125,2240.030029296875,17.700000762939453
2021-07-30,4395.259765625,14672.6796875,34935.46875,2226.25,18.239999771118164
2021-08-02,4387.16015625,14681.0703125,34838.16015625,2215.5,19.459999084472656
2021-08-03,4423.14990234375,14761.2900390625,35116.3984375,2223.580078125,18.040000915527344
2021-08-04,4402.66015625,14780.5302734375,34792.671875,2196.320068359375,17.969999313354492
2021-08-05,4429.10009765625,14895.1201171875,35064.25,2236.010009765625,17.280000686645508
2021-08-06,4436.52001953125,14835.759765625,35208.51171875,2247.760009765625,16.149999618530273
2021-08-09,4432.35009765625,14860.1796875,35101.8515625,2234.81005859375,16.719999313354492
2021-08-10,4436.75,14788.08984375,35264.671875,2239.360107421875,16.790000915527344
2021-08-11,4442.41015625,14765.1396484375,35484.96875,2250.340087890625,16.170000076293945
2021-08-12,4460.830078125,14816.259765625,35499.8515625,2244.070068359375,15.59000015258789
2021-08-13,4468.0,14822.900390625,35515.37890625,2223.110107421875,15.449999809265137
2021-08-16,4479.7099609375,14793.759765625,35625.3984375,2209.47998046875,16.1200008392334
2021-08-17,4448.080078125,14656.1796875,35343.28125,2177.169921875,17.90999984741211
2021-08-18,4400.27001953125,14525.91015625,34960.69140625,2158.780029296875,21.56999969482422
2021-08-19,4405.7998046875,14541.7900390625,34894.12109375,2132.419921875,21.670000076293945
2021-08-20,4441.669921875,14714.66015625,35120.078125,2167.60009765625,18.559999465942383
2021-08-23,4479.52978515625,14942.650390625,35335.7109375,2208.300048828125,17.149999618530273
2021-08-24,4486.22998046875,15019.7998046875,35366.26171875,2230.909912109375,17.219999313354492
2021-08-25,4496.18994140625,15041.8603515625,35405.5,2239.27001953125,16.790000915527344
2021-08-26,4470.0,14945.8095703125,35213.12109375,2213.97998046875,18.84000015258789
2021-08-27,4509.3701171875,15129.5,35455.80078125,2277.14990234375,16.389999389648438
2021-08-30,4528.7900390625,15265.8896484375,35399.83984375,2265.989990234375,16.190000534057617
2021-08-31,4522.68017578125,15259.240234375,35360.73046875,2273.77001953125,16.479999542236328
2021-09-01,4524.08984375,15309.3798828125,35312.53125,2287.06005859375,16.110000610351562
2021-09-02,4536.9501953125,15331.1796875,35443.8203125,2304.02001953125,16.40999984741211
2021-09-03,4535.43017578125,15363.51953125,35369.08984375,2292.050048828125,16.40999984741211
2021-09-07,4520.02978515625,15374.330078125,35100.0,2275.610107421875,18.139999389648438
2021-09-08,4514.06982421875,15286.6396484375,35031.0703125,2249.72998046875,17.959999084472656
2021-09-09,4493.27978515625,15248.25,34879.37890625,2249.1298828125,18.799999237060547
2021-09-10,4458.580078125,15115.490234375,34607.71875,2227.550048828125,20.950000762939453
2021-09-13,4468.72998046875,15105.580078125,34869.62890625,2240.780029296875,19.3700008392334
2021-09-14,4443.0498046875,15037.759765625,34577.5703125,2209.97998046875,19.459999084472656
2021-09-15,4480.7001953125,15161.5302734375,34814.390625,2234.449951171875,18.18000030517578
2021-09-16,4473.75,15181.919921875,34751.3203125,2232.909912109375,18.690000534057617
2021-09-17,4432.990234375,15043.9697265625,34584.87890625,2236.8701171875,20.809999465942383
2021-09-20,4357.72998046875,14713.900390625,33970.46875,2182.199951171875,25.709999084472656
2021-09-21,4354.18994140625,14746.400390625,33919.83984375,2186.179931640625,24.360000610351562
2021-09-22,4395.64013671875,14896.849609375,34258.3203125,2218.56005859375,20.8700008392334
2021-09-23,4448.97998046875,15052.240234375,34764.8203125,2259.0400390625,18.6299991607666
2021-09-24,4455.47998046875,15047.7001953125,34798.0,2248.070068359375,17.75
2021-09-27,4443.10986328125,14969.9697265625,34869.37109375,2281.0,18.760000228881836
2021-09-28,4352.6298828125,14546.6796875,34299.98828125,2229.780029296875,23.25
2021-09-29,4359.4599609375,14512.4404296875,34390.71875,2225.31005859375,22.559999465942383
2021-09-30,4307.5400390625,14448.580078125,33843.921875,2204.3701171875,23.139999389648438
2021-10-01,4357.0400390625,14566.7001953125,34326.4609375,2241.6298828125,21.100000381469727
2021-10-04,4300.4599609375,14255.48046875,34002.921875,2217.469970703125,22.959999084472656
2021-10-05,4345.72021484375,14433.830078125,34314.671875,2228.360107421875,21.299999237060547
2021-10-06,4363.5498046875,14501.91015625,34416.98828125,2214.9599609375,21.0
2021-10-07,4399.759765625,14654.01953125,34754.94140625,2250.090087890625,19.540000915527344
2021-10-08,4391.33984375,14579.5400390625,34746.25,2233.090087890625,18.770000457763672
2021-10-11,4361.18994140625,14486.2001953125,34496.05859375,2220.639892578125,20.0
2021-10-12,4350.64990234375,14465.919921875,34378.33984375,2234.27001953125,19.850000381469727
2021-10-13,4363.7998046875,14571.6396484375,34377.80859375,2241.969970703125,18.639999389648438
2021-10-14,4438.259765625,14823.4296875,34912.55859375,2274.179931640625,16.860000610351562
2021-10-15,4471.3701171875,14897.33984375,35294.76171875,2265.64990234375,16.299999237060547
2021-10-18,4486.4599609375,15021.8095703125,35258.609375,2267.840087890625,16.309999465942383
2021-10-19,4519.6298828125,15129.08984375,35457.30859375,2275.909912109375,15.699999809265137
2021-10-20,4536.18994140625,15121.6796875,35609.33984375,2289.77001953125,15.489999771118164
2021-10-21,4549.77978515625,15215.7001953125,35603.078125,2296.179931640625,15.010000228881836
2021-10-22,4544.89990234375,15090.2001953125,35677.01953125,2291.27001953125,15.430000305175781
2021-10-25,4566.47998046875,15226.7099609375,35741.1484375,2312.639892578125,15.239999771118164
2021-10-26,4574.7900390625,15235.7099609375,35756.87890625,2296.080078125,15.979999542236328
2021-10-27,4551.68017578125,15235.83984375,35490.69140625,2252.489990234375,16.979999542236328
2021-10-28,4596.419921875,15448.1201171875,35730.48046875,2297.97998046875,16.530000686645508
2021-10-29,4605.3798828125,15498.3896484375,35819.55859375,2297.18994140625,16.260000228881836
2021-11-01,4613.669921875,15595.919921875,35913.83984375,2358.1201171875,16.40999984741211
2021-11-02,4630.64990234375,15649.599609375,36052.62890625,2361.860107421875,16.030000686645508
2021-11-03,4660.56982421875,15811.580078125,36157.578125,2404.280029296875,15.100000381469727
2021-11-04,4680.06005859375,15940.3095703125,36124.23046875,2402.429931640625,15.4399995803833
2021-11-05,4697.52978515625,15971.58984375,36327.94921875,2437.080078125,16.479999542236328
2021-11-08,4701.7001953125,15982.3603515625,36432.21875,2442.739990234375,17.219999313354492
2021-11-09,4685.25,15886.5400390625,36319.98046875,2427.2900390625,17.780000686645508
2021-11-10,4646.7099609375,15622.7099609375,36079.94140625,2389.580078125,18.729999542236328
2021-11-11,4649.27001953125,15704.2802734375,35921.23046875,2409.139892578125,17.65999984741211
2021-11-12,4682.85009765625,15860.9599609375,36100.30859375,2411.780029296875,16.290000915527344
2021-11-15,4682.7998046875,15853.849609375,36087.44921875,2400.929931640625,16.489999771118164
2021-11-16,4700.89990234375,15973.8603515625,36142.21875,2405.02001953125,16.3700008392334
2021-11-17,4688.669921875,15921.5703125,35931.05078125,2377.010009765625,17.110000610351562
2021-11-18,4704.5400390625,15993.7099609375,35870.94921875,2363.590087890625,17.59000015258789
2021-11-19,4697.9599609375,16057.4404296875,35601.98046875,2343.159912109375,17.90999984741211
2021-11-22,4682.93994140625,15854.759765625,35619.25,2331.35009765625,19.170000076293945
2021-11-23,4690.7001953125,15775.1396484375,35813.80078125,2327.860107421875,19.3799991607666
2021-11-24,4701.4599609375,15845.23046875,35804.37890625,2331.4599609375,18.579999923706055
2021-11-26,4594.6201171875,15491.66015625,34899.33984375,2245.93994140625,28.6200008392334
2021-11-29,4655.27001953125,15782.830078125,35135.94140625,2241.97998046875,22.959999084472656
2021-11-30,4567.0,15537.6904296875,34483.71875,2198.909912109375,27.190000534057617
2021-12-01,4513.0400390625,15254.0498046875,34022.0390625,2147.419921875,31.1200008392334
2021-12-02,4577.10009765625,15381.3203125,34639.7890625,2206.330078125,27.950000762939453
2021-12-03,4538.43017578125,15085.4697265625,34580.078125,2159.31005859375,30.670000076293945
2021-12-06,4591.669921875,15225.150390625,35227.03125,2203.47998046875,27.18000030517578
2021-12-07,4686.75,15686.919921875,35719.4296875,2253.7900390625,21.889999389648438
2021-12-08,4701.2099609375,15786.990234375,35754.75,2271.7099609375,19.899999618530273
2021-12-09,4667.4501953125,15517.3701171875,35754.69140625,2220.2099609375,21.579999923706055
2021-12-10,4712.02001953125,15630.599609375,35970.98828125,2211.81005859375,18.690000534057617
2021-12-13,4668.97021484375,15413.2802734375,35650.94921875,2180.5,20.309999465942383
2021-12-14,4634.08984375,15237.6396484375,35544.1796875,2159.64990234375,21.889999389648438
2021-12-15,4709.85009765625,15565.580078125,35927.4296875,2195.2099609375,19.290000915527344
2021-12-16,4668.669921875,15180.4296875,35897.640625,2152.4599609375,20.56999969482422
2021-12-17,4620.64013671875,15169.6796875,35365.44140625,2173.929931640625,21.56999969482422
2021-12-20,4568.02001953125,14980.9404296875,34932.16015625,2139.8701171875,22.8700008392334
2021-12-21,4649.22998046875,15341.08984375,35492.69921875,2202.949951171875,21.010000228881836
2021-12-22,4696.56005859375,15521.8896484375,35753.890625,2221.89990234375,18.6299991607666
2021-12-23,4725.7900390625,15653.3701171875,35950.55859375,2241.580078125,17.959999084472656
2021-12-27,4791.18994140625,15871.259765625,36302.37890625,2261.4599609375,17.68000030517578
2021-12-28,4786.35009765625,15781.7197265625,36398.2109375,2246.510009765625,17.540000915527344
2021-12-29,4793.06005859375,15766.2197265625,36488.62890625,2249.239990234375,16.950000762939453
2021-12-30,4778.72998046875,15741.5595703125,36398.078125,2248.7900390625,17.329999923706055
2021-12-31,4766.18017578125,15644.9697265625,36338.30078125,2245.31005859375,17.219999313354492
2022-01-03,4796.56005859375,15832.7998046875,36585.05859375,2272.56005859375,16.600000381469727
2022-01-04,4793.5400390625,15622.7197265625,36799.6484375,2268.8701171875,16.90999984741211
2022-01-05,4700.580078125,15100.169921875,36407.109375,2194.0,19.729999542236328
2022-01-06,4696.0498046875,15080.8603515625,36236.46875,2206.3701171875,19.610000610351562
2022-01-07,4677.02978515625,14935.900390625,36231.66015625,2179.81005859375,18.760000228881836
2022-01-10,4670.2900390625,14942.830078125,36068.87109375,2171.14990234375,19.399999618530273
2022-01-11,4713.06982421875,15153.4501953125,36252.01953125,2194.0,18.40999984741211
2022-01-12,4726.35009765625,15188.3896484375,36290.3203125,2176.06005859375,17.6200008392334
2022-01-13,4659.02978515625,14806.8095703125,36113.62109375,2159.43994140625,20.309999465942383
2022-01-14,4662.85009765625,14893.75,35911.80859375,2162.4599609375,19.190000534057617
2022-01-18,4577.10986328125,14506.900390625,35368.46875,2096.22998046875,22.790000915527344
2022-01-19,4532.759765625,14340.259765625,35028.6484375,2062.780029296875,23.850000381469727
2022-01-20,4482.72998046875,14154.01953125,34715.390625,2024.0400390625,25.59000015258789
2022-01-21,4397.93994140625,13768.919921875,34265.37109375,1987.9200439453125,28.850000381469727
2022-01-24,4410.1298828125,13855.1298828125,34364.5,2033.510009765625,29.899999618530273
2022-01-25,4356.4501953125,13539.2900390625,34297.73046875,2004.030029296875,31.15999984741211
2022-01-26,4349.93017578125,13542.1201171875,34168.08984375,1976.4599609375,31.959999084472656
2022-01-27,4326.509765625,13352.7802734375,34160.78125,1931.2900390625,30.489999771118164
2022-01-28,4431.85009765625,13770.5703125,34725.46875,1968.510009765625,27.65999984741211
2022-01-31,4515.5498046875,14239.8798828125,35131.859375,2028.449951171875,24.829999923706055
2022-02-01,4546.5400390625,14346.0,35405.23828125,2050.739990234375,21.959999084472656
2022-02-02,4589.3798828125,14417.5498046875,35629.328125,2029.52001953125,22.09000015258789
2022-02-03,4477.43994140625,13878.8203125,35111.16015625,1991.030029296875,24.350000381469727
2022-02-04,4500.52978515625,14098.009765625,35089.73828125,2002.3599853515625,23.219999313354492
2022-02-07,4483.8701171875,14015.669921875,35091.12890625,2012.5999755859375,22.860000610351562
2022-02-08,4521.5400390625,14194.4501953125,35462.78125,2045.3699951171875,21.440000534057617
2022-02-09,4587.18017578125,14490.3701171875,35768.05859375,2083.5,19.959999084472656
2022-02-10,4504.080078125,14185.6396484375,35241.58984375,2051.159912109375,23.90999984741211
2022-02-11,4418.64013671875,13791.150390625,34738.05859375,2030.1500244140625,27.360000610351562
2022-02-14,4401.669921875,13790.919921875,34566.171875,2020.7900390625,28.329999923706055
2022-02-15,4471.06982421875,14139.759765625,34988.83984375,2076.4599609375,25.700000762939453
2022-02-16,4475.009765625,14124.08984375,34934.26953125,2079.31005859375,24.290000915527344
2022-02-17,4380.259765625,13716.7197265625,34312.03125,2028.0899658203125,28.110000610351562
2022-02-18,4348.8701171875,13548.0703125,34079.1796875,2009.3299560546875,27.75
2022-02-22,4304.759765625,13381.51953125,33596.609375,1980.1700439453125,28.809999465942383
2022-02-23,4225.5,13037.490234375,33131.76171875,1944.0899658203125,31.020000457763672
2022-02-24,4288.7001953125,13473.58984375,33223.828125,1996.010009765625,30.31999969482422
2022-02-25,4384.64990234375,13694.6201171875,34058.75,2040.9300537109375,27.59000015258789
2022-02-28,4373.93994140625,13751.400390625,33892.6015625,2048.090087890625,30.149999618530273
2022-03-01,4306.259765625,13532.4599609375,33294.94921875,2008.510009765625,33.31999969482422
2022-03-02,4386.5400390625,13752.01953125,33891.3515625,2058.8701171875,30.739999771118164
2022-03-03,4363.490234375,13537.9404296875,33794.66015625,2032.4100341796875,30.479999542236328
2022-03-04,4328.8701171875,13313.4404296875,33614.80078125,2000.9000244140625,31.979999542236328
2022-03-07,4201.08984375,12830.9599609375,32817.37890625,1951.3299560546875,36.45000076293945
2022-03-08,4170.7001953125,12795.5498046875,32632.640625,1963.010009765625,35.130001068115234
2022-03-09,4277.8798828125,13255.5498046875,33286.25,2016.2900390625,32.45000076293945
2022-03-10,4259.52001953125,13129.9599609375,33174.0703125,2011.6700439453125,30.229999542236328
2022-03-11,4204.31005859375,12843.8095703125,32944.19140625,1979.6700439453125,30.75
2022-03-14,4173.10986328125,12581.2197265625,32945.23828125,1941.719970703125,31.770000457763672
2022-03-15,4262.4501953125,12948.6201171875,33544.33984375,1968.969970703125,29.829999923706055
2022-03-16,4357.85986328125,13436.5498046875,34063.1015625,2030.719970703125,26.670000076293945
2022-03-17,4411.669921875,13614.7802734375,34480.76171875,2065.02001953125,25.670000076293945
2022-03-18,4463.1201171875,13893.83984375,34754.9296875,2086.139892578125,23.8700008392334
2022-03-21,4461.18017578125,13838.4599609375,34552.98828125,2065.93994140625,23.530000686645508
2022-03-22,4511.60986328125,14108.8203125,34807.4609375,2088.340087890625,22.940000534057617
2022-03-23,4456.240234375,13922.599609375,34358.5,2052.2099609375,23.56999969482422
2022-03-24,4520.16015625,14191.83984375,34707.94140625,2075.43994140625,21.670000076293945
2022-03-25,4543.06005859375,14169.2998046875,34861.23828125,2077.97998046875,20.809999465942383
2022-03-28,4575.52001953125,14354.900390625,34955.890625,2078.06005859375,19.6299991607666
2022-03-29,4631.60009765625,14619.6396484375,35294.19140625,2133.10009765625,18.899999618530273
2022-03-30,4602.4501953125,14442.26953125,35228.80859375,2091.070068359375,19.329999923706055
2022-03-31,4530.41015625,14220.51953125,34678.3515625,2070.1298828125,20.559999465942383
2022-04-01,4545.85986328125,14261.5,34818.26953125,2091.110107421875,19.6299991607666
2022-04-04,4582.64013671875,14532.5498046875,34921.87890625,2095.43994140625,18.56999969482422
2022-04-05,4525.1201171875,14204.169921875,34641.1796875,2046.0400390625,21.030000686645508
2022-04-06,4481.14990234375,13888.8203125,34496.51171875,2016.93994140625,22.100000381469727
2022-04-07,4500.2099609375,13897.2998046875,34583.5703125,2009.800048828125,21.549999237060547
2022-04-08,4488.27978515625,13711.0,34721.12109375,1994.56005859375,21.15999984741211
2022-04-11,4412.52978515625,13411.9599609375,34308.078125,1980.3199462890625,24.3700008392334
2022-04-12,4397.4501953125,13371.5703125,34220.359375,1986.93994140625,24.260000228881836
2022-04-13,4446.58984375,13643.58984375,34564.58984375,2025.0999755859375,21.81999969482422
2022-04-14,4392.58984375,13351.080078125,34451.23046875,2004.97998046875,22.700000762939453
2022-04-18,4391.68994140625,13332.3603515625,34411.69140625,1990.1300048828125,22.170000076293945
2022-04-19,4462.2099609375,13619.66015625,34911.19921875,2030.77001953125,21.3700008392334
2022-04-20,4459.4501953125,13453.0703125,35160.7890625,2038.18994140625,20.31999969482422
2022-04-21,4393.66015625,13174.650390625,34792.76171875,1991.4599609375,22.68000030517578
2022-04-22,4271.77978515625,12839.2900390625,33811.3984375,1940.6600341796875,28.209999084472656
2022-04-25,4296.1201171875,13004.849609375,34049.4609375,1954.199951171875,27.020000457763672
2022-04-26,4175.2001953125,12490.740234375,33240.1796875,1890.469970703125,33.52000045776367
2022-04-27,4183.9599609375,12488.9296875,33301.9296875,1884.0400390625,31.600000381469727
2022-04-28,4287.5,12871.5302734375,33916.390625,1917.93994140625,29.989999771118164
2022-04-29,4131.93017578125,12334.6396484375,32977.2109375,1864.0999755859375,33.400001525878906
2022-05-02,4155.3798828125,12536.01953125,33061.5,1882.9100341796875,32.34000015258789
2022-05-03,4175.47998046875,12563.759765625,33128.7890625,1898.8599853515625,29.25
2022-05-04,4300.169921875,12964.8603515625,34061.05859375,1949.9200439453125,25.420000076293945
2022-05-05,4146.8701171875,12317.6904296875,32997.96875,1871.1500244140625,31.200000762939453
2022-05-06,4123.33984375,12144.66015625,32899.37109375,1839.56005859375,30.190000534057617
2022-05-09,3991.239990234375,11623.25,32245.69921875,1762.0799560546875,34.75
2022-05-10,4001.050048828125,11737.669921875,32160.740234375,1761.7900390625,32.9900016784668
2022-05-11,3935.179931640625,11364.240234375,31834.109375,1718.1400146484375,32.560001373291016
2022-05-12,3930.080078125,11370.9599609375,31730.30078125,1739.3800048828125,31.770000457763672
2022-05-13,4023.889892578125,11805.0,32196.66015625,1792.6700439453125,28.8700008392334
2022-05-16,4008.010009765625,11662.7900390625,32223.419921875,1783.4300537109375,27.469999313354492
2022-05-17,4088.85009765625,11984.51953125,32654.58984375,1840.300048828125,26.100000381469727
2022-05-18,3923.679931640625,11418.150390625,31490.0703125,1774.8499755859375,30.959999084472656
2022-05-19,3900.7900390625,11388.5,31253.130859375,1776.219970703125,29.350000381469727
2022-05-20,3901.360107421875,11354.6201171875,31261.900390625,1773.27001953125,29.43000030517578
2022-05-23,3973.75,11535.26953125,31880.240234375,1792.760009765625,28.479999542236328
2022-05-24,3941.47998046875,11264.4501953125,31928.619140625,1764.8299560546875,29.450000762939453
2022-05-25,3978.72998046875,11434.740234375,32120.279296875,1799.1600341796875,28.3700008392334
2022-05-26,4057.840087890625,11740.650390625,32637.189453125,1838.239990234375,27.5
2022-05-27,4158.240234375,12131.1298828125,33212.9609375,1887.9000244140625,25.719999313354492
2022-05-31,4132.14990234375,12081.3896484375,32990.12109375,1864.0400390625,26.190000534057617
2022-06-01,4101.22998046875,11994.4599609375,32813.23046875,1854.8199462890625,25.690000534057617
2022-06-02,4176.81982421875,12316.900390625,33248.28125,1897.6700439453125,24.719999313354492
2022-06-03,4108.5400390625,12012.73046875,32899.69921875,1883.050048828125,24.790000915527344
2022-06-06,4121.43017578125,12061.3701171875,32915.78125,1889.8900146484375,25.06999969482422
2022-06-07,4160.68017578125,12175.23046875,33180.140625,1919.56005859375,24.020000457763672
2022-06-08,4115.77001953125,12086.26953125,32910.8984375,1891.010009765625,23.959999084472656
2022-06-09,4017.820068359375,11754.23046875,32272.7890625,1850.8599853515625,26.09000015258789
2022-06-10,3900.860107421875,11340.01953125,31392.7890625,1800.280029296875,27.75
2022-06-13,3749.6298828125,10809.23046875,30516.740234375,1714.5899658203125,34.02000045776367
2022-06-14,3735.47998046875,10828.349609375,30364.830078125,1707.8299560546875,32.689998626708984
2022-06-15,3789.989990234375,11099.150390625,30668.529296875,1731.1400146484375,29.6200008392334
2022-06-16,3666.77001953125,10646.099609375,29927.0703125,1649.8399658203125,32.95000076293945
2022-06-17,3674.840087890625,10798.349609375,29888.779296875,1665.68994140625,31.1299991607666
2022-06-21,3764.7900390625,11069.2998046875,30530.25,1694.030029296875,30.190000534057617
2022-06-22,3759.889892578125,11053.080078125,30483.130859375,1690.280029296875,28.950000762939453
2022-06-23,3795.72998046875,11232.1904296875,30677.359375,1711.6700439453125,29.049999237060547
2022-06-24,3911.739990234375,11607.6201171875,31500.6796875,1765.739990234375,27.229999542236328
2022-06-27,3900.110107421875,11524.5498046875,31438.259765625,1771.739990234375,26.950000762939453
2022-06-28,3821.550048828125,11181.5400390625,30946.990234375,1738.8399658203125,28.360000610351562
2022-06-29,3818.830078125,11177.8896484375,31029.310546875,1719.3699951171875,28.15999984741211
2022-06-30,3785.3798828125,11028.740234375,30775.4296875,1707.989990234375,28.709999084472656
2022-07-01,3825.330078125,11127.849609375,31097.259765625,1727.760009765625,26.700000762939453
2022-07-05,3831.389892578125,11322.240234375,30967.8203125,1741.3299560546875,27.540000915527344
2022-07-06,3845.080078125,11361.849609375,31037.6796875,1727.550048828125,26.729999542236328
2022-07-07,3902.6201171875,11621.349609375,31384.55078125,1769.5999755859375,26.079999923706055
2022-07-08,3899.3798828125,11635.3095703125,31338.150390625,1769.3599853515625,24.639999389648438
2022-07-11,3854.429931640625,11372.599609375,31173.83984375,1732.010009765625,26.170000076293945
2022-07-12,3818.800048828125,11264.73046875,30981.330078125,1728.1800537109375,27.290000915527344
2022-07-13,3801.780029296875,11247.580078125,30772.7890625,1726.0400390625,26.81999969482422
2022-07-14,3790.3798828125,11251.1904296875,30630.169921875,1707.510009765625,26.399999618530273
2022-07-15,3863.159912109375,11452.419921875,31288.259765625,1744.3699951171875,24.229999542236328
2022-07-18,3830.85009765625,11360.0498046875,31072.609375,1738.4200439453125,25.299999237060547
2022-07-19,3936.68994140625,11713.150390625,31827.05078125,1799.3199462890625,24.5
2022-07-20,3959.89990234375,11897.650390625,31874.83984375,1827.949951171875,23.8799991607666
2022-07-21,3998.949951171875,12059.6103515625,32036.900390625,1836.68994140625,23.110000610351562
2022-07-22,3961.6298828125,11834.1103515625,31899.2890625,1806.8800048828125,23.030000686645508
2022-07-25,3966.840087890625,11782.669921875,31990.0390625,1817.77001953125,23.360000610351562
2022-07-26,3921.050048828125,11562.5703125,31761.5390625,1805.25,24.690000534057617
2022-07-27,4023.610107421875,12032.419921875,32197.58984375,1848.3399658203125,23.239999771118164
2022-07-28,4072.429931640625,12162.58984375,32529.630859375,1873.030029296875,22.329999923706055
2022-07-29,4130.2900390625,12390.6904296875,32845.12890625,1885.22998046875,21.329999923706055
2022-08-01,4118.6298828125,12368.98046875,32798.3984375,1883.31005859375,22.84000015258789
2022-08-02,4091.18994140625,12348.759765625,32396.169921875,1882.449951171875,23.93000030517578
2022-08-03,4155.169921875,12668.16015625,32812.5,1908.9300537109375,21.950000762939453
2022-08-04,4151.93994140625,12720.580078125,32726.8203125,1906.4599609375,21.440000534057617
2022-08-05,4145.18994140625,12657.5498046875,32803.46875,1921.8199462890625,21.149999618530273
2022-08-08,4140.06005859375,12644.4599609375,32832.5390625,1941.2099609375,21.290000915527344
2022-08-09,4122.47021484375,12493.9296875,32774.41015625,1912.8900146484375,21.770000457763672
2022-08-10,4210.240234375,12854.7998046875,33309.51171875,1969.25,19.739999771118164
2022-08-11,4207.27001953125,12779.91015625,33336.671875,1975.260009765625,20.200000762939453
2022-08-12,4280.14990234375,13047.1904296875,33761.05078125,2016.6199951171875,19.530000686645508
2022-08-15,4297.14013671875,13128.0498046875,33912.44140625,2021.3499755859375,19.950000762939453
2022-08-16,4305.2001953125,13102.5498046875,34152.01171875,2020.530029296875,19.690000534057617
2022-08-17,4274.0400390625,12938.1201171875,33980.3203125,1987.31005859375,19.899999618530273
2022-08-18,4283.740234375,12965.33984375,33999.0390625,2000.72998046875,19.559999465942383
2022-08-19,4228.47998046875,12705.2197265625,33706.73828125,1957.3499755859375,20.600000381469727
2022-08-22,4137.990234375,12381.5703125,33063.609375,1915.739990234375,23.799999237060547
2022-08-23,4128.72998046875,12381.2998046875,32909.58984375,1919.1400146484375,24.110000610351562
2022-08-24,4140.77001953125,12431.5302734375,32969.23046875,1935.2900390625,22.81999969482422
2022-08-25,4199.1201171875,12639.26953125,33291.78125,1964.6400146484375,21.780000686645508
2022-08-26,4057.659912109375,12141.7099609375,32283.400390625,1899.8299560546875,25.559999465942383
2022-08-29,4030.610107421875,12017.669921875,32098.990234375,1882.93994140625,26.209999084472656
2022-08-30,3986.159912109375,11883.1396484375,31790.869140625,1855.5899658203125,26.209999084472656
2022-08-31,3955.0,11816.2001953125,31510.4296875,1844.1199951171875,25.8700008392334
2022-09-01,3966.85009765625,11785.1298828125,31656.419921875,1822.8199462890625,25.559999465942383
2022-09-02,3924.260009765625,11630.8603515625,31318.439453125,1809.75,25.469999313354492
2022-09-06,3908.18994140625,11544.91015625,31145.30078125,1792.3199462890625,26.90999984741211
2022-09-07,3979.8701171875,11791.900390625,31581.279296875,1832.0,24.639999389648438
2022-09-08,4006.179931640625,11862.1298828125,31774.51953125,1846.9100341796875,23.610000610351562
2022-09-09,4067.360107421875,12112.3095703125,32151.7109375,1882.8499755859375,22.790000915527344
2022-09-12,4110.41015625,12266.41015625,32381.33984375,1906.0899658203125,23.8700008392334
2022-09-13,3932.68994140625,11633.5703125,31104.970703125,1831.5699462890625,27.270000457763672
2022-09-14,3946.010009765625,11719.6796875,31135.08984375,1838.4599609375,26.15999984741211
2022-09-15,3901.35009765625,11552.3603515625,30961.8203125,1825.22998046875,26.270000457763672
2022-09-16,3873.330078125,11448.400390625,30822.419921875,1798.18994140625,26.299999237060547
2022-09-19,3899.889892578125,11535.01953125,31019.6796875,1812.8399658203125,25.760000228881836
2022-09-20,3855.929931640625,11425.0498046875,30706.23046875,1787.5,27.15999984741211
2022-09-21,3789.929931640625,11220.1904296875,30183.779296875,1762.1600341796875,27.989999771118164
2022-09-22,3757.989990234375,11066.8095703125,30076.6796875,1722.31005859375,27.350000381469727
2022-09-23,3693.22998046875,10867.9296875,29590.41015625,1679.5899658203125,29.920000076293945
2022-09-26,3655.0400390625,10802.919921875,29260.810546875,1655.8800048828125,32.2599983215332
2022-09-27,3647.2900390625,10829.5,29134.990234375,1662.510009765625,32.599998474121094
2022-09-28,3719.0400390625,11051.6396484375,29683.740234375,1715.239990234375,30.18000030517578
2022-09-29,3640.469970703125,10737.509765625,29225.609375,1674.9300537109375,31.84000015258789
2022-09-30,3585.6201171875,10575.6201171875,28725.509765625,1664.719970703125,31.6200008392334
2022-10-03,3678.429931640625,10815.4296875,29490.890625,1708.8699951171875,30.100000381469727
2022-10-04,3790.929931640625,11176.41015625,30316.3203125,1775.77001953125,29.06999969482422
2022-10-05,3783.280029296875,11148.6396484375,30273.869140625,1762.68994140625,28.549999237060547
2022-10-06,3744.52001953125,11073.3095703125,29926.939453125,1752.510009765625,30.520000457763672
2022-10-07,3639.659912109375,10652.400390625,29296.7890625,1702.1500244140625,31.360000610351562
2022-10-10,3612.389892578125,10542.099609375,29202.880859375,1691.9200439453125,32.45000076293945
2022-10-11,3588.840087890625,10426.1904296875,29239.189453125,1692.9200439453125,33.630001068115234
2022-10-12,3577.030029296875,10417.099609375,29210.849609375,1687.760009765625,33.56999969482422
2022-10-13,3669.909912109375,10649.150390625,30038.720703125,1728.4100341796875,31.940000534057617
2022-10-14,3583.070068359375,10321.3896484375,29634.830078125,1682.4000244140625,32.02000045776367
2022-10-17,3677.949951171875,10675.7998046875,30185.8203125,1735.75,31.3700008392334
2022-10-18,3719.97998046875,10772.400390625,30523.80078125,1755.9599609375,30.5
2022-10-19,3695.159912109375,10680.509765625,30423.810546875,1725.760009765625,30.760000228881836
2022-10-20,3665.780029296875,10614.83984375,30333.58984375,1704.3900146484375,29.979999542236328
2022-10-21,3752.75,10859.7197265625,31082.560546875,1742.239990234375,29.690000534057617
2022-10-24,3797.340087890625,10952.6103515625,31499.619140625,1748.4000244140625,29.850000381469727
2022-10-25,3859.110107421875,11199.1201171875,31836.740234375,1796.1600341796875,28.459999084472656
2022-10-26,3830.60009765625,10970.990234375,31839.109375,1804.3299560546875,27.280000686645508
2022-10-27,3807.300048828125,10792.669921875,32033.279296875,1806.3199462890625,27.389999389648438
2022-10-28,3901.06005859375,11102.4501953125,32861.80078125,1846.9200439453125,25.75
2022-10-31,3871.97998046875,10988.150390625,32732.94921875,1846.8599853515625,25.8799991607666
2022-11-01,3856.10009765625,10890.849609375,32653.19921875,1851.3900146484375,25.809999465942383
2022-11-02,3759.68994140625,10524.7998046875,32147.759765625,1789.1400146484375,25.860000610351562
2022-11-03,3719.889892578125,10342.9404296875,32001.25,1779.72998046875,25.299999237060547
2022-11-04,3770.550048828125,10475.25,32403.220703125,1799.8699951171875,24.549999237060547
2022-11-07,3806.800048828125,10564.51953125,32827.0,1809.81005859375,24.350000381469727
2022-11-08,3828.110107421875,10616.2001953125,33160.828125,1808.9300537109375,25.540000915527344
2022-11-09,3748.570068359375,10353.169921875,32513.939453125,1760.4000244140625,26.09000015258789
2022-11-10,3956.3701171875,11114.150390625,33715.37109375,1867.9300537109375,23.530000686645508
2022-11-11,3992.929931640625,11323.330078125,33747.859375,1882.739990234375,22.520000457763672
2022-11-14,3957.25,11196.2197265625,33536.69921875,1861.25,23.729999542236328
2022-11-15,3991.72998046875,11358.41015625,33592.921875,1889.199951171875,24.540000915527344
2022-11-16,3958.7900390625,11183.66015625,33553.828125,1853.1700439453125,24.110000610351562
2022-11-17,3946.56005859375,11144.9599609375,33546.3203125,1839.1199951171875,23.93000030517578
2022-11-18,3965.340087890625,11146.0595703125,33745.69140625,1849.72998046875,23.1200008392334
2022-11-21,3949.93994140625,11024.509765625,33700.28125,1839.1400146484375,22.360000610351562
2022-11-22,4003.580078125,11174.41015625,34098.1015625,1860.43994140625,21.290000915527344
2022-11-23,4027.260009765625,11285.3203125,34194.05859375,1863.52001953125,20.350000381469727
2022-11-25,4026.1201171875,11226.3603515625,34347.03125,1869.18994140625,20.5
2022-11-28,3963.93994140625,11049.5,33849.4609375,1830.9599609375,22.209999084472656
2022-11-29,3957.6298828125,10983.7802734375,33852.53125,1836.550048828125,21.889999389648438
2022-11-30,4080.110107421875,11468.0,34589.76953125,1886.5799560546875,20.579999923706055
2022-12-01,4076.570068359375,11482.4501953125,34395.01171875,1881.6800537109375,19.84000015258789
2022-12-02,4071.699951171875,11461.5,34429.87890625,1892.8399658203125,19.059999465942383
2022-12-05,3998.840087890625,11239.9404296875,33947.1015625,1840.219970703125,20.75
2022-12-06,3941.260009765625,11014.8896484375,33596.33984375,1812.5799560546875,22.170000076293945
2022-12-07,3933.919921875,10958.5498046875,33597.921875,1806.9000244140625,22.68000030517578
2022-12-08,3963.510009765625,11082.0,33781.48046875,1818.2900390625,22.290000915527344
2022-12-09,3934.3798828125,11004.6201171875,33476.4609375,1796.6600341796875,22.829999923706055
2022-12-12,3990.56005859375,11143.740234375,34005.0390625,1818.6099853515625,25.0
2022-12-13,4019.64990234375,11256.8095703125,34108.640625,1832.3599853515625,22.549999237060547
2022-12-14,3995.320068359375,11170.8896484375,33966.3515625,1820.449951171875,21.139999389648438
2022-12-15,3895.75,10810.5302734375,33202.21875,1774.6099853515625,22.829999923706055
2022-12-16,3852.360107421875,10705.41015625,32920.4609375,1763.4200439453125,22.6200008392334
2022-12-19,3817.659912109375,10546.0302734375,32757.5390625,1738.5799560546875,22.420000076293945
2022-12-20,3821.6201171875,10547.1103515625,32849.73828125,1748.02001953125,21.479999542236328
2022-12-21,3878.43994140625,10709.3701171875,33376.48046875,1776.93994140625,20.06999969482422
2022-12-22,3822.389892578125,10476.1201171875,33027.48828125,1754.0899658203125,21.969999313354492
2022-12-23,3844.820068359375,10497.8603515625,33203.9296875,1760.9300537109375,20.8700008392334
2022-12-27,3829.25,10353.23046875,33241.55859375,1749.52001953125,21.649999618530273
2022-12-28,3783.219970703125,10213.2900390625,32875.7109375,1722.02001953125,22.139999389648438
2022-12-29,3849.280029296875,10478.08984375,33220.80078125,1766.25,21.440000534057617
2022-12-30,3839.5,10466.48046875,33147.25,1761.25,21.670000076293945
2023-01-03,3824.139892578125,10386.98046875,33136.37109375,1750.72998046875,22.899999618530273
2023-01-04,3852.969970703125,10458.759765625,33269.76953125,1772.5400390625,22.010000228881836
2023-01-05,3808.10009765625,10305.240234375,32930.078125,1753.18994140625,22.459999084472656
2023-01-06,3895.080078125,10569.2900390625,33630.609375,1792.800048828125,21.1299991607666
2023-01-09,3892.090087890625,10635.650390625,33517.6484375,1795.9100341796875,21.969999313354492
2023-01-10,3919.25,10742.6298828125,33704.1015625,1822.6500244140625,20.579999923706055
2023-01-11,3969.610107421875,10931.669921875,33973.01171875,1844.050048828125,21.09000015258789
2023-01-12,3983.169921875,11001.099609375,34189.96875,1876.06005859375,18.829999923706055
2023-01-13,3999.090087890625,11079.16015625,34302.609375,1887.030029296875,18.350000381469727
2023-01-17,3990.969970703125,11095.1103515625,33910.8515625,1884.2900390625,19.360000610351562
2023-01-18,3928.860107421875,10957.009765625,33296.9609375,1854.3599853515625,20.34000015258789
2023-01-19,3898.85009765625,10852.26953125,33044.55859375,1836.3499755859375,20.520000457763672
2023-01-20,3972.610107421875,11140.4296875,33375.48828125,1867.3399658203125,19.850000381469727
2023-01-23,4019.81005859375,11364.41015625,33629.55859375,1890.77001953125,19.809999465942383
2023-01-24,4016.949951171875,11334.26953125,33733.9609375,1885.6099853515625,19.200000762939453
2023-01-25,4016.219970703125,11313.3603515625,33743.83984375,1890.3199462890625,19.079999923706055
2023-01-26,4060.429931640625,11512.41015625,33949.41015625,1903.06005859375,18.729999542236328
2023-01-27,4070.56005859375,11621.7099609375,33978.078125,1911.4599609375,18.510000228881836
2023-01-30,4017.77001953125,11393.8095703125,33717.08984375,1885.719970703125,19.940000534057617
2023-01-31,4076.60009765625,11584.5498046875,34086.0390625,1931.93994140625,19.399999618530273
2023-02-01,4119.2099609375,11816.3203125,34092.9609375,1960.81005859375,17.8700008392334
2023-02-02,4179.759765625,12200.8203125,34053.94140625,2001.219970703125,18.729999542236328
2023-02-03,4136.47998046875,12006.9501953125,33926.01171875,1985.530029296875,18.329999923706055
2023-02-06,4111.080078125,11887.4501953125,33891.01953125,1957.719970703125,19.43000030517578
2023-02-07,4164.0,12113.7900390625,34156.69140625,1972.6099853515625,18.65999984741211
2023-02-08,4117.85986328125,11910.51953125,33949.01171875,1942.5999755859375,19.6299991607666
2023-02-09,4081.5,11789.580078125,33699.87890625,1915.3399658203125,20.709999084472656
2023-02-10,4090.4599609375,11718.1201171875,33869.26953125,1918.81005859375,20.530000686645508
2023-02-13,4137.2900390625,11891.7900390625,34245.9296875,1941.1400146484375,20.34000015258789
2023-02-14,4136.1298828125,11960.150390625,34089.26953125,1939.9100341796875,18.90999984741211
2023-02-15,4147.60009765625,12070.58984375,34128.05078125,1960.969970703125,18.229999542236328
2023-02-16,4090.409912109375,11855.830078125,33696.8515625,1942.2099609375,20.170000076293945
2023-02-17,4079.090087890625,11787.26953125,33826.69140625,1946.3599853515625,20.020000457763672
2023-02-21,3997.340087890625,11492.2998046875,33129.58984375,1888.2099609375,22.8700008392334
2023-02-22,3991.050048828125,11507.0703125,33045.08984375,1894.6800537109375,22.290000915527344
2023-02-23,4012.320068359375,11590.400390625,33153.91015625,1908.0899658203125,21.139999389648438
2023-02-24,3970.0400390625,11394.9404296875,32816.921875,1890.489990234375,21.670000076293945
2023-02-27,3982.239990234375,11466.98046875,32889.08984375,1896.27001953125,20.950000762939453
2023-02-28,3970.14990234375,11455.5400390625,32656.69921875,1896.989990234375,20.700000762939453
2023-03-01,3951.389892578125,11379.48046875,32661.83984375,1898.4300537109375,20.579999923706055
2023-03-02,3981.35009765625,11462.98046875,33003.5703125,1902.6600341796875,19.59000015258789
2023-03-03,4045.639892578125,11689.009765625,33390.96875,1928.260009765625,18.489999771118164
2023-03-06,4048.419921875,11675.740234375,33431.44140625,1899.760009765625,18.610000610351562
2023-03-07,3986.3701171875,11530.330078125,32856.4609375,1878.719970703125,19.59000015258789
2023-03-08,3992.010009765625,11576.0,32798.3984375,1879.47998046875,19.110000610351562
2023-03-09,3918.320068359375,11338.349609375,32254.859375,1826.5899658203125,22.610000610351562
2023-03-10,3861.590087890625,11138.8896484375,31909.640625,1772.699951171875,24.799999237060547
2023-03-13,3855.760009765625,11188.83984375,31819.140625,1744.300048828125,26.520000457763672
2023-03-14,3919.2900390625,11428.150390625,32155.400390625,1776.8900146484375,23.729999542236328
2023-03-15,3891.929931640625,11434.0498046875,31874.5703125,1745.93994140625,26.139999389648438
2023-03-16,3960.280029296875,11717.2802734375,32246.55078125,1771.239990234375,22.989999771118164
2023-03-17,3916.639892578125,11630.509765625,31861.98046875,1725.8900146484375,25.510000228881836
2023-03-20,3951.570068359375,11675.5400390625,32244.580078125,1744.989990234375,24.149999618530273
2023-03-21,4002.8701171875,11860.1103515625,32560.599609375,1777.739990234375,21.3799991607666
2023-03-22,3936.969970703125,11669.9599609375,32030.109375,1727.3599853515625,22.260000228881836
2023-03-23,3948.719970703125,11787.400390625,32105.25,1720.2900390625,22.610000610351562
2023-03-24,3970.989990234375,11823.9599609375,32237.529296875,1734.9200439453125,21.739999771118164
2023-03-27,3977.530029296875,11768.83984375,32432.080078125,1753.6700439453125,20.600000381469727
2023-03-28,3971.27001953125,11716.080078125,32394.25,1752.6300048828125,19.969999313354492
2023-03-29,4027.81005859375,11926.240234375,32717.599609375,1771.5999755859375,19.1200008392334
2023-03-30,4050.830078125,12013.4697265625,32859.03125,1768.3800048828125,19.020000457763672
2023-03-31,4109.31005859375,12221.91015625,33274.1484375,1802.47998046875,18.700000762939453
2023-04-03,4124.509765625,12189.4501953125,33601.1484375,1802.31005859375,18.549999237060547
2023-04-04,4100.60009765625,12126.330078125,33402.37890625,1769.6500244140625,19.0
2023-04-05,4090.3798828125,11996.8603515625,33482.71875,1752.1300048828125,19.079999923706055
2023-04-06,4105.02001953125,12087.9599609375,33485.2890625,1754.4599609375,18.399999618530273
2023-04-10,4109.10986328125,12084.3603515625,33586.51953125,1772.43994140625,18.969999313354492
2023-04-11,4108.93994140625,12031.8798828125,33684.7890625,1786.5899658203125,19.100000381469727
2023-04-12,4091.949951171875,11929.33984375,33646.5,1773.699951171875,19.09000015258789
2023-04-13,4146.22021484375,12166.26953125,34029.69140625,1796.6800537109375,17.799999237060547
2023-04-14,4137.64013671875,12123.4697265625,33886.46875,1781.1500244140625,17.06999969482422
2023-04-17,4151.31982421875,12157.7197265625,33987.1796875,1802.8399658203125,16.950000762939453
2023-04-18,4154.8701171875,12153.41015625,33976.62890625,1795.550048828125,16.829999923706055
2023-04-19,4154.52001953125,12157.23046875,33897.01171875,1799.43994140625,16.459999084472656
2023-04-20,4129.7900390625,12059.5595703125,33786.62109375,1789.699951171875,17.170000076293945
2023-04-21,4133.52001953125,12072.4599609375,33808.9609375,1791.510009765625,16.770000457763672
2023-04-24,4137.0400390625,12037.2001953125,33875.3984375,1788.8699951171875,16.889999389648438
2023-04-25,4071.6298828125,11799.16015625,33530.828125,1745.949951171875,18.760000228881836
2023-04-26,4055.989990234375,11854.349609375,33301.87109375,1730.4100341796875,18.84000015258789
2023-04-27,4135.35009765625,12142.240234375,33826.16015625,1751.219970703125,17.030000686645508
2023-04-28,4169.47998046875,12226.580078125,34098.16015625,1768.989990234375,15.779999732971191
2023-05-01,4167.8701171875,12212.599609375,34051.69921875,1769.2099609375,16.079999923706055
2023-05-02,4119.580078125,12080.509765625,33684.53125,1732.1099853515625,17.780000686645508
2023-05-03,4090.75,12025.330078125,33414.23828125,1739.280029296875,18.34000015258789
2023-05-04,4061.219970703125,11966.400390625,33127.73828125,1718.81005859375,20.09000015258789
2023-05-05,4136.25,12235.41015625,33674.37890625,1759.8800048828125,17.190000534057617
2023-05-08,4138.1201171875,12256.919921875,33618.69140625,1754.469970703125,16.979999542236328
2023-05-09,4119.169921875,12179.5498046875,33561.80859375,1749.6800537109375,17.709999084472656
2023-05-10,4137.64013671875,12306.4404296875,33531.328125,1759.510009765625,16.940000534057617
2023-05-11,4130.6201171875,12328.509765625,33309.51171875,1744.7099609375,16.93000030517578
2023-05-12,4124.080078125,12284.740234375,33300.62109375,1740.8499755859375,17.030000686645508
2023-05-15,4136.27978515625,12365.2099609375,33348.6015625,1761.550048828125,17.1200008392334
2023-05-16,4109.89990234375,12343.0498046875,33012.140625,1736.1800537109375,17.989999771118164
2023-05-17,4158.77001953125,12500.5703125,33420.76953125,1774.5,16.8700008392334
2023-05-18,4198.0498046875,12688.83984375,33535.91015625,1784.8599853515625,16.049999237060547
2023-05-19,4191.97998046875,12657.900390625,33426.62890625,1773.719970703125,16.809999465942383
2023-05-22,4192.6298828125,12720.7802734375,33286.578125,1795.3800048828125,17.209999084472656
2023-05-23,4145.580078125,12560.25,33055.51171875,1787.7099609375,18.530000686645508
2023-05-24,4115.240234375,12484.16015625,32799.921875,1767.0,20.030000686645508
2023-05-25,4151.27978515625,12698.08984375,32764.650390625,1754.5999755859375,19.139999389648438
2023-05-26,4205.4501953125,12975.6904296875,33093.33984375,1773.02001953125,17.950000762939453
2023-05-30,4205.52001953125,13017.4296875,33042.78125,1767.2900390625,17.459999084472656
2023-05-31,4179.830078125,12935.2900390625,32908.26953125,1749.6500244140625,17.940000534057617
2023-06-01,4221.02001953125,13100.98046875,33061.5703125,1767.93994140625,15.649999618530273
2023-06-02,4282.3701171875,13240.76953125,33762.76171875,1830.9100341796875,14.600000381469727
2023-06-05,4273.7900390625,13229.4296875,33562.859375,1806.7099609375,14.729999542236328
2023-06-06,4283.85009765625,13276.419921875,33573.28125,1855.4000244140625,13.960000038146973
2023-06-07,4267.52001953125,13104.900390625,33665.01953125,1888.449951171875,13.9399995803833
2023-06-08,4293.93017578125,13238.51953125,33833.609375,1880.780029296875,13.649999618530273
2023-06-09,4298.85986328125,13259.1396484375,33876.78125,1865.7099609375,13.829999923706055
2023-06-12,4338.93017578125,13461.919921875,34066.328125,1873.2099609375,15.010000228881836
2023-06-13,4369.009765625,13573.3203125,34212.12109375,1896.3299560546875,14.609999656677246
2023-06-14,4372.58984375,13626.48046875,33979.328125,1874.0999755859375,13.880000114440918
2023-06-15,4425.83984375,13782.8203125,34408.05859375,1889.280029296875,14.5
2023-06-16,4409.58984375,13689.5703125,34299.12109375,1875.469970703125,13.539999961853027
2023-06-20,4388.7099609375,13667.2900390625,34053.87109375,1866.699951171875,13.880000114440918
2023-06-21,4365.68994140625,13502.2001953125,33951.51953125,1863.010009765625,13.199999809265137
2023-06-22,4381.89013671875,13630.6103515625,33946.7109375,1848.1800537109375,12.90999984741211
2023-06-23,4348.330078125,13492.51953125,33727.4296875,1821.6300048828125,13.4399995803833
2023-06-26,4328.81982421875,13335.7802734375,33714.7109375,1823.260009765625,14.25
2023-06-27,4378.41015625,13555.669921875,33926.73828125,1849.9300537109375,13.739999771118164
2023-06-28,4376.85986328125,13591.75,33852.66015625,1858.7099609375,13.430000305175781
2023-06-29,4396.43994140625,13591.330078125,34122.421875,1881.5899658203125,13.539999961853027
2023-06-30,4450.3798828125,13787.919921875,34407.6015625,1888.72998046875,13.59000015258789
2023-07-03,4455.58984375,13816.76953125,34418.46875,1896.780029296875,13.569999694824219
2023-07-05,4446.81982421875,13791.650390625,34288.640625,1872.9100341796875,14.180000305175781
2023-07-06,4411.58984375,13679.0400390625,33922.26171875,1842.22998046875,15.4399995803833
2023-07-07,4398.9501953125,13660.7197265625,33734.87890625,1864.6600341796875,14.829999923706055
2023-07-10,4409.52978515625,13685.48046875,33944.3984375,1895.25,15.069999694824219
2023-07-11,4439.259765625,13760.7001953125,34261.421875,1913.3599853515625,14.84000015258789
2023-07-12,4472.16015625,13918.9599609375,34347.4296875,1933.3800048828125,13.539999961853027
2023-07-13,4510.0400390625,14138.5703125,34395.140625,1950.8900146484375,13.609999656677246
2023-07-14,4505.419921875,14113.7001953125,34509.03125,1931.0899658203125,13.34000015258789
2023-07-17,4522.7900390625,14244.9501953125,34585.3515625,1951.27001953125,13.479999542236328
2023-07-18,4554.97998046875,14353.6396484375,34951.9296875,1976.0699462890625,13.300000190734863
2023-07-19,4565.72021484375,14358.01953125,35061.2109375,1984.8900146484375,13.760000228881836
2023-07-20,4534.8701171875,14063.3095703125,35225.1796875,1967.1600341796875,13.989999771118164
2023-07-21,4536.33984375,14032.8095703125,35227.69140625,1960.260009765625,13.600000381469727
2023-07-24,4554.64013671875,14058.8701171875,35411.23828125,1965.6800537109375,13.90999984741211
2023-07-25,4567.4599609375,14144.5595703125,35438.0703125,1966.1099853515625,13.859999656677246
2023-07-26,4566.75,14127.2802734375,35520.12109375,1980.3599853515625,13.1899995803833
2023-07-27,4537.41015625,14050.1103515625,35282.71875,1954.9000244140625,14.40999984741211
2023-07-28,4582.22998046875,14316.66015625,35459.2890625,1981.5400390625,13.329999923706055
2023-07-31,4588.9599609375,14346.01953125,35559.53125,2003.1800537109375,13.630000114440918
2023-08-01,4576.72998046875,14283.91015625,35630.6796875,1994.1700439453125,13.930000305175781
2023-08-02,4513.39013671875,13973.4501953125,35282.51953125,1966.8299560546875,16.09000015258789
2023-08-03,4501.89013671875,13959.7197265625,35215.890625,1961.4000244140625,15.920000076293945
2023-08-04,4478.02978515625,13909.240234375,35065.62109375,1957.4599609375,17.100000381469727
2023-08-07,4518.43994140625,13994.400390625,35473.12890625,1958.93994140625,15.770000457763672
2023-08-08,4499.3798828125,13884.3203125,35314.48828125,1947.4200439453125,15.989999771118164
2023-08-09,4467.7099609375,13722.01953125,35123.359375,1930.77001953125,15.960000038146973
2023-08-10,4468.830078125,13737.990234375,35176.1484375,1922.6199951171875,15.850000381469727
2023-08-11,4464.0498046875,13644.849609375,35281.3984375,1925.1099853515625,14.84000015258789
2023-08-14,4489.72021484375,13788.330078125,35307.62890625,1920.489990234375,14.819999694824219
2023-08-15,4437.85986328125,13631.0498046875,34946.390625,1895.75,16.459999084472656
2023-08-16,4404.330078125,13474.6298828125,34765.73828125,1871.52001953125,16.780000686645508
2023-08-17,4370.35986328125,13316.9296875,34474.828125,1850.06005859375,17.889999389648438
2023-08-18,4369.7099609375,13290.7802734375,34500.66015625,1859.4200439453125,17.299999237060547
2023-08-21,4399.77001953125,13497.58984375,34463.69140625,1856.010009765625,17.1299991607666
2023-08-22,4387.5498046875,13505.8701171875,34288.828125,1850.8399658203125,16.969999313354492
2023-08-23,4436.009765625,13721.0302734375,34472.98046875,1870.030029296875,15.979999542236328
2023-08-24,4376.31005859375,13463.9697265625,34099.421875,1846.280029296875,17.200000762939453
2023-08-25,4405.7099609375,13590.650390625,34346.8984375,1853.6300048828125,15.680000305175781
2023-08-28,4433.31005859375,13705.1298828125,34559.98046875,1869.010009765625,15.079999923706055
2023-08-29,4497.6298828125,13943.759765625,34852.671875,1895.5400390625,14.449999809265137
2023-08-30,4514.8701171875,14019.3095703125,34890.23828125,1903.2099609375,13.880000114440918
2023-08-31,4507.66015625,14034.9697265625,34721.91015625,1899.6800537109375,13.569999694824219
2023-09-01,4515.77001953125,14031.8095703125,34837.7109375,1920.8299560546875,13.09000015258789
2023-09-05,4496.830078125,14020.9501953125,34641.96875,1880.449951171875,14.010000228881836
2023-09-06,4465.47998046875,13872.4697265625,34443.19140625,1874.280029296875,14.449999809265137
2023-09-07,4451.14013671875,13748.830078125,34500.73046875,1855.760009765625,14.399999618530273
2023-09-08,4457.490234375,13761.5302734375,34576.58984375,1851.5400390625,13.84000015258789
2023-09-11,4487.4599609375,13917.8896484375,34663.71875,1855.1400146484375,13.800000190734863
2023-09-12,4461.89990234375,13773.6103515625,34645.98828125,1855.3199462890625,14.229999542236328
2023-09-13,4467.43994140625,13813.58984375,34575.53125,1840.8399658203125,13.479999542236328
2023-09-14,4505.10009765625,13926.0498046875,34907.109375,1866.6300048828125,12.819999694824219
2023-09-15,4450.31982421875,13708.330078125,34618.23828125,1847.030029296875,13.789999961853027
2023-09-18,4453.52978515625,13710.240234375,34624.30078125,1834.300048828125,14.0
2023-09-19,4443.9501953125,13678.1904296875,34517.73046875,1826.530029296875,14.109999656677246
2023-09-20,4402.2001953125,13469.1298828125,34440.87890625,1810.0999755859375,15.140000343322754
2023-09-21,4330.0,13223.98046875,34070.421875,1781.8299560546875,17.540000915527344
2023-09-22,4320.06005859375,13211.8095703125,33963.83984375,1776.5,17.200000762939453
2023-09-25,4337.43994140625,13271.3203125,34006.87890625,1784.239990234375,16.899999618530273
2023-09-26,4273.52978515625,13063.6103515625,33618.87890625,1761.6099853515625,18.940000534057617
2023-09-27,4274.509765625,13092.849609375,33550.26953125,1778.9000244140625,18.219999313354492
2023-09-28,4299.7001953125,13201.2802734375,33666.33984375,1794.31005859375,17.34000015258789
2023-09-29,4288.0498046875,13219.3203125,33507.5,1785.0999755859375,17.520000457763672
2023-10-02,4288.39013671875,13307.76953125,33433.3515625,1756.8199462890625,17.610000610351562
2023-10-03,4229.4501953125,13059.4697265625,33002.37890625,1727.1500244140625,19.780000686645508
2023-10-04,4263.75,13236.009765625,33129.55078125,1729.010009765625,18.579999923706055
2023-10-05,4258.18994140625,13219.830078125,33119.5703125,1731.510009765625,18.489999771118164
2023-10-06,4308.5,13431.33984375,33407.578125,1745.56005859375,17.450000762939453
2023-10-09,4335.66015625,13484.240234375,33604.6484375,1755.989990234375,17.700000762939453
2023-10-10,4358.240234375,13562.83984375,33739.30078125,1775.949951171875,17.030000686645508
2023-10-11,4376.9501953125,13659.6796875,33804.87109375,1773.300048828125,16.09000015258789
2023-10-12,4349.60986328125,13574.2197265625,33631.140625,1734.25,16.690000534057617
2023-10-13,4327.77978515625,13407.23046875,33670.2890625,1719.7099609375,19.31999969482422
2023-10-16,4373.6298828125,13567.98046875,33984.5390625,1747.06005859375,17.209999084472656
2023-10-17,4373.2001953125,13533.75,33997.6484375,1766.050048828125,17.8799991607666
2023-10-18,4314.60009765625,13314.2998046875,33665.078125,1728.81005859375,19.219999313354492
2023-10-19,4278.0,13186.1796875,33414.171875,1702.699951171875,21.399999618530273
2023-10-20,4224.16015625,12983.8095703125,33127.28125,1680.7900390625,21.709999084472656
2023-10-23,4217.0400390625,13018.330078125,32936.41015625,1665.8800048828125,20.3700008392334
2023-10-24,4247.68017578125,13139.8701171875,33141.37890625,1679.5,18.969999313354492
2023-10-25,4186.77001953125,12821.2197265625,33035.9296875,1651.4300537109375,20.190000534057617
2023-10-26,4137.22998046875,12595.6103515625,32784.30078125,1657.0,20.68000030517578
2023-10-27,4117.3701171875,12643.009765625,32417.58984375,1636.93994140625,21.270000457763672
2023-10-30,4166.81982421875,12789.48046875,32928.9609375,1647.2900390625,19.75
2023-10-31,4193.7998046875,12851.240234375,33052.87109375,1662.280029296875,18.139999389648438
2023-11-01,4237.85986328125,13061.4697265625,33274.578125,1669.699951171875,16.8700008392334
2023-11-02,4317.77978515625,13294.1904296875,33839.078125,1714.2099609375,15.65999984741211
2023-11-03,4358.33984375,13478.2802734375,34061.3203125,1760.699951171875,14.90999984741211
2023-11-06,4365.97998046875,13518.7802734375,34095.859375,1737.93994140625,14.890000343322754
2023-11-07,4378.3798828125,13639.8603515625,34152.6015625,1733.1500244140625,14.8100004196167
2023-11-08,4382.77978515625,13650.41015625,34112.26953125,1714.0699462890625,14.449999809265137
2023-11-09,4347.35009765625,13521.4501953125,33891.94140625,1687.239990234375,15.289999961853027
2023-11-10,4415.240234375,13798.1103515625,34283.1015625,1705.3199462890625,14.170000076293945
2023-11-13,4411.5498046875,13767.740234375,34337.87109375,1705.5,14.760000228881836
2023-11-14,4495.7001953125,14094.3798828125,34827.69921875,1798.3199462890625,14.15999984741211
2023-11-15,4502.8798828125,14103.83984375,34991.2109375,1801.219970703125,14.180000305175781
2023-11-16,4508.240234375,14113.669921875,34945.46875,1773.760009765625,14.319999694824219
2023-11-17,4514.02001953125,14125.48046875,34947.28125,1797.77001953125,13.800000190734863
2023-11-20,4547.3798828125,14284.5302734375,35151.0390625,1807.0799560546875,13.40999984741211
2023-11-21,4538.18994140625,14199.98046875,35088.2890625,1783.260009765625,13.350000381469727
2023-11-22,4556.6201171875,14265.8603515625,35273.03125,1795.5400390625,12.850000381469727
2023-11-24,4559.33984375,14250.849609375,35390.1484375,1807.5,12.460000038146973
2023-11-27,4550.43017578125,14241.01953125,35333.46875,1801.1500244140625,12.6899995803833
2023-11-28,4554.89013671875,14281.759765625,35416.98046875,1792.81005859375,12.6899995803833
2023-11-29,4550.580078125,14258.490234375,35430.421875,1803.81005859375,12.979999542236328
2023-11-30,4567.7998046875,14226.2197265625,35950.890625,1809.02001953125,12.920000076293945
2023-12-01,4594.6298828125,14305.0302734375,36245.5,1862.6400146484375,12.630000114440918
2023-12-04,4569.77978515625,14185.490234375,36204.44140625,1882.02001953125,13.079999923706055
2023-12-05,4567.18017578125,14229.91015625,36124.55859375,1856.0400390625,12.850000381469727
2023-12-06,4549.33984375,14146.7099609375,36054.4296875,1852.050048828125,12.970000267028809
2023-12-07,4585.58984375,14339.990234375,36117.37890625,1868.25,13.0600004196167
2023-12-08,4604.3701171875,14403.9697265625,36247.87109375,1880.8199462890625,12.350000381469727
2023-12-11,4622.43994140625,14432.490234375,36404.9296875,1883.6800537109375,12.630000114440918
2023-12-12,4643.7001953125,14533.400390625,36577.94140625,1881.27001953125,12.069999694824219
2023-12-13,4707.08984375,14733.9599609375,37090.23828125,1947.510009765625,12.1899995803833
2023-12-14,4719.5498046875,14761.5595703125,37248.3515625,2000.510009765625,12.479999542236328
2023-12-15,4719.18994140625,14813.919921875,37305.16015625,1985.1300048828125,12.279999732971191
2023-12-18,4740.56005859375,14904.8095703125,37306.01953125,1982.4200439453125,12.5600004196167
2023-12-19,4768.3701171875,15003.2197265625,37557.921875,2020.949951171875,12.529999732971191
2023-12-20,4698.35009765625,14777.9404296875,37082.0,1982.8399658203125,13.670000076293945
2023-12-21,4746.75,14963.8701171875,37404.3515625,2017.06005859375,13.649999618530273
2023-12-22,4754.6298828125,14992.9697265625,37385.96875,2033.9599609375,13.029999732971191
2023-12-26,4774.75,15074.5703125,37545.328125,2059.18994140625,12.989999771118164
2023-12-27,4781.580078125,15099.1796875,37656.51953125,2066.2099609375,12.430000305175781
2023-12-28,4783.35009765625,15095.1396484375,37710.1015625,2058.340087890625,12.470000267028809
2023-12-29,4769.830078125,15011.349609375,37689.5390625,2027.0699462890625,12.449999809265137
2024-01-02,4742.830078125,14765.9404296875,37715.0390625,2012.800048828125,13.199999809265137
2024-01-03,4704.81005859375,14592.2099609375,37430.19140625,1959.199951171875,14.039999961853027
2024-01-04,4688.68017578125,14510.2998046875,37440.33984375,1957.72998046875,14.130000114440918
2024-01-05,4697.240234375,14524.0703125,37466.109375,1951.1400146484375,13.350000381469727
2024-01-08,4763.5400390625,14843.76953125,37683.01171875,1989.010009765625,13.079999923706055
2024-01-09,4756.5,14857.7099609375,37525.16015625,1968.0400390625,12.760000228881836
2024-01-10,4783.4501953125,14969.650390625,37695.73046875,1970.260009765625,12.6899995803833
2024-01-11,4780.240234375,14970.1904296875,37711.01953125,1955.4599609375,12.4399995803833
2024-01-12,4783.830078125,14972.759765625,37592.98046875,1950.9599609375,12.699999809265137
2024-01-16,4765.97998046875,14944.349609375,37361.12109375,1927.300048828125,13.84000015258789
2024-01-17,4739.2099609375,14855.6201171875,37266.671875,1913.1700439453125,14.789999961853027
2024-01-18,4780.93994140625,15055.650390625,37468.609375,1923.6500244140625,14.130000114440918
2024-01-19,4839.81005859375,15310.9697265625,37863.80078125,1944.3900146484375,13.300000190734863
2024-01-22,4850.43017578125,15360.2900390625,38001.80859375,1983.3800048828125,13.1899995803833
2024-01-23,4864.60009765625,15425.9404296875,37905.44921875,1976.27001953125,12.550000190734863
2024-01-24,4868.5498046875,15481.919921875,37806.390625,1961.8599853515625,13.140000343322754
2024-01-25,4894.16015625,15510.5,38049.12890625,1975.8800048828125,13.449999809265137
2024-01-26,4890.97021484375,15455.3603515625,38109.4296875,1978.3299560546875,13.260000228881836
2024-01-29,4927.93017578125,15628.0400390625,38333.44921875,2011.4200439453125,13.600000381469727
2024-01-30,4924.97021484375,15509.900390625,38467.30859375,1996.239990234375,13.3100004196167
2024-01-31,4845.64990234375,15164.009765625,38150.30078125,1947.3399658203125,14.350000381469727
2024-02-01,4906.18994140625,15361.6396484375,38519.83984375,1974.4200439453125,13.880000114440918
2024-02-02,4958.60986328125,15628.9501953125,38654.421875,1962.72998046875,13.850000381469727
2024-02-05,4942.81005859375,15597.6796875,38380.12109375,1937.239990234375,13.670000076293945
2024-02-06,4954.22998046875,15609.0,38521.359375,1953.6300048828125,13.0600004196167
2024-02-07,4995.06005859375,15756.6396484375,38677.359375,1950.3599853515625,12.829999923706055
2024-02-08,4997.91015625,15793.7099609375,38726.328125,1979.699951171875,12.789999961853027
2024-02-09,5026.60986328125,15990.66015625,38671.69140625,2009.989990234375,12.930000305175781
2024-02-12,5021.83984375,15942.5498046875,38797.37890625,2045.260009765625,13.930000305175781
2024-02-13,4953.169921875,15655.599609375,38272.75,1964.1700439453125,15.850000381469727
2024-02-14,5000.6201171875,15859.150390625,38424.26953125,2012.0999755859375,14.380000114440918
2024-02-15,5029.72998046875,15906.169921875,38773.12109375,2061.47998046875,14.010000228881836
2024-02-16,5005.56982421875,15775.650390625,38627.98828125,2045.1400146484375,14.239999771118164
2024-02-20,4975.509765625,15630.7802734375,38563.80078125,2004.1400146484375,15.420000076293945
2024-02-21,4981.7998046875,15580.8701171875,38612.23828125,1994.739990234375,15.34000015258789
2024-02-22,5087.02978515625,16041.6201171875,39069.109375,2013.8399658203125,14.539999961853027
2024-02-23,5088.7998046875,15996.8203125,39131.53125,2016.68994140625,13.75
2024-02-26,5069.52978515625,15976.25,39069.23046875,2028.969970703125,13.739999771118164
2024-02-27,5078.18017578125,16035.2998046875,38972.41015625,2056.110107421875,13.430000305175781
2024-02-28,5069.759765625,15947.740234375,38949.01953125,2040.31005859375,13.84000015258789
2024-02-29,5096.27001953125,16091.919921875,38996.390625,2054.840087890625,13.399999618530273
2024-03-01,5137.080078125,16274.9404296875,39087.37890625,2076.389892578125,13.109999656677246
2024-03-04,5130.9501953125,16207.509765625,38989.828125,2074.31005859375,13.489999771118164
2024-03-05,5078.64990234375,15939.58984375,38585.19140625,2053.7099609375,14.460000038146973
2024-03-06,5104.759765625,16031.5400390625,38661.05078125,2068.090087890625,14.5
2024-03-07,5157.35986328125,16273.3798828125,38791.3515625,2084.739990234375,14.4399995803833
2024-03-08,5123.68994140625,16085.1103515625,38722.69140625,2082.7099609375,14.739999771118164
2024-03-11,5117.93994140625,16019.26953125,38769.66015625,2065.8798828125,15.220000267028809
2024-03-12,5175.27001953125,16265.6396484375,39005.48828125,2065.47998046875,13.84000015258789
2024-03-13,5165.31005859375,16177.76953125,39043.3203125,2071.7099609375,13.75
2024-03-14,5150.47998046875,16128.5302734375,38905.66015625,2031.1800537109375,14.399999618530273
2024-03-15,5117.08984375,15973.169921875,38714.76953125,2039.3199462890625,14.40999984741211
2024-03-18,5149.419921875,16103.4501953125,38790.4296875,2024.739990234375,14.329999923706055
2024-03-19,5178.509765625,16166.7900390625,39110.76171875,2035.7099609375,13.819999694824219
2024-03-20,5224.6201171875,16369.41015625,39512.12890625,2074.8798828125,13.039999961853027
2024-03-21,5241.52978515625,16401.83984375,39781.37109375,2098.56005859375,12.920000076293945
2024-03-22,5234.18017578125,16428.8203125,39475.8984375,2072.0,13.0600004196167
2024-03-25,5218.18994140625,16384.470703125,39313.640625,2074.159912109375,13.1899995803833
2024-03-26,5203.580078125,16315.7001953125,39282.328125,2070.159912109375,13.239999771118164
2024-03-27,5248.490234375,16399.51953125,39760.078125,2114.35009765625,12.779999732971191
2024-03-28,5254.35009765625,16379.4599609375,39807.37109375,2124.550048828125,13.010000228881836
2024-04-01,5243.77001953125,16396.830078125,39566.8515625,2102.840087890625,13.649999618530273
2024-04-02,5205.81005859375,16240.4501953125,39170.23828125,2065.0400390625,14.609999656677246
2024-04-03,5211.490234375,16277.4599609375,39127.140625,2076.199951171875,14.329999923706055
2024-04-04,5147.2099609375,16049.080078125,38596.98046875,2053.830078125,16.350000381469727
2024-04-05,5204.33984375,16248.51953125,38904.0390625,2063.469970703125,16.030000686645508
2024-04-08,5202.39013671875,16253.9599609375,38892.80078125,2073.7099609375,15.1899995803833
2024-04-09,5209.91015625,16306.6396484375,38883.671875,2080.800048828125,14.979999542236328
2024-04-10,5160.64013671875,16170.3603515625,38461.51171875,2028.3900146484375,15.800000190734863
2024-04-11,5199.06005859375,16442.19921875,38459.078125,2042.5999755859375,14.90999984741211
2024-04-12,5123.41015625,16175.08984375,37983.23828125,2003.1700439453125,17.309999465942383
2024-04-15,5061.81982421875,15885.01953125,37735.109375,1975.7099609375,19.229999542236328
2024-04-16,5051.41015625,15865.25,37798.96875,1967.47998046875,18.399999618530273
2024-04-17,5022.2099609375,15683.3701171875,37753.30859375,1947.949951171875,18.209999084472656
2024-04-18,5011.1201171875,15601.5,37775.37890625,1942.9599609375,18.0
2024-04-19,4967.22998046875,15282.009765625,37986.3984375,1947.6600341796875,18.709999084472656
2024-04-22,5010.60009765625,15451.3095703125,38239.98046875,1967.469970703125,16.940000534057617
2024-04-23,5070.5498046875,15696.6396484375,38503.69140625,2002.6400146484375,15.6899995803833
2024-04-24,5071.6298828125,15712.75,38460.921875,1995.4300537109375,15.970000267028809
2024-04-25,5048.419921875,15611.759765625,38085.80078125,1981.1199951171875,15.369999885559082
2024-04-26,5099.9599609375,15927.900390625,38239.66015625,2002.0,15.029999732971191
2024-04-29,5116.169921875,15983.080078125,38386.08984375,2016.030029296875,14.670000076293945
2024-04-30,5035.68994140625,15657.8203125,37815.921875,1973.9100341796875,15.649999618530273
2024-05-01,5018.39013671875,15605.48046875,37903.2890625,1980.22998046875,15.390000343322754
2024-05-02,5064.2001953125,15840.9599609375,38225.66015625,2016.1099853515625,14.680000305175781
2024-05-03,5127.7900390625,16156.330078125,38675.6796875,2035.719970703125,13.489999771118164
2024-05-06,5180.740234375,16349.25,38852.26953125,2060.669921875,13.489999771118164
2024-05-07,5187.7001953125,16332.5595703125,38884.26171875,2064.64990234375,13.229999542236328
2024-05-08,5187.669921875,16302.759765625,39056.390625,2055.139892578125,13.0
2024-05-09,5214.080078125,16346.259765625,39387.76171875,2073.6298828125,12.6899995803833
2024-05-10,5222.68017578125,16340.8701171875,39512.83984375,2059.780029296875,12.550000190734863
2024-05-13,5221.419921875,16388.240234375,39431.51171875,2062.1201171875,13.600000381469727
2024-05-14,5246.68017578125,16511.1796875,39558.109375,2085.68994140625,13.420000076293945
2024-05-15,5308.14990234375,16742.390625,39908.0,2109.4599609375,12.449999809265137
2024-05-16,5297.10009765625,16698.3203125,39869.37890625,2096.25,12.420000076293945
2024-05-17,5303.27001953125,16685.970703125,40003.58984375,2095.719970703125,11.989999771118164
2024-05-20,5308.1298828125,16794.869140625,39806.76953125,2102.5,12.149999618530273
2024-05-21,5321.41015625,16832.619140625,39872.98828125,2098.360107421875,11.859999656677246
2024-05-22,5307.009765625,16801.5390625,39671.0390625,2081.7099609375,12.289999961853027
2024-05-23,5267.83984375,16736.029296875,39065.26171875,2048.409912109375,12.770000457763672
2024-05-24,5304.72021484375,16920.7890625,39069.58984375,2069.669921875,11.930000305175781
2024-05-28,5306.0400390625,17019.880859375,38852.859375,2066.85009765625,12.920000076293945
2024-05-29,5266.9501953125,16920.580078125,38441.5390625,2036.18994140625,14.279999732971191
2024-05-30,5235.47998046875,16737.080078125,38111.48046875,2056.60009765625,14.470000267028809
2024-05-31,5277.509765625,16735.01953125,38686.3203125,2070.1298828125,12.920000076293945
2024-06-03,5283.39990234375,16828.669921875,38571.03125,2059.679931640625,13.109999656677246
2024-06-04,5291.33984375,16857.05078125,38711.2890625,2033.93994140625,13.15999984741211
2024-06-05,5354.02978515625,17187.900390625,38807.328125,2063.8701171875,12.630000114440918
2024-06-06,5352.9599609375,17173.119140625,38886.171875,2049.43994140625,12.579999923706055
2024-06-07,5346.990234375,17133.130859375,38798.98828125,2026.550048828125,12.220000267028809
2024-06-10,5360.7900390625,17192.529296875,38868.0390625,2031.6099853515625,12.739999771118164
2024-06-11,5375.31982421875,17343.55078125,38747.421875,2024.3499755859375,12.850000381469727
2024-06-12,5421.02978515625,17608.439453125,38712.2109375,2057.10009765625,12.039999961853027
2024-06-13,5433.740234375,17667.560546875,38647.1015625,2038.9100341796875,11.9399995803833
2024-06-14,5431.60009765625,17688.880859375,38589.16015625,2006.1600341796875,12.65999984741211
2024-06-17,5473.22998046875,17857.01953125,38778.1015625,2022.010009765625,12.75
2024-06-18,5487.02978515625,17862.23046875,38834.859375,2025.22998046875,12.300000190734863
2024-06-20,5473.169921875,17721.58984375,39134.76171875,2017.3900146484375,13.279999732971191
2024-06-21,5464.6201171875,17689.359375,39150.328125,2022.030029296875,13.199999809265137
2024-06-24,5447.8701171875,17496.8203125,39411.2109375,2030.81005859375,13.329999923706055
2024-06-25,5469.2998046875,17717.650390625,39112.16015625,2022.3499755859375,12.84000015258789
2024-06-26,5477.89990234375,17805.16015625,39127.80078125,2018.1199951171875,12.550000190734863
2024-06-27,5482.8701171875,17858.6796875,39164.05859375,2038.3399658203125,12.239999771118164
2024-06-28,5460.47998046875,17732.599609375,39118.859375,2047.68994140625,12.4399995803833
2024-07-01,5475.08984375,17879.30078125,39169.51953125,2030.0699462890625,12.220000267028809
2024-07-02,5509.009765625,18028.759765625,39331.8515625,2033.8699951171875,12.029999732971191
2024-07-03,5537.02001953125,18188.30078125,39308.0,2036.6199951171875,12.09000015258789
2024-07-05,5567.18994140625,18352.759765625,39375.87109375,2026.72998046875,12.479999542236328
2024-07-08,5572.85009765625,18403.740234375,39344.7890625,2038.6700439453125,12.369999885559082
2024-07-09,5576.97998046875,18429.2890625,39291.96875,2029.469970703125,12.510000228881836
2024-07-10,5633.91015625,18647.44921875,39721.359375,2051.75,12.850000381469727
2024-07-11,5584.5400390625,18283.41015625,39753.75,2125.0400390625,12.920000076293945
2024-07-12,5615.35009765625,18398.44921875,40000.8984375,2148.27001953125,12.460000038146973
2024-07-15,5631.22021484375,18472.5703125,40211.71875,2187.02001953125,13.119999885559082
2024-07-16,5667.2001953125,18509.33984375,40954.48046875,2263.669921875,13.1899995803833
2024-07-17,5588.27001953125,17996.919921875,41198.078125,2239.669921875,14.479999542236328
2024-07-18,5544.58984375,17871.220703125,40665.01953125,2198.2900390625,15.930000305175781
2024-07-19,5505.0,17726.939453125,40287.53125,2184.35009765625,16.520000457763672
2024-07-22,5564.41015625,18007.5703125,40415.44140625,2220.64990234375,14.90999984741211
2024-07-23,5555.740234375,17997.349609375,40358.08984375,2243.27001953125,14.720000267028809
2024-07-24,5427.1298828125,17342.41015625,39853.87109375,2195.3701171875,18.040000915527344
2024-07-25,5399.22021484375,17181.720703125,39935.0703125,2222.97998046875,18.459999084472656
2024-07-26,5459.10009765625,17357.880859375,40589.33984375,2260.070068359375,16.389999389648438
2024-07-29,5463.5400390625,17370.19921875,40539.9296875,2235.330078125,16.600000381469727
2024-07-30,5436.43994140625,17147.419921875,40743.328125,2243.139892578125,17.690000534057617
2024-07-31,5522.2998046875,17599.400390625,40842.7890625,2254.47998046875,16.360000610351562
2024-08-01,5446.68017578125,17194.150390625,40347.96875,2186.159912109375,18.59000015258789
2024-08-02,5346.56005859375,16776.16015625,39737.26171875,2109.31005859375,23.389999389648438
2024-08-05,5186.330078125,16200.080078125,38703.26953125,2039.1600341796875,38.56999969482422
2024-08-06,5240.02978515625,16366.849609375,38997.66015625,2064.300048828125,27.709999084472656
2024-08-07,5199.5,16195.8095703125,38763.44921875,2035.1099853515625,27.850000381469727
2024-08-08,5319.31005859375,16660.01953125,39446.48828125,2084.419921875,23.790000915527344
2024-08-09,5344.16015625,16745.30078125,39497.5390625,2080.919921875,20.3700008392334
2024-08-12,5344.39013671875,16780.609375,39357.01171875,2062.080078125,20.709999084472656
2024-08-13,5434.43017578125,17187.609375,39765.640625,2095.18994140625,18.1200008392334
2024-08-14,5455.2099609375,17192.599609375,40008.390625,2084.320068359375,16.190000534057617
2024-08-15,5543.22021484375,17594.5,40563.05859375,2135.469970703125,15.229999542236328
2024-08-16,5554.25,17631.720703125,40659.76171875,2141.919921875,14.800000190734863
2024-08-19,5608.25,17876.76953125,40896.53125,2167.5,14.649999618530273
2024-08-20,5597.1201171875,17816.939453125,40834.96875,2142.18994140625,15.880000114440918
2024-08-21,5620.85009765625,17918.990234375,40890.48828125,2170.56005859375,16.270000457763672
2024-08-22,5570.64013671875,17619.349609375,40712.78125,2150.030029296875,17.549999237060547
2024-08-23,5634.60986328125,17877.7890625,41175.078125,2218.699951171875,15.859999656677246
2024-08-26,5616.83984375,17725.76953125,41240.51953125,2217.919921875,16.149999618530273
2024-08-27,5625.7998046875,17754.8203125,41250.5,2203.0,15.430000305175781
2024-08-28,5592.18017578125,17556.029296875,41091.421875,2188.639892578125,17.110000610351562
2024-08-29,5591.9599609375,17516.4296875,41335.05078125,2202.97998046875,15.649999618530273
2024-08-30,5648.39990234375,17713.619140625,41563.078125,2217.6298828125,15.0
2024-09-03,5528.93017578125,17136.30078125,40936.9296875,2149.2099609375,20.719999313354492
2024-09-04,5520.06982421875,17084.30078125,40974.96875,2145.219970703125,21.31999969482422
2024-09-05,5503.41015625,17127.66015625,40755.75,2132.050048828125,19.899999618530273
2024-09-06,5408.419921875,16690.830078125,40345.41015625,2091.409912109375,22.3799991607666
2024-09-09,5471.0498046875,16884.599609375,40829.58984375,2097.780029296875,19.450000762939453
2024-09-10,5495.52001953125,17025.880859375,40736.9609375,2097.43994140625,19.079999923706055
2024-09-11,5554.1298828125,17395.529296875,40861.7109375,2103.85009765625,17.690000534057617
2024-09-12,5595.759765625,17569.6796875,41096.76953125,2129.429931640625,17.06999969482422
2024-09-13,5626.02001953125,17683.98046875,41393.78125,2182.489990234375,16.559999465942383
2024-09-16,5633.08984375,17592.130859375,41622.078125,2189.169921875,17.139999389648438
2024-09-17,5634.580078125,17628.060546875,41606.1796875,2205.47998046875,17.610000610351562
2024-09-18,5618.259765625,17573.30078125,41503.1015625,2206.340087890625,18.229999542236328
2024-09-19,5713.64013671875,18013.98046875,42025.19140625,2252.7099609375,16.329999923706055
2024-09-20,5702.5498046875,17948.3203125,42063.359375,2227.889892578125,16.149999618530273
2024-09-23,5718.56982421875,17974.26953125,42124.6484375,2220.280029296875,15.890000343322754
2024-09-24,5732.93017578125,18074.51953125,42208.21875,2223.989990234375,15.390000343322754
2024-09-25,5722.259765625,18082.2109375,41914.75,2197.449951171875,15.40999984741211
2024-09-26,5745.3701171875,18190.2890625,42175.109375,2209.8701171875,15.369999885559082
2024-09-27,5738.169921875,18119.58984375,42313.0,2224.699951171875,16.959999084472656
2024-09-30,5762.47998046875,18189.169921875,42330.1484375,2229.969970703125,16.729999542236328
2024-10-01,5708.75,17910.359375,42156.96875,2197.030029296875,19.260000228881836
2024-10-02,5709.5400390625,17925.119140625,42196.51953125,2195.010009765625,18.899999618530273
2024-10-03,5699.93994140625,17918.48046875,42011.58984375,2180.14990234375,20.489999771118164
2024-10-04,5751.06982421875,18137.849609375,42352.75,2212.800048828125,19.209999084472656
2024-10-07,5695.93994140625,17923.900390625,41954.23828125,2193.090087890625,22.639999389648438
2024-10-08,5751.1298828125,18182.919921875,42080.37109375,2194.97998046875,21.420000076293945
2024-10-09,5792.0400390625,18291.619140625,42512.0,2200.590087890625,20.860000610351562
2024-10-10,5780.0498046875,18282.05078125,42454.12109375,2188.419921875,20.93000030517578
2024-10-11,5815.02978515625,18342.939453125,42863.859375,2234.409912109375,20.459999084472656
2024-10-14,5859.85009765625,18502.689453125,43065.21875,2248.639892578125,19.700000762939453
2024-10-15,5815.259765625,18315.58984375,42740.421875,2249.820068359375,20.639999389648438
2024-10-16,5842.47021484375,18367.080078125,43077.69921875,2286.679931640625,19.579999923706055
2024-10-17,5841.47021484375,18373.609375,43239.05078125,2280.85009765625,19.110000610351562
2024-10-18,5864.669921875,18489.55078125,43275.91015625,2276.090087890625,18.030000686645508
2024-10-21,5853.97998046875,18540.009765625,42931.6015625,2239.7099609375,18.3700008392334
2024-10-22,5851.2001953125,18579.76953125,42924.890625,2231.530029296875,18.200000762939453
2024-10-23,5797.419921875,18276.650390625,42514.94921875,2213.840087890625,19.239999771118164
2024-10-24,5809.85986328125,18415.490234375,42374.359375,2218.919921875,19.079999923706055
2024-10-25,5808.1201171875,18518.609375,42114.3984375,2207.989990234375,20.329999923706055
2024-10-28,5823.52001953125,18567.189453125,42387.5703125,2244.070068359375,19.799999237060547
2024-10-29,5832.919921875,18712.75,42233.05078125,2238.090087890625,19.34000015258789
2024-10-30,5813.669921875,18607.9296875,42141.5390625,2233.0400390625,20.350000381469727
2024-10-31,5705.4501953125,18095.150390625,41763.4609375,2196.64990234375,23.15999984741211
2024-11-01,5728.7998046875,18239.919921875,42052.19140625,2210.1298828125,21.8799991607666
2024-11-04,5712.68994140625,18179.98046875,41794.6015625,2219.030029296875,21.979999542236328
2024-11-05,5782.759765625,18439.169921875,42221.87890625,2260.840087890625,20.489999771118164
2024-11-06,5929.0400390625,18983.470703125,43729.9296875,2392.919921875,16.270000457763672
2024-11-07,5973.10009765625,19269.4609375,43729.33984375,2382.68994140625,15.199999809265137
2024-11-08,5995.5400390625,19286.779296875,43988.98828125,2399.639892578125,14.9399995803833
2024-11-11,6001.35009765625,19298.759765625,44293.12890625,2434.97998046875,14.970000267028809
2024-11-12,5983.990234375,19281.400390625,43910.98046875,2391.85009765625,14.710000038146973
2024-11-13,5985.3798828125,19230.720703125,43958.19140625,2369.3701171875,14.020000457763672
2024-11-14,5949.169921875,19107.650390625,43750.859375,2336.93994140625,14.3100004196167
2024-11-15,5870.6201171875,18680.119140625,43444.98828125,2303.840087890625,16.139999389648438
2024-11-18,5893.6201171875,18791.810546875,43389.6015625,2306.340087890625,15.579999923706055
2024-11-19,5916.97998046875,18987.470703125,43268.94140625,2324.830078125,16.350000381469727
2024-11-20,5917.10986328125,18966.140625,43408.46875,2325.530029296875,17.15999984741211
2024-11-21,5948.7099609375,18972.419921875,43870.3515625,2364.02001953125,16.8700008392334
2024-11-22,5969.33984375,19003.650390625,44296.51171875,2406.669921875,15.239999771118164
2024-11-25,5987.3701171875,19054.83984375,44736.5703125,2442.030029296875,14.600000381469727
2024-11-26,6021.6298828125,19174.30078125,44860.30859375,2424.31005859375,14.100000381469727
2024-11-27,5998.740234375,19060.48046875,44722.05859375,2426.18994140625,14.100000381469727
2024-11-29,6032.3798828125,19218.169921875,44910.6484375,2434.72998046875,13.510000228881836
2024-12-02,6047.14990234375,19403.94921875,44782.0,2434.139892578125,13.34000015258789
2024-12-03,6049.8798828125,19480.91015625,44705.53125,2416.35009765625,13.300000190734863
2024-12-04,6086.490234375,19735.119140625,45014.0390625,2426.56005859375,13.449999809265137
2024-12-05,6075.10986328125,19700.259765625,44765.7109375,2396.169921875,13.539999961853027
2024-12-06,6090.27001953125,19859.76953125,44642.51953125,2408.989990234375,12.770000457763672
2024-12-09,6052.85009765625,19736.689453125,44401.9296875,2392.840087890625,14.1899995803833
2024-12-10,6034.91015625,19687.240234375,44247.828125,2382.77001953125,14.180000305175781
2024-12-11,6084.18994140625,20034.890625,44148.55859375,2394.159912109375,13.579999923706055
2024-12-12,6051.25,19902.83984375,43914.12109375,2361.080078125,13.920000076293945
2024-12-13,6051.08984375,19926.720703125,43828.05859375,2346.89990234375,13.8100004196167
2024-12-16,6074.080078125,20173.890625,43717.48046875,2361.989990234375,14.6899995803833
2024-12-17,6050.60986328125,20109.060546875,43449.8984375,2334.080078125,15.869999885559082
2024-12-18,5872.16015625,19392.689453125,42326.87109375,2231.510009765625,27.6200008392334
2024-12-19,5867.080078125,19372.76953125,42342.23828125,2221.5,24.09000015258789
2024-12-20,5930.85009765625,19572.599609375,42840.26171875,2242.3701171875,18.360000610351562
2024-12-23,5974.06982421875,19764.880859375,42906.94921875,2237.43994140625,16.780000686645508
2024-12-24,6040.0400390625,20031.130859375,43297.03125,2259.85009765625,14.270000457763672
2024-12-26,6037.58984375,20020.359375,43325.80078125,2280.18994140625,14.729999542236328
2024-12-27,5970.83984375,19722.029296875,42992.2109375,2244.590087890625,15.949999809265137
2024-12-30,5906.93994140625,19486.7890625,42573.73046875,2227.780029296875,17.399999618530273
2024-12-31,5881.6298828125,19310.7890625,42544.21875,2230.159912109375,17.350000381469727
2025-01-02,5868.5498046875,19280.7890625,42392.26953125,2231.669921875,17.93000030517578
2025-01-03,5942.47021484375,19621.6796875,42732.12890625,2268.469970703125,16.1299991607666
2025-01-06,5975.3798828125,19864.98046875,42706.55859375,2266.64990234375,16.040000915527344
2025-01-07,5909.02978515625,19489.6796875,42528.359375,2249.800048828125,17.81999969482422
2025-01-08,5918.25,19478.880859375,42635.19921875,2238.9599609375,17.700000762939453
2025-01-10,5827.0400390625,19161.630859375,41938.44921875,2189.22998046875,19.540000915527344
2025-01-13,5836.22021484375,19088.099609375,42297.12109375,2194.39990234375,19.190000534057617
2025-01-14,5842.91015625,19044.390625,42518.28125,2219.239990234375,18.709999084472656
2025-01-15,5949.91015625,19511.23046875,43221.55078125,2263.2900390625,16.1200008392334
2025-01-16,5937.33984375,19338.2890625,43153.12890625,2266.7900390625,16.600000381469727
2025-01-17,5996.66015625,19630.19921875,43487.828125,2275.8798828125,15.970000267028809
2025-01-21,6049.240234375,19756.779296875,44025.80859375,2317.969970703125,15.0600004196167
2025-01-22,6086.3701171875,20009.33984375,44156.73046875,2303.719970703125,15.100000381469727
2025-01-23,6118.7099609375,20053.6796875,44565.0703125,2314.60009765625,15.020000457763672
2025-01-24,6101.240234375,19954.30078125,44424.25,2307.739990234375,14.850000381469727
2025-01-27,6012.27978515625,19341.830078125,44713.578125,2284.02001953125,17.899999618530273
2025-01-28,6067.7001953125,19733.58984375,44850.3515625,2288.860107421875,16.40999984741211
2025-01-29,6039.31005859375,19632.3203125,44713.51953125,2283.10009765625,16.559999465942383
2025-01-30,6071.169921875,19681.75,44882.12890625,2307.449951171875,15.84000015258789
2025-01-31,6040.52978515625,19627.439453125,44544.66015625,2287.68994140625,16.43000030517578
2025-02-03,5994.56982421875,19391.9609375,44421.91015625,2258.419921875,18.6200008392334
2025-02-04,6037.8798828125,19654.01953125,44556.0390625,2290.2099609375,17.209999084472656
2025-02-05,6061.47998046875,19692.330078125,44873.28125,2316.22998046875,15.770000457763672
2025-02-06,6083.56982421875,19791.990234375,44747.62890625,2307.1201171875,15.5
2025-02-07,6025.990234375,19523.400390625,44303.3984375,2279.7099609375,16.540000915527344
2025-02-10,6066.43994140625,19714.26953125,44470.41015625,2287.93994140625,15.8100004196167
2025-02-11,6068.5,19643.859375,44593.6484375,2275.699951171875,16.020000457763672
2025-02-12,6051.97021484375,19649.94921875,44368.55859375,2255.889892578125,15.890000343322754
2025-02-13,6115.06982421875,19945.640625,44711.4296875,2282.179931640625,15.100000381469727
2025-02-14,6114.6298828125,20026.76953125,44546.078125,2279.97998046875,14.770000457763672
2025-02-18,6129.580078125,20041.259765625,44556.33984375,2290.35009765625,15.350000381469727
2025-02-19,6144.14990234375,20056.25,44627.58984375,2282.4599609375,15.270000457763672
2025-02-20,6117.52001953125,19962.359375,44176.6484375,2261.739990234375,15.65999984741211
2025-02-21,6013.1298828125,19524.009765625,43428.01953125,2195.35009765625,18.209999084472656
2025-02-24,5983.25,19286.9296875,43461.2109375,2178.27001953125,18.979999542236328
2025-02-25,5955.25,19026.390625,43621.16015625,2170.080078125,19.43000030517578
2025-02-26,5956.06005859375,19075.259765625,43433.12109375,2174.169921875,19.100000381469727
2025-02-27,5861.56982421875,18544.419921875,43239.5,2139.659912109375,21.1299991607666
2025-02-28,5954.5,18847.279296875,43840.91015625,2163.070068359375,19.6299991607666
2025-03-03,5849.72021484375,18350.189453125,43191.23828125,2102.239990234375,22.780000686645508
2025-03-04,5778.14990234375,18285.16015625,42520.98828125,2079.530029296875,23.510000228881836
2025-03-05,5842.6298828125,18552.73046875,43006.58984375,2100.75,21.93000030517578
2025-03-06,5738.52001953125,18069.259765625,42579.078125,2066.550048828125,24.8700008392334
2025-03-07,5770.2001953125,18196.220703125,42801.71875,2075.47998046875,23.3700008392334
2025-03-10,5614.56005859375,17468.3203125,41911.7109375,2019.0699462890625,27.860000610351562
2025-03-11,5572.06982421875,17436.099609375,41433.48046875,2023.5899658203125,26.920000076293945
2025-03-12,5599.2998046875,17648.44921875,41350.9296875,2026.469970703125,24.229999542236328
2025-03-13,5521.52001953125,17303.009765625,40813.5703125,1993.68994140625,24.65999984741211
2025-03-14,5638.93994140625,17754.08984375,41488.19140625,2044.0999755859375,21.770000457763672
2025-03-17,5675.1201171875,17808.66015625,41841.62890625,2068.330078125,20.510000228881836
2025-03-18,5614.66015625,17504.119140625,41581.30859375,2049.93994140625,21.700000762939453
2025-03-19,5675.2900390625,17750.7890625,41964.62890625,2082.080078125,19.899999618530273
2025-03-20,5662.89013671875,17691.630859375,41953.3203125,2068.6298828125,19.799999237060547
2025-03-21,5667.56005859375,17784.05078125,41985.3515625,2056.97998046875,19.280000686645508
2025-03-24,5767.56982421875,18188.58984375,42583.3203125,2109.3798828125,17.479999542236328
2025-03-25,5776.64990234375,18271.859375,42587.5,2095.3798828125,17.149999618530273
2025-03-26,5712.2001953125,17899.01953125,42454.7890625,2073.830078125,18.329999923706055
2025-03-27,5693.31005859375,17804.029296875,42299.69921875,2065.699951171875,18.690000534057617
2025-03-28,5580.93994140625,17322.990234375,41583.8984375,2023.27001953125,21.649999618530273
2025-03-31,5611.85009765625,17299.2890625,42001.76171875,2011.9100341796875,22.280000686645508
2025-04-01,5633.06982421875,17449.890625,41989.9609375,2012.239990234375,21.770000457763672
2025-04-02,5670.97021484375,17601.05078125,42225.3203125,2045.3599853515625,21.510000228881836
2025-04-03,5396.52001953125,16550.609375,40545.9296875,1910.550048828125,30.020000457763672
2025-04-04,5074.080078125,15587.7900390625,38314.859375,1827.030029296875,45.310001373291016
2025-04-07,5062.25,15603.259765625,37965.6015625,1810.1400146484375,46.97999954223633
2025-04-08,4982.77001953125,15267.91015625,37645.58984375,1760.7099609375,52.33000183105469
2025-04-09,5456.89990234375,17124.970703125,40608.44921875,1913.1600341796875,33.619998931884766
2025-04-10,5268.0498046875,16387.310546875,39593.66015625,1831.3900146484375,40.720001220703125
2025-04-11,5363.35986328125,16724.4609375,40212.7109375,1860.199951171875,37.560001373291016
2025-04-14,5405.97021484375,16831.48046875,40524.7890625,1880.8800048828125,30.889999389648438
2025-04-15,5396.6298828125,16823.169921875,40368.9609375,1882.9200439453125,30.1200008392334
2025-04-16,5275.7001953125,16307.16015625,39669.390625,1863.47998046875,32.63999938964844
2025-04-17,5282.7001953125,16286.4501953125,39142.23046875,1880.6199951171875,29.649999618530273
2025-04-21,5158.2001953125,15870.900390625,38170.41015625,1840.3199462890625,33.81999969482422
2025-04-22,5287.759765625,16300.419921875,39186.98046875,1890.280029296875,30.56999969482422
2025-04-23,5375.85986328125,16708.05078125,39606.5703125,1919.1400146484375,28.450000762939453
2025-04-24,5484.77001953125,17166.0390625,40093.3984375,1957.5899658203125,26.469999313354492
2025-04-25,5525.2099609375,17382.939453125,40113.5,1957.6199951171875,24.84000015258789
2025-04-28,5528.75,17366.130859375,40227.58984375,1965.550048828125,25.149999618530273
2025-04-29,5560.830078125,17461.3203125,40527.62109375,1976.52001953125,24.170000076293945
2025-04-30,5569.06005859375,17446.33984375,40669.359375,1964.1199951171875,24.700000762939453
2025-05-01,5604.14013671875,17710.740234375,40752.9609375,1975.8599853515625,24.600000381469727
2025-05-02,5686.669921875,17977.73046875,41317.4296875,2020.739990234375,22.68000030517578
2025-05-05,5650.3798828125,17844.240234375,41218.828125,2004.260009765625,23.639999389648438
2025-05-06,5606.91015625,17689.66015625,40829.0,1983.18994140625,24.760000228881836
2025-05-07,5631.27978515625,17738.16015625,41113.96875,1989.6600341796875,23.549999237060547
2025-05-08,5663.93994140625,17928.140625,41368.44921875,2026.4100341796875,22.479999542236328
2025-05-09,5659.91015625,17928.919921875,41249.37890625,2023.0699462890625,21.899999618530273
2025-05-12,5844.18994140625,18708.33984375,42410.1015625,2092.199951171875,18.389999389648438
2025-05-13,5886.5498046875,19010.08984375,42140.4296875,2102.35009765625,18.219999313354492
2025-05-14,5892.580078125,19146.810546875,42051.05859375,2083.800048828125,18.6200008392334
2025-05-15,5916.93017578125,19112.3203125,42322.75,2094.68994140625,17.829999923706055
2025-05-16,5958.3798828125,19211.099609375,42654.73828125,2113.25,17.239999771118164
2025-05-19,5963.60009765625,19215.4609375,42792.0703125,2104.429931640625,18.139999389648438
2025-05-20,5940.4599609375,19142.7109375,42677.23828125,2105.580078125,18.09000015258789
2025-05-21,5844.60986328125,18872.640625,41860.44140625,2046.56005859375,20.8700008392334
2025-05-22,5842.009765625,18925.740234375,41859.08984375,2045.56005859375,20.280000686645508
2025-05-23,5802.81982421875,18737.2109375,41603.0703125,2039.8499755859375,22.290000915527344
2025-05-27,5921.5400390625,19199.16015625,42343.6484375,2090.39990234375,18.959999084472656
2025-05-28,5888.5498046875,19100.939453125,42098.69921875,2067.800048828125,19.309999465942383
2025-05-29,5912.169921875,19175.869140625,42215.73046875,2074.780029296875,19.18000030517578
2025-05-30,5911.68994140625,19113.76953125,42270.0703125,2066.2900390625,18.56999969482422
2025-06-02,5935.93994140625,19242.609375,42305.48046875,2070.159912109375,18.360000610351562
2025-06-03,5970.3701171875,19398.9609375,42519.640625,2102.97998046875,17.690000534057617
2025-06-04,5970.81005859375,19460.490234375,42427.73828125,2098.47998046875,17.610000610351562
2025-06-05,5939.2998046875,19298.44921875,42319.73828125,2097.35009765625,18.479999542236328
2025-06-06,6000.35986328125,19529.94921875,42762.87109375,2132.25,16.770000457763672
2025-06-09,6005.8798828125,19591.240234375,42761.76171875,2144.449951171875,17.15999984741211
2025-06-10,6038.81005859375,19714.990234375,42866.87109375,2156.409912109375,16.950000762939453
2025-06-11,6022.240234375,19615.880859375,42865.76953125,2148.22998046875,17.260000228881836
2025-06-12,6045.259765625,19662.490234375,42967.62109375,2140.090087890625,18.020000457763672
2025-06-13,5976.97021484375,19406.830078125,42197.7890625,2100.510009765625,20.81999969482422
2025-06-16,6033.10986328125,19701.2109375,42515.08984375,2124.1298828125,19.110000610351562
2025-06-17,5982.72021484375,19521.08984375,42215.80078125,2101.9599609375,21.600000381469727
2025-06-18,5980.8701171875,19546.26953125,42171.66015625,2112.9599609375,20.139999389648438
2025-06-20,5967.83984375,19447.41015625,42206.8203125,2109.27001953125,20.6200008392334
2025-06-23,6025.169921875,19630.970703125,42581.78125,2132.679931640625,19.829999923706055
2025-06-24,6092.18017578125,19912.529296875,43089.01953125,2161.2099609375,17.479999542236328
2025-06-25,6092.16015625,19973.55078125,42982.4296875,2136.179931640625,16.760000228881836
2025-06-26,6141.02001953125,20167.91015625,43386.83984375,2172.110107421875,16.59000015258789
2025-06-27,6173.06982421875,20273.4609375,43819.26953125,2172.530029296875,16.31999969482422
2025-06-30,6204.9501953125,20369.73046875,44094.76953125,2175.0400390625,16.729999542236328
2025-07-01,6198.009765625,20202.890625,44494.94140625,2197.5400390625,16.829999923706055
2025-07-02,6227.419921875,20393.130859375,44484.421875,2226.3798828125,16.639999389648438
2025-07-03,6279.35009765625,20601.099609375,44828.53125,2249.0400390625,16.3799991607666
2025-07-07,6229.97998046875,20412.51953125,44406.359375,2214.22998046875,17.790000915527344
2025-07-08,6225.52001953125,20418.4609375,44240.76171875,2228.739990234375,16.809999465942383
2025-07-09,6263.259765625,20611.33984375,44458.30078125,2252.489990234375,15.9399995803833
2025-07-10,6280.4599609375,20630.66015625,44650.640625,2263.409912109375,15.779999732971191
2025-07-11,6259.75,20585.529296875,44371.51171875,2234.830078125,16.399999618530273
2025-07-14,6268.56005859375,20640.330078125,44459.6484375,2249.72998046875,17.200000762939453
2025-07-15,6243.759765625,20677.80078125,44023.2890625,2205.050048828125,17.3799991607666
2025-07-16,6263.7001953125,20730.490234375,44254.78125,2226.989990234375,17.15999984741211
2025-07-17,6297.35986328125,20885.650390625,44484.48828125,2253.679931640625,16.520000457763672
2025-07-18,6296.7900390625,20895.650390625,44342.19140625,2240.010009765625,16.40999984741211
2025-07-21,6305.60009765625,20974.1796875,44323.0703125,2231.1298828125,16.649999618530273
2025-07-22,6309.6201171875,20892.689453125,44502.44140625,2248.760009765625,16.5
2025-07-23,6358.91015625,21020.01953125,45010.2890625,2283.1298828125,15.369999885559082
2025-07-24,6363.35009765625,21057.9609375,44693.91015625,2252.1298828125,15.390000343322754
2025-07-25,6388.64013671875,21108.3203125,44901.921875,2261.070068359375,14.930000305175781
2025-07-28,6389.77001953125,21178.580078125,44837.55859375,2256.72998046875,15.029999732971191
2025-07-29,6370.85986328125,21098.2890625,44632.98828125,2242.9599609375,15.979999542236328
2025-07-30,6362.89990234375,21129.669921875,44461.28125,2232.39990234375,15.479999542236328
2025-07-31,6339.39013671875,21122.44921875,44130.98046875,2211.64990234375,16.719999313354492
2025-08-01,6238.009765625,20650.130859375,43588.578125,2166.780029296875,20.3799991607666
2025-08-04,6329.93994140625,21053.580078125,44173.640625,2212.300048828125,17.520000457763672
2025-08-05,6299.18994140625,20916.55078125,44111.73828125,2225.669921875,17.850000381469727
2025-08-06,6345.06005859375,21169.419921875,44193.12109375,2221.2900390625,16.770000457763672
2025-08-07,6340.0,21242.69921875,43968.640625,2214.719970703125,16.56999969482422
2025-08-08,6389.4501953125,21450.01953125,44175.609375,2218.419921875,15.149999618530273
2025-08-11,6373.4501953125,21385.400390625,43975.08984375,2216.510009765625,16.25
2025-08-12,6445.759765625,21681.900390625,44458.609375,2282.780029296875,14.729999542236328
2025-08-13,6466.580078125,21713.140625,44922.26953125,2328.06005859375,14.489999771118164
2025-08-14,6468.5400390625,21710.669921875,44911.26171875,2299.080078125,14.829999923706055
2025-08-15,6449.7998046875,21622.98046875,44946.12109375,2286.52001953125,15.09000015258789
2025-08-18,6449.14990234375,21629.76953125,44911.8203125,2294.469970703125,14.989999771118164
2025-08-19,6411.3701171875,21314.94921875,44922.26953125,2276.610107421875,15.569999694824219
2025-08-20,6395.77978515625,21172.859375,44938.30859375,2269.35009765625,15.6899995803833
2025-08-21,6370.169921875,21100.310546875,44785.5,2274.10009765625,16.600000381469727
2025-08-22,6466.91015625,21496.5390625,45631.73828125,2361.949951171875,14.220000267028809
2025-08-25,6439.31982421875,21449.2890625,45282.46875,2339.169921875,14.789999961853027
2025-08-26,6465.93994140625,21544.26953125,45418.0703125,2358.60009765625,14.619999885559082
2025-08-27,6481.39990234375,21590.140625,45565.23046875,2373.800048828125,14.850000381469727
2025-08-28,6501.85986328125,21705.16015625,45636.8984375,2378.409912109375,14.430000305175781
2025-08-29,6460.259765625,21455.55078125,45544.87890625,2366.419921875,15.359999656677246
2025-09-02,6415.5400390625,21279.630859375,45295.80859375,2352.2099609375,17.170000076293945
2025-09-03,6448.259765625,21497.73046875,45271.23046875,2349.969970703125,16.350000381469727
2025-09-04,6502.080078125,21707.689453125,45621.2890625,2379.610107421875,15.300000190734863
2025-09-05,6481.5,21700.390625,45400.859375,2391.050048828125,15.180000305175781
2025-09-08,6495.14990234375,21798.69921875,45514.94921875,2394.889892578125,15.109999656677246
2025-09-09,6512.60986328125,21879.490234375,45711.33984375,2381.820068359375,15.039999961853027
2025-09-10,6532.0400390625,21886.060546875,45490.921875,2378.010009765625,15.350000381469727
2025-09-11,6587.47021484375,22043.0703125,46108.0,2421.530029296875,14.710000038146973
2025-09-12,6584.2900390625,22141.099609375,45834.21875,2397.06005859375,14.760000228881836
2025-09-15,6615.27978515625,22348.75,45883.44921875,2405.1298828125,15.6899995803833
2025-09-16,6606.759765625,22333.9609375,45757.8984375,2403.030029296875,16.360000610351562
2025-09-17,6600.35009765625,22261.330078125,46018.3203125,2407.340087890625,15.720000267028809
2025-09-18,6631.9599609375,22470.720703125,46142.421875,2467.699951171875,15.699999809265137
2025-09-19,6664.35986328125,22631.48046875,46315.26953125,2448.77001953125,15.449999809265137
2025-09-22,6693.75,22788.98046875,46381.5390625,2463.340087890625,16.100000381469727
2025-09-23,6656.919921875,22573.470703125,46292.78125,2457.510009765625,16.639999389648438
2025-09-24,6637.97021484375,22497.859375,46121.28125,2434.97998046875,16.18000030517578
2025-09-25,6604.72021484375,22384.69921875,45947.3203125,2411.0400390625,16.739999771118164
2025-09-26,6643.7001953125,22484.0703125,46247.2890625,2434.320068359375,15.289999961853027
2025-09-29,6661.2099609375,22591.150390625,46316.0703125,2435.25,16.1200008392334
2025-09-30,6688.4599609375,22660.009765625,46397.890625,2436.47998046875,16.280000686645508
2025-10-01,6711.2001953125,22755.16015625,46441.1015625,2442.35009765625,16.290000915527344
2025-10-02,6715.35009765625,22844.05078125,46519.71875,2458.489990234375,16.6299991607666
2025-10-03,6715.7900390625,22780.509765625,46758.28125,2476.179931640625,16.649999618530273
2025-10-06,6740.27978515625,22941.669921875,46694.96875,2486.35009765625,16.3700008392334
2025-10-07,6714.58984375,22788.359375,46602.98046875,2458.419921875,17.239999771118164
2025-10-08,6753.72021484375,23043.380859375,46601.78125,2483.989990234375,16.299999237060547
2025-10-09,6735.10986328125,23024.630859375,46358.421875,2468.85009765625,16.43000030517578
2025-10-10,6552.509765625,22204.4296875,45479.6015625,2394.590087890625,21.65999984741211
2025-10-13,6654.72021484375,22694.609375,46067.578125,2461.419921875,19.030000686645508
2025-10-14,6644.31005859375,22521.69921875,46270.4609375,2495.5,20.809999465942383
2025-10-15,6671.06005859375,22670.080078125,46253.30859375,2519.75,20.639999389648438
2025-10-16,6629.06982421875,22562.5390625,45952.23828125,2467.02001953125,25.309999465942383
2025-10-17,6664.009765625,22679.970703125,46190.609375,2452.169921875,20.780000686645508
2025-10-20,6735.1298828125,22990.5390625,46706.578125,2499.909912109375,18.229999542236328
2025-10-21,6735.35009765625,22953.669921875,46924.73828125,2487.68994140625,17.8700008392334
2025-10-22,6699.39990234375,22740.400390625,46590.41015625,2451.550048828125,18.600000381469727
2025-10-23,6738.43994140625,22941.80078125,46734.609375,2482.659912109375,17.299999237060547
2025-10-24,6791.68994140625,23204.869140625,47207.12109375,2513.469970703125,16.3700008392334
2025-10-27,6875.16015625,23637.4609375,47544.58984375,2520.43994140625,15.789999961853027
2025-10-28,6890.89013671875,23827.490234375,47706.37109375,2506.64990234375,16.420000076293945
2025-10-29,6890.58984375,23958.470703125,47632.0,2484.81005859375,16.920000076293945
2025-10-30,6822.33984375,23581.140625,47522.12109375,2465.949951171875,16.90999984741211
2025-10-31,6840.2001953125,23724.9609375,47562.87109375,2479.3798828125,17.440000534057617
2025-11-03,6851.97021484375,23834.720703125,47336.6796875,2471.239990234375,17.170000076293945
2025-11-04,6771.5498046875,23348.640625,47085.23828125,2427.340087890625,19.0
2025-11-05,6796.2900390625,23499.80078125,47311.0,2464.780029296875,18.010000228881836
2025-11-06,6720.31982421875,23053.990234375,46912.30078125,2418.820068359375,19.5
2025-11-07,6728.7998046875,23004.5390625,46987.1015625,2432.820068359375,19.079999923706055
2025-11-10,6832.43017578125,23527.169921875,47368.62890625,2455.64990234375,17.600000381469727
2025-11-11,6846.60986328125,23468.30078125,47927.9609375,2458.280029296875,17.280000686645508
2025-11-12,6850.919921875,23406.4609375,48254.8203125,2450.800048828125,17.510000228881836
2025-11-13,6737.490234375,22870.359375,47457.21875,2382.97998046875,20.0
2025-11-14,6734.10986328125,22900.58984375,47147.48046875,2388.22998046875,19.829999923706055
2025-11-17,6672.41015625,22708.0703125,46590.23828125,2341.3798828125,22.3799991607666
2025-11-18,6617.31982421875,22432.849609375,46091.73828125,2348.739990234375,24.690000534057617
2025-11-19,6642.16015625,22564.23046875,46138.76953125,2347.889892578125,23.65999984741211
2025-11-20,6538.759765625,22078.05078125,45752.26171875,2305.110107421875,26.420000076293945
2025-11-21,6602.990234375,22273.080078125,46245.41015625,2369.590087890625,23.43000030517578
2025-11-24,6705.1201171875,22872.009765625,46448.26953125,2414.280029296875,20.520000457763672
2025-11-25,6765.8798828125,23025.58984375,47112.44921875,2465.97998046875,18.559999465942383
2025-11-26,6812.60986328125,23214.689453125,47427.12109375,2486.1201171875,17.190000534057617
2025-11-28,6849.08984375,23365.689453125,47716.421875,2500.429931640625,16.350000381469727
2025-12-01,6812.6298828125,23275.919921875,47289.328125,2469.1298828125,17.239999771118164
2025-12-02,6829.3701171875,23413.669921875,47474.4609375,2464.97998046875,16.59000015258789
2025-12-03,6849.72021484375,23454.08984375,47882.8984375,2512.139892578125,16.079999923706055
2025-12-04,6857.1201171875,23505.140625,47850.94140625,2531.159912109375,15.779999732971191
2025-12-05,6870.39990234375,23578.130859375,47954.98828125,2521.47998046875,15.40999984741211
2025-12-08,6846.509765625,23545.900390625,47739.3203125,2520.97998046875,16.65999984741211
2025-12-09,6840.509765625,23576.490234375,47560.2890625,2526.239990234375,16.93000030517578
2025-12-10,6886.68017578125,23654.150390625,48057.75,2559.610107421875,15.770000457763672
2025-12-11,6901.0,23593.859375,48704.01171875,2590.610107421875,14.850000381469727
2025-12-12,6827.41015625,23195.169921875,48458.05078125,2551.4599609375,15.739999771118164
2025-12-15,6816.509765625,23057.41015625,48416.55859375,2530.669921875,16.5
2025-12-16,6800.259765625,23111.4609375,48114.26171875,2519.300048828125,16.479999542236328
2025-12-17,6721.43017578125,22693.3203125,47885.96875,2492.300048828125,17.6200008392334
2025-12-18,6774.759765625,23006.359375,47951.8515625,2507.8701171875,16.8700008392334
2025-12-19,6834.5,23307.619140625,48134.890625,2529.429931640625,14.90999984741211
2025-12-22,6878.490234375,23428.830078125,48362.6796875,2558.780029296875,14.079999923706055
2025-12-23,6909.7900390625,23561.83984375,48442.41015625,2541.1201171875,14.0
2025-12-24,6932.0498046875,23613.310546875,48731.16015625,2548.080078125,13.470000267028809
2025-12-26,6929.93994140625,23593.099609375,48710.96875,2534.35009765625,13.600000381469727
2025-12-29,6905.740234375,23474.349609375,48461.9296875,2519.800048828125,14.199999809265137
2025-12-30,6896.240234375,23419.080078125,48367.05859375,2500.590087890625,14.329999923706055
2025-12-31,6845.5,23241.990234375,48063.2890625,2481.909912109375,14.949999809265137
2026-01-02,6858.47021484375,23235.630859375,48382.390625,2508.219970703125,14.510000228881836
2026-01-05,6902.0498046875,23395.8203125,48977.1796875,2547.919921875,14.899999618530273
2026-01-06,6944.81982421875,23547.169921875,49462.078125,2582.89990234375,14.75
2026-01-07,6920.93017578125,23584.279296875,48996.078125,2575.419921875,15.380000114440918
2026-01-08,6921.4599609375,23480.01953125,49266.109375,2603.909912109375,15.449999809265137
2026-01-09,6966.27978515625,23671.349609375,49504.0703125,2624.219970703125,14.489999771118164
2026-01-12,6977.27001953125,23733.900390625,49590.19921875,2635.68994140625,15.119999885559082
2026-01-13,6963.740234375,23709.869140625,49191.98828125,2633.110107421875,15.979999542236328
2026-01-14,6926.60009765625,23471.75,49149.62890625,2651.639892578125,16.75
2026-01-15,6944.47021484375,23530.01953125,49442.44140625,2674.56005859375,15.84000015258789
2026-01-16,6940.009765625,23515.390625,49359.328125,2677.739990234375,15.859999656677246
2026-01-20,6796.85986328125,22954.3203125,48488.58984375,2645.360107421875,20.09000015258789
2026-01-21,6875.6201171875,23224.8203125,49077.23046875,2698.169921875,16.899999618530273
2026-01-22,6913.35009765625,23436.01953125,49384.01171875,2718.77001953125,15.640000343322754
2026-01-23,6915.60986328125,23501.240234375,49098.7109375,2669.159912109375,16.09000015258789
2026-01-26,6950.22998046875,23601.359375,49412.3984375,2659.669921875,16.149999618530273
2026-01-27,6978.60009765625,23817.099609375,49003.41015625,2666.699951171875,16.350000381469727
2026-01-28,6978.02978515625,23857.44921875,49015.6015625,2653.550048828125,16.350000381469727
2026-01-29,6969.009765625,23685.119140625,49071.55859375,2654.780029296875,16.8799991607666
2026-01-30,6939.02978515625,23461.8203125,48892.46875,2613.739990234375,17.440000534057617
2026-02-02,6976.43994140625,23592.109375,49407.66015625,2640.280029296875,16.34000015258789
2026-02-03,6917.81005859375,23255.189453125,49240.98828125,2648.5,18.0
2026-02-04,6882.72021484375,22904.580078125,49501.30078125,2624.550048828125,18.639999389648438
2026-02-05,6798.39990234375,22540.58984375,48908.71875,2577.64990234375,21.770000457763672
2026-02-06,6932.2998046875,23031.2109375,50115.671875,2670.340087890625,20.3700008392334
2026-02-09,6964.81982421875,23238.669921875,50135.87109375,2689.050048828125,17.360000610351562
2026-02-10,6941.81005859375,23102.470703125,50188.140625,2679.77001953125,17.790000915527344
2026-02-11,6941.47021484375,23066.470703125,50121.3984375,2669.469970703125,17.649999618530273
2026-02-12,6832.759765625,22597.150390625,49451.98046875,2615.830078125,20.81999969482422
2026-02-13,6836.169921875,22546.669921875,49500.9296875,2646.699951171875,20.600000381469727
2026-02-17,6843.22021484375,22578.380859375,49533.19140625,2646.590087890625,20.290000915527344
2026-02-18,6881.31005859375,22753.630859375,49662.66015625,2658.610107421875,19.6200008392334
2026-02-19,6861.89013671875,22682.73046875,49395.16015625,2665.090087890625,20.229999542236328
2026-02-20,6909.509765625,22886.0703125,49625.96875,2663.780029296875,19.09000015258789
2026-02-23,6837.75,22627.26953125,48804.05859375,2620.989990234375,21.010000228881836
2026-02-24,6890.06982421875,22863.6796875,49174.5,2652.330078125,19.549999237060547
2026-02-25,6946.1298828125,23152.080078125,49482.1484375,2663.330078125,17.93000030517578
2026-02-26,6908.85986328125,22878.380859375,49499.19921875,2677.2900390625,18.6299991607666
2026-02-27,6878.8798828125,22668.2109375,48977.921875,2632.360107421875,19.860000610351562
2026-03-02,6881.6201171875,22748.859375,48904.78125,2655.93994140625,21.440000534057617
2026-03-03,6816.6298828125,22516.689453125,48501.26953125,2608.360107421875,23.56999969482422
2026-03-04,6869.5,22807.48046875,48739.41015625,2636.010009765625,21.149999618530273
2026-03-05,6830.7099609375,22748.990234375,47954.73828125,2585.570068359375,23.75
2026-03-06,6740.02001953125,22387.6796875,47501.55078125,2525.300048828125,29.489999771118164
2026-03-09,6795.990234375,22695.94921875,47740.80078125,2553.669921875,25.5
2026-03-10,6781.47998046875,22697.099609375,47706.51171875,2548.080078125,24.93000030517578
2026-03-11,6775.7998046875,22716.130859375,47417.26953125,2542.89990234375,24.229999542236328
2026-03-12,6672.6201171875,22311.98046875,46677.8515625,2488.989990234375,27.290000915527344
2026-03-13,6632.18994140625,22105.359375,46558.46875,2480.050048828125,27.190000534057617
2026-03-16,6699.3798828125,22374.1796875,46946.41015625,2503.2900390625,23.510000228881836
2026-03-17,6716.08984375,22479.529296875,46993.26171875,2519.989990234375,22.3700008392334
2026-03-18,6624.7001953125,22152.419921875,46225.1484375,2478.639892578125,25.09000015258789
2026-03-19,6606.490234375,22090.689453125,46021.4296875,2494.7099609375,24.059999465942383
2026-03-20,6506.47998046875,21647.609375,45577.46875,2438.449951171875,26.780000686645508
2026-03-23,6581.0,21946.759765625,46208.46875,2494.22998046875,26.149999618530273
2026-03-24,6556.3701171875,21761.890625,46124.05859375,2505.43994140625,26.950000762939453
2026-03-25,6591.89990234375,21929.8203125,46429.48828125,2536.3798828125,25.329999923706055
2026-03-26,6477.16015625,21408.080078125,45960.109375,2493.320068359375,27.440000534057617
2026-03-27,6368.85009765625,20948.359375,45166.640625,2449.699951171875,31.049999237060547
2026-03-30,6343.72021484375,20794.640625,45216.140625,2414.010009765625,30.610000610351562
2026-03-31,6528.52001953125,21590.630859375,46341.51171875,2496.3701171875,25.25
2026-04-01,6575.31982421875,21840.94921875,46565.73828125,2512.3701171875,24.540000915527344
2026-04-02,6582.68994140625,21879.1796875,46504.671875,2530.0400390625,23.8700008392334
2026-04-06,6611.830078125,21996.33984375,46669.87890625,2540.639892578125,24.170000076293945
2026-04-07,6616.85009765625,22017.849609375,46584.4609375,2544.949951171875,25.780000686645508
2026-04-08,6782.81005859375,22634.990234375,47909.921875,2620.4599609375,21.040000915527344
2026-04-09,6824.66015625,22822.419921875,48185.80078125,2636.31005859375,19.489999771118164
2026-04-10,6816.89013671875,22902.890625,47916.5703125,2630.590087890625,19.229999542236328
2026-04-13,6886.240234375,23183.740234375,48218.25,2670.489990234375,19.1200008392334
2026-04-14,6967.3798828125,23639.080078125,48535.98828125,2705.669921875,18.360000610351562
2026-04-15,7022.9501953125,24016.01953125,48463.71875,2713.659912109375,18.170000076293945
2026-04-16,7041.27978515625,24102.69921875,48578.71875,2719.60009765625,17.940000534057617
2026-04-17,7126.06005859375,24468.48046875,49447.4296875,2776.89990234375,17.479999542236328
2026-04-20,7109.14013671875,24404.390625,49442.55859375,2792.9599609375,18.8700008392334
2026-04-21,7064.009765625,24259.9609375,49149.37890625,2764.969970703125,19.5
2026-04-22,7137.89990234375,24657.5703125,49490.03125,2785.3798828125,18.920000076293945
2026-04-23,7108.39990234375,24438.5,49310.3203125,2775.10009765625,19.309999465942383
2026-04-24,7165.080078125,24836.599609375,49230.7109375,2787.0,18.709999084472656
2026-04-27,7173.91015625,24887.099609375,49167.7890625,2788.18994140625,18.020000457763672
2026-04-28,7138.7998046875,24663.80078125,49141.9296875,2756.050048828125,17.829999923706055
2026-04-29,7135.9501953125,24673.240234375,48861.80859375,2739.471923828125,18.329999923706055
